ERROR - 2025-09-10 03:15:39 --> mysqli_sql_exception: Invalid default value for 'created_at' in C:\xampp\htdocs\erp.test\system\Database\MySQLi\Connection.php:306
Stack trace:
#0 C:\xampp\htdocs\erp.test\system\Database\MySQLi\Connection.php(306): mysqli->query('CREATE TABLE `o...', 0)
#1 C:\xampp\htdocs\erp.test\system\Database\BaseConnection.php(693): CodeIgniter\Database\MySQLi\Connection->execute('CREATE TABLE `o...')
#2 C:\xampp\htdocs\erp.test\system\Database\BaseConnection.php(607): CodeIgniter\Database\BaseConnection->simpleQuery('CREATE TABLE `o...')
#3 C:\xampp\htdocs\erp.test\system\Database\Forge.php(555): CodeIgniter\Database\BaseConnection->query('CREATE TABLE `o...')
#4 C:\xampp\htdocs\erp.test\app\Database\Migrations\2025-09-09-000001_outbox_and_indexes.php(47): CodeIgniter\Database\Forge->createTable('outbox_events', true)
#5 C:\xampp\htdocs\erp.test\system\Database\MigrationRunner.php(865): App\Database\Migrations\OutboxAndIndexes->up()
#6 C:\xampp\htdocs\erp.test\system\Database\MigrationRunner.php(181): CodeIgniter\Database\MigrationRunner->migrate('up', Object(stdClass))
#7 C:\xampp\htdocs\erp.test\app\Config\Events.php(75): CodeIgniter\Database\MigrationRunner->latest()
#8 C:\xampp\htdocs\erp.test\system\Events\Events.php(154): CodeIgniter\Events\Events::Config\{closure}()
#9 C:\xampp\htdocs\erp.test\system\CodeIgniter.php(442): CodeIgniter\Events\Events::trigger('pre_system')
#10 C:\xampp\htdocs\erp.test\system\CodeIgniter.php(361): CodeIgniter\CodeIgniter->handleRequest(NULL, Object(Config\Cache), false)
#11 C:\xampp\htdocs\erp.test\public\index.php(79): CodeIgniter\CodeIgniter->run()
#12 {main}
ERROR - 2025-09-10 03:15:39 --> Auto-migration failed: Invalid default value for 'created_at'
INFO - 2025-09-10 03:15:39 --> Session: Class initialized using 'CodeIgniter\Session\Handlers\FileHandler' driver.
ERROR - 2025-09-10 03:15:39 --> mysqli_sql_exception: Invalid default value for 'created_at' in C:\xampp\htdocs\erp.test\system\Database\MySQLi\Connection.php:306
Stack trace:
#0 C:\xampp\htdocs\erp.test\system\Database\MySQLi\Connection.php(306): mysqli->query('CREATE TABLE `o...', 0)
#1 C:\xampp\htdocs\erp.test\system\Database\BaseConnection.php(693): CodeIgniter\Database\MySQLi\Connection->execute('CREATE TABLE `o...')
#2 C:\xampp\htdocs\erp.test\system\Database\BaseConnection.php(607): CodeIgniter\Database\BaseConnection->simpleQuery('CREATE TABLE `o...')
#3 C:\xampp\htdocs\erp.test\system\Database\Forge.php(555): CodeIgniter\Database\BaseConnection->query('CREATE TABLE `o...')
#4 C:\xampp\htdocs\erp.test\app\Database\Migrations\2025-09-09-000001_outbox_and_indexes.php(47): CodeIgniter\Database\Forge->createTable('outbox_events', true)
#5 C:\xampp\htdocs\erp.test\system\Database\MigrationRunner.php(865): App\Database\Migrations\OutboxAndIndexes->up()
#6 C:\xampp\htdocs\erp.test\system\Database\MigrationRunner.php(181): CodeIgniter\Database\MigrationRunner->migrate('up', Object(stdClass))
#7 C:\xampp\htdocs\erp.test\app\Config\Events.php(75): CodeIgniter\Database\MigrationRunner->latest()
#8 C:\xampp\htdocs\erp.test\system\Events\Events.php(154): CodeIgniter\Events\Events::Config\{closure}()
#9 C:\xampp\htdocs\erp.test\system\CodeIgniter.php(442): CodeIgniter\Events\Events::trigger('pre_system')
#10 C:\xampp\htdocs\erp.test\system\CodeIgniter.php(361): CodeIgniter\CodeIgniter->handleRequest(NULL, Object(Config\Cache), false)
#11 C:\xampp\htdocs\erp.test\public\index.php(79): CodeIgniter\CodeIgniter->run()
#12 {main}
ERROR - 2025-09-10 03:15:39 --> Auto-migration failed: Invalid default value for 'created_at'
INFO - 2025-09-10 03:15:39 --> Session: Class initialized using 'CodeIgniter\Session\Handlers\FileHandler' driver.
ERROR - 2025-09-10 03:15:43 --> mysqli_sql_exception: Invalid default value for 'created_at' in C:\xampp\htdocs\erp.test\system\Database\MySQLi\Connection.php:306
Stack trace:
#0 C:\xampp\htdocs\erp.test\system\Database\MySQLi\Connection.php(306): mysqli->query('CREATE TABLE `o...', 0)
#1 C:\xampp\htdocs\erp.test\system\Database\BaseConnection.php(693): CodeIgniter\Database\MySQLi\Connection->execute('CREATE TABLE `o...')
#2 C:\xampp\htdocs\erp.test\system\Database\BaseConnection.php(607): CodeIgniter\Database\BaseConnection->simpleQuery('CREATE TABLE `o...')
#3 C:\xampp\htdocs\erp.test\system\Database\Forge.php(555): CodeIgniter\Database\BaseConnection->query('CREATE TABLE `o...')
#4 C:\xampp\htdocs\erp.test\app\Database\Migrations\2025-09-09-000001_outbox_and_indexes.php(47): CodeIgniter\Database\Forge->createTable('outbox_events', true)
#5 C:\xampp\htdocs\erp.test\system\Database\MigrationRunner.php(865): App\Database\Migrations\OutboxAndIndexes->up()
#6 C:\xampp\htdocs\erp.test\system\Database\MigrationRunner.php(181): CodeIgniter\Database\MigrationRunner->migrate('up', Object(stdClass))
#7 C:\xampp\htdocs\erp.test\app\Config\Events.php(75): CodeIgniter\Database\MigrationRunner->latest()
#8 C:\xampp\htdocs\erp.test\system\Events\Events.php(154): CodeIgniter\Events\Events::Config\{closure}()
#9 C:\xampp\htdocs\erp.test\system\CodeIgniter.php(442): CodeIgniter\Events\Events::trigger('pre_system')
#10 C:\xampp\htdocs\erp.test\system\CodeIgniter.php(361): CodeIgniter\CodeIgniter->handleRequest(NULL, Object(Config\Cache), false)
#11 C:\xampp\htdocs\erp.test\public\index.php(79): CodeIgniter\CodeIgniter->run()
#12 {main}
ERROR - 2025-09-10 03:15:43 --> Auto-migration failed: Invalid default value for 'created_at'
INFO - 2025-09-10 03:15:43 --> CSRF token verified.
INFO - 2025-09-10 03:15:43 --> Session: Class initialized using 'CodeIgniter\Session\Handlers\FileHandler' driver.
ERROR - 2025-09-10 03:15:43 --> mysqli_sql_exception: Invalid default value for 'created_at' in C:\xampp\htdocs\erp.test\system\Database\MySQLi\Connection.php:306
Stack trace:
#0 C:\xampp\htdocs\erp.test\system\Database\MySQLi\Connection.php(306): mysqli->query('CREATE TABLE `o...', 0)
#1 C:\xampp\htdocs\erp.test\system\Database\BaseConnection.php(693): CodeIgniter\Database\MySQLi\Connection->execute('CREATE TABLE `o...')
#2 C:\xampp\htdocs\erp.test\system\Database\BaseConnection.php(607): CodeIgniter\Database\BaseConnection->simpleQuery('CREATE TABLE `o...')
#3 C:\xampp\htdocs\erp.test\system\Database\Forge.php(555): CodeIgniter\Database\BaseConnection->query('CREATE TABLE `o...')
#4 C:\xampp\htdocs\erp.test\app\Database\Migrations\2025-09-09-000001_outbox_and_indexes.php(47): CodeIgniter\Database\Forge->createTable('outbox_events', true)
#5 C:\xampp\htdocs\erp.test\system\Database\MigrationRunner.php(865): App\Database\Migrations\OutboxAndIndexes->up()
#6 C:\xampp\htdocs\erp.test\system\Database\MigrationRunner.php(181): CodeIgniter\Database\MigrationRunner->migrate('up', Object(stdClass))
#7 C:\xampp\htdocs\erp.test\app\Config\Events.php(75): CodeIgniter\Database\MigrationRunner->latest()
#8 C:\xampp\htdocs\erp.test\system\Events\Events.php(154): CodeIgniter\Events\Events::Config\{closure}()
#9 C:\xampp\htdocs\erp.test\system\CodeIgniter.php(442): CodeIgniter\Events\Events::trigger('pre_system')
#10 C:\xampp\htdocs\erp.test\system\CodeIgniter.php(361): CodeIgniter\CodeIgniter->handleRequest(NULL, Object(Config\Cache), false)
#11 C:\xampp\htdocs\erp.test\public\index.php(79): CodeIgniter\CodeIgniter->run()
#12 {main}
ERROR - 2025-09-10 03:15:43 --> Auto-migration failed: Invalid default value for 'created_at'
INFO - 2025-09-10 03:15:43 --> Session: Class initialized using 'CodeIgniter\Session\Handlers\FileHandler' driver.
ERROR - 2025-09-10 03:38:06 --> mysqli_sql_exception: Invalid default value for 'created_at' in C:\xampp\htdocs\erp.test\system\Database\MySQLi\Connection.php:306
Stack trace:
#0 C:\xampp\htdocs\erp.test\system\Database\MySQLi\Connection.php(306): mysqli->query('CREATE TABLE `o...', 0)
#1 C:\xampp\htdocs\erp.test\system\Database\BaseConnection.php(693): CodeIgniter\Database\MySQLi\Connection->execute('CREATE TABLE `o...')
#2 C:\xampp\htdocs\erp.test\system\Database\BaseConnection.php(607): CodeIgniter\Database\BaseConnection->simpleQuery('CREATE TABLE `o...')
#3 C:\xampp\htdocs\erp.test\system\Database\Forge.php(555): CodeIgniter\Database\BaseConnection->query('CREATE TABLE `o...')
#4 C:\xampp\htdocs\erp.test\app\Database\Migrations\2025-09-09-000001_outbox_and_indexes.php(47): CodeIgniter\Database\Forge->createTable('outbox_events', true)
#5 C:\xampp\htdocs\erp.test\system\Database\MigrationRunner.php(865): App\Database\Migrations\OutboxAndIndexes->up()
#6 C:\xampp\htdocs\erp.test\system\Database\MigrationRunner.php(181): CodeIgniter\Database\MigrationRunner->migrate('up', Object(stdClass))
#7 C:\xampp\htdocs\erp.test\system\Commands\Database\Migrate.php(84): CodeIgniter\Database\MigrationRunner->latest(NULL)
#8 C:\xampp\htdocs\erp.test\system\CLI\Commands.php(65): CodeIgniter\Commands\Database\Migrate->run(Array)
#9 C:\xampp\htdocs\erp.test\system\CLI\Console.php(46): CodeIgniter\CLI\Commands->run('migrate', Array)
#10 C:\xampp\htdocs\erp.test\spark(102): CodeIgniter\CLI\Console->run()
#11 {main}
ERROR - 2025-09-10 03:38:13 --> mysqli_sql_exception: Invalid default value for 'created_at' in C:\xampp\htdocs\erp.test\system\Database\MySQLi\Connection.php:306
Stack trace:
#0 C:\xampp\htdocs\erp.test\system\Database\MySQLi\Connection.php(306): mysqli->query('CREATE TABLE `o...', 0)
#1 C:\xampp\htdocs\erp.test\system\Database\BaseConnection.php(693): CodeIgniter\Database\MySQLi\Connection->execute('CREATE TABLE `o...')
#2 C:\xampp\htdocs\erp.test\system\Database\BaseConnection.php(607): CodeIgniter\Database\BaseConnection->simpleQuery('CREATE TABLE `o...')
#3 C:\xampp\htdocs\erp.test\system\Database\Forge.php(555): CodeIgniter\Database\BaseConnection->query('CREATE TABLE `o...')
#4 C:\xampp\htdocs\erp.test\app\Database\Migrations\2025-09-09-000001_outbox_and_indexes.php(47): CodeIgniter\Database\Forge->createTable('outbox_events', true)
#5 C:\xampp\htdocs\erp.test\system\Database\MigrationRunner.php(865): App\Database\Migrations\OutboxAndIndexes->up()
#6 C:\xampp\htdocs\erp.test\system\Database\MigrationRunner.php(181): CodeIgniter\Database\MigrationRunner->migrate('up', Object(stdClass))
#7 C:\xampp\htdocs\erp.test\system\Commands\Database\Migrate.php(84): CodeIgniter\Database\MigrationRunner->latest(NULL)
#8 C:\xampp\htdocs\erp.test\system\CLI\Commands.php(65): CodeIgniter\Commands\Database\Migrate->run(Array)
#9 C:\xampp\htdocs\erp.test\system\CLI\Console.php(46): CodeIgniter\CLI\Commands->run('migrate', Array)
#10 C:\xampp\htdocs\erp.test\spark(102): CodeIgniter\CLI\Console->run()
#11 {main}
ERROR - 2025-09-10 03:58:32 --> mysqli_sql_exception: Invalid default value for 'created_at' in C:\xampp\htdocs\erp.test\system\Database\MySQLi\Connection.php:306
Stack trace:
#0 C:\xampp\htdocs\erp.test\system\Database\MySQLi\Connection.php(306): mysqli->query('CREATE TABLE `o...', 0)
#1 C:\xampp\htdocs\erp.test\system\Database\BaseConnection.php(693): CodeIgniter\Database\MySQLi\Connection->execute('CREATE TABLE `o...')
#2 C:\xampp\htdocs\erp.test\system\Database\BaseConnection.php(607): CodeIgniter\Database\BaseConnection->simpleQuery('CREATE TABLE `o...')
#3 C:\xampp\htdocs\erp.test\system\Database\Forge.php(555): CodeIgniter\Database\BaseConnection->query('CREATE TABLE `o...')
#4 C:\xampp\htdocs\erp.test\app\Database\Migrations\2025-09-09-000001_outbox_and_indexes.php(47): CodeIgniter\Database\Forge->createTable('outbox_events', true)
#5 C:\xampp\htdocs\erp.test\system\Database\MigrationRunner.php(865): App\Database\Migrations\OutboxAndIndexes->up()
#6 C:\xampp\htdocs\erp.test\system\Database\MigrationRunner.php(181): CodeIgniter\Database\MigrationRunner->migrate('up', Object(stdClass))
#7 C:\xampp\htdocs\erp.test\app\Config\Events.php(75): CodeIgniter\Database\MigrationRunner->latest()
#8 C:\xampp\htdocs\erp.test\system\Events\Events.php(154): CodeIgniter\Events\Events::Config\{closure}()
#9 C:\xampp\htdocs\erp.test\system\CodeIgniter.php(442): CodeIgniter\Events\Events::trigger('pre_system')
#10 C:\xampp\htdocs\erp.test\system\CodeIgniter.php(361): CodeIgniter\CodeIgniter->handleRequest(NULL, Object(Config\Cache), false)
#11 C:\xampp\htdocs\erp.test\public\index.php(79): CodeIgniter\CodeIgniter->run()
#12 {main}
ERROR - 2025-09-10 03:58:33 --> Auto-migration failed: Invalid default value for 'created_at'
INFO - 2025-09-10 03:58:33 --> Session: Class initialized using 'CodeIgniter\Session\Handlers\FileHandler' driver.
ERROR - 2025-09-10 03:58:38 --> mysqli_sql_exception: Invalid default value for 'created_at' in C:\xampp\htdocs\erp.test\system\Database\MySQLi\Connection.php:306
Stack trace:
#0 C:\xampp\htdocs\erp.test\system\Database\MySQLi\Connection.php(306): mysqli->query('CREATE TABLE `o...', 0)
#1 C:\xampp\htdocs\erp.test\system\Database\BaseConnection.php(693): CodeIgniter\Database\MySQLi\Connection->execute('CREATE TABLE `o...')
#2 C:\xampp\htdocs\erp.test\system\Database\BaseConnection.php(607): CodeIgniter\Database\BaseConnection->simpleQuery('CREATE TABLE `o...')
#3 C:\xampp\htdocs\erp.test\system\Database\Forge.php(555): CodeIgniter\Database\BaseConnection->query('CREATE TABLE `o...')
#4 C:\xampp\htdocs\erp.test\app\Database\Migrations\2025-09-09-000001_outbox_and_indexes.php(47): CodeIgniter\Database\Forge->createTable('outbox_events', true)
#5 C:\xampp\htdocs\erp.test\system\Database\MigrationRunner.php(865): App\Database\Migrations\OutboxAndIndexes->up()
#6 C:\xampp\htdocs\erp.test\system\Database\MigrationRunner.php(181): CodeIgniter\Database\MigrationRunner->migrate('up', Object(stdClass))
#7 C:\xampp\htdocs\erp.test\app\Config\Events.php(75): CodeIgniter\Database\MigrationRunner->latest()
#8 C:\xampp\htdocs\erp.test\system\Events\Events.php(154): CodeIgniter\Events\Events::Config\{closure}()
#9 C:\xampp\htdocs\erp.test\system\CodeIgniter.php(442): CodeIgniter\Events\Events::trigger('pre_system')
#10 C:\xampp\htdocs\erp.test\system\CodeIgniter.php(361): CodeIgniter\CodeIgniter->handleRequest(NULL, Object(Config\Cache), false)
#11 C:\xampp\htdocs\erp.test\public\index.php(79): CodeIgniter\CodeIgniter->run()
#12 {main}
ERROR - 2025-09-10 03:58:38 --> Auto-migration failed: Invalid default value for 'created_at'
INFO - 2025-09-10 03:58:38 --> Session: Class initialized using 'CodeIgniter\Session\Handlers\FileHandler' driver.
ERROR - 2025-09-10 03:58:39 --> mysqli_sql_exception: Invalid default value for 'created_at' in C:\xampp\htdocs\erp.test\system\Database\MySQLi\Connection.php:306
Stack trace:
#0 C:\xampp\htdocs\erp.test\system\Database\MySQLi\Connection.php(306): mysqli->query('CREATE TABLE `o...', 0)
#1 C:\xampp\htdocs\erp.test\system\Database\BaseConnection.php(693): CodeIgniter\Database\MySQLi\Connection->execute('CREATE TABLE `o...')
#2 C:\xampp\htdocs\erp.test\system\Database\BaseConnection.php(607): CodeIgniter\Database\BaseConnection->simpleQuery('CREATE TABLE `o...')
#3 C:\xampp\htdocs\erp.test\system\Database\Forge.php(555): CodeIgniter\Database\BaseConnection->query('CREATE TABLE `o...')
#4 C:\xampp\htdocs\erp.test\app\Database\Migrations\2025-09-09-000001_outbox_and_indexes.php(47): CodeIgniter\Database\Forge->createTable('outbox_events', true)
#5 C:\xampp\htdocs\erp.test\system\Database\MigrationRunner.php(865): App\Database\Migrations\OutboxAndIndexes->up()
#6 C:\xampp\htdocs\erp.test\system\Database\MigrationRunner.php(181): CodeIgniter\Database\MigrationRunner->migrate('up', Object(stdClass))
#7 C:\xampp\htdocs\erp.test\app\Config\Events.php(75): CodeIgniter\Database\MigrationRunner->latest()
#8 C:\xampp\htdocs\erp.test\system\Events\Events.php(154): CodeIgniter\Events\Events::Config\{closure}()
#9 C:\xampp\htdocs\erp.test\system\CodeIgniter.php(442): CodeIgniter\Events\Events::trigger('pre_system')
#10 C:\xampp\htdocs\erp.test\system\CodeIgniter.php(361): CodeIgniter\CodeIgniter->handleRequest(NULL, Object(Config\Cache), false)
#11 C:\xampp\htdocs\erp.test\public\index.php(79): CodeIgniter\CodeIgniter->run()
#12 {main}
ERROR - 2025-09-10 03:58:39 --> Auto-migration failed: Invalid default value for 'created_at'
INFO - 2025-09-10 03:58:39 --> Session: Class initialized using 'CodeIgniter\Session\Handlers\FileHandler' driver.
ERROR - 2025-09-10 03:58:41 --> mysqli_sql_exception: Invalid default value for 'created_at' in C:\xampp\htdocs\erp.test\system\Database\MySQLi\Connection.php:306
Stack trace:
#0 C:\xampp\htdocs\erp.test\system\Database\MySQLi\Connection.php(306): mysqli->query('CREATE TABLE `o...', 0)
#1 C:\xampp\htdocs\erp.test\system\Database\BaseConnection.php(693): CodeIgniter\Database\MySQLi\Connection->execute('CREATE TABLE `o...')
#2 C:\xampp\htdocs\erp.test\system\Database\BaseConnection.php(607): CodeIgniter\Database\BaseConnection->simpleQuery('CREATE TABLE `o...')
#3 C:\xampp\htdocs\erp.test\system\Database\Forge.php(555): CodeIgniter\Database\BaseConnection->query('CREATE TABLE `o...')
#4 C:\xampp\htdocs\erp.test\app\Database\Migrations\2025-09-09-000001_outbox_and_indexes.php(47): CodeIgniter\Database\Forge->createTable('outbox_events', true)
#5 C:\xampp\htdocs\erp.test\system\Database\MigrationRunner.php(865): App\Database\Migrations\OutboxAndIndexes->up()
#6 C:\xampp\htdocs\erp.test\system\Database\MigrationRunner.php(181): CodeIgniter\Database\MigrationRunner->migrate('up', Object(stdClass))
#7 C:\xampp\htdocs\erp.test\app\Config\Events.php(75): CodeIgniter\Database\MigrationRunner->latest()
#8 C:\xampp\htdocs\erp.test\system\Events\Events.php(154): CodeIgniter\Events\Events::Config\{closure}()
#9 C:\xampp\htdocs\erp.test\system\CodeIgniter.php(442): CodeIgniter\Events\Events::trigger('pre_system')
#10 C:\xampp\htdocs\erp.test\system\CodeIgniter.php(361): CodeIgniter\CodeIgniter->handleRequest(NULL, Object(Config\Cache), false)
#11 C:\xampp\htdocs\erp.test\public\index.php(79): CodeIgniter\CodeIgniter->run()
#12 {main}
ERROR - 2025-09-10 03:58:41 --> Auto-migration failed: Invalid default value for 'created_at'
INFO - 2025-09-10 03:58:41 --> Session: Class initialized using 'CodeIgniter\Session\Handlers\FileHandler' driver.
ERROR - 2025-09-10 03:58:52 --> mysqli_sql_exception: Invalid default value for 'created_at' in C:\xampp\htdocs\erp.test\system\Database\MySQLi\Connection.php:306
Stack trace:
#0 C:\xampp\htdocs\erp.test\system\Database\MySQLi\Connection.php(306): mysqli->query('CREATE TABLE `o...', 0)
#1 C:\xampp\htdocs\erp.test\system\Database\BaseConnection.php(693): CodeIgniter\Database\MySQLi\Connection->execute('CREATE TABLE `o...')
#2 C:\xampp\htdocs\erp.test\system\Database\BaseConnection.php(607): CodeIgniter\Database\BaseConnection->simpleQuery('CREATE TABLE `o...')
#3 C:\xampp\htdocs\erp.test\system\Database\Forge.php(555): CodeIgniter\Database\BaseConnection->query('CREATE TABLE `o...')
#4 C:\xampp\htdocs\erp.test\app\Database\Migrations\2025-09-09-000001_outbox_and_indexes.php(47): CodeIgniter\Database\Forge->createTable('outbox_events', true)
#5 C:\xampp\htdocs\erp.test\system\Database\MigrationRunner.php(865): App\Database\Migrations\OutboxAndIndexes->up()
#6 C:\xampp\htdocs\erp.test\system\Database\MigrationRunner.php(181): CodeIgniter\Database\MigrationRunner->migrate('up', Object(stdClass))
#7 C:\xampp\htdocs\erp.test\app\Config\Events.php(75): CodeIgniter\Database\MigrationRunner->latest()
#8 C:\xampp\htdocs\erp.test\system\Events\Events.php(154): CodeIgniter\Events\Events::Config\{closure}()
#9 C:\xampp\htdocs\erp.test\system\CodeIgniter.php(442): CodeIgniter\Events\Events::trigger('pre_system')
#10 C:\xampp\htdocs\erp.test\system\CodeIgniter.php(361): CodeIgniter\CodeIgniter->handleRequest(NULL, Object(Config\Cache), false)
#11 C:\xampp\htdocs\erp.test\public\index.php(79): CodeIgniter\CodeIgniter->run()
#12 {main}
ERROR - 2025-09-10 03:58:52 --> Auto-migration failed: Invalid default value for 'created_at'
INFO - 2025-09-10 03:58:52 --> Session: Class initialized using 'CodeIgniter\Session\Handlers\FileHandler' driver.
ERROR - 2025-09-10 03:58:53 --> mysqli_sql_exception: Invalid default value for 'created_at' in C:\xampp\htdocs\erp.test\system\Database\MySQLi\Connection.php:306
Stack trace:
#0 C:\xampp\htdocs\erp.test\system\Database\MySQLi\Connection.php(306): mysqli->query('CREATE TABLE `o...', 0)
#1 C:\xampp\htdocs\erp.test\system\Database\BaseConnection.php(693): CodeIgniter\Database\MySQLi\Connection->execute('CREATE TABLE `o...')
#2 C:\xampp\htdocs\erp.test\system\Database\BaseConnection.php(607): CodeIgniter\Database\BaseConnection->simpleQuery('CREATE TABLE `o...')
#3 C:\xampp\htdocs\erp.test\system\Database\Forge.php(555): CodeIgniter\Database\BaseConnection->query('CREATE TABLE `o...')
#4 C:\xampp\htdocs\erp.test\app\Database\Migrations\2025-09-09-000001_outbox_and_indexes.php(47): CodeIgniter\Database\Forge->createTable('outbox_events', true)
#5 C:\xampp\htdocs\erp.test\system\Database\MigrationRunner.php(865): App\Database\Migrations\OutboxAndIndexes->up()
#6 C:\xampp\htdocs\erp.test\system\Database\MigrationRunner.php(181): CodeIgniter\Database\MigrationRunner->migrate('up', Object(stdClass))
#7 C:\xampp\htdocs\erp.test\app\Config\Events.php(75): CodeIgniter\Database\MigrationRunner->latest()
#8 C:\xampp\htdocs\erp.test\system\Events\Events.php(154): CodeIgniter\Events\Events::Config\{closure}()
#9 C:\xampp\htdocs\erp.test\system\CodeIgniter.php(442): CodeIgniter\Events\Events::trigger('pre_system')
#10 C:\xampp\htdocs\erp.test\system\CodeIgniter.php(361): CodeIgniter\CodeIgniter->handleRequest(NULL, Object(Config\Cache), false)
#11 C:\xampp\htdocs\erp.test\public\index.php(79): CodeIgniter\CodeIgniter->run()
#12 {main}
ERROR - 2025-09-10 03:58:53 --> Auto-migration failed: Invalid default value for 'created_at'
INFO - 2025-09-10 03:58:54 --> Session: Class initialized using 'CodeIgniter\Session\Handlers\FileHandler' driver.
ERROR - 2025-09-10 03:58:54 --> mysqli_sql_exception: Invalid default value for 'created_at' in C:\xampp\htdocs\erp.test\system\Database\MySQLi\Connection.php:306
Stack trace:
#0 C:\xampp\htdocs\erp.test\system\Database\MySQLi\Connection.php(306): mysqli->query('CREATE TABLE `o...', 0)
#1 C:\xampp\htdocs\erp.test\system\Database\BaseConnection.php(693): CodeIgniter\Database\MySQLi\Connection->execute('CREATE TABLE `o...')
#2 C:\xampp\htdocs\erp.test\system\Database\BaseConnection.php(607): CodeIgniter\Database\BaseConnection->simpleQuery('CREATE TABLE `o...')
#3 C:\xampp\htdocs\erp.test\system\Database\Forge.php(555): CodeIgniter\Database\BaseConnection->query('CREATE TABLE `o...')
#4 C:\xampp\htdocs\erp.test\app\Database\Migrations\2025-09-09-000001_outbox_and_indexes.php(47): CodeIgniter\Database\Forge->createTable('outbox_events', true)
#5 C:\xampp\htdocs\erp.test\system\Database\MigrationRunner.php(865): App\Database\Migrations\OutboxAndIndexes->up()
#6 C:\xampp\htdocs\erp.test\system\Database\MigrationRunner.php(181): CodeIgniter\Database\MigrationRunner->migrate('up', Object(stdClass))
#7 C:\xampp\htdocs\erp.test\app\Config\Events.php(75): CodeIgniter\Database\MigrationRunner->latest()
#8 C:\xampp\htdocs\erp.test\system\Events\Events.php(154): CodeIgniter\Events\Events::Config\{closure}()
#9 C:\xampp\htdocs\erp.test\system\CodeIgniter.php(442): CodeIgniter\Events\Events::trigger('pre_system')
#10 C:\xampp\htdocs\erp.test\system\CodeIgniter.php(361): CodeIgniter\CodeIgniter->handleRequest(NULL, Object(Config\Cache), false)
#11 C:\xampp\htdocs\erp.test\public\index.php(79): CodeIgniter\CodeIgniter->run()
#12 {main}
ERROR - 2025-09-10 03:58:54 --> Auto-migration failed: Invalid default value for 'created_at'
INFO - 2025-09-10 03:58:54 --> Session: Class initialized using 'CodeIgniter\Session\Handlers\FileHandler' driver.
ERROR - 2025-09-10 03:58:56 --> mysqli_sql_exception: Invalid default value for 'created_at' in C:\xampp\htdocs\erp.test\system\Database\MySQLi\Connection.php:306
Stack trace:
#0 C:\xampp\htdocs\erp.test\system\Database\MySQLi\Connection.php(306): mysqli->query('CREATE TABLE `o...', 0)
#1 C:\xampp\htdocs\erp.test\system\Database\BaseConnection.php(693): CodeIgniter\Database\MySQLi\Connection->execute('CREATE TABLE `o...')
#2 C:\xampp\htdocs\erp.test\system\Database\BaseConnection.php(607): CodeIgniter\Database\BaseConnection->simpleQuery('CREATE TABLE `o...')
#3 C:\xampp\htdocs\erp.test\system\Database\Forge.php(555): CodeIgniter\Database\BaseConnection->query('CREATE TABLE `o...')
#4 C:\xampp\htdocs\erp.test\app\Database\Migrations\2025-09-09-000001_outbox_and_indexes.php(47): CodeIgniter\Database\Forge->createTable('outbox_events', true)
#5 C:\xampp\htdocs\erp.test\system\Database\MigrationRunner.php(865): App\Database\Migrations\OutboxAndIndexes->up()
#6 C:\xampp\htdocs\erp.test\system\Database\MigrationRunner.php(181): CodeIgniter\Database\MigrationRunner->migrate('up', Object(stdClass))
#7 C:\xampp\htdocs\erp.test\app\Config\Events.php(75): CodeIgniter\Database\MigrationRunner->latest()
#8 C:\xampp\htdocs\erp.test\system\Events\Events.php(154): CodeIgniter\Events\Events::Config\{closure}()
#9 C:\xampp\htdocs\erp.test\system\CodeIgniter.php(442): CodeIgniter\Events\Events::trigger('pre_system')
#10 C:\xampp\htdocs\erp.test\system\CodeIgniter.php(361): CodeIgniter\CodeIgniter->handleRequest(NULL, Object(Config\Cache), false)
#11 C:\xampp\htdocs\erp.test\public\index.php(79): CodeIgniter\CodeIgniter->run()
#12 {main}
ERROR - 2025-09-10 03:58:56 --> Auto-migration failed: Invalid default value for 'created_at'
INFO - 2025-09-10 03:58:56 --> CSRF token verified.
INFO - 2025-09-10 03:58:56 --> Session: Class initialized using 'CodeIgniter\Session\Handlers\FileHandler' driver.
ERROR - 2025-09-10 03:58:56 --> mysqli_sql_exception: Invalid default value for 'created_at' in C:\xampp\htdocs\erp.test\system\Database\MySQLi\Connection.php:306
Stack trace:
#0 C:\xampp\htdocs\erp.test\system\Database\MySQLi\Connection.php(306): mysqli->query('CREATE TABLE `o...', 0)
#1 C:\xampp\htdocs\erp.test\system\Database\BaseConnection.php(693): CodeIgniter\Database\MySQLi\Connection->execute('CREATE TABLE `o...')
#2 C:\xampp\htdocs\erp.test\system\Database\BaseConnection.php(607): CodeIgniter\Database\BaseConnection->simpleQuery('CREATE TABLE `o...')
#3 C:\xampp\htdocs\erp.test\system\Database\Forge.php(555): CodeIgniter\Database\BaseConnection->query('CREATE TABLE `o...')
#4 C:\xampp\htdocs\erp.test\app\Database\Migrations\2025-09-09-000001_outbox_and_indexes.php(47): CodeIgniter\Database\Forge->createTable('outbox_events', true)
#5 C:\xampp\htdocs\erp.test\system\Database\MigrationRunner.php(865): App\Database\Migrations\OutboxAndIndexes->up()
#6 C:\xampp\htdocs\erp.test\system\Database\MigrationRunner.php(181): CodeIgniter\Database\MigrationRunner->migrate('up', Object(stdClass))
#7 C:\xampp\htdocs\erp.test\app\Config\Events.php(75): CodeIgniter\Database\MigrationRunner->latest()
#8 C:\xampp\htdocs\erp.test\system\Events\Events.php(154): CodeIgniter\Events\Events::Config\{closure}()
#9 C:\xampp\htdocs\erp.test\system\CodeIgniter.php(442): CodeIgniter\Events\Events::trigger('pre_system')
#10 C:\xampp\htdocs\erp.test\system\CodeIgniter.php(361): CodeIgniter\CodeIgniter->handleRequest(NULL, Object(Config\Cache), false)
#11 C:\xampp\htdocs\erp.test\public\index.php(79): CodeIgniter\CodeIgniter->run()
#12 {main}
ERROR - 2025-09-10 03:58:56 --> Auto-migration failed: Invalid default value for 'created_at'
INFO - 2025-09-10 03:58:56 --> Session: Class initialized using 'CodeIgniter\Session\Handlers\FileHandler' driver.
ERROR - 2025-09-10 03:59:16 --> mysqli_sql_exception: Invalid default value for 'created_at' in C:\xampp\htdocs\erp.test\system\Database\MySQLi\Connection.php:306
Stack trace:
#0 C:\xampp\htdocs\erp.test\system\Database\MySQLi\Connection.php(306): mysqli->query('CREATE TABLE `o...', 0)
#1 C:\xampp\htdocs\erp.test\system\Database\BaseConnection.php(693): CodeIgniter\Database\MySQLi\Connection->execute('CREATE TABLE `o...')
#2 C:\xampp\htdocs\erp.test\system\Database\BaseConnection.php(607): CodeIgniter\Database\BaseConnection->simpleQuery('CREATE TABLE `o...')
#3 C:\xampp\htdocs\erp.test\system\Database\Forge.php(555): CodeIgniter\Database\BaseConnection->query('CREATE TABLE `o...')
#4 C:\xampp\htdocs\erp.test\app\Database\Migrations\2025-09-09-000001_outbox_and_indexes.php(47): CodeIgniter\Database\Forge->createTable('outbox_events', true)
#5 C:\xampp\htdocs\erp.test\system\Database\MigrationRunner.php(865): App\Database\Migrations\OutboxAndIndexes->up()
#6 C:\xampp\htdocs\erp.test\system\Database\MigrationRunner.php(181): CodeIgniter\Database\MigrationRunner->migrate('up', Object(stdClass))
#7 C:\xampp\htdocs\erp.test\app\Config\Events.php(75): CodeIgniter\Database\MigrationRunner->latest()
#8 C:\xampp\htdocs\erp.test\system\Events\Events.php(154): CodeIgniter\Events\Events::Config\{closure}()
#9 C:\xampp\htdocs\erp.test\system\CodeIgniter.php(442): CodeIgniter\Events\Events::trigger('pre_system')
#10 C:\xampp\htdocs\erp.test\system\CodeIgniter.php(361): CodeIgniter\CodeIgniter->handleRequest(NULL, Object(Config\Cache), false)
#11 C:\xampp\htdocs\erp.test\public\index.php(79): CodeIgniter\CodeIgniter->run()
#12 {main}
ERROR - 2025-09-10 03:59:16 --> Auto-migration failed: Invalid default value for 'created_at'
INFO - 2025-09-10 03:59:16 --> Session: Class initialized using 'CodeIgniter\Session\Handlers\FileHandler' driver.
ERROR - 2025-09-10 03:59:19 --> mysqli_sql_exception: Invalid default value for 'created_at' in C:\xampp\htdocs\erp.test\system\Database\MySQLi\Connection.php:306
Stack trace:
#0 C:\xampp\htdocs\erp.test\system\Database\MySQLi\Connection.php(306): mysqli->query('CREATE TABLE `o...', 0)
#1 C:\xampp\htdocs\erp.test\system\Database\BaseConnection.php(693): CodeIgniter\Database\MySQLi\Connection->execute('CREATE TABLE `o...')
#2 C:\xampp\htdocs\erp.test\system\Database\BaseConnection.php(607): CodeIgniter\Database\BaseConnection->simpleQuery('CREATE TABLE `o...')
#3 C:\xampp\htdocs\erp.test\system\Database\Forge.php(555): CodeIgniter\Database\BaseConnection->query('CREATE TABLE `o...')
#4 C:\xampp\htdocs\erp.test\app\Database\Migrations\2025-09-09-000001_outbox_and_indexes.php(47): CodeIgniter\Database\Forge->createTable('outbox_events', true)
#5 C:\xampp\htdocs\erp.test\system\Database\MigrationRunner.php(865): App\Database\Migrations\OutboxAndIndexes->up()
#6 C:\xampp\htdocs\erp.test\system\Database\MigrationRunner.php(181): CodeIgniter\Database\MigrationRunner->migrate('up', Object(stdClass))
#7 C:\xampp\htdocs\erp.test\app\Config\Events.php(75): CodeIgniter\Database\MigrationRunner->latest()
#8 C:\xampp\htdocs\erp.test\system\Events\Events.php(154): CodeIgniter\Events\Events::Config\{closure}()
#9 C:\xampp\htdocs\erp.test\system\CodeIgniter.php(442): CodeIgniter\Events\Events::trigger('pre_system')
#10 C:\xampp\htdocs\erp.test\system\CodeIgniter.php(361): CodeIgniter\CodeIgniter->handleRequest(NULL, Object(Config\Cache), false)
#11 C:\xampp\htdocs\erp.test\public\index.php(79): CodeIgniter\CodeIgniter->run()
#12 {main}
ERROR - 2025-09-10 03:59:19 --> Auto-migration failed: Invalid default value for 'created_at'
INFO - 2025-09-10 03:59:19 --> Session: Class initialized using 'CodeIgniter\Session\Handlers\FileHandler' driver.
ERROR - 2025-09-10 03:59:19 --> mysqli_sql_exception: Invalid default value for 'created_at' in C:\xampp\htdocs\erp.test\system\Database\MySQLi\Connection.php:306
Stack trace:
#0 C:\xampp\htdocs\erp.test\system\Database\MySQLi\Connection.php(306): mysqli->query('CREATE TABLE `o...', 0)
#1 C:\xampp\htdocs\erp.test\system\Database\BaseConnection.php(693): CodeIgniter\Database\MySQLi\Connection->execute('CREATE TABLE `o...')
#2 C:\xampp\htdocs\erp.test\system\Database\BaseConnection.php(607): CodeIgniter\Database\BaseConnection->simpleQuery('CREATE TABLE `o...')
#3 C:\xampp\htdocs\erp.test\system\Database\Forge.php(555): CodeIgniter\Database\BaseConnection->query('CREATE TABLE `o...')
#4 C:\xampp\htdocs\erp.test\app\Database\Migrations\2025-09-09-000001_outbox_and_indexes.php(47): CodeIgniter\Database\Forge->createTable('outbox_events', true)
#5 C:\xampp\htdocs\erp.test\system\Database\MigrationRunner.php(865): App\Database\Migrations\OutboxAndIndexes->up()
#6 C:\xampp\htdocs\erp.test\system\Database\MigrationRunner.php(181): CodeIgniter\Database\MigrationRunner->migrate('up', Object(stdClass))
#7 C:\xampp\htdocs\erp.test\app\Config\Events.php(75): CodeIgniter\Database\MigrationRunner->latest()
#8 C:\xampp\htdocs\erp.test\system\Events\Events.php(154): CodeIgniter\Events\Events::Config\{closure}()
#9 C:\xampp\htdocs\erp.test\system\CodeIgniter.php(442): CodeIgniter\Events\Events::trigger('pre_system')
#10 C:\xampp\htdocs\erp.test\system\CodeIgniter.php(361): CodeIgniter\CodeIgniter->handleRequest(NULL, Object(Config\Cache), false)
#11 C:\xampp\htdocs\erp.test\public\index.php(79): CodeIgniter\CodeIgniter->run()
#12 {main}
ERROR - 2025-09-10 03:59:19 --> Auto-migration failed: Invalid default value for 'created_at'
INFO - 2025-09-10 03:59:19 --> Session: Class initialized using 'CodeIgniter\Session\Handlers\FileHandler' driver.
ERROR - 2025-09-10 03:59:22 --> mysqli_sql_exception: Invalid default value for 'created_at' in C:\xampp\htdocs\erp.test\system\Database\MySQLi\Connection.php:306
Stack trace:
#0 C:\xampp\htdocs\erp.test\system\Database\MySQLi\Connection.php(306): mysqli->query('CREATE TABLE `o...', 0)
#1 C:\xampp\htdocs\erp.test\system\Database\BaseConnection.php(693): CodeIgniter\Database\MySQLi\Connection->execute('CREATE TABLE `o...')
#2 C:\xampp\htdocs\erp.test\system\Database\BaseConnection.php(607): CodeIgniter\Database\BaseConnection->simpleQuery('CREATE TABLE `o...')
#3 C:\xampp\htdocs\erp.test\system\Database\Forge.php(555): CodeIgniter\Database\BaseConnection->query('CREATE TABLE `o...')
#4 C:\xampp\htdocs\erp.test\app\Database\Migrations\2025-09-09-000001_outbox_and_indexes.php(47): CodeIgniter\Database\Forge->createTable('outbox_events', true)
#5 C:\xampp\htdocs\erp.test\system\Database\MigrationRunner.php(865): App\Database\Migrations\OutboxAndIndexes->up()
#6 C:\xampp\htdocs\erp.test\system\Database\MigrationRunner.php(181): CodeIgniter\Database\MigrationRunner->migrate('up', Object(stdClass))
#7 C:\xampp\htdocs\erp.test\app\Config\Events.php(75): CodeIgniter\Database\MigrationRunner->latest()
#8 C:\xampp\htdocs\erp.test\system\Events\Events.php(154): CodeIgniter\Events\Events::Config\{closure}()
#9 C:\xampp\htdocs\erp.test\system\CodeIgniter.php(442): CodeIgniter\Events\Events::trigger('pre_system')
#10 C:\xampp\htdocs\erp.test\system\CodeIgniter.php(361): CodeIgniter\CodeIgniter->handleRequest(NULL, Object(Config\Cache), false)
#11 C:\xampp\htdocs\erp.test\public\index.php(79): CodeIgniter\CodeIgniter->run()
#12 {main}
ERROR - 2025-09-10 03:59:22 --> Auto-migration failed: Invalid default value for 'created_at'
INFO - 2025-09-10 03:59:22 --> CSRF token verified.
INFO - 2025-09-10 03:59:22 --> Session: Class initialized using 'CodeIgniter\Session\Handlers\FileHandler' driver.
ERROR - 2025-09-10 03:59:22 --> mysqli_sql_exception: Invalid default value for 'created_at' in C:\xampp\htdocs\erp.test\system\Database\MySQLi\Connection.php:306
Stack trace:
#0 C:\xampp\htdocs\erp.test\system\Database\MySQLi\Connection.php(306): mysqli->query('CREATE TABLE `o...', 0)
#1 C:\xampp\htdocs\erp.test\system\Database\BaseConnection.php(693): CodeIgniter\Database\MySQLi\Connection->execute('CREATE TABLE `o...')
#2 C:\xampp\htdocs\erp.test\system\Database\BaseConnection.php(607): CodeIgniter\Database\BaseConnection->simpleQuery('CREATE TABLE `o...')
#3 C:\xampp\htdocs\erp.test\system\Database\Forge.php(555): CodeIgniter\Database\BaseConnection->query('CREATE TABLE `o...')
#4 C:\xampp\htdocs\erp.test\app\Database\Migrations\2025-09-09-000001_outbox_and_indexes.php(47): CodeIgniter\Database\Forge->createTable('outbox_events', true)
#5 C:\xampp\htdocs\erp.test\system\Database\MigrationRunner.php(865): App\Database\Migrations\OutboxAndIndexes->up()
#6 C:\xampp\htdocs\erp.test\system\Database\MigrationRunner.php(181): CodeIgniter\Database\MigrationRunner->migrate('up', Object(stdClass))
#7 C:\xampp\htdocs\erp.test\app\Config\Events.php(75): CodeIgniter\Database\MigrationRunner->latest()
#8 C:\xampp\htdocs\erp.test\system\Events\Events.php(154): CodeIgniter\Events\Events::Config\{closure}()
#9 C:\xampp\htdocs\erp.test\system\CodeIgniter.php(442): CodeIgniter\Events\Events::trigger('pre_system')
#10 C:\xampp\htdocs\erp.test\system\CodeIgniter.php(361): CodeIgniter\CodeIgniter->handleRequest(NULL, Object(Config\Cache), false)
#11 C:\xampp\htdocs\erp.test\public\index.php(79): CodeIgniter\CodeIgniter->run()
#12 {main}
ERROR - 2025-09-10 03:59:23 --> Auto-migration failed: Invalid default value for 'created_at'
INFO - 2025-09-10 03:59:23 --> Session: Class initialized using 'CodeIgniter\Session\Handlers\FileHandler' driver.
ERROR - 2025-09-10 03:59:27 --> mysqli_sql_exception: Invalid default value for 'created_at' in C:\xampp\htdocs\erp.test\system\Database\MySQLi\Connection.php:306
Stack trace:
#0 C:\xampp\htdocs\erp.test\system\Database\MySQLi\Connection.php(306): mysqli->query('CREATE TABLE `o...', 0)
#1 C:\xampp\htdocs\erp.test\system\Database\BaseConnection.php(693): CodeIgniter\Database\MySQLi\Connection->execute('CREATE TABLE `o...')
#2 C:\xampp\htdocs\erp.test\system\Database\BaseConnection.php(607): CodeIgniter\Database\BaseConnection->simpleQuery('CREATE TABLE `o...')
#3 C:\xampp\htdocs\erp.test\system\Database\Forge.php(555): CodeIgniter\Database\BaseConnection->query('CREATE TABLE `o...')
#4 C:\xampp\htdocs\erp.test\app\Database\Migrations\2025-09-09-000001_outbox_and_indexes.php(47): CodeIgniter\Database\Forge->createTable('outbox_events', true)
#5 C:\xampp\htdocs\erp.test\system\Database\MigrationRunner.php(865): App\Database\Migrations\OutboxAndIndexes->up()
#6 C:\xampp\htdocs\erp.test\system\Database\MigrationRunner.php(181): CodeIgniter\Database\MigrationRunner->migrate('up', Object(stdClass))
#7 C:\xampp\htdocs\erp.test\app\Config\Events.php(75): CodeIgniter\Database\MigrationRunner->latest()
#8 C:\xampp\htdocs\erp.test\system\Events\Events.php(154): CodeIgniter\Events\Events::Config\{closure}()
#9 C:\xampp\htdocs\erp.test\system\CodeIgniter.php(442): CodeIgniter\Events\Events::trigger('pre_system')
#10 C:\xampp\htdocs\erp.test\system\CodeIgniter.php(361): CodeIgniter\CodeIgniter->handleRequest(NULL, Object(Config\Cache), false)
#11 C:\xampp\htdocs\erp.test\public\index.php(79): CodeIgniter\CodeIgniter->run()
#12 {main}
ERROR - 2025-09-10 03:59:27 --> Auto-migration failed: Invalid default value for 'created_at'
INFO - 2025-09-10 03:59:27 --> CSRF token verified.
INFO - 2025-09-10 03:59:27 --> Session: Class initialized using 'CodeIgniter\Session\Handlers\FileHandler' driver.
ERROR - 2025-09-10 03:59:27 --> mysqli_sql_exception: Invalid default value for 'created_at' in C:\xampp\htdocs\erp.test\system\Database\MySQLi\Connection.php:306
Stack trace:
#0 C:\xampp\htdocs\erp.test\system\Database\MySQLi\Connection.php(306): mysqli->query('CREATE TABLE `o...', 0)
#1 C:\xampp\htdocs\erp.test\system\Database\BaseConnection.php(693): CodeIgniter\Database\MySQLi\Connection->execute('CREATE TABLE `o...')
#2 C:\xampp\htdocs\erp.test\system\Database\BaseConnection.php(607): CodeIgniter\Database\BaseConnection->simpleQuery('CREATE TABLE `o...')
#3 C:\xampp\htdocs\erp.test\system\Database\Forge.php(555): CodeIgniter\Database\BaseConnection->query('CREATE TABLE `o...')
#4 C:\xampp\htdocs\erp.test\app\Database\Migrations\2025-09-09-000001_outbox_and_indexes.php(47): CodeIgniter\Database\Forge->createTable('outbox_events', true)
#5 C:\xampp\htdocs\erp.test\system\Database\MigrationRunner.php(865): App\Database\Migrations\OutboxAndIndexes->up()
#6 C:\xampp\htdocs\erp.test\system\Database\MigrationRunner.php(181): CodeIgniter\Database\MigrationRunner->migrate('up', Object(stdClass))
#7 C:\xampp\htdocs\erp.test\app\Config\Events.php(75): CodeIgniter\Database\MigrationRunner->latest()
#8 C:\xampp\htdocs\erp.test\system\Events\Events.php(154): CodeIgniter\Events\Events::Config\{closure}()
#9 C:\xampp\htdocs\erp.test\system\CodeIgniter.php(442): CodeIgniter\Events\Events::trigger('pre_system')
#10 C:\xampp\htdocs\erp.test\system\CodeIgniter.php(361): CodeIgniter\CodeIgniter->handleRequest(NULL, Object(Config\Cache), false)
#11 C:\xampp\htdocs\erp.test\public\index.php(79): CodeIgniter\CodeIgniter->run()
#12 {main}
ERROR - 2025-09-10 03:59:27 --> Auto-migration failed: Invalid default value for 'created_at'
INFO - 2025-09-10 03:59:27 --> Session: Class initialized using 'CodeIgniter\Session\Handlers\FileHandler' driver.
ERROR - 2025-09-10 03:59:30 --> mysqli_sql_exception: Invalid default value for 'created_at' in C:\xampp\htdocs\erp.test\system\Database\MySQLi\Connection.php:306
Stack trace:
#0 C:\xampp\htdocs\erp.test\system\Database\MySQLi\Connection.php(306): mysqli->query('CREATE TABLE `o...', 0)
#1 C:\xampp\htdocs\erp.test\system\Database\BaseConnection.php(693): CodeIgniter\Database\MySQLi\Connection->execute('CREATE TABLE `o...')
#2 C:\xampp\htdocs\erp.test\system\Database\BaseConnection.php(607): CodeIgniter\Database\BaseConnection->simpleQuery('CREATE TABLE `o...')
#3 C:\xampp\htdocs\erp.test\system\Database\Forge.php(555): CodeIgniter\Database\BaseConnection->query('CREATE TABLE `o...')
#4 C:\xampp\htdocs\erp.test\app\Database\Migrations\2025-09-09-000001_outbox_and_indexes.php(47): CodeIgniter\Database\Forge->createTable('outbox_events', true)
#5 C:\xampp\htdocs\erp.test\system\Database\MigrationRunner.php(865): App\Database\Migrations\OutboxAndIndexes->up()
#6 C:\xampp\htdocs\erp.test\system\Database\MigrationRunner.php(181): CodeIgniter\Database\MigrationRunner->migrate('up', Object(stdClass))
#7 C:\xampp\htdocs\erp.test\app\Config\Events.php(75): CodeIgniter\Database\MigrationRunner->latest()
#8 C:\xampp\htdocs\erp.test\system\Events\Events.php(154): CodeIgniter\Events\Events::Config\{closure}()
#9 C:\xampp\htdocs\erp.test\system\CodeIgniter.php(442): CodeIgniter\Events\Events::trigger('pre_system')
#10 C:\xampp\htdocs\erp.test\system\CodeIgniter.php(361): CodeIgniter\CodeIgniter->handleRequest(NULL, Object(Config\Cache), false)
#11 C:\xampp\htdocs\erp.test\public\index.php(79): CodeIgniter\CodeIgniter->run()
#12 {main}
ERROR - 2025-09-10 03:59:30 --> Auto-migration failed: Invalid default value for 'created_at'
INFO - 2025-09-10 03:59:30 --> Session: Class initialized using 'CodeIgniter\Session\Handlers\FileHandler' driver.
ERROR - 2025-09-10 03:59:33 --> mysqli_sql_exception: Invalid default value for 'created_at' in C:\xampp\htdocs\erp.test\system\Database\MySQLi\Connection.php:306
Stack trace:
#0 C:\xampp\htdocs\erp.test\system\Database\MySQLi\Connection.php(306): mysqli->query('CREATE TABLE `o...', 0)
#1 C:\xampp\htdocs\erp.test\system\Database\BaseConnection.php(693): CodeIgniter\Database\MySQLi\Connection->execute('CREATE TABLE `o...')
#2 C:\xampp\htdocs\erp.test\system\Database\BaseConnection.php(607): CodeIgniter\Database\BaseConnection->simpleQuery('CREATE TABLE `o...')
#3 C:\xampp\htdocs\erp.test\system\Database\Forge.php(555): CodeIgniter\Database\BaseConnection->query('CREATE TABLE `o...')
#4 C:\xampp\htdocs\erp.test\app\Database\Migrations\2025-09-09-000001_outbox_and_indexes.php(47): CodeIgniter\Database\Forge->createTable('outbox_events', true)
#5 C:\xampp\htdocs\erp.test\system\Database\MigrationRunner.php(865): App\Database\Migrations\OutboxAndIndexes->up()
#6 C:\xampp\htdocs\erp.test\system\Database\MigrationRunner.php(181): CodeIgniter\Database\MigrationRunner->migrate('up', Object(stdClass))
#7 C:\xampp\htdocs\erp.test\app\Config\Events.php(75): CodeIgniter\Database\MigrationRunner->latest()
#8 C:\xampp\htdocs\erp.test\system\Events\Events.php(154): CodeIgniter\Events\Events::Config\{closure}()
#9 C:\xampp\htdocs\erp.test\system\CodeIgniter.php(442): CodeIgniter\Events\Events::trigger('pre_system')
#10 C:\xampp\htdocs\erp.test\system\CodeIgniter.php(361): CodeIgniter\CodeIgniter->handleRequest(NULL, Object(Config\Cache), false)
#11 C:\xampp\htdocs\erp.test\public\index.php(79): CodeIgniter\CodeIgniter->run()
#12 {main}
ERROR - 2025-09-10 03:59:33 --> Auto-migration failed: Invalid default value for 'created_at'
INFO - 2025-09-10 03:59:33 --> Session: Class initialized using 'CodeIgniter\Session\Handlers\FileHandler' driver.
ERROR - 2025-09-10 03:59:35 --> mysqli_sql_exception: Invalid default value for 'created_at' in C:\xampp\htdocs\erp.test\system\Database\MySQLi\Connection.php:306
Stack trace:
#0 C:\xampp\htdocs\erp.test\system\Database\MySQLi\Connection.php(306): mysqli->query('CREATE TABLE `o...', 0)
#1 C:\xampp\htdocs\erp.test\system\Database\BaseConnection.php(693): CodeIgniter\Database\MySQLi\Connection->execute('CREATE TABLE `o...')
#2 C:\xampp\htdocs\erp.test\system\Database\BaseConnection.php(607): CodeIgniter\Database\BaseConnection->simpleQuery('CREATE TABLE `o...')
#3 C:\xampp\htdocs\erp.test\system\Database\Forge.php(555): CodeIgniter\Database\BaseConnection->query('CREATE TABLE `o...')
#4 C:\xampp\htdocs\erp.test\app\Database\Migrations\2025-09-09-000001_outbox_and_indexes.php(47): CodeIgniter\Database\Forge->createTable('outbox_events', true)
#5 C:\xampp\htdocs\erp.test\system\Database\MigrationRunner.php(865): App\Database\Migrations\OutboxAndIndexes->up()
#6 C:\xampp\htdocs\erp.test\system\Database\MigrationRunner.php(181): CodeIgniter\Database\MigrationRunner->migrate('up', Object(stdClass))
#7 C:\xampp\htdocs\erp.test\app\Config\Events.php(75): CodeIgniter\Database\MigrationRunner->latest()
#8 C:\xampp\htdocs\erp.test\system\Events\Events.php(154): CodeIgniter\Events\Events::Config\{closure}()
#9 C:\xampp\htdocs\erp.test\system\CodeIgniter.php(442): CodeIgniter\Events\Events::trigger('pre_system')
#10 C:\xampp\htdocs\erp.test\system\CodeIgniter.php(361): CodeIgniter\CodeIgniter->handleRequest(NULL, Object(Config\Cache), false)
#11 C:\xampp\htdocs\erp.test\public\index.php(79): CodeIgniter\CodeIgniter->run()
#12 {main}
ERROR - 2025-09-10 03:59:35 --> Auto-migration failed: Invalid default value for 'created_at'
INFO - 2025-09-10 03:59:35 --> Session: Class initialized using 'CodeIgniter\Session\Handlers\FileHandler' driver.
ERROR - 2025-09-10 03:59:37 --> mysqli_sql_exception: Invalid default value for 'created_at' in C:\xampp\htdocs\erp.test\system\Database\MySQLi\Connection.php:306
Stack trace:
#0 C:\xampp\htdocs\erp.test\system\Database\MySQLi\Connection.php(306): mysqli->query('CREATE TABLE `o...', 0)
#1 C:\xampp\htdocs\erp.test\system\Database\BaseConnection.php(693): CodeIgniter\Database\MySQLi\Connection->execute('CREATE TABLE `o...')
#2 C:\xampp\htdocs\erp.test\system\Database\BaseConnection.php(607): CodeIgniter\Database\BaseConnection->simpleQuery('CREATE TABLE `o...')
#3 C:\xampp\htdocs\erp.test\system\Database\Forge.php(555): CodeIgniter\Database\BaseConnection->query('CREATE TABLE `o...')
#4 C:\xampp\htdocs\erp.test\app\Database\Migrations\2025-09-09-000001_outbox_and_indexes.php(47): CodeIgniter\Database\Forge->createTable('outbox_events', true)
#5 C:\xampp\htdocs\erp.test\system\Database\MigrationRunner.php(865): App\Database\Migrations\OutboxAndIndexes->up()
#6 C:\xampp\htdocs\erp.test\system\Database\MigrationRunner.php(181): CodeIgniter\Database\MigrationRunner->migrate('up', Object(stdClass))
#7 C:\xampp\htdocs\erp.test\app\Config\Events.php(75): CodeIgniter\Database\MigrationRunner->latest()
#8 C:\xampp\htdocs\erp.test\system\Events\Events.php(154): CodeIgniter\Events\Events::Config\{closure}()
#9 C:\xampp\htdocs\erp.test\system\CodeIgniter.php(442): CodeIgniter\Events\Events::trigger('pre_system')
#10 C:\xampp\htdocs\erp.test\system\CodeIgniter.php(361): CodeIgniter\CodeIgniter->handleRequest(NULL, Object(Config\Cache), false)
#11 C:\xampp\htdocs\erp.test\public\index.php(79): CodeIgniter\CodeIgniter->run()
#12 {main}
ERROR - 2025-09-10 03:59:37 --> Auto-migration failed: Invalid default value for 'created_at'
INFO - 2025-09-10 03:59:37 --> Session: Class initialized using 'CodeIgniter\Session\Handlers\FileHandler' driver.
ERROR - 2025-09-10 03:59:37 --> mysqli_sql_exception: Invalid default value for 'created_at' in C:\xampp\htdocs\erp.test\system\Database\MySQLi\Connection.php:306
Stack trace:
#0 C:\xampp\htdocs\erp.test\system\Database\MySQLi\Connection.php(306): mysqli->query('CREATE TABLE `o...', 0)
#1 C:\xampp\htdocs\erp.test\system\Database\BaseConnection.php(693): CodeIgniter\Database\MySQLi\Connection->execute('CREATE TABLE `o...')
#2 C:\xampp\htdocs\erp.test\system\Database\BaseConnection.php(607): CodeIgniter\Database\BaseConnection->simpleQuery('CREATE TABLE `o...')
#3 C:\xampp\htdocs\erp.test\system\Database\Forge.php(555): CodeIgniter\Database\BaseConnection->query('CREATE TABLE `o...')
#4 C:\xampp\htdocs\erp.test\app\Database\Migrations\2025-09-09-000001_outbox_and_indexes.php(47): CodeIgniter\Database\Forge->createTable('outbox_events', true)
#5 C:\xampp\htdocs\erp.test\system\Database\MigrationRunner.php(865): App\Database\Migrations\OutboxAndIndexes->up()
#6 C:\xampp\htdocs\erp.test\system\Database\MigrationRunner.php(181): CodeIgniter\Database\MigrationRunner->migrate('up', Object(stdClass))
#7 C:\xampp\htdocs\erp.test\app\Config\Events.php(75): CodeIgniter\Database\MigrationRunner->latest()
#8 C:\xampp\htdocs\erp.test\system\Events\Events.php(154): CodeIgniter\Events\Events::Config\{closure}()
#9 C:\xampp\htdocs\erp.test\system\CodeIgniter.php(442): CodeIgniter\Events\Events::trigger('pre_system')
#10 C:\xampp\htdocs\erp.test\system\CodeIgniter.php(361): CodeIgniter\CodeIgniter->handleRequest(NULL, Object(Config\Cache), false)
#11 C:\xampp\htdocs\erp.test\public\index.php(79): CodeIgniter\CodeIgniter->run()
#12 {main}
ERROR - 2025-09-10 03:59:37 --> Auto-migration failed: Invalid default value for 'created_at'
INFO - 2025-09-10 03:59:37 --> Session: Class initialized using 'CodeIgniter\Session\Handlers\FileHandler' driver.
ERROR - 2025-09-10 03:59:40 --> mysqli_sql_exception: Invalid default value for 'created_at' in C:\xampp\htdocs\erp.test\system\Database\MySQLi\Connection.php:306
Stack trace:
#0 C:\xampp\htdocs\erp.test\system\Database\MySQLi\Connection.php(306): mysqli->query('CREATE TABLE `o...', 0)
#1 C:\xampp\htdocs\erp.test\system\Database\BaseConnection.php(693): CodeIgniter\Database\MySQLi\Connection->execute('CREATE TABLE `o...')
#2 C:\xampp\htdocs\erp.test\system\Database\BaseConnection.php(607): CodeIgniter\Database\BaseConnection->simpleQuery('CREATE TABLE `o...')
#3 C:\xampp\htdocs\erp.test\system\Database\Forge.php(555): CodeIgniter\Database\BaseConnection->query('CREATE TABLE `o...')
#4 C:\xampp\htdocs\erp.test\app\Database\Migrations\2025-09-09-000001_outbox_and_indexes.php(47): CodeIgniter\Database\Forge->createTable('outbox_events', true)
#5 C:\xampp\htdocs\erp.test\system\Database\MigrationRunner.php(865): App\Database\Migrations\OutboxAndIndexes->up()
#6 C:\xampp\htdocs\erp.test\system\Database\MigrationRunner.php(181): CodeIgniter\Database\MigrationRunner->migrate('up', Object(stdClass))
#7 C:\xampp\htdocs\erp.test\app\Config\Events.php(75): CodeIgniter\Database\MigrationRunner->latest()
#8 C:\xampp\htdocs\erp.test\system\Events\Events.php(154): CodeIgniter\Events\Events::Config\{closure}()
#9 C:\xampp\htdocs\erp.test\system\CodeIgniter.php(442): CodeIgniter\Events\Events::trigger('pre_system')
#10 C:\xampp\htdocs\erp.test\system\CodeIgniter.php(361): CodeIgniter\CodeIgniter->handleRequest(NULL, Object(Config\Cache), false)
#11 C:\xampp\htdocs\erp.test\public\index.php(79): CodeIgniter\CodeIgniter->run()
#12 {main}
ERROR - 2025-09-10 03:59:40 --> Auto-migration failed: Invalid default value for 'created_at'
INFO - 2025-09-10 03:59:40 --> CSRF token verified.
INFO - 2025-09-10 03:59:40 --> Session: Class initialized using 'CodeIgniter\Session\Handlers\FileHandler' driver.
ERROR - 2025-09-10 03:59:40 --> mysqli_sql_exception: Invalid default value for 'created_at' in C:\xampp\htdocs\erp.test\system\Database\MySQLi\Connection.php:306
Stack trace:
#0 C:\xampp\htdocs\erp.test\system\Database\MySQLi\Connection.php(306): mysqli->query('CREATE TABLE `o...', 0)
#1 C:\xampp\htdocs\erp.test\system\Database\BaseConnection.php(693): CodeIgniter\Database\MySQLi\Connection->execute('CREATE TABLE `o...')
#2 C:\xampp\htdocs\erp.test\system\Database\BaseConnection.php(607): CodeIgniter\Database\BaseConnection->simpleQuery('CREATE TABLE `o...')
#3 C:\xampp\htdocs\erp.test\system\Database\Forge.php(555): CodeIgniter\Database\BaseConnection->query('CREATE TABLE `o...')
#4 C:\xampp\htdocs\erp.test\app\Database\Migrations\2025-09-09-000001_outbox_and_indexes.php(47): CodeIgniter\Database\Forge->createTable('outbox_events', true)
#5 C:\xampp\htdocs\erp.test\system\Database\MigrationRunner.php(865): App\Database\Migrations\OutboxAndIndexes->up()
#6 C:\xampp\htdocs\erp.test\system\Database\MigrationRunner.php(181): CodeIgniter\Database\MigrationRunner->migrate('up', Object(stdClass))
#7 C:\xampp\htdocs\erp.test\app\Config\Events.php(75): CodeIgniter\Database\MigrationRunner->latest()
#8 C:\xampp\htdocs\erp.test\system\Events\Events.php(154): CodeIgniter\Events\Events::Config\{closure}()
#9 C:\xampp\htdocs\erp.test\system\CodeIgniter.php(442): CodeIgniter\Events\Events::trigger('pre_system')
#10 C:\xampp\htdocs\erp.test\system\CodeIgniter.php(361): CodeIgniter\CodeIgniter->handleRequest(NULL, Object(Config\Cache), false)
#11 C:\xampp\htdocs\erp.test\public\index.php(79): CodeIgniter\CodeIgniter->run()
#12 {main}
ERROR - 2025-09-10 03:59:40 --> Auto-migration failed: Invalid default value for 'created_at'
INFO - 2025-09-10 03:59:40 --> Session: Class initialized using 'CodeIgniter\Session\Handlers\FileHandler' driver.
ERROR - 2025-09-10 03:59:41 --> mysqli_sql_exception: Invalid default value for 'created_at' in C:\xampp\htdocs\erp.test\system\Database\MySQLi\Connection.php:306
Stack trace:
#0 C:\xampp\htdocs\erp.test\system\Database\MySQLi\Connection.php(306): mysqli->query('CREATE TABLE `o...', 0)
#1 C:\xampp\htdocs\erp.test\system\Database\BaseConnection.php(693): CodeIgniter\Database\MySQLi\Connection->execute('CREATE TABLE `o...')
#2 C:\xampp\htdocs\erp.test\system\Database\BaseConnection.php(607): CodeIgniter\Database\BaseConnection->simpleQuery('CREATE TABLE `o...')
#3 C:\xampp\htdocs\erp.test\system\Database\Forge.php(555): CodeIgniter\Database\BaseConnection->query('CREATE TABLE `o...')
#4 C:\xampp\htdocs\erp.test\app\Database\Migrations\2025-09-09-000001_outbox_and_indexes.php(47): CodeIgniter\Database\Forge->createTable('outbox_events', true)
#5 C:\xampp\htdocs\erp.test\system\Database\MigrationRunner.php(865): App\Database\Migrations\OutboxAndIndexes->up()
#6 C:\xampp\htdocs\erp.test\system\Database\MigrationRunner.php(181): CodeIgniter\Database\MigrationRunner->migrate('up', Object(stdClass))
#7 C:\xampp\htdocs\erp.test\app\Config\Events.php(75): CodeIgniter\Database\MigrationRunner->latest()
#8 C:\xampp\htdocs\erp.test\system\Events\Events.php(154): CodeIgniter\Events\Events::Config\{closure}()
#9 C:\xampp\htdocs\erp.test\system\CodeIgniter.php(442): CodeIgniter\Events\Events::trigger('pre_system')
#10 C:\xampp\htdocs\erp.test\system\CodeIgniter.php(361): CodeIgniter\CodeIgniter->handleRequest(NULL, Object(Config\Cache), false)
#11 C:\xampp\htdocs\erp.test\public\index.php(79): CodeIgniter\CodeIgniter->run()
#12 {main}
ERROR - 2025-09-10 03:59:41 --> Auto-migration failed: Invalid default value for 'created_at'
INFO - 2025-09-10 03:59:41 --> Session: Class initialized using 'CodeIgniter\Session\Handlers\FileHandler' driver.
ERROR - 2025-09-10 03:59:42 --> mysqli_sql_exception: Invalid default value for 'created_at' in C:\xampp\htdocs\erp.test\system\Database\MySQLi\Connection.php:306
Stack trace:
#0 C:\xampp\htdocs\erp.test\system\Database\MySQLi\Connection.php(306): mysqli->query('CREATE TABLE `o...', 0)
#1 C:\xampp\htdocs\erp.test\system\Database\BaseConnection.php(693): CodeIgniter\Database\MySQLi\Connection->execute('CREATE TABLE `o...')
#2 C:\xampp\htdocs\erp.test\system\Database\BaseConnection.php(607): CodeIgniter\Database\BaseConnection->simpleQuery('CREATE TABLE `o...')
#3 C:\xampp\htdocs\erp.test\system\Database\Forge.php(555): CodeIgniter\Database\BaseConnection->query('CREATE TABLE `o...')
#4 C:\xampp\htdocs\erp.test\app\Database\Migrations\2025-09-09-000001_outbox_and_indexes.php(47): CodeIgniter\Database\Forge->createTable('outbox_events', true)
#5 C:\xampp\htdocs\erp.test\system\Database\MigrationRunner.php(865): App\Database\Migrations\OutboxAndIndexes->up()
#6 C:\xampp\htdocs\erp.test\system\Database\MigrationRunner.php(181): CodeIgniter\Database\MigrationRunner->migrate('up', Object(stdClass))
#7 C:\xampp\htdocs\erp.test\app\Config\Events.php(75): CodeIgniter\Database\MigrationRunner->latest()
#8 C:\xampp\htdocs\erp.test\system\Events\Events.php(154): CodeIgniter\Events\Events::Config\{closure}()
#9 C:\xampp\htdocs\erp.test\system\CodeIgniter.php(442): CodeIgniter\Events\Events::trigger('pre_system')
#10 C:\xampp\htdocs\erp.test\system\CodeIgniter.php(361): CodeIgniter\CodeIgniter->handleRequest(NULL, Object(Config\Cache), false)
#11 C:\xampp\htdocs\erp.test\public\index.php(79): CodeIgniter\CodeIgniter->run()
#12 {main}
ERROR - 2025-09-10 03:59:42 --> Auto-migration failed: Invalid default value for 'created_at'
INFO - 2025-09-10 03:59:42 --> Session: Class initialized using 'CodeIgniter\Session\Handlers\FileHandler' driver.
ERROR - 2025-09-10 03:59:44 --> mysqli_sql_exception: Invalid default value for 'created_at' in C:\xampp\htdocs\erp.test\system\Database\MySQLi\Connection.php:306
Stack trace:
#0 C:\xampp\htdocs\erp.test\system\Database\MySQLi\Connection.php(306): mysqli->query('CREATE TABLE `o...', 0)
#1 C:\xampp\htdocs\erp.test\system\Database\BaseConnection.php(693): CodeIgniter\Database\MySQLi\Connection->execute('CREATE TABLE `o...')
#2 C:\xampp\htdocs\erp.test\system\Database\BaseConnection.php(607): CodeIgniter\Database\BaseConnection->simpleQuery('CREATE TABLE `o...')
#3 C:\xampp\htdocs\erp.test\system\Database\Forge.php(555): CodeIgniter\Database\BaseConnection->query('CREATE TABLE `o...')
#4 C:\xampp\htdocs\erp.test\app\Database\Migrations\2025-09-09-000001_outbox_and_indexes.php(47): CodeIgniter\Database\Forge->createTable('outbox_events', true)
#5 C:\xampp\htdocs\erp.test\system\Database\MigrationRunner.php(865): App\Database\Migrations\OutboxAndIndexes->up()
#6 C:\xampp\htdocs\erp.test\system\Database\MigrationRunner.php(181): CodeIgniter\Database\MigrationRunner->migrate('up', Object(stdClass))
#7 C:\xampp\htdocs\erp.test\app\Config\Events.php(75): CodeIgniter\Database\MigrationRunner->latest()
#8 C:\xampp\htdocs\erp.test\system\Events\Events.php(154): CodeIgniter\Events\Events::Config\{closure}()
#9 C:\xampp\htdocs\erp.test\system\CodeIgniter.php(442): CodeIgniter\Events\Events::trigger('pre_system')
#10 C:\xampp\htdocs\erp.test\system\CodeIgniter.php(361): CodeIgniter\CodeIgniter->handleRequest(NULL, Object(Config\Cache), false)
#11 C:\xampp\htdocs\erp.test\public\index.php(79): CodeIgniter\CodeIgniter->run()
#12 {main}
ERROR - 2025-09-10 03:59:44 --> Auto-migration failed: Invalid default value for 'created_at'
INFO - 2025-09-10 03:59:44 --> Session: Class initialized using 'CodeIgniter\Session\Handlers\FileHandler' driver.
ERROR - 2025-09-10 03:59:44 --> mysqli_sql_exception: Invalid default value for 'created_at' in C:\xampp\htdocs\erp.test\system\Database\MySQLi\Connection.php:306
Stack trace:
#0 C:\xampp\htdocs\erp.test\system\Database\MySQLi\Connection.php(306): mysqli->query('CREATE TABLE `o...', 0)
#1 C:\xampp\htdocs\erp.test\system\Database\BaseConnection.php(693): CodeIgniter\Database\MySQLi\Connection->execute('CREATE TABLE `o...')
#2 C:\xampp\htdocs\erp.test\system\Database\BaseConnection.php(607): CodeIgniter\Database\BaseConnection->simpleQuery('CREATE TABLE `o...')
#3 C:\xampp\htdocs\erp.test\system\Database\Forge.php(555): CodeIgniter\Database\BaseConnection->query('CREATE TABLE `o...')
#4 C:\xampp\htdocs\erp.test\app\Database\Migrations\2025-09-09-000001_outbox_and_indexes.php(47): CodeIgniter\Database\Forge->createTable('outbox_events', true)
#5 C:\xampp\htdocs\erp.test\system\Database\MigrationRunner.php(865): App\Database\Migrations\OutboxAndIndexes->up()
#6 C:\xampp\htdocs\erp.test\system\Database\MigrationRunner.php(181): CodeIgniter\Database\MigrationRunner->migrate('up', Object(stdClass))
#7 C:\xampp\htdocs\erp.test\app\Config\Events.php(75): CodeIgniter\Database\MigrationRunner->latest()
#8 C:\xampp\htdocs\erp.test\system\Events\Events.php(154): CodeIgniter\Events\Events::Config\{closure}()
#9 C:\xampp\htdocs\erp.test\system\CodeIgniter.php(442): CodeIgniter\Events\Events::trigger('pre_system')
#10 C:\xampp\htdocs\erp.test\system\CodeIgniter.php(361): CodeIgniter\CodeIgniter->handleRequest(NULL, Object(Config\Cache), false)
#11 C:\xampp\htdocs\erp.test\public\index.php(79): CodeIgniter\CodeIgniter->run()
#12 {main}
ERROR - 2025-09-10 03:59:44 --> Auto-migration failed: Invalid default value for 'created_at'
INFO - 2025-09-10 03:59:44 --> Session: Class initialized using 'CodeIgniter\Session\Handlers\FileHandler' driver.
ERROR - 2025-09-10 03:59:46 --> mysqli_sql_exception: Invalid default value for 'created_at' in C:\xampp\htdocs\erp.test\system\Database\MySQLi\Connection.php:306
Stack trace:
#0 C:\xampp\htdocs\erp.test\system\Database\MySQLi\Connection.php(306): mysqli->query('CREATE TABLE `o...', 0)
#1 C:\xampp\htdocs\erp.test\system\Database\BaseConnection.php(693): CodeIgniter\Database\MySQLi\Connection->execute('CREATE TABLE `o...')
#2 C:\xampp\htdocs\erp.test\system\Database\BaseConnection.php(607): CodeIgniter\Database\BaseConnection->simpleQuery('CREATE TABLE `o...')
#3 C:\xampp\htdocs\erp.test\system\Database\Forge.php(555): CodeIgniter\Database\BaseConnection->query('CREATE TABLE `o...')
#4 C:\xampp\htdocs\erp.test\app\Database\Migrations\2025-09-09-000001_outbox_and_indexes.php(47): CodeIgniter\Database\Forge->createTable('outbox_events', true)
#5 C:\xampp\htdocs\erp.test\system\Database\MigrationRunner.php(865): App\Database\Migrations\OutboxAndIndexes->up()
#6 C:\xampp\htdocs\erp.test\system\Database\MigrationRunner.php(181): CodeIgniter\Database\MigrationRunner->migrate('up', Object(stdClass))
#7 C:\xampp\htdocs\erp.test\app\Config\Events.php(75): CodeIgniter\Database\MigrationRunner->latest()
#8 C:\xampp\htdocs\erp.test\system\Events\Events.php(154): CodeIgniter\Events\Events::Config\{closure}()
#9 C:\xampp\htdocs\erp.test\system\CodeIgniter.php(442): CodeIgniter\Events\Events::trigger('pre_system')
#10 C:\xampp\htdocs\erp.test\system\CodeIgniter.php(361): CodeIgniter\CodeIgniter->handleRequest(NULL, Object(Config\Cache), false)
#11 C:\xampp\htdocs\erp.test\public\index.php(79): CodeIgniter\CodeIgniter->run()
#12 {main}
ERROR - 2025-09-10 03:59:46 --> Auto-migration failed: Invalid default value for 'created_at'
INFO - 2025-09-10 03:59:46 --> Session: Class initialized using 'CodeIgniter\Session\Handlers\FileHandler' driver.
ERROR - 2025-09-10 03:59:46 --> mysqli_sql_exception: Invalid default value for 'created_at' in C:\xampp\htdocs\erp.test\system\Database\MySQLi\Connection.php:306
Stack trace:
#0 C:\xampp\htdocs\erp.test\system\Database\MySQLi\Connection.php(306): mysqli->query('CREATE TABLE `o...', 0)
#1 C:\xampp\htdocs\erp.test\system\Database\BaseConnection.php(693): CodeIgniter\Database\MySQLi\Connection->execute('CREATE TABLE `o...')
#2 C:\xampp\htdocs\erp.test\system\Database\BaseConnection.php(607): CodeIgniter\Database\BaseConnection->simpleQuery('CREATE TABLE `o...')
#3 C:\xampp\htdocs\erp.test\system\Database\Forge.php(555): CodeIgniter\Database\BaseConnection->query('CREATE TABLE `o...')
#4 C:\xampp\htdocs\erp.test\app\Database\Migrations\2025-09-09-000001_outbox_and_indexes.php(47): CodeIgniter\Database\Forge->createTable('outbox_events', true)
#5 C:\xampp\htdocs\erp.test\system\Database\MigrationRunner.php(865): App\Database\Migrations\OutboxAndIndexes->up()
#6 C:\xampp\htdocs\erp.test\system\Database\MigrationRunner.php(181): CodeIgniter\Database\MigrationRunner->migrate('up', Object(stdClass))
#7 C:\xampp\htdocs\erp.test\app\Config\Events.php(75): CodeIgniter\Database\MigrationRunner->latest()
#8 C:\xampp\htdocs\erp.test\system\Events\Events.php(154): CodeIgniter\Events\Events::Config\{closure}()
#9 C:\xampp\htdocs\erp.test\system\CodeIgniter.php(442): CodeIgniter\Events\Events::trigger('pre_system')
#10 C:\xampp\htdocs\erp.test\system\CodeIgniter.php(361): CodeIgniter\CodeIgniter->handleRequest(NULL, Object(Config\Cache), false)
#11 C:\xampp\htdocs\erp.test\public\index.php(79): CodeIgniter\CodeIgniter->run()
#12 {main}
ERROR - 2025-09-10 03:59:46 --> Auto-migration failed: Invalid default value for 'created_at'
INFO - 2025-09-10 03:59:46 --> Session: Class initialized using 'CodeIgniter\Session\Handlers\FileHandler' driver.
ERROR - 2025-09-10 03:59:47 --> mysqli_sql_exception: Invalid default value for 'created_at' in C:\xampp\htdocs\erp.test\system\Database\MySQLi\Connection.php:306
Stack trace:
#0 C:\xampp\htdocs\erp.test\system\Database\MySQLi\Connection.php(306): mysqli->query('CREATE TABLE `o...', 0)
#1 C:\xampp\htdocs\erp.test\system\Database\BaseConnection.php(693): CodeIgniter\Database\MySQLi\Connection->execute('CREATE TABLE `o...')
#2 C:\xampp\htdocs\erp.test\system\Database\BaseConnection.php(607): CodeIgniter\Database\BaseConnection->simpleQuery('CREATE TABLE `o...')
#3 C:\xampp\htdocs\erp.test\system\Database\Forge.php(555): CodeIgniter\Database\BaseConnection->query('CREATE TABLE `o...')
#4 C:\xampp\htdocs\erp.test\app\Database\Migrations\2025-09-09-000001_outbox_and_indexes.php(47): CodeIgniter\Database\Forge->createTable('outbox_events', true)
#5 C:\xampp\htdocs\erp.test\system\Database\MigrationRunner.php(865): App\Database\Migrations\OutboxAndIndexes->up()
#6 C:\xampp\htdocs\erp.test\system\Database\MigrationRunner.php(181): CodeIgniter\Database\MigrationRunner->migrate('up', Object(stdClass))
#7 C:\xampp\htdocs\erp.test\app\Config\Events.php(75): CodeIgniter\Database\MigrationRunner->latest()
#8 C:\xampp\htdocs\erp.test\system\Events\Events.php(154): CodeIgniter\Events\Events::Config\{closure}()
#9 C:\xampp\htdocs\erp.test\system\CodeIgniter.php(442): CodeIgniter\Events\Events::trigger('pre_system')
#10 C:\xampp\htdocs\erp.test\system\CodeIgniter.php(361): CodeIgniter\CodeIgniter->handleRequest(NULL, Object(Config\Cache), false)
#11 C:\xampp\htdocs\erp.test\public\index.php(79): CodeIgniter\CodeIgniter->run()
#12 {main}
ERROR - 2025-09-10 03:59:47 --> Auto-migration failed: Invalid default value for 'created_at'
INFO - 2025-09-10 03:59:47 --> Session: Class initialized using 'CodeIgniter\Session\Handlers\FileHandler' driver.
ERROR - 2025-09-10 03:59:48 --> mysqli_sql_exception: Invalid default value for 'created_at' in C:\xampp\htdocs\erp.test\system\Database\MySQLi\Connection.php:306
Stack trace:
#0 C:\xampp\htdocs\erp.test\system\Database\MySQLi\Connection.php(306): mysqli->query('CREATE TABLE `o...', 0)
#1 C:\xampp\htdocs\erp.test\system\Database\BaseConnection.php(693): CodeIgniter\Database\MySQLi\Connection->execute('CREATE TABLE `o...')
#2 C:\xampp\htdocs\erp.test\system\Database\BaseConnection.php(607): CodeIgniter\Database\BaseConnection->simpleQuery('CREATE TABLE `o...')
#3 C:\xampp\htdocs\erp.test\system\Database\Forge.php(555): CodeIgniter\Database\BaseConnection->query('CREATE TABLE `o...')
#4 C:\xampp\htdocs\erp.test\app\Database\Migrations\2025-09-09-000001_outbox_and_indexes.php(47): CodeIgniter\Database\Forge->createTable('outbox_events', true)
#5 C:\xampp\htdocs\erp.test\system\Database\MigrationRunner.php(865): App\Database\Migrations\OutboxAndIndexes->up()
#6 C:\xampp\htdocs\erp.test\system\Database\MigrationRunner.php(181): CodeIgniter\Database\MigrationRunner->migrate('up', Object(stdClass))
#7 C:\xampp\htdocs\erp.test\app\Config\Events.php(75): CodeIgniter\Database\MigrationRunner->latest()
#8 C:\xampp\htdocs\erp.test\system\Events\Events.php(154): CodeIgniter\Events\Events::Config\{closure}()
#9 C:\xampp\htdocs\erp.test\system\CodeIgniter.php(442): CodeIgniter\Events\Events::trigger('pre_system')
#10 C:\xampp\htdocs\erp.test\system\CodeIgniter.php(361): CodeIgniter\CodeIgniter->handleRequest(NULL, Object(Config\Cache), false)
#11 C:\xampp\htdocs\erp.test\public\index.php(79): CodeIgniter\CodeIgniter->run()
#12 {main}
ERROR - 2025-09-10 03:59:48 --> Auto-migration failed: Invalid default value for 'created_at'
INFO - 2025-09-10 03:59:48 --> Session: Class initialized using 'CodeIgniter\Session\Handlers\FileHandler' driver.
ERROR - 2025-09-10 03:59:51 --> mysqli_sql_exception: Invalid default value for 'created_at' in C:\xampp\htdocs\erp.test\system\Database\MySQLi\Connection.php:306
Stack trace:
#0 C:\xampp\htdocs\erp.test\system\Database\MySQLi\Connection.php(306): mysqli->query('CREATE TABLE `o...', 0)
#1 C:\xampp\htdocs\erp.test\system\Database\BaseConnection.php(693): CodeIgniter\Database\MySQLi\Connection->execute('CREATE TABLE `o...')
#2 C:\xampp\htdocs\erp.test\system\Database\BaseConnection.php(607): CodeIgniter\Database\BaseConnection->simpleQuery('CREATE TABLE `o...')
#3 C:\xampp\htdocs\erp.test\system\Database\Forge.php(555): CodeIgniter\Database\BaseConnection->query('CREATE TABLE `o...')
#4 C:\xampp\htdocs\erp.test\app\Database\Migrations\2025-09-09-000001_outbox_and_indexes.php(47): CodeIgniter\Database\Forge->createTable('outbox_events', true)
#5 C:\xampp\htdocs\erp.test\system\Database\MigrationRunner.php(865): App\Database\Migrations\OutboxAndIndexes->up()
#6 C:\xampp\htdocs\erp.test\system\Database\MigrationRunner.php(181): CodeIgniter\Database\MigrationRunner->migrate('up', Object(stdClass))
#7 C:\xampp\htdocs\erp.test\app\Config\Events.php(75): CodeIgniter\Database\MigrationRunner->latest()
#8 C:\xampp\htdocs\erp.test\system\Events\Events.php(154): CodeIgniter\Events\Events::Config\{closure}()
#9 C:\xampp\htdocs\erp.test\system\CodeIgniter.php(442): CodeIgniter\Events\Events::trigger('pre_system')
#10 C:\xampp\htdocs\erp.test\system\CodeIgniter.php(361): CodeIgniter\CodeIgniter->handleRequest(NULL, Object(Config\Cache), false)
#11 C:\xampp\htdocs\erp.test\public\index.php(79): CodeIgniter\CodeIgniter->run()
#12 {main}
ERROR - 2025-09-10 03:59:51 --> Auto-migration failed: Invalid default value for 'created_at'
INFO - 2025-09-10 03:59:51 --> Session: Class initialized using 'CodeIgniter\Session\Handlers\FileHandler' driver.
ERROR - 2025-09-10 04:00:06 --> mysqli_sql_exception: Invalid default value for 'created_at' in C:\xampp\htdocs\erp.test\system\Database\MySQLi\Connection.php:306
Stack trace:
#0 C:\xampp\htdocs\erp.test\system\Database\MySQLi\Connection.php(306): mysqli->query('CREATE TABLE `o...', 0)
#1 C:\xampp\htdocs\erp.test\system\Database\BaseConnection.php(693): CodeIgniter\Database\MySQLi\Connection->execute('CREATE TABLE `o...')
#2 C:\xampp\htdocs\erp.test\system\Database\BaseConnection.php(607): CodeIgniter\Database\BaseConnection->simpleQuery('CREATE TABLE `o...')
#3 C:\xampp\htdocs\erp.test\system\Database\Forge.php(555): CodeIgniter\Database\BaseConnection->query('CREATE TABLE `o...')
#4 C:\xampp\htdocs\erp.test\app\Database\Migrations\2025-09-09-000001_outbox_and_indexes.php(47): CodeIgniter\Database\Forge->createTable('outbox_events', true)
#5 C:\xampp\htdocs\erp.test\system\Database\MigrationRunner.php(865): App\Database\Migrations\OutboxAndIndexes->up()
#6 C:\xampp\htdocs\erp.test\system\Database\MigrationRunner.php(181): CodeIgniter\Database\MigrationRunner->migrate('up', Object(stdClass))
#7 C:\xampp\htdocs\erp.test\app\Config\Events.php(75): CodeIgniter\Database\MigrationRunner->latest()
#8 C:\xampp\htdocs\erp.test\system\Events\Events.php(154): CodeIgniter\Events\Events::Config\{closure}()
#9 C:\xampp\htdocs\erp.test\system\CodeIgniter.php(442): CodeIgniter\Events\Events::trigger('pre_system')
#10 C:\xampp\htdocs\erp.test\system\CodeIgniter.php(361): CodeIgniter\CodeIgniter->handleRequest(NULL, Object(Config\Cache), false)
#11 C:\xampp\htdocs\erp.test\public\index.php(79): CodeIgniter\CodeIgniter->run()
#12 {main}
ERROR - 2025-09-10 04:00:06 --> Auto-migration failed: Invalid default value for 'created_at'
INFO - 2025-09-10 04:00:06 --> Session: Class initialized using 'CodeIgniter\Session\Handlers\FileHandler' driver.
ERROR - 2025-09-10 04:00:08 --> mysqli_sql_exception: Invalid default value for 'created_at' in C:\xampp\htdocs\erp.test\system\Database\MySQLi\Connection.php:306
Stack trace:
#0 C:\xampp\htdocs\erp.test\system\Database\MySQLi\Connection.php(306): mysqli->query('CREATE TABLE `o...', 0)
#1 C:\xampp\htdocs\erp.test\system\Database\BaseConnection.php(693): CodeIgniter\Database\MySQLi\Connection->execute('CREATE TABLE `o...')
#2 C:\xampp\htdocs\erp.test\system\Database\BaseConnection.php(607): CodeIgniter\Database\BaseConnection->simpleQuery('CREATE TABLE `o...')
#3 C:\xampp\htdocs\erp.test\system\Database\Forge.php(555): CodeIgniter\Database\BaseConnection->query('CREATE TABLE `o...')
#4 C:\xampp\htdocs\erp.test\app\Database\Migrations\2025-09-09-000001_outbox_and_indexes.php(47): CodeIgniter\Database\Forge->createTable('outbox_events', true)
#5 C:\xampp\htdocs\erp.test\system\Database\MigrationRunner.php(865): App\Database\Migrations\OutboxAndIndexes->up()
#6 C:\xampp\htdocs\erp.test\system\Database\MigrationRunner.php(181): CodeIgniter\Database\MigrationRunner->migrate('up', Object(stdClass))
#7 C:\xampp\htdocs\erp.test\app\Config\Events.php(75): CodeIgniter\Database\MigrationRunner->latest()
#8 C:\xampp\htdocs\erp.test\system\Events\Events.php(154): CodeIgniter\Events\Events::Config\{closure}()
#9 C:\xampp\htdocs\erp.test\system\CodeIgniter.php(442): CodeIgniter\Events\Events::trigger('pre_system')
#10 C:\xampp\htdocs\erp.test\system\CodeIgniter.php(361): CodeIgniter\CodeIgniter->handleRequest(NULL, Object(Config\Cache), false)
#11 C:\xampp\htdocs\erp.test\public\index.php(79): CodeIgniter\CodeIgniter->run()
#12 {main}
ERROR - 2025-09-10 04:00:08 --> Auto-migration failed: Invalid default value for 'created_at'
INFO - 2025-09-10 04:00:08 --> Session: Class initialized using 'CodeIgniter\Session\Handlers\FileHandler' driver.
ERROR - 2025-09-10 04:00:10 --> mysqli_sql_exception: Invalid default value for 'created_at' in C:\xampp\htdocs\erp.test\system\Database\MySQLi\Connection.php:306
Stack trace:
#0 C:\xampp\htdocs\erp.test\system\Database\MySQLi\Connection.php(306): mysqli->query('CREATE TABLE `o...', 0)
#1 C:\xampp\htdocs\erp.test\system\Database\BaseConnection.php(693): CodeIgniter\Database\MySQLi\Connection->execute('CREATE TABLE `o...')
#2 C:\xampp\htdocs\erp.test\system\Database\BaseConnection.php(607): CodeIgniter\Database\BaseConnection->simpleQuery('CREATE TABLE `o...')
#3 C:\xampp\htdocs\erp.test\system\Database\Forge.php(555): CodeIgniter\Database\BaseConnection->query('CREATE TABLE `o...')
#4 C:\xampp\htdocs\erp.test\app\Database\Migrations\2025-09-09-000001_outbox_and_indexes.php(47): CodeIgniter\Database\Forge->createTable('outbox_events', true)
#5 C:\xampp\htdocs\erp.test\system\Database\MigrationRunner.php(865): App\Database\Migrations\OutboxAndIndexes->up()
#6 C:\xampp\htdocs\erp.test\system\Database\MigrationRunner.php(181): CodeIgniter\Database\MigrationRunner->migrate('up', Object(stdClass))
#7 C:\xampp\htdocs\erp.test\app\Config\Events.php(75): CodeIgniter\Database\MigrationRunner->latest()
#8 C:\xampp\htdocs\erp.test\system\Events\Events.php(154): CodeIgniter\Events\Events::Config\{closure}()
#9 C:\xampp\htdocs\erp.test\system\CodeIgniter.php(442): CodeIgniter\Events\Events::trigger('pre_system')
#10 C:\xampp\htdocs\erp.test\system\CodeIgniter.php(361): CodeIgniter\CodeIgniter->handleRequest(NULL, Object(Config\Cache), false)
#11 C:\xampp\htdocs\erp.test\public\index.php(79): CodeIgniter\CodeIgniter->run()
#12 {main}
ERROR - 2025-09-10 04:00:10 --> Auto-migration failed: Invalid default value for 'created_at'
INFO - 2025-09-10 04:00:10 --> Session: Class initialized using 'CodeIgniter\Session\Handlers\FileHandler' driver.
ERROR - 2025-09-10 04:00:10 --> mysqli_sql_exception: Invalid default value for 'created_at' in C:\xampp\htdocs\erp.test\system\Database\MySQLi\Connection.php:306
Stack trace:
#0 C:\xampp\htdocs\erp.test\system\Database\MySQLi\Connection.php(306): mysqli->query('CREATE TABLE `o...', 0)
#1 C:\xampp\htdocs\erp.test\system\Database\BaseConnection.php(693): CodeIgniter\Database\MySQLi\Connection->execute('CREATE TABLE `o...')
#2 C:\xampp\htdocs\erp.test\system\Database\BaseConnection.php(607): CodeIgniter\Database\BaseConnection->simpleQuery('CREATE TABLE `o...')
#3 C:\xampp\htdocs\erp.test\system\Database\Forge.php(555): CodeIgniter\Database\BaseConnection->query('CREATE TABLE `o...')
#4 C:\xampp\htdocs\erp.test\app\Database\Migrations\2025-09-09-000001_outbox_and_indexes.php(47): CodeIgniter\Database\Forge->createTable('outbox_events', true)
#5 C:\xampp\htdocs\erp.test\system\Database\MigrationRunner.php(865): App\Database\Migrations\OutboxAndIndexes->up()
#6 C:\xampp\htdocs\erp.test\system\Database\MigrationRunner.php(181): CodeIgniter\Database\MigrationRunner->migrate('up', Object(stdClass))
#7 C:\xampp\htdocs\erp.test\app\Config\Events.php(75): CodeIgniter\Database\MigrationRunner->latest()
#8 C:\xampp\htdocs\erp.test\system\Events\Events.php(154): CodeIgniter\Events\Events::Config\{closure}()
#9 C:\xampp\htdocs\erp.test\system\CodeIgniter.php(442): CodeIgniter\Events\Events::trigger('pre_system')
#10 C:\xampp\htdocs\erp.test\system\CodeIgniter.php(361): CodeIgniter\CodeIgniter->handleRequest(NULL, Object(Config\Cache), false)
#11 C:\xampp\htdocs\erp.test\public\index.php(79): CodeIgniter\CodeIgniter->run()
#12 {main}
ERROR - 2025-09-10 04:00:10 --> Auto-migration failed: Invalid default value for 'created_at'
INFO - 2025-09-10 04:00:10 --> Session: Class initialized using 'CodeIgniter\Session\Handlers\FileHandler' driver.
ERROR - 2025-09-10 04:03:36 --> mysqli_sql_exception: Invalid default value for 'created_at' in C:\xampp\htdocs\erp.test\system\Database\MySQLi\Connection.php:306
Stack trace:
#0 C:\xampp\htdocs\erp.test\system\Database\MySQLi\Connection.php(306): mysqli->query('CREATE TABLE `o...', 0)
#1 C:\xampp\htdocs\erp.test\system\Database\BaseConnection.php(693): CodeIgniter\Database\MySQLi\Connection->execute('CREATE TABLE `o...')
#2 C:\xampp\htdocs\erp.test\system\Database\BaseConnection.php(607): CodeIgniter\Database\BaseConnection->simpleQuery('CREATE TABLE `o...')
#3 C:\xampp\htdocs\erp.test\system\Database\Forge.php(555): CodeIgniter\Database\BaseConnection->query('CREATE TABLE `o...')
#4 C:\xampp\htdocs\erp.test\app\Database\Migrations\2025-09-09-000001_outbox_and_indexes.php(47): CodeIgniter\Database\Forge->createTable('outbox_events', true)
#5 C:\xampp\htdocs\erp.test\system\Database\MigrationRunner.php(865): App\Database\Migrations\OutboxAndIndexes->up()
#6 C:\xampp\htdocs\erp.test\system\Database\MigrationRunner.php(181): CodeIgniter\Database\MigrationRunner->migrate('up', Object(stdClass))
#7 C:\xampp\htdocs\erp.test\app\Config\Events.php(75): CodeIgniter\Database\MigrationRunner->latest()
#8 C:\xampp\htdocs\erp.test\system\Events\Events.php(154): CodeIgniter\Events\Events::Config\{closure}()
#9 C:\xampp\htdocs\erp.test\system\CodeIgniter.php(442): CodeIgniter\Events\Events::trigger('pre_system')
#10 C:\xampp\htdocs\erp.test\system\CodeIgniter.php(361): CodeIgniter\CodeIgniter->handleRequest(NULL, Object(Config\Cache), false)
#11 C:\xampp\htdocs\erp.test\public\index.php(79): CodeIgniter\CodeIgniter->run()
#12 {main}
ERROR - 2025-09-10 04:03:36 --> Auto-migration failed: Invalid default value for 'created_at'
INFO - 2025-09-10 04:03:36 --> Session: Class initialized using 'CodeIgniter\Session\Handlers\FileHandler' driver.
ERROR - 2025-09-10 04:03:38 --> mysqli_sql_exception: Invalid default value for 'created_at' in C:\xampp\htdocs\erp.test\system\Database\MySQLi\Connection.php:306
Stack trace:
#0 C:\xampp\htdocs\erp.test\system\Database\MySQLi\Connection.php(306): mysqli->query('CREATE TABLE `o...', 0)
#1 C:\xampp\htdocs\erp.test\system\Database\BaseConnection.php(693): CodeIgniter\Database\MySQLi\Connection->execute('CREATE TABLE `o...')
#2 C:\xampp\htdocs\erp.test\system\Database\BaseConnection.php(607): CodeIgniter\Database\BaseConnection->simpleQuery('CREATE TABLE `o...')
#3 C:\xampp\htdocs\erp.test\system\Database\Forge.php(555): CodeIgniter\Database\BaseConnection->query('CREATE TABLE `o...')
#4 C:\xampp\htdocs\erp.test\app\Database\Migrations\2025-09-09-000001_outbox_and_indexes.php(47): CodeIgniter\Database\Forge->createTable('outbox_events', true)
#5 C:\xampp\htdocs\erp.test\system\Database\MigrationRunner.php(865): App\Database\Migrations\OutboxAndIndexes->up()
#6 C:\xampp\htdocs\erp.test\system\Database\MigrationRunner.php(181): CodeIgniter\Database\MigrationRunner->migrate('up', Object(stdClass))
#7 C:\xampp\htdocs\erp.test\app\Config\Events.php(75): CodeIgniter\Database\MigrationRunner->latest()
#8 C:\xampp\htdocs\erp.test\system\Events\Events.php(154): CodeIgniter\Events\Events::Config\{closure}()
#9 C:\xampp\htdocs\erp.test\system\CodeIgniter.php(442): CodeIgniter\Events\Events::trigger('pre_system')
#10 C:\xampp\htdocs\erp.test\system\CodeIgniter.php(361): CodeIgniter\CodeIgniter->handleRequest(NULL, Object(Config\Cache), false)
#11 C:\xampp\htdocs\erp.test\public\index.php(79): CodeIgniter\CodeIgniter->run()
#12 {main}
ERROR - 2025-09-10 04:03:38 --> Auto-migration failed: Invalid default value for 'created_at'
INFO - 2025-09-10 04:03:38 --> CSRF token verified.
INFO - 2025-09-10 04:03:38 --> Session: Class initialized using 'CodeIgniter\Session\Handlers\FileHandler' driver.
ERROR - 2025-09-10 04:03:39 --> mysqli_sql_exception: Invalid default value for 'created_at' in C:\xampp\htdocs\erp.test\system\Database\MySQLi\Connection.php:306
Stack trace:
#0 C:\xampp\htdocs\erp.test\system\Database\MySQLi\Connection.php(306): mysqli->query('CREATE TABLE `o...', 0)
#1 C:\xampp\htdocs\erp.test\system\Database\BaseConnection.php(693): CodeIgniter\Database\MySQLi\Connection->execute('CREATE TABLE `o...')
#2 C:\xampp\htdocs\erp.test\system\Database\BaseConnection.php(607): CodeIgniter\Database\BaseConnection->simpleQuery('CREATE TABLE `o...')
#3 C:\xampp\htdocs\erp.test\system\Database\Forge.php(555): CodeIgniter\Database\BaseConnection->query('CREATE TABLE `o...')
#4 C:\xampp\htdocs\erp.test\app\Database\Migrations\2025-09-09-000001_outbox_and_indexes.php(47): CodeIgniter\Database\Forge->createTable('outbox_events', true)
#5 C:\xampp\htdocs\erp.test\system\Database\MigrationRunner.php(865): App\Database\Migrations\OutboxAndIndexes->up()
#6 C:\xampp\htdocs\erp.test\system\Database\MigrationRunner.php(181): CodeIgniter\Database\MigrationRunner->migrate('up', Object(stdClass))
#7 C:\xampp\htdocs\erp.test\app\Config\Events.php(75): CodeIgniter\Database\MigrationRunner->latest()
#8 C:\xampp\htdocs\erp.test\system\Events\Events.php(154): CodeIgniter\Events\Events::Config\{closure}()
#9 C:\xampp\htdocs\erp.test\system\CodeIgniter.php(442): CodeIgniter\Events\Events::trigger('pre_system')
#10 C:\xampp\htdocs\erp.test\system\CodeIgniter.php(361): CodeIgniter\CodeIgniter->handleRequest(NULL, Object(Config\Cache), false)
#11 C:\xampp\htdocs\erp.test\public\index.php(79): CodeIgniter\CodeIgniter->run()
#12 {main}
ERROR - 2025-09-10 04:03:39 --> Auto-migration failed: Invalid default value for 'created_at'
INFO - 2025-09-10 04:03:39 --> Session: Class initialized using 'CodeIgniter\Session\Handlers\FileHandler' driver.
ERROR - 2025-09-10 04:03:41 --> mysqli_sql_exception: Invalid default value for 'created_at' in C:\xampp\htdocs\erp.test\system\Database\MySQLi\Connection.php:306
Stack trace:
#0 C:\xampp\htdocs\erp.test\system\Database\MySQLi\Connection.php(306): mysqli->query('CREATE TABLE `o...', 0)
#1 C:\xampp\htdocs\erp.test\system\Database\BaseConnection.php(693): CodeIgniter\Database\MySQLi\Connection->execute('CREATE TABLE `o...')
#2 C:\xampp\htdocs\erp.test\system\Database\BaseConnection.php(607): CodeIgniter\Database\BaseConnection->simpleQuery('CREATE TABLE `o...')
#3 C:\xampp\htdocs\erp.test\system\Database\Forge.php(555): CodeIgniter\Database\BaseConnection->query('CREATE TABLE `o...')
#4 C:\xampp\htdocs\erp.test\app\Database\Migrations\2025-09-09-000001_outbox_and_indexes.php(47): CodeIgniter\Database\Forge->createTable('outbox_events', true)
#5 C:\xampp\htdocs\erp.test\system\Database\MigrationRunner.php(865): App\Database\Migrations\OutboxAndIndexes->up()
#6 C:\xampp\htdocs\erp.test\system\Database\MigrationRunner.php(181): CodeIgniter\Database\MigrationRunner->migrate('up', Object(stdClass))
#7 C:\xampp\htdocs\erp.test\app\Config\Events.php(75): CodeIgniter\Database\MigrationRunner->latest()
#8 C:\xampp\htdocs\erp.test\system\Events\Events.php(154): CodeIgniter\Events\Events::Config\{closure}()
#9 C:\xampp\htdocs\erp.test\system\CodeIgniter.php(442): CodeIgniter\Events\Events::trigger('pre_system')
#10 C:\xampp\htdocs\erp.test\system\CodeIgniter.php(361): CodeIgniter\CodeIgniter->handleRequest(NULL, Object(Config\Cache), false)
#11 C:\xampp\htdocs\erp.test\public\index.php(79): CodeIgniter\CodeIgniter->run()
#12 {main}
ERROR - 2025-09-10 04:03:41 --> Auto-migration failed: Invalid default value for 'created_at'
INFO - 2025-09-10 04:03:41 --> Session: Class initialized using 'CodeIgniter\Session\Handlers\FileHandler' driver.
ERROR - 2025-09-10 04:03:43 --> mysqli_sql_exception: Invalid default value for 'created_at' in C:\xampp\htdocs\erp.test\system\Database\MySQLi\Connection.php:306
Stack trace:
#0 C:\xampp\htdocs\erp.test\system\Database\MySQLi\Connection.php(306): mysqli->query('CREATE TABLE `o...', 0)
#1 C:\xampp\htdocs\erp.test\system\Database\BaseConnection.php(693): CodeIgniter\Database\MySQLi\Connection->execute('CREATE TABLE `o...')
#2 C:\xampp\htdocs\erp.test\system\Database\BaseConnection.php(607): CodeIgniter\Database\BaseConnection->simpleQuery('CREATE TABLE `o...')
#3 C:\xampp\htdocs\erp.test\system\Database\Forge.php(555): CodeIgniter\Database\BaseConnection->query('CREATE TABLE `o...')
#4 C:\xampp\htdocs\erp.test\app\Database\Migrations\2025-09-09-000001_outbox_and_indexes.php(47): CodeIgniter\Database\Forge->createTable('outbox_events', true)
#5 C:\xampp\htdocs\erp.test\system\Database\MigrationRunner.php(865): App\Database\Migrations\OutboxAndIndexes->up()
#6 C:\xampp\htdocs\erp.test\system\Database\MigrationRunner.php(181): CodeIgniter\Database\MigrationRunner->migrate('up', Object(stdClass))
#7 C:\xampp\htdocs\erp.test\app\Config\Events.php(75): CodeIgniter\Database\MigrationRunner->latest()
#8 C:\xampp\htdocs\erp.test\system\Events\Events.php(154): CodeIgniter\Events\Events::Config\{closure}()
#9 C:\xampp\htdocs\erp.test\system\CodeIgniter.php(442): CodeIgniter\Events\Events::trigger('pre_system')
#10 C:\xampp\htdocs\erp.test\system\CodeIgniter.php(361): CodeIgniter\CodeIgniter->handleRequest(NULL, Object(Config\Cache), false)
#11 C:\xampp\htdocs\erp.test\public\index.php(79): CodeIgniter\CodeIgniter->run()
#12 {main}
ERROR - 2025-09-10 04:03:43 --> Auto-migration failed: Invalid default value for 'created_at'
INFO - 2025-09-10 04:03:43 --> Session: Class initialized using 'CodeIgniter\Session\Handlers\FileHandler' driver.
ERROR - 2025-09-10 04:03:45 --> mysqli_sql_exception: Invalid default value for 'created_at' in C:\xampp\htdocs\erp.test\system\Database\MySQLi\Connection.php:306
Stack trace:
#0 C:\xampp\htdocs\erp.test\system\Database\MySQLi\Connection.php(306): mysqli->query('CREATE TABLE `o...', 0)
#1 C:\xampp\htdocs\erp.test\system\Database\BaseConnection.php(693): CodeIgniter\Database\MySQLi\Connection->execute('CREATE TABLE `o...')
#2 C:\xampp\htdocs\erp.test\system\Database\BaseConnection.php(607): CodeIgniter\Database\BaseConnection->simpleQuery('CREATE TABLE `o...')
#3 C:\xampp\htdocs\erp.test\system\Database\Forge.php(555): CodeIgniter\Database\BaseConnection->query('CREATE TABLE `o...')
#4 C:\xampp\htdocs\erp.test\app\Database\Migrations\2025-09-09-000001_outbox_and_indexes.php(47): CodeIgniter\Database\Forge->createTable('outbox_events', true)
#5 C:\xampp\htdocs\erp.test\system\Database\MigrationRunner.php(865): App\Database\Migrations\OutboxAndIndexes->up()
#6 C:\xampp\htdocs\erp.test\system\Database\MigrationRunner.php(181): CodeIgniter\Database\MigrationRunner->migrate('up', Object(stdClass))
#7 C:\xampp\htdocs\erp.test\app\Config\Events.php(75): CodeIgniter\Database\MigrationRunner->latest()
#8 C:\xampp\htdocs\erp.test\system\Events\Events.php(154): CodeIgniter\Events\Events::Config\{closure}()
#9 C:\xampp\htdocs\erp.test\system\CodeIgniter.php(442): CodeIgniter\Events\Events::trigger('pre_system')
#10 C:\xampp\htdocs\erp.test\system\CodeIgniter.php(361): CodeIgniter\CodeIgniter->handleRequest(NULL, Object(Config\Cache), false)
#11 C:\xampp\htdocs\erp.test\public\index.php(79): CodeIgniter\CodeIgniter->run()
#12 {main}
ERROR - 2025-09-10 04:03:45 --> Auto-migration failed: Invalid default value for 'created_at'
INFO - 2025-09-10 04:03:45 --> Session: Class initialized using 'CodeIgniter\Session\Handlers\FileHandler' driver.
ERROR - 2025-09-10 04:03:47 --> mysqli_sql_exception: Invalid default value for 'created_at' in C:\xampp\htdocs\erp.test\system\Database\MySQLi\Connection.php:306
Stack trace:
#0 C:\xampp\htdocs\erp.test\system\Database\MySQLi\Connection.php(306): mysqli->query('CREATE TABLE `o...', 0)
#1 C:\xampp\htdocs\erp.test\system\Database\BaseConnection.php(693): CodeIgniter\Database\MySQLi\Connection->execute('CREATE TABLE `o...')
#2 C:\xampp\htdocs\erp.test\system\Database\BaseConnection.php(607): CodeIgniter\Database\BaseConnection->simpleQuery('CREATE TABLE `o...')
#3 C:\xampp\htdocs\erp.test\system\Database\Forge.php(555): CodeIgniter\Database\BaseConnection->query('CREATE TABLE `o...')
#4 C:\xampp\htdocs\erp.test\app\Database\Migrations\2025-09-09-000001_outbox_and_indexes.php(47): CodeIgniter\Database\Forge->createTable('outbox_events', true)
#5 C:\xampp\htdocs\erp.test\system\Database\MigrationRunner.php(865): App\Database\Migrations\OutboxAndIndexes->up()
#6 C:\xampp\htdocs\erp.test\system\Database\MigrationRunner.php(181): CodeIgniter\Database\MigrationRunner->migrate('up', Object(stdClass))
#7 C:\xampp\htdocs\erp.test\app\Config\Events.php(75): CodeIgniter\Database\MigrationRunner->latest()
#8 C:\xampp\htdocs\erp.test\system\Events\Events.php(154): CodeIgniter\Events\Events::Config\{closure}()
#9 C:\xampp\htdocs\erp.test\system\CodeIgniter.php(442): CodeIgniter\Events\Events::trigger('pre_system')
#10 C:\xampp\htdocs\erp.test\system\CodeIgniter.php(361): CodeIgniter\CodeIgniter->handleRequest(NULL, Object(Config\Cache), false)
#11 C:\xampp\htdocs\erp.test\public\index.php(79): CodeIgniter\CodeIgniter->run()
#12 {main}
ERROR - 2025-09-10 04:03:47 --> Auto-migration failed: Invalid default value for 'created_at'
INFO - 2025-09-10 04:03:47 --> Session: Class initialized using 'CodeIgniter\Session\Handlers\FileHandler' driver.
ERROR - 2025-09-10 04:03:49 --> mysqli_sql_exception: Invalid default value for 'created_at' in C:\xampp\htdocs\erp.test\system\Database\MySQLi\Connection.php:306
Stack trace:
#0 C:\xampp\htdocs\erp.test\system\Database\MySQLi\Connection.php(306): mysqli->query('CREATE TABLE `o...', 0)
#1 C:\xampp\htdocs\erp.test\system\Database\BaseConnection.php(693): CodeIgniter\Database\MySQLi\Connection->execute('CREATE TABLE `o...')
#2 C:\xampp\htdocs\erp.test\system\Database\BaseConnection.php(607): CodeIgniter\Database\BaseConnection->simpleQuery('CREATE TABLE `o...')
#3 C:\xampp\htdocs\erp.test\system\Database\Forge.php(555): CodeIgniter\Database\BaseConnection->query('CREATE TABLE `o...')
#4 C:\xampp\htdocs\erp.test\app\Database\Migrations\2025-09-09-000001_outbox_and_indexes.php(47): CodeIgniter\Database\Forge->createTable('outbox_events', true)
#5 C:\xampp\htdocs\erp.test\system\Database\MigrationRunner.php(865): App\Database\Migrations\OutboxAndIndexes->up()
#6 C:\xampp\htdocs\erp.test\system\Database\MigrationRunner.php(181): CodeIgniter\Database\MigrationRunner->migrate('up', Object(stdClass))
#7 C:\xampp\htdocs\erp.test\app\Config\Events.php(75): CodeIgniter\Database\MigrationRunner->latest()
#8 C:\xampp\htdocs\erp.test\system\Events\Events.php(154): CodeIgniter\Events\Events::Config\{closure}()
#9 C:\xampp\htdocs\erp.test\system\CodeIgniter.php(442): CodeIgniter\Events\Events::trigger('pre_system')
#10 C:\xampp\htdocs\erp.test\system\CodeIgniter.php(361): CodeIgniter\CodeIgniter->handleRequest(NULL, Object(Config\Cache), false)
#11 C:\xampp\htdocs\erp.test\public\index.php(79): CodeIgniter\CodeIgniter->run()
#12 {main}
ERROR - 2025-09-10 04:03:49 --> Auto-migration failed: Invalid default value for 'created_at'
INFO - 2025-09-10 04:03:49 --> Session: Class initialized using 'CodeIgniter\Session\Handlers\FileHandler' driver.
ERROR - 2025-09-10 04:03:52 --> mysqli_sql_exception: Invalid default value for 'created_at' in C:\xampp\htdocs\erp.test\system\Database\MySQLi\Connection.php:306
Stack trace:
#0 C:\xampp\htdocs\erp.test\system\Database\MySQLi\Connection.php(306): mysqli->query('CREATE TABLE `o...', 0)
#1 C:\xampp\htdocs\erp.test\system\Database\BaseConnection.php(693): CodeIgniter\Database\MySQLi\Connection->execute('CREATE TABLE `o...')
#2 C:\xampp\htdocs\erp.test\system\Database\BaseConnection.php(607): CodeIgniter\Database\BaseConnection->simpleQuery('CREATE TABLE `o...')
#3 C:\xampp\htdocs\erp.test\system\Database\Forge.php(555): CodeIgniter\Database\BaseConnection->query('CREATE TABLE `o...')
#4 C:\xampp\htdocs\erp.test\app\Database\Migrations\2025-09-09-000001_outbox_and_indexes.php(47): CodeIgniter\Database\Forge->createTable('outbox_events', true)
#5 C:\xampp\htdocs\erp.test\system\Database\MigrationRunner.php(865): App\Database\Migrations\OutboxAndIndexes->up()
#6 C:\xampp\htdocs\erp.test\system\Database\MigrationRunner.php(181): CodeIgniter\Database\MigrationRunner->migrate('up', Object(stdClass))
#7 C:\xampp\htdocs\erp.test\app\Config\Events.php(75): CodeIgniter\Database\MigrationRunner->latest()
#8 C:\xampp\htdocs\erp.test\system\Events\Events.php(154): CodeIgniter\Events\Events::Config\{closure}()
#9 C:\xampp\htdocs\erp.test\system\CodeIgniter.php(442): CodeIgniter\Events\Events::trigger('pre_system')
#10 C:\xampp\htdocs\erp.test\system\CodeIgniter.php(361): CodeIgniter\CodeIgniter->handleRequest(NULL, Object(Config\Cache), false)
#11 C:\xampp\htdocs\erp.test\public\index.php(79): CodeIgniter\CodeIgniter->run()
#12 {main}
ERROR - 2025-09-10 04:03:52 --> Auto-migration failed: Invalid default value for 'created_at'
INFO - 2025-09-10 04:03:52 --> Session: Class initialized using 'CodeIgniter\Session\Handlers\FileHandler' driver.
ERROR - 2025-09-10 04:03:54 --> mysqli_sql_exception: Invalid default value for 'created_at' in C:\xampp\htdocs\erp.test\system\Database\MySQLi\Connection.php:306
Stack trace:
#0 C:\xampp\htdocs\erp.test\system\Database\MySQLi\Connection.php(306): mysqli->query('CREATE TABLE `o...', 0)
#1 C:\xampp\htdocs\erp.test\system\Database\BaseConnection.php(693): CodeIgniter\Database\MySQLi\Connection->execute('CREATE TABLE `o...')
#2 C:\xampp\htdocs\erp.test\system\Database\BaseConnection.php(607): CodeIgniter\Database\BaseConnection->simpleQuery('CREATE TABLE `o...')
#3 C:\xampp\htdocs\erp.test\system\Database\Forge.php(555): CodeIgniter\Database\BaseConnection->query('CREATE TABLE `o...')
#4 C:\xampp\htdocs\erp.test\app\Database\Migrations\2025-09-09-000001_outbox_and_indexes.php(47): CodeIgniter\Database\Forge->createTable('outbox_events', true)
#5 C:\xampp\htdocs\erp.test\system\Database\MigrationRunner.php(865): App\Database\Migrations\OutboxAndIndexes->up()
#6 C:\xampp\htdocs\erp.test\system\Database\MigrationRunner.php(181): CodeIgniter\Database\MigrationRunner->migrate('up', Object(stdClass))
#7 C:\xampp\htdocs\erp.test\app\Config\Events.php(75): CodeIgniter\Database\MigrationRunner->latest()
#8 C:\xampp\htdocs\erp.test\system\Events\Events.php(154): CodeIgniter\Events\Events::Config\{closure}()
#9 C:\xampp\htdocs\erp.test\system\CodeIgniter.php(442): CodeIgniter\Events\Events::trigger('pre_system')
#10 C:\xampp\htdocs\erp.test\system\CodeIgniter.php(361): CodeIgniter\CodeIgniter->handleRequest(NULL, Object(Config\Cache), false)
#11 C:\xampp\htdocs\erp.test\public\index.php(79): CodeIgniter\CodeIgniter->run()
#12 {main}
ERROR - 2025-09-10 04:03:54 --> Auto-migration failed: Invalid default value for 'created_at'
INFO - 2025-09-10 04:03:54 --> Session: Class initialized using 'CodeIgniter\Session\Handlers\FileHandler' driver.
ERROR - 2025-09-10 04:03:54 --> mysqli_sql_exception: Invalid default value for 'created_at' in C:\xampp\htdocs\erp.test\system\Database\MySQLi\Connection.php:306
Stack trace:
#0 C:\xampp\htdocs\erp.test\system\Database\MySQLi\Connection.php(306): mysqli->query('CREATE TABLE `o...', 0)
#1 C:\xampp\htdocs\erp.test\system\Database\BaseConnection.php(693): CodeIgniter\Database\MySQLi\Connection->execute('CREATE TABLE `o...')
#2 C:\xampp\htdocs\erp.test\system\Database\BaseConnection.php(607): CodeIgniter\Database\BaseConnection->simpleQuery('CREATE TABLE `o...')
#3 C:\xampp\htdocs\erp.test\system\Database\Forge.php(555): CodeIgniter\Database\BaseConnection->query('CREATE TABLE `o...')
#4 C:\xampp\htdocs\erp.test\app\Database\Migrations\2025-09-09-000001_outbox_and_indexes.php(47): CodeIgniter\Database\Forge->createTable('outbox_events', true)
#5 C:\xampp\htdocs\erp.test\system\Database\MigrationRunner.php(865): App\Database\Migrations\OutboxAndIndexes->up()
#6 C:\xampp\htdocs\erp.test\system\Database\MigrationRunner.php(181): CodeIgniter\Database\MigrationRunner->migrate('up', Object(stdClass))
#7 C:\xampp\htdocs\erp.test\app\Config\Events.php(75): CodeIgniter\Database\MigrationRunner->latest()
#8 C:\xampp\htdocs\erp.test\system\Events\Events.php(154): CodeIgniter\Events\Events::Config\{closure}()
#9 C:\xampp\htdocs\erp.test\system\CodeIgniter.php(442): CodeIgniter\Events\Events::trigger('pre_system')
#10 C:\xampp\htdocs\erp.test\system\CodeIgniter.php(361): CodeIgniter\CodeIgniter->handleRequest(NULL, Object(Config\Cache), false)
#11 C:\xampp\htdocs\erp.test\public\index.php(79): CodeIgniter\CodeIgniter->run()
#12 {main}
ERROR - 2025-09-10 04:03:54 --> Auto-migration failed: Invalid default value for 'created_at'
INFO - 2025-09-10 04:03:54 --> Session: Class initialized using 'CodeIgniter\Session\Handlers\FileHandler' driver.
ERROR - 2025-09-10 04:03:59 --> mysqli_sql_exception: Invalid default value for 'created_at' in C:\xampp\htdocs\erp.test\system\Database\MySQLi\Connection.php:306
Stack trace:
#0 C:\xampp\htdocs\erp.test\system\Database\MySQLi\Connection.php(306): mysqli->query('CREATE TABLE `o...', 0)
#1 C:\xampp\htdocs\erp.test\system\Database\BaseConnection.php(693): CodeIgniter\Database\MySQLi\Connection->execute('CREATE TABLE `o...')
#2 C:\xampp\htdocs\erp.test\system\Database\BaseConnection.php(607): CodeIgniter\Database\BaseConnection->simpleQuery('CREATE TABLE `o...')
#3 C:\xampp\htdocs\erp.test\system\Database\Forge.php(555): CodeIgniter\Database\BaseConnection->query('CREATE TABLE `o...')
#4 C:\xampp\htdocs\erp.test\app\Database\Migrations\2025-09-09-000001_outbox_and_indexes.php(47): CodeIgniter\Database\Forge->createTable('outbox_events', true)
#5 C:\xampp\htdocs\erp.test\system\Database\MigrationRunner.php(865): App\Database\Migrations\OutboxAndIndexes->up()
#6 C:\xampp\htdocs\erp.test\system\Database\MigrationRunner.php(181): CodeIgniter\Database\MigrationRunner->migrate('up', Object(stdClass))
#7 C:\xampp\htdocs\erp.test\app\Config\Events.php(75): CodeIgniter\Database\MigrationRunner->latest()
#8 C:\xampp\htdocs\erp.test\system\Events\Events.php(154): CodeIgniter\Events\Events::Config\{closure}()
#9 C:\xampp\htdocs\erp.test\system\CodeIgniter.php(442): CodeIgniter\Events\Events::trigger('pre_system')
#10 C:\xampp\htdocs\erp.test\system\CodeIgniter.php(361): CodeIgniter\CodeIgniter->handleRequest(NULL, Object(Config\Cache), false)
#11 C:\xampp\htdocs\erp.test\public\index.php(79): CodeIgniter\CodeIgniter->run()
#12 {main}
ERROR - 2025-09-10 04:03:59 --> Auto-migration failed: Invalid default value for 'created_at'
INFO - 2025-09-10 04:03:59 --> CSRF token verified.
INFO - 2025-09-10 04:03:59 --> Session: Class initialized using 'CodeIgniter\Session\Handlers\FileHandler' driver.
ERROR - 2025-09-10 04:03:59 --> mysqli_sql_exception: Invalid default value for 'created_at' in C:\xampp\htdocs\erp.test\system\Database\MySQLi\Connection.php:306
Stack trace:
#0 C:\xampp\htdocs\erp.test\system\Database\MySQLi\Connection.php(306): mysqli->query('CREATE TABLE `o...', 0)
#1 C:\xampp\htdocs\erp.test\system\Database\BaseConnection.php(693): CodeIgniter\Database\MySQLi\Connection->execute('CREATE TABLE `o...')
#2 C:\xampp\htdocs\erp.test\system\Database\BaseConnection.php(607): CodeIgniter\Database\BaseConnection->simpleQuery('CREATE TABLE `o...')
#3 C:\xampp\htdocs\erp.test\system\Database\Forge.php(555): CodeIgniter\Database\BaseConnection->query('CREATE TABLE `o...')
#4 C:\xampp\htdocs\erp.test\app\Database\Migrations\2025-09-09-000001_outbox_and_indexes.php(47): CodeIgniter\Database\Forge->createTable('outbox_events', true)
#5 C:\xampp\htdocs\erp.test\system\Database\MigrationRunner.php(865): App\Database\Migrations\OutboxAndIndexes->up()
#6 C:\xampp\htdocs\erp.test\system\Database\MigrationRunner.php(181): CodeIgniter\Database\MigrationRunner->migrate('up', Object(stdClass))
#7 C:\xampp\htdocs\erp.test\app\Config\Events.php(75): CodeIgniter\Database\MigrationRunner->latest()
#8 C:\xampp\htdocs\erp.test\system\Events\Events.php(154): CodeIgniter\Events\Events::Config\{closure}()
#9 C:\xampp\htdocs\erp.test\system\CodeIgniter.php(442): CodeIgniter\Events\Events::trigger('pre_system')
#10 C:\xampp\htdocs\erp.test\system\CodeIgniter.php(361): CodeIgniter\CodeIgniter->handleRequest(NULL, Object(Config\Cache), false)
#11 C:\xampp\htdocs\erp.test\public\index.php(79): CodeIgniter\CodeIgniter->run()
#12 {main}
ERROR - 2025-09-10 04:03:59 --> Auto-migration failed: Invalid default value for 'created_at'
INFO - 2025-09-10 04:03:59 --> Session: Class initialized using 'CodeIgniter\Session\Handlers\FileHandler' driver.
ERROR - 2025-09-10 04:04:01 --> mysqli_sql_exception: Invalid default value for 'created_at' in C:\xampp\htdocs\erp.test\system\Database\MySQLi\Connection.php:306
Stack trace:
#0 C:\xampp\htdocs\erp.test\system\Database\MySQLi\Connection.php(306): mysqli->query('CREATE TABLE `o...', 0)
#1 C:\xampp\htdocs\erp.test\system\Database\BaseConnection.php(693): CodeIgniter\Database\MySQLi\Connection->execute('CREATE TABLE `o...')
#2 C:\xampp\htdocs\erp.test\system\Database\BaseConnection.php(607): CodeIgniter\Database\BaseConnection->simpleQuery('CREATE TABLE `o...')
#3 C:\xampp\htdocs\erp.test\system\Database\Forge.php(555): CodeIgniter\Database\BaseConnection->query('CREATE TABLE `o...')
#4 C:\xampp\htdocs\erp.test\app\Database\Migrations\2025-09-09-000001_outbox_and_indexes.php(47): CodeIgniter\Database\Forge->createTable('outbox_events', true)
#5 C:\xampp\htdocs\erp.test\system\Database\MigrationRunner.php(865): App\Database\Migrations\OutboxAndIndexes->up()
#6 C:\xampp\htdocs\erp.test\system\Database\MigrationRunner.php(181): CodeIgniter\Database\MigrationRunner->migrate('up', Object(stdClass))
#7 C:\xampp\htdocs\erp.test\app\Config\Events.php(75): CodeIgniter\Database\MigrationRunner->latest()
#8 C:\xampp\htdocs\erp.test\system\Events\Events.php(154): CodeIgniter\Events\Events::Config\{closure}()
#9 C:\xampp\htdocs\erp.test\system\CodeIgniter.php(442): CodeIgniter\Events\Events::trigger('pre_system')
#10 C:\xampp\htdocs\erp.test\system\CodeIgniter.php(361): CodeIgniter\CodeIgniter->handleRequest(NULL, Object(Config\Cache), false)
#11 C:\xampp\htdocs\erp.test\public\index.php(79): CodeIgniter\CodeIgniter->run()
#12 {main}
ERROR - 2025-09-10 04:04:01 --> Auto-migration failed: Invalid default value for 'created_at'
INFO - 2025-09-10 04:04:01 --> Session: Class initialized using 'CodeIgniter\Session\Handlers\FileHandler' driver.
ERROR - 2025-09-10 04:04:03 --> mysqli_sql_exception: Invalid default value for 'created_at' in C:\xampp\htdocs\erp.test\system\Database\MySQLi\Connection.php:306
Stack trace:
#0 C:\xampp\htdocs\erp.test\system\Database\MySQLi\Connection.php(306): mysqli->query('CREATE TABLE `o...', 0)
#1 C:\xampp\htdocs\erp.test\system\Database\BaseConnection.php(693): CodeIgniter\Database\MySQLi\Connection->execute('CREATE TABLE `o...')
#2 C:\xampp\htdocs\erp.test\system\Database\BaseConnection.php(607): CodeIgniter\Database\BaseConnection->simpleQuery('CREATE TABLE `o...')
#3 C:\xampp\htdocs\erp.test\system\Database\Forge.php(555): CodeIgniter\Database\BaseConnection->query('CREATE TABLE `o...')
#4 C:\xampp\htdocs\erp.test\app\Database\Migrations\2025-09-09-000001_outbox_and_indexes.php(47): CodeIgniter\Database\Forge->createTable('outbox_events', true)
#5 C:\xampp\htdocs\erp.test\system\Database\MigrationRunner.php(865): App\Database\Migrations\OutboxAndIndexes->up()
#6 C:\xampp\htdocs\erp.test\system\Database\MigrationRunner.php(181): CodeIgniter\Database\MigrationRunner->migrate('up', Object(stdClass))
#7 C:\xampp\htdocs\erp.test\app\Config\Events.php(75): CodeIgniter\Database\MigrationRunner->latest()
#8 C:\xampp\htdocs\erp.test\system\Events\Events.php(154): CodeIgniter\Events\Events::Config\{closure}()
#9 C:\xampp\htdocs\erp.test\system\CodeIgniter.php(442): CodeIgniter\Events\Events::trigger('pre_system')
#10 C:\xampp\htdocs\erp.test\system\CodeIgniter.php(361): CodeIgniter\CodeIgniter->handleRequest(NULL, Object(Config\Cache), false)
#11 C:\xampp\htdocs\erp.test\public\index.php(79): CodeIgniter\CodeIgniter->run()
#12 {main}
ERROR - 2025-09-10 04:04:03 --> Auto-migration failed: Invalid default value for 'created_at'
INFO - 2025-09-10 04:04:03 --> Session: Class initialized using 'CodeIgniter\Session\Handlers\FileHandler' driver.
ERROR - 2025-09-10 04:04:17 --> mysqli_sql_exception: Invalid default value for 'created_at' in C:\xampp\htdocs\erp.test\system\Database\MySQLi\Connection.php:306
Stack trace:
#0 C:\xampp\htdocs\erp.test\system\Database\MySQLi\Connection.php(306): mysqli->query('CREATE TABLE `o...', 0)
#1 C:\xampp\htdocs\erp.test\system\Database\BaseConnection.php(693): CodeIgniter\Database\MySQLi\Connection->execute('CREATE TABLE `o...')
#2 C:\xampp\htdocs\erp.test\system\Database\BaseConnection.php(607): CodeIgniter\Database\BaseConnection->simpleQuery('CREATE TABLE `o...')
#3 C:\xampp\htdocs\erp.test\system\Database\Forge.php(555): CodeIgniter\Database\BaseConnection->query('CREATE TABLE `o...')
#4 C:\xampp\htdocs\erp.test\app\Database\Migrations\2025-09-09-000001_outbox_and_indexes.php(47): CodeIgniter\Database\Forge->createTable('outbox_events', true)
#5 C:\xampp\htdocs\erp.test\system\Database\MigrationRunner.php(865): App\Database\Migrations\OutboxAndIndexes->up()
#6 C:\xampp\htdocs\erp.test\system\Database\MigrationRunner.php(181): CodeIgniter\Database\MigrationRunner->migrate('up', Object(stdClass))
#7 C:\xampp\htdocs\erp.test\app\Config\Events.php(75): CodeIgniter\Database\MigrationRunner->latest()
#8 C:\xampp\htdocs\erp.test\system\Events\Events.php(154): CodeIgniter\Events\Events::Config\{closure}()
#9 C:\xampp\htdocs\erp.test\system\CodeIgniter.php(442): CodeIgniter\Events\Events::trigger('pre_system')
#10 C:\xampp\htdocs\erp.test\system\CodeIgniter.php(361): CodeIgniter\CodeIgniter->handleRequest(NULL, Object(Config\Cache), false)
#11 C:\xampp\htdocs\erp.test\public\index.php(79): CodeIgniter\CodeIgniter->run()
#12 {main}
ERROR - 2025-09-10 04:04:17 --> Auto-migration failed: Invalid default value for 'created_at'
INFO - 2025-09-10 04:04:17 --> Session: Class initialized using 'CodeIgniter\Session\Handlers\FileHandler' driver.
ERROR - 2025-09-10 04:04:18 --> mysqli_sql_exception: Invalid default value for 'created_at' in C:\xampp\htdocs\erp.test\system\Database\MySQLi\Connection.php:306
Stack trace:
#0 C:\xampp\htdocs\erp.test\system\Database\MySQLi\Connection.php(306): mysqli->query('CREATE TABLE `o...', 0)
#1 C:\xampp\htdocs\erp.test\system\Database\BaseConnection.php(693): CodeIgniter\Database\MySQLi\Connection->execute('CREATE TABLE `o...')
#2 C:\xampp\htdocs\erp.test\system\Database\BaseConnection.php(607): CodeIgniter\Database\BaseConnection->simpleQuery('CREATE TABLE `o...')
#3 C:\xampp\htdocs\erp.test\system\Database\Forge.php(555): CodeIgniter\Database\BaseConnection->query('CREATE TABLE `o...')
#4 C:\xampp\htdocs\erp.test\app\Database\Migrations\2025-09-09-000001_outbox_and_indexes.php(47): CodeIgniter\Database\Forge->createTable('outbox_events', true)
#5 C:\xampp\htdocs\erp.test\system\Database\MigrationRunner.php(865): App\Database\Migrations\OutboxAndIndexes->up()
#6 C:\xampp\htdocs\erp.test\system\Database\MigrationRunner.php(181): CodeIgniter\Database\MigrationRunner->migrate('up', Object(stdClass))
#7 C:\xampp\htdocs\erp.test\app\Config\Events.php(75): CodeIgniter\Database\MigrationRunner->latest()
#8 C:\xampp\htdocs\erp.test\system\Events\Events.php(154): CodeIgniter\Events\Events::Config\{closure}()
#9 C:\xampp\htdocs\erp.test\system\CodeIgniter.php(442): CodeIgniter\Events\Events::trigger('pre_system')
#10 C:\xampp\htdocs\erp.test\system\CodeIgniter.php(361): CodeIgniter\CodeIgniter->handleRequest(NULL, Object(Config\Cache), false)
#11 C:\xampp\htdocs\erp.test\public\index.php(79): CodeIgniter\CodeIgniter->run()
#12 {main}
ERROR - 2025-09-10 04:04:18 --> Auto-migration failed: Invalid default value for 'created_at'
INFO - 2025-09-10 04:04:18 --> Session: Class initialized using 'CodeIgniter\Session\Handlers\FileHandler' driver.
ERROR - 2025-09-10 04:04:24 --> mysqli_sql_exception: Invalid default value for 'created_at' in C:\xampp\htdocs\erp.test\system\Database\MySQLi\Connection.php:306
Stack trace:
#0 C:\xampp\htdocs\erp.test\system\Database\MySQLi\Connection.php(306): mysqli->query('CREATE TABLE `o...', 0)
#1 C:\xampp\htdocs\erp.test\system\Database\BaseConnection.php(693): CodeIgniter\Database\MySQLi\Connection->execute('CREATE TABLE `o...')
#2 C:\xampp\htdocs\erp.test\system\Database\BaseConnection.php(607): CodeIgniter\Database\BaseConnection->simpleQuery('CREATE TABLE `o...')
#3 C:\xampp\htdocs\erp.test\system\Database\Forge.php(555): CodeIgniter\Database\BaseConnection->query('CREATE TABLE `o...')
#4 C:\xampp\htdocs\erp.test\app\Database\Migrations\2025-09-09-000001_outbox_and_indexes.php(47): CodeIgniter\Database\Forge->createTable('outbox_events', true)
#5 C:\xampp\htdocs\erp.test\system\Database\MigrationRunner.php(865): App\Database\Migrations\OutboxAndIndexes->up()
#6 C:\xampp\htdocs\erp.test\system\Database\MigrationRunner.php(181): CodeIgniter\Database\MigrationRunner->migrate('up', Object(stdClass))
#7 C:\xampp\htdocs\erp.test\app\Config\Events.php(75): CodeIgniter\Database\MigrationRunner->latest()
#8 C:\xampp\htdocs\erp.test\system\Events\Events.php(154): CodeIgniter\Events\Events::Config\{closure}()
#9 C:\xampp\htdocs\erp.test\system\CodeIgniter.php(442): CodeIgniter\Events\Events::trigger('pre_system')
#10 C:\xampp\htdocs\erp.test\system\CodeIgniter.php(361): CodeIgniter\CodeIgniter->handleRequest(NULL, Object(Config\Cache), false)
#11 C:\xampp\htdocs\erp.test\public\index.php(79): CodeIgniter\CodeIgniter->run()
#12 {main}
ERROR - 2025-09-10 04:04:24 --> Auto-migration failed: Invalid default value for 'created_at'
INFO - 2025-09-10 04:04:24 --> Session: Class initialized using 'CodeIgniter\Session\Handlers\FileHandler' driver.
ERROR - 2025-09-10 04:04:28 --> mysqli_sql_exception: Invalid default value for 'created_at' in C:\xampp\htdocs\erp.test\system\Database\MySQLi\Connection.php:306
Stack trace:
#0 C:\xampp\htdocs\erp.test\system\Database\MySQLi\Connection.php(306): mysqli->query('CREATE TABLE `o...', 0)
#1 C:\xampp\htdocs\erp.test\system\Database\BaseConnection.php(693): CodeIgniter\Database\MySQLi\Connection->execute('CREATE TABLE `o...')
#2 C:\xampp\htdocs\erp.test\system\Database\BaseConnection.php(607): CodeIgniter\Database\BaseConnection->simpleQuery('CREATE TABLE `o...')
#3 C:\xampp\htdocs\erp.test\system\Database\Forge.php(555): CodeIgniter\Database\BaseConnection->query('CREATE TABLE `o...')
#4 C:\xampp\htdocs\erp.test\app\Database\Migrations\2025-09-09-000001_outbox_and_indexes.php(47): CodeIgniter\Database\Forge->createTable('outbox_events', true)
#5 C:\xampp\htdocs\erp.test\system\Database\MigrationRunner.php(865): App\Database\Migrations\OutboxAndIndexes->up()
#6 C:\xampp\htdocs\erp.test\system\Database\MigrationRunner.php(181): CodeIgniter\Database\MigrationRunner->migrate('up', Object(stdClass))
#7 C:\xampp\htdocs\erp.test\app\Config\Events.php(75): CodeIgniter\Database\MigrationRunner->latest()
#8 C:\xampp\htdocs\erp.test\system\Events\Events.php(154): CodeIgniter\Events\Events::Config\{closure}()
#9 C:\xampp\htdocs\erp.test\system\CodeIgniter.php(442): CodeIgniter\Events\Events::trigger('pre_system')
#10 C:\xampp\htdocs\erp.test\system\CodeIgniter.php(361): CodeIgniter\CodeIgniter->handleRequest(NULL, Object(Config\Cache), false)
#11 C:\xampp\htdocs\erp.test\public\index.php(79): CodeIgniter\CodeIgniter->run()
#12 {main}
ERROR - 2025-09-10 04:04:28 --> Auto-migration failed: Invalid default value for 'created_at'
INFO - 2025-09-10 04:04:28 --> Session: Class initialized using 'CodeIgniter\Session\Handlers\FileHandler' driver.
ERROR - 2025-09-10 04:04:28 --> mysqli_sql_exception: Invalid default value for 'created_at' in C:\xampp\htdocs\erp.test\system\Database\MySQLi\Connection.php:306
Stack trace:
#0 C:\xampp\htdocs\erp.test\system\Database\MySQLi\Connection.php(306): mysqli->query('CREATE TABLE `o...', 0)
#1 C:\xampp\htdocs\erp.test\system\Database\BaseConnection.php(693): CodeIgniter\Database\MySQLi\Connection->execute('CREATE TABLE `o...')
#2 C:\xampp\htdocs\erp.test\system\Database\BaseConnection.php(607): CodeIgniter\Database\BaseConnection->simpleQuery('CREATE TABLE `o...')
#3 C:\xampp\htdocs\erp.test\system\Database\Forge.php(555): CodeIgniter\Database\BaseConnection->query('CREATE TABLE `o...')
#4 C:\xampp\htdocs\erp.test\app\Database\Migrations\2025-09-09-000001_outbox_and_indexes.php(47): CodeIgniter\Database\Forge->createTable('outbox_events', true)
#5 C:\xampp\htdocs\erp.test\system\Database\MigrationRunner.php(865): App\Database\Migrations\OutboxAndIndexes->up()
#6 C:\xampp\htdocs\erp.test\system\Database\MigrationRunner.php(181): CodeIgniter\Database\MigrationRunner->migrate('up', Object(stdClass))
#7 C:\xampp\htdocs\erp.test\app\Config\Events.php(75): CodeIgniter\Database\MigrationRunner->latest()
#8 C:\xampp\htdocs\erp.test\system\Events\Events.php(154): CodeIgniter\Events\Events::Config\{closure}()
#9 C:\xampp\htdocs\erp.test\system\CodeIgniter.php(442): CodeIgniter\Events\Events::trigger('pre_system')
#10 C:\xampp\htdocs\erp.test\system\CodeIgniter.php(361): CodeIgniter\CodeIgniter->handleRequest(NULL, Object(Config\Cache), false)
#11 C:\xampp\htdocs\erp.test\public\index.php(79): CodeIgniter\CodeIgniter->run()
#12 {main}
ERROR - 2025-09-10 04:04:28 --> Auto-migration failed: Invalid default value for 'created_at'
INFO - 2025-09-10 04:04:28 --> Session: Class initialized using 'CodeIgniter\Session\Handlers\FileHandler' driver.
ERROR - 2025-09-10 04:04:51 --> mysqli_sql_exception: Invalid default value for 'created_at' in C:\xampp\htdocs\erp.test\system\Database\MySQLi\Connection.php:306
Stack trace:
#0 C:\xampp\htdocs\erp.test\system\Database\MySQLi\Connection.php(306): mysqli->query('CREATE TABLE `o...', 0)
#1 C:\xampp\htdocs\erp.test\system\Database\BaseConnection.php(693): CodeIgniter\Database\MySQLi\Connection->execute('CREATE TABLE `o...')
#2 C:\xampp\htdocs\erp.test\system\Database\BaseConnection.php(607): CodeIgniter\Database\BaseConnection->simpleQuery('CREATE TABLE `o...')
#3 C:\xampp\htdocs\erp.test\system\Database\Forge.php(555): CodeIgniter\Database\BaseConnection->query('CREATE TABLE `o...')
#4 C:\xampp\htdocs\erp.test\app\Database\Migrations\2025-09-09-000001_outbox_and_indexes.php(47): CodeIgniter\Database\Forge->createTable('outbox_events', true)
#5 C:\xampp\htdocs\erp.test\system\Database\MigrationRunner.php(865): App\Database\Migrations\OutboxAndIndexes->up()
#6 C:\xampp\htdocs\erp.test\system\Database\MigrationRunner.php(181): CodeIgniter\Database\MigrationRunner->migrate('up', Object(stdClass))
#7 C:\xampp\htdocs\erp.test\app\Config\Events.php(75): CodeIgniter\Database\MigrationRunner->latest()
#8 C:\xampp\htdocs\erp.test\system\Events\Events.php(154): CodeIgniter\Events\Events::Config\{closure}()
#9 C:\xampp\htdocs\erp.test\system\CodeIgniter.php(442): CodeIgniter\Events\Events::trigger('pre_system')
#10 C:\xampp\htdocs\erp.test\system\CodeIgniter.php(361): CodeIgniter\CodeIgniter->handleRequest(NULL, Object(Config\Cache), false)
#11 C:\xampp\htdocs\erp.test\public\index.php(79): CodeIgniter\CodeIgniter->run()
#12 {main}
ERROR - 2025-09-10 04:04:51 --> Auto-migration failed: Invalid default value for 'created_at'
INFO - 2025-09-10 04:04:51 --> CSRF token verified.
INFO - 2025-09-10 04:04:51 --> Session: Class initialized using 'CodeIgniter\Session\Handlers\FileHandler' driver.
ERROR - 2025-09-10 04:04:51 --> mysqli_sql_exception: Invalid default value for 'created_at' in C:\xampp\htdocs\erp.test\system\Database\MySQLi\Connection.php:306
Stack trace:
#0 C:\xampp\htdocs\erp.test\system\Database\MySQLi\Connection.php(306): mysqli->query('CREATE TABLE `o...', 0)
#1 C:\xampp\htdocs\erp.test\system\Database\BaseConnection.php(693): CodeIgniter\Database\MySQLi\Connection->execute('CREATE TABLE `o...')
#2 C:\xampp\htdocs\erp.test\system\Database\BaseConnection.php(607): CodeIgniter\Database\BaseConnection->simpleQuery('CREATE TABLE `o...')
#3 C:\xampp\htdocs\erp.test\system\Database\Forge.php(555): CodeIgniter\Database\BaseConnection->query('CREATE TABLE `o...')
#4 C:\xampp\htdocs\erp.test\app\Database\Migrations\2025-09-09-000001_outbox_and_indexes.php(47): CodeIgniter\Database\Forge->createTable('outbox_events', true)
#5 C:\xampp\htdocs\erp.test\system\Database\MigrationRunner.php(865): App\Database\Migrations\OutboxAndIndexes->up()
#6 C:\xampp\htdocs\erp.test\system\Database\MigrationRunner.php(181): CodeIgniter\Database\MigrationRunner->migrate('up', Object(stdClass))
#7 C:\xampp\htdocs\erp.test\app\Config\Events.php(75): CodeIgniter\Database\MigrationRunner->latest()
#8 C:\xampp\htdocs\erp.test\system\Events\Events.php(154): CodeIgniter\Events\Events::Config\{closure}()
#9 C:\xampp\htdocs\erp.test\system\CodeIgniter.php(442): CodeIgniter\Events\Events::trigger('pre_system')
#10 C:\xampp\htdocs\erp.test\system\CodeIgniter.php(361): CodeIgniter\CodeIgniter->handleRequest(NULL, Object(Config\Cache), false)
#11 C:\xampp\htdocs\erp.test\public\index.php(79): CodeIgniter\CodeIgniter->run()
#12 {main}
ERROR - 2025-09-10 04:04:51 --> Auto-migration failed: Invalid default value for 'created_at'
INFO - 2025-09-10 04:04:51 --> Session: Class initialized using 'CodeIgniter\Session\Handlers\FileHandler' driver.
ERROR - 2025-09-10 04:04:53 --> mysqli_sql_exception: Invalid default value for 'created_at' in C:\xampp\htdocs\erp.test\system\Database\MySQLi\Connection.php:306
Stack trace:
#0 C:\xampp\htdocs\erp.test\system\Database\MySQLi\Connection.php(306): mysqli->query('CREATE TABLE `o...', 0)
#1 C:\xampp\htdocs\erp.test\system\Database\BaseConnection.php(693): CodeIgniter\Database\MySQLi\Connection->execute('CREATE TABLE `o...')
#2 C:\xampp\htdocs\erp.test\system\Database\BaseConnection.php(607): CodeIgniter\Database\BaseConnection->simpleQuery('CREATE TABLE `o...')
#3 C:\xampp\htdocs\erp.test\system\Database\Forge.php(555): CodeIgniter\Database\BaseConnection->query('CREATE TABLE `o...')
#4 C:\xampp\htdocs\erp.test\app\Database\Migrations\2025-09-09-000001_outbox_and_indexes.php(47): CodeIgniter\Database\Forge->createTable('outbox_events', true)
#5 C:\xampp\htdocs\erp.test\system\Database\MigrationRunner.php(865): App\Database\Migrations\OutboxAndIndexes->up()
#6 C:\xampp\htdocs\erp.test\system\Database\MigrationRunner.php(181): CodeIgniter\Database\MigrationRunner->migrate('up', Object(stdClass))
#7 C:\xampp\htdocs\erp.test\app\Config\Events.php(75): CodeIgniter\Database\MigrationRunner->latest()
#8 C:\xampp\htdocs\erp.test\system\Events\Events.php(154): CodeIgniter\Events\Events::Config\{closure}()
#9 C:\xampp\htdocs\erp.test\system\CodeIgniter.php(442): CodeIgniter\Events\Events::trigger('pre_system')
#10 C:\xampp\htdocs\erp.test\system\CodeIgniter.php(361): CodeIgniter\CodeIgniter->handleRequest(NULL, Object(Config\Cache), false)
#11 C:\xampp\htdocs\erp.test\public\index.php(79): CodeIgniter\CodeIgniter->run()
#12 {main}
ERROR - 2025-09-10 04:04:53 --> Auto-migration failed: Invalid default value for 'created_at'
INFO - 2025-09-10 04:04:53 --> Session: Class initialized using 'CodeIgniter\Session\Handlers\FileHandler' driver.
ERROR - 2025-09-10 04:04:55 --> mysqli_sql_exception: Invalid default value for 'created_at' in C:\xampp\htdocs\erp.test\system\Database\MySQLi\Connection.php:306
Stack trace:
#0 C:\xampp\htdocs\erp.test\system\Database\MySQLi\Connection.php(306): mysqli->query('CREATE TABLE `o...', 0)
#1 C:\xampp\htdocs\erp.test\system\Database\BaseConnection.php(693): CodeIgniter\Database\MySQLi\Connection->execute('CREATE TABLE `o...')
#2 C:\xampp\htdocs\erp.test\system\Database\BaseConnection.php(607): CodeIgniter\Database\BaseConnection->simpleQuery('CREATE TABLE `o...')
#3 C:\xampp\htdocs\erp.test\system\Database\Forge.php(555): CodeIgniter\Database\BaseConnection->query('CREATE TABLE `o...')
#4 C:\xampp\htdocs\erp.test\app\Database\Migrations\2025-09-09-000001_outbox_and_indexes.php(47): CodeIgniter\Database\Forge->createTable('outbox_events', true)
#5 C:\xampp\htdocs\erp.test\system\Database\MigrationRunner.php(865): App\Database\Migrations\OutboxAndIndexes->up()
#6 C:\xampp\htdocs\erp.test\system\Database\MigrationRunner.php(181): CodeIgniter\Database\MigrationRunner->migrate('up', Object(stdClass))
#7 C:\xampp\htdocs\erp.test\app\Config\Events.php(75): CodeIgniter\Database\MigrationRunner->latest()
#8 C:\xampp\htdocs\erp.test\system\Events\Events.php(154): CodeIgniter\Events\Events::Config\{closure}()
#9 C:\xampp\htdocs\erp.test\system\CodeIgniter.php(442): CodeIgniter\Events\Events::trigger('pre_system')
#10 C:\xampp\htdocs\erp.test\system\CodeIgniter.php(361): CodeIgniter\CodeIgniter->handleRequest(NULL, Object(Config\Cache), false)
#11 C:\xampp\htdocs\erp.test\public\index.php(79): CodeIgniter\CodeIgniter->run()
#12 {main}
ERROR - 2025-09-10 04:04:55 --> Auto-migration failed: Invalid default value for 'created_at'
INFO - 2025-09-10 04:04:55 --> Session: Class initialized using 'CodeIgniter\Session\Handlers\FileHandler' driver.
ERROR - 2025-09-10 04:04:58 --> mysqli_sql_exception: Invalid default value for 'created_at' in C:\xampp\htdocs\erp.test\system\Database\MySQLi\Connection.php:306
Stack trace:
#0 C:\xampp\htdocs\erp.test\system\Database\MySQLi\Connection.php(306): mysqli->query('CREATE TABLE `o...', 0)
#1 C:\xampp\htdocs\erp.test\system\Database\BaseConnection.php(693): CodeIgniter\Database\MySQLi\Connection->execute('CREATE TABLE `o...')
#2 C:\xampp\htdocs\erp.test\system\Database\BaseConnection.php(607): CodeIgniter\Database\BaseConnection->simpleQuery('CREATE TABLE `o...')
#3 C:\xampp\htdocs\erp.test\system\Database\Forge.php(555): CodeIgniter\Database\BaseConnection->query('CREATE TABLE `o...')
#4 C:\xampp\htdocs\erp.test\app\Database\Migrations\2025-09-09-000001_outbox_and_indexes.php(47): CodeIgniter\Database\Forge->createTable('outbox_events', true)
#5 C:\xampp\htdocs\erp.test\system\Database\MigrationRunner.php(865): App\Database\Migrations\OutboxAndIndexes->up()
#6 C:\xampp\htdocs\erp.test\system\Database\MigrationRunner.php(181): CodeIgniter\Database\MigrationRunner->migrate('up', Object(stdClass))
#7 C:\xampp\htdocs\erp.test\app\Config\Events.php(75): CodeIgniter\Database\MigrationRunner->latest()
#8 C:\xampp\htdocs\erp.test\system\Events\Events.php(154): CodeIgniter\Events\Events::Config\{closure}()
#9 C:\xampp\htdocs\erp.test\system\CodeIgniter.php(442): CodeIgniter\Events\Events::trigger('pre_system')
#10 C:\xampp\htdocs\erp.test\system\CodeIgniter.php(361): CodeIgniter\CodeIgniter->handleRequest(NULL, Object(Config\Cache), false)
#11 C:\xampp\htdocs\erp.test\public\index.php(79): CodeIgniter\CodeIgniter->run()
#12 {main}
ERROR - 2025-09-10 04:04:58 --> Auto-migration failed: Invalid default value for 'created_at'
INFO - 2025-09-10 04:04:58 --> Session: Class initialized using 'CodeIgniter\Session\Handlers\FileHandler' driver.
ERROR - 2025-09-10 04:04:59 --> mysqli_sql_exception: Invalid default value for 'created_at' in C:\xampp\htdocs\erp.test\system\Database\MySQLi\Connection.php:306
Stack trace:
#0 C:\xampp\htdocs\erp.test\system\Database\MySQLi\Connection.php(306): mysqli->query('CREATE TABLE `o...', 0)
#1 C:\xampp\htdocs\erp.test\system\Database\BaseConnection.php(693): CodeIgniter\Database\MySQLi\Connection->execute('CREATE TABLE `o...')
#2 C:\xampp\htdocs\erp.test\system\Database\BaseConnection.php(607): CodeIgniter\Database\BaseConnection->simpleQuery('CREATE TABLE `o...')
#3 C:\xampp\htdocs\erp.test\system\Database\Forge.php(555): CodeIgniter\Database\BaseConnection->query('CREATE TABLE `o...')
#4 C:\xampp\htdocs\erp.test\app\Database\Migrations\2025-09-09-000001_outbox_and_indexes.php(47): CodeIgniter\Database\Forge->createTable('outbox_events', true)
#5 C:\xampp\htdocs\erp.test\system\Database\MigrationRunner.php(865): App\Database\Migrations\OutboxAndIndexes->up()
#6 C:\xampp\htdocs\erp.test\system\Database\MigrationRunner.php(181): CodeIgniter\Database\MigrationRunner->migrate('up', Object(stdClass))
#7 C:\xampp\htdocs\erp.test\app\Config\Events.php(75): CodeIgniter\Database\MigrationRunner->latest()
#8 C:\xampp\htdocs\erp.test\system\Events\Events.php(154): CodeIgniter\Events\Events::Config\{closure}()
#9 C:\xampp\htdocs\erp.test\system\CodeIgniter.php(442): CodeIgniter\Events\Events::trigger('pre_system')
#10 C:\xampp\htdocs\erp.test\system\CodeIgniter.php(361): CodeIgniter\CodeIgniter->handleRequest(NULL, Object(Config\Cache), false)
#11 C:\xampp\htdocs\erp.test\public\index.php(79): CodeIgniter\CodeIgniter->run()
#12 {main}
ERROR - 2025-09-10 04:04:59 --> Auto-migration failed: Invalid default value for 'created_at'
INFO - 2025-09-10 04:04:59 --> Session: Class initialized using 'CodeIgniter\Session\Handlers\FileHandler' driver.
ERROR - 2025-09-10 04:04:59 --> mysqli_sql_exception: Invalid default value for 'created_at' in C:\xampp\htdocs\erp.test\system\Database\MySQLi\Connection.php:306
Stack trace:
#0 C:\xampp\htdocs\erp.test\system\Database\MySQLi\Connection.php(306): mysqli->query('CREATE TABLE `o...', 0)
#1 C:\xampp\htdocs\erp.test\system\Database\BaseConnection.php(693): CodeIgniter\Database\MySQLi\Connection->execute('CREATE TABLE `o...')
#2 C:\xampp\htdocs\erp.test\system\Database\BaseConnection.php(607): CodeIgniter\Database\BaseConnection->simpleQuery('CREATE TABLE `o...')
#3 C:\xampp\htdocs\erp.test\system\Database\Forge.php(555): CodeIgniter\Database\BaseConnection->query('CREATE TABLE `o...')
#4 C:\xampp\htdocs\erp.test\app\Database\Migrations\2025-09-09-000001_outbox_and_indexes.php(47): CodeIgniter\Database\Forge->createTable('outbox_events', true)
#5 C:\xampp\htdocs\erp.test\system\Database\MigrationRunner.php(865): App\Database\Migrations\OutboxAndIndexes->up()
#6 C:\xampp\htdocs\erp.test\system\Database\MigrationRunner.php(181): CodeIgniter\Database\MigrationRunner->migrate('up', Object(stdClass))
#7 C:\xampp\htdocs\erp.test\app\Config\Events.php(75): CodeIgniter\Database\MigrationRunner->latest()
#8 C:\xampp\htdocs\erp.test\system\Events\Events.php(154): CodeIgniter\Events\Events::Config\{closure}()
#9 C:\xampp\htdocs\erp.test\system\CodeIgniter.php(442): CodeIgniter\Events\Events::trigger('pre_system')
#10 C:\xampp\htdocs\erp.test\system\CodeIgniter.php(361): CodeIgniter\CodeIgniter->handleRequest(NULL, Object(Config\Cache), false)
#11 C:\xampp\htdocs\erp.test\public\index.php(79): CodeIgniter\CodeIgniter->run()
#12 {main}
ERROR - 2025-09-10 04:04:59 --> Auto-migration failed: Invalid default value for 'created_at'
INFO - 2025-09-10 04:04:59 --> Session: Class initialized using 'CodeIgniter\Session\Handlers\FileHandler' driver.
ERROR - 2025-09-10 04:05:03 --> mysqli_sql_exception: Invalid default value for 'created_at' in C:\xampp\htdocs\erp.test\system\Database\MySQLi\Connection.php:306
Stack trace:
#0 C:\xampp\htdocs\erp.test\system\Database\MySQLi\Connection.php(306): mysqli->query('CREATE TABLE `o...', 0)
#1 C:\xampp\htdocs\erp.test\system\Database\BaseConnection.php(693): CodeIgniter\Database\MySQLi\Connection->execute('CREATE TABLE `o...')
#2 C:\xampp\htdocs\erp.test\system\Database\BaseConnection.php(607): CodeIgniter\Database\BaseConnection->simpleQuery('CREATE TABLE `o...')
#3 C:\xampp\htdocs\erp.test\system\Database\Forge.php(555): CodeIgniter\Database\BaseConnection->query('CREATE TABLE `o...')
#4 C:\xampp\htdocs\erp.test\app\Database\Migrations\2025-09-09-000001_outbox_and_indexes.php(47): CodeIgniter\Database\Forge->createTable('outbox_events', true)
#5 C:\xampp\htdocs\erp.test\system\Database\MigrationRunner.php(865): App\Database\Migrations\OutboxAndIndexes->up()
#6 C:\xampp\htdocs\erp.test\system\Database\MigrationRunner.php(181): CodeIgniter\Database\MigrationRunner->migrate('up', Object(stdClass))
#7 C:\xampp\htdocs\erp.test\app\Config\Events.php(75): CodeIgniter\Database\MigrationRunner->latest()
#8 C:\xampp\htdocs\erp.test\system\Events\Events.php(154): CodeIgniter\Events\Events::Config\{closure}()
#9 C:\xampp\htdocs\erp.test\system\CodeIgniter.php(442): CodeIgniter\Events\Events::trigger('pre_system')
#10 C:\xampp\htdocs\erp.test\system\CodeIgniter.php(361): CodeIgniter\CodeIgniter->handleRequest(NULL, Object(Config\Cache), false)
#11 C:\xampp\htdocs\erp.test\public\index.php(79): CodeIgniter\CodeIgniter->run()
#12 {main}
ERROR - 2025-09-10 04:05:03 --> Auto-migration failed: Invalid default value for 'created_at'
INFO - 2025-09-10 04:05:03 --> CSRF token verified.
INFO - 2025-09-10 04:05:03 --> Session: Class initialized using 'CodeIgniter\Session\Handlers\FileHandler' driver.
ERROR - 2025-09-10 04:05:03 --> mysqli_sql_exception: Invalid default value for 'created_at' in C:\xampp\htdocs\erp.test\system\Database\MySQLi\Connection.php:306
Stack trace:
#0 C:\xampp\htdocs\erp.test\system\Database\MySQLi\Connection.php(306): mysqli->query('CREATE TABLE `o...', 0)
#1 C:\xampp\htdocs\erp.test\system\Database\BaseConnection.php(693): CodeIgniter\Database\MySQLi\Connection->execute('CREATE TABLE `o...')
#2 C:\xampp\htdocs\erp.test\system\Database\BaseConnection.php(607): CodeIgniter\Database\BaseConnection->simpleQuery('CREATE TABLE `o...')
#3 C:\xampp\htdocs\erp.test\system\Database\Forge.php(555): CodeIgniter\Database\BaseConnection->query('CREATE TABLE `o...')
#4 C:\xampp\htdocs\erp.test\app\Database\Migrations\2025-09-09-000001_outbox_and_indexes.php(47): CodeIgniter\Database\Forge->createTable('outbox_events', true)
#5 C:\xampp\htdocs\erp.test\system\Database\MigrationRunner.php(865): App\Database\Migrations\OutboxAndIndexes->up()
#6 C:\xampp\htdocs\erp.test\system\Database\MigrationRunner.php(181): CodeIgniter\Database\MigrationRunner->migrate('up', Object(stdClass))
#7 C:\xampp\htdocs\erp.test\app\Config\Events.php(75): CodeIgniter\Database\MigrationRunner->latest()
#8 C:\xampp\htdocs\erp.test\system\Events\Events.php(154): CodeIgniter\Events\Events::Config\{closure}()
#9 C:\xampp\htdocs\erp.test\system\CodeIgniter.php(442): CodeIgniter\Events\Events::trigger('pre_system')
#10 C:\xampp\htdocs\erp.test\system\CodeIgniter.php(361): CodeIgniter\CodeIgniter->handleRequest(NULL, Object(Config\Cache), false)
#11 C:\xampp\htdocs\erp.test\public\index.php(79): CodeIgniter\CodeIgniter->run()
#12 {main}
ERROR - 2025-09-10 04:05:03 --> Auto-migration failed: Invalid default value for 'created_at'
INFO - 2025-09-10 04:05:03 --> Session: Class initialized using 'CodeIgniter\Session\Handlers\FileHandler' driver.
ERROR - 2025-09-10 04:05:05 --> mysqli_sql_exception: Invalid default value for 'created_at' in C:\xampp\htdocs\erp.test\system\Database\MySQLi\Connection.php:306
Stack trace:
#0 C:\xampp\htdocs\erp.test\system\Database\MySQLi\Connection.php(306): mysqli->query('CREATE TABLE `o...', 0)
#1 C:\xampp\htdocs\erp.test\system\Database\BaseConnection.php(693): CodeIgniter\Database\MySQLi\Connection->execute('CREATE TABLE `o...')
#2 C:\xampp\htdocs\erp.test\system\Database\BaseConnection.php(607): CodeIgniter\Database\BaseConnection->simpleQuery('CREATE TABLE `o...')
#3 C:\xampp\htdocs\erp.test\system\Database\Forge.php(555): CodeIgniter\Database\BaseConnection->query('CREATE TABLE `o...')
#4 C:\xampp\htdocs\erp.test\app\Database\Migrations\2025-09-09-000001_outbox_and_indexes.php(47): CodeIgniter\Database\Forge->createTable('outbox_events', true)
#5 C:\xampp\htdocs\erp.test\system\Database\MigrationRunner.php(865): App\Database\Migrations\OutboxAndIndexes->up()
#6 C:\xampp\htdocs\erp.test\system\Database\MigrationRunner.php(181): CodeIgniter\Database\MigrationRunner->migrate('up', Object(stdClass))
#7 C:\xampp\htdocs\erp.test\app\Config\Events.php(75): CodeIgniter\Database\MigrationRunner->latest()
#8 C:\xampp\htdocs\erp.test\system\Events\Events.php(154): CodeIgniter\Events\Events::Config\{closure}()
#9 C:\xampp\htdocs\erp.test\system\CodeIgniter.php(442): CodeIgniter\Events\Events::trigger('pre_system')
#10 C:\xampp\htdocs\erp.test\system\CodeIgniter.php(361): CodeIgniter\CodeIgniter->handleRequest(NULL, Object(Config\Cache), false)
#11 C:\xampp\htdocs\erp.test\public\index.php(79): CodeIgniter\CodeIgniter->run()
#12 {main}
ERROR - 2025-09-10 04:05:05 --> Auto-migration failed: Invalid default value for 'created_at'
INFO - 2025-09-10 04:05:05 --> Session: Class initialized using 'CodeIgniter\Session\Handlers\FileHandler' driver.
ERROR - 2025-09-10 04:05:10 --> mysqli_sql_exception: Invalid default value for 'created_at' in C:\xampp\htdocs\erp.test\system\Database\MySQLi\Connection.php:306
Stack trace:
#0 C:\xampp\htdocs\erp.test\system\Database\MySQLi\Connection.php(306): mysqli->query('CREATE TABLE `o...', 0)
#1 C:\xampp\htdocs\erp.test\system\Database\BaseConnection.php(693): CodeIgniter\Database\MySQLi\Connection->execute('CREATE TABLE `o...')
#2 C:\xampp\htdocs\erp.test\system\Database\BaseConnection.php(607): CodeIgniter\Database\BaseConnection->simpleQuery('CREATE TABLE `o...')
#3 C:\xampp\htdocs\erp.test\system\Database\Forge.php(555): CodeIgniter\Database\BaseConnection->query('CREATE TABLE `o...')
#4 C:\xampp\htdocs\erp.test\app\Database\Migrations\2025-09-09-000001_outbox_and_indexes.php(47): CodeIgniter\Database\Forge->createTable('outbox_events', true)
#5 C:\xampp\htdocs\erp.test\system\Database\MigrationRunner.php(865): App\Database\Migrations\OutboxAndIndexes->up()
#6 C:\xampp\htdocs\erp.test\system\Database\MigrationRunner.php(181): CodeIgniter\Database\MigrationRunner->migrate('up', Object(stdClass))
#7 C:\xampp\htdocs\erp.test\app\Config\Events.php(75): CodeIgniter\Database\MigrationRunner->latest()
#8 C:\xampp\htdocs\erp.test\system\Events\Events.php(154): CodeIgniter\Events\Events::Config\{closure}()
#9 C:\xampp\htdocs\erp.test\system\CodeIgniter.php(442): CodeIgniter\Events\Events::trigger('pre_system')
#10 C:\xampp\htdocs\erp.test\system\CodeIgniter.php(361): CodeIgniter\CodeIgniter->handleRequest(NULL, Object(Config\Cache), false)
#11 C:\xampp\htdocs\erp.test\public\index.php(79): CodeIgniter\CodeIgniter->run()
#12 {main}
ERROR - 2025-09-10 04:05:10 --> Auto-migration failed: Invalid default value for 'created_at'
INFO - 2025-09-10 04:05:10 --> Session: Class initialized using 'CodeIgniter\Session\Handlers\FileHandler' driver.
ERROR - 2025-09-10 04:05:19 --> mysqli_sql_exception: Invalid default value for 'created_at' in C:\xampp\htdocs\erp.test\system\Database\MySQLi\Connection.php:306
Stack trace:
#0 C:\xampp\htdocs\erp.test\system\Database\MySQLi\Connection.php(306): mysqli->query('CREATE TABLE `o...', 0)
#1 C:\xampp\htdocs\erp.test\system\Database\BaseConnection.php(693): CodeIgniter\Database\MySQLi\Connection->execute('CREATE TABLE `o...')
#2 C:\xampp\htdocs\erp.test\system\Database\BaseConnection.php(607): CodeIgniter\Database\BaseConnection->simpleQuery('CREATE TABLE `o...')
#3 C:\xampp\htdocs\erp.test\system\Database\Forge.php(555): CodeIgniter\Database\BaseConnection->query('CREATE TABLE `o...')
#4 C:\xampp\htdocs\erp.test\app\Database\Migrations\2025-09-09-000001_outbox_and_indexes.php(47): CodeIgniter\Database\Forge->createTable('outbox_events', true)
#5 C:\xampp\htdocs\erp.test\system\Database\MigrationRunner.php(865): App\Database\Migrations\OutboxAndIndexes->up()
#6 C:\xampp\htdocs\erp.test\system\Database\MigrationRunner.php(181): CodeIgniter\Database\MigrationRunner->migrate('up', Object(stdClass))
#7 C:\xampp\htdocs\erp.test\app\Config\Events.php(75): CodeIgniter\Database\MigrationRunner->latest()
#8 C:\xampp\htdocs\erp.test\system\Events\Events.php(154): CodeIgniter\Events\Events::Config\{closure}()
#9 C:\xampp\htdocs\erp.test\system\CodeIgniter.php(442): CodeIgniter\Events\Events::trigger('pre_system')
#10 C:\xampp\htdocs\erp.test\system\CodeIgniter.php(361): CodeIgniter\CodeIgniter->handleRequest(NULL, Object(Config\Cache), false)
#11 C:\xampp\htdocs\erp.test\public\index.php(79): CodeIgniter\CodeIgniter->run()
#12 {main}
ERROR - 2025-09-10 04:05:19 --> Auto-migration failed: Invalid default value for 'created_at'
INFO - 2025-09-10 04:05:19 --> Session: Class initialized using 'CodeIgniter\Session\Handlers\FileHandler' driver.
ERROR - 2025-09-10 04:09:29 --> mysqli_sql_exception: Invalid default value for 'created_at' in C:\xampp\htdocs\erp.test\system\Database\MySQLi\Connection.php:306
Stack trace:
#0 C:\xampp\htdocs\erp.test\system\Database\MySQLi\Connection.php(306): mysqli->query('CREATE TABLE `o...', 0)
#1 C:\xampp\htdocs\erp.test\system\Database\BaseConnection.php(693): CodeIgniter\Database\MySQLi\Connection->execute('CREATE TABLE `o...')
#2 C:\xampp\htdocs\erp.test\system\Database\BaseConnection.php(607): CodeIgniter\Database\BaseConnection->simpleQuery('CREATE TABLE `o...')
#3 C:\xampp\htdocs\erp.test\system\Database\Forge.php(555): CodeIgniter\Database\BaseConnection->query('CREATE TABLE `o...')
#4 C:\xampp\htdocs\erp.test\app\Database\Migrations\2025-09-09-000001_outbox_and_indexes.php(47): CodeIgniter\Database\Forge->createTable('outbox_events', true)
#5 C:\xampp\htdocs\erp.test\system\Database\MigrationRunner.php(865): App\Database\Migrations\OutboxAndIndexes->up()
#6 C:\xampp\htdocs\erp.test\system\Database\MigrationRunner.php(181): CodeIgniter\Database\MigrationRunner->migrate('up', Object(stdClass))
#7 C:\xampp\htdocs\erp.test\app\Config\Events.php(75): CodeIgniter\Database\MigrationRunner->latest()
#8 C:\xampp\htdocs\erp.test\system\Events\Events.php(154): CodeIgniter\Events\Events::Config\{closure}()
#9 C:\xampp\htdocs\erp.test\system\CodeIgniter.php(442): CodeIgniter\Events\Events::trigger('pre_system')
#10 C:\xampp\htdocs\erp.test\system\CodeIgniter.php(361): CodeIgniter\CodeIgniter->handleRequest(NULL, Object(Config\Cache), false)
#11 C:\xampp\htdocs\erp.test\public\index.php(79): CodeIgniter\CodeIgniter->run()
#12 {main}
ERROR - 2025-09-10 04:09:29 --> Auto-migration failed: Invalid default value for 'created_at'
INFO - 2025-09-10 04:09:29 --> Session: Class initialized using 'CodeIgniter\Session\Handlers\FileHandler' driver.
ERROR - 2025-09-10 04:09:33 --> mysqli_sql_exception: Invalid default value for 'created_at' in C:\xampp\htdocs\erp.test\system\Database\MySQLi\Connection.php:306
Stack trace:
#0 C:\xampp\htdocs\erp.test\system\Database\MySQLi\Connection.php(306): mysqli->query('CREATE TABLE `o...', 0)
#1 C:\xampp\htdocs\erp.test\system\Database\BaseConnection.php(693): CodeIgniter\Database\MySQLi\Connection->execute('CREATE TABLE `o...')
#2 C:\xampp\htdocs\erp.test\system\Database\BaseConnection.php(607): CodeIgniter\Database\BaseConnection->simpleQuery('CREATE TABLE `o...')
#3 C:\xampp\htdocs\erp.test\system\Database\Forge.php(555): CodeIgniter\Database\BaseConnection->query('CREATE TABLE `o...')
#4 C:\xampp\htdocs\erp.test\app\Database\Migrations\2025-09-09-000001_outbox_and_indexes.php(47): CodeIgniter\Database\Forge->createTable('outbox_events', true)
#5 C:\xampp\htdocs\erp.test\system\Database\MigrationRunner.php(865): App\Database\Migrations\OutboxAndIndexes->up()
#6 C:\xampp\htdocs\erp.test\system\Database\MigrationRunner.php(181): CodeIgniter\Database\MigrationRunner->migrate('up', Object(stdClass))
#7 C:\xampp\htdocs\erp.test\app\Config\Events.php(75): CodeIgniter\Database\MigrationRunner->latest()
#8 C:\xampp\htdocs\erp.test\system\Events\Events.php(154): CodeIgniter\Events\Events::Config\{closure}()
#9 C:\xampp\htdocs\erp.test\system\CodeIgniter.php(442): CodeIgniter\Events\Events::trigger('pre_system')
#10 C:\xampp\htdocs\erp.test\system\CodeIgniter.php(361): CodeIgniter\CodeIgniter->handleRequest(NULL, Object(Config\Cache), false)
#11 C:\xampp\htdocs\erp.test\public\index.php(79): CodeIgniter\CodeIgniter->run()
#12 {main}
ERROR - 2025-09-10 04:09:33 --> Auto-migration failed: Invalid default value for 'created_at'
INFO - 2025-09-10 04:09:33 --> Session: Class initialized using 'CodeIgniter\Session\Handlers\FileHandler' driver.
ERROR - 2025-09-10 04:09:38 --> mysqli_sql_exception: Invalid default value for 'created_at' in C:\xampp\htdocs\erp.test\system\Database\MySQLi\Connection.php:306
Stack trace:
#0 C:\xampp\htdocs\erp.test\system\Database\MySQLi\Connection.php(306): mysqli->query('CREATE TABLE `o...', 0)
#1 C:\xampp\htdocs\erp.test\system\Database\BaseConnection.php(693): CodeIgniter\Database\MySQLi\Connection->execute('CREATE TABLE `o...')
#2 C:\xampp\htdocs\erp.test\system\Database\BaseConnection.php(607): CodeIgniter\Database\BaseConnection->simpleQuery('CREATE TABLE `o...')
#3 C:\xampp\htdocs\erp.test\system\Database\Forge.php(555): CodeIgniter\Database\BaseConnection->query('CREATE TABLE `o...')
#4 C:\xampp\htdocs\erp.test\app\Database\Migrations\2025-09-09-000001_outbox_and_indexes.php(47): CodeIgniter\Database\Forge->createTable('outbox_events', true)
#5 C:\xampp\htdocs\erp.test\system\Database\MigrationRunner.php(865): App\Database\Migrations\OutboxAndIndexes->up()
#6 C:\xampp\htdocs\erp.test\system\Database\MigrationRunner.php(181): CodeIgniter\Database\MigrationRunner->migrate('up', Object(stdClass))
#7 C:\xampp\htdocs\erp.test\app\Config\Events.php(75): CodeIgniter\Database\MigrationRunner->latest()
#8 C:\xampp\htdocs\erp.test\system\Events\Events.php(154): CodeIgniter\Events\Events::Config\{closure}()
#9 C:\xampp\htdocs\erp.test\system\CodeIgniter.php(442): CodeIgniter\Events\Events::trigger('pre_system')
#10 C:\xampp\htdocs\erp.test\system\CodeIgniter.php(361): CodeIgniter\CodeIgniter->handleRequest(NULL, Object(Config\Cache), false)
#11 C:\xampp\htdocs\erp.test\public\index.php(79): CodeIgniter\CodeIgniter->run()
#12 {main}
ERROR - 2025-09-10 04:09:38 --> Auto-migration failed: Invalid default value for 'created_at'
INFO - 2025-09-10 04:09:38 --> Session: Class initialized using 'CodeIgniter\Session\Handlers\FileHandler' driver.
ERROR - 2025-09-10 04:09:40 --> mysqli_sql_exception: Invalid default value for 'created_at' in C:\xampp\htdocs\erp.test\system\Database\MySQLi\Connection.php:306
Stack trace:
#0 C:\xampp\htdocs\erp.test\system\Database\MySQLi\Connection.php(306): mysqli->query('CREATE TABLE `o...', 0)
#1 C:\xampp\htdocs\erp.test\system\Database\BaseConnection.php(693): CodeIgniter\Database\MySQLi\Connection->execute('CREATE TABLE `o...')
#2 C:\xampp\htdocs\erp.test\system\Database\BaseConnection.php(607): CodeIgniter\Database\BaseConnection->simpleQuery('CREATE TABLE `o...')
#3 C:\xampp\htdocs\erp.test\system\Database\Forge.php(555): CodeIgniter\Database\BaseConnection->query('CREATE TABLE `o...')
#4 C:\xampp\htdocs\erp.test\app\Database\Migrations\2025-09-09-000001_outbox_and_indexes.php(47): CodeIgniter\Database\Forge->createTable('outbox_events', true)
#5 C:\xampp\htdocs\erp.test\system\Database\MigrationRunner.php(865): App\Database\Migrations\OutboxAndIndexes->up()
#6 C:\xampp\htdocs\erp.test\system\Database\MigrationRunner.php(181): CodeIgniter\Database\MigrationRunner->migrate('up', Object(stdClass))
#7 C:\xampp\htdocs\erp.test\app\Config\Events.php(75): CodeIgniter\Database\MigrationRunner->latest()
#8 C:\xampp\htdocs\erp.test\system\Events\Events.php(154): CodeIgniter\Events\Events::Config\{closure}()
#9 C:\xampp\htdocs\erp.test\system\CodeIgniter.php(442): CodeIgniter\Events\Events::trigger('pre_system')
#10 C:\xampp\htdocs\erp.test\system\CodeIgniter.php(361): CodeIgniter\CodeIgniter->handleRequest(NULL, Object(Config\Cache), false)
#11 C:\xampp\htdocs\erp.test\public\index.php(79): CodeIgniter\CodeIgniter->run()
#12 {main}
ERROR - 2025-09-10 04:09:40 --> Auto-migration failed: Invalid default value for 'created_at'
INFO - 2025-09-10 04:09:40 --> Session: Class initialized using 'CodeIgniter\Session\Handlers\FileHandler' driver.
ERROR - 2025-09-10 04:09:42 --> mysqli_sql_exception: Invalid default value for 'created_at' in C:\xampp\htdocs\erp.test\system\Database\MySQLi\Connection.php:306
Stack trace:
#0 C:\xampp\htdocs\erp.test\system\Database\MySQLi\Connection.php(306): mysqli->query('CREATE TABLE `o...', 0)
#1 C:\xampp\htdocs\erp.test\system\Database\BaseConnection.php(693): CodeIgniter\Database\MySQLi\Connection->execute('CREATE TABLE `o...')
#2 C:\xampp\htdocs\erp.test\system\Database\BaseConnection.php(607): CodeIgniter\Database\BaseConnection->simpleQuery('CREATE TABLE `o...')
#3 C:\xampp\htdocs\erp.test\system\Database\Forge.php(555): CodeIgniter\Database\BaseConnection->query('CREATE TABLE `o...')
#4 C:\xampp\htdocs\erp.test\app\Database\Migrations\2025-09-09-000001_outbox_and_indexes.php(47): CodeIgniter\Database\Forge->createTable('outbox_events', true)
#5 C:\xampp\htdocs\erp.test\system\Database\MigrationRunner.php(865): App\Database\Migrations\OutboxAndIndexes->up()
#6 C:\xampp\htdocs\erp.test\system\Database\MigrationRunner.php(181): CodeIgniter\Database\MigrationRunner->migrate('up', Object(stdClass))
#7 C:\xampp\htdocs\erp.test\app\Config\Events.php(75): CodeIgniter\Database\MigrationRunner->latest()
#8 C:\xampp\htdocs\erp.test\system\Events\Events.php(154): CodeIgniter\Events\Events::Config\{closure}()
#9 C:\xampp\htdocs\erp.test\system\CodeIgniter.php(442): CodeIgniter\Events\Events::trigger('pre_system')
#10 C:\xampp\htdocs\erp.test\system\CodeIgniter.php(361): CodeIgniter\CodeIgniter->handleRequest(NULL, Object(Config\Cache), false)
#11 C:\xampp\htdocs\erp.test\public\index.php(79): CodeIgniter\CodeIgniter->run()
#12 {main}
ERROR - 2025-09-10 04:09:42 --> Auto-migration failed: Invalid default value for 'created_at'
INFO - 2025-09-10 04:09:42 --> Session: Class initialized using 'CodeIgniter\Session\Handlers\FileHandler' driver.
ERROR - 2025-09-10 04:09:46 --> mysqli_sql_exception: Invalid default value for 'created_at' in C:\xampp\htdocs\erp.test\system\Database\MySQLi\Connection.php:306
Stack trace:
#0 C:\xampp\htdocs\erp.test\system\Database\MySQLi\Connection.php(306): mysqli->query('CREATE TABLE `o...', 0)
#1 C:\xampp\htdocs\erp.test\system\Database\BaseConnection.php(693): CodeIgniter\Database\MySQLi\Connection->execute('CREATE TABLE `o...')
#2 C:\xampp\htdocs\erp.test\system\Database\BaseConnection.php(607): CodeIgniter\Database\BaseConnection->simpleQuery('CREATE TABLE `o...')
#3 C:\xampp\htdocs\erp.test\system\Database\Forge.php(555): CodeIgniter\Database\BaseConnection->query('CREATE TABLE `o...')
#4 C:\xampp\htdocs\erp.test\app\Database\Migrations\2025-09-09-000001_outbox_and_indexes.php(47): CodeIgniter\Database\Forge->createTable('outbox_events', true)
#5 C:\xampp\htdocs\erp.test\system\Database\MigrationRunner.php(865): App\Database\Migrations\OutboxAndIndexes->up()
#6 C:\xampp\htdocs\erp.test\system\Database\MigrationRunner.php(181): CodeIgniter\Database\MigrationRunner->migrate('up', Object(stdClass))
#7 C:\xampp\htdocs\erp.test\app\Config\Events.php(75): CodeIgniter\Database\MigrationRunner->latest()
#8 C:\xampp\htdocs\erp.test\system\Events\Events.php(154): CodeIgniter\Events\Events::Config\{closure}()
#9 C:\xampp\htdocs\erp.test\system\CodeIgniter.php(442): CodeIgniter\Events\Events::trigger('pre_system')
#10 C:\xampp\htdocs\erp.test\system\CodeIgniter.php(361): CodeIgniter\CodeIgniter->handleRequest(NULL, Object(Config\Cache), false)
#11 C:\xampp\htdocs\erp.test\public\index.php(79): CodeIgniter\CodeIgniter->run()
#12 {main}
ERROR - 2025-09-10 04:09:46 --> Auto-migration failed: Invalid default value for 'created_at'
INFO - 2025-09-10 04:09:46 --> Session: Class initialized using 'CodeIgniter\Session\Handlers\FileHandler' driver.
ERROR - 2025-09-10 04:09:47 --> mysqli_sql_exception: Invalid default value for 'created_at' in C:\xampp\htdocs\erp.test\system\Database\MySQLi\Connection.php:306
Stack trace:
#0 C:\xampp\htdocs\erp.test\system\Database\MySQLi\Connection.php(306): mysqli->query('CREATE TABLE `o...', 0)
#1 C:\xampp\htdocs\erp.test\system\Database\BaseConnection.php(693): CodeIgniter\Database\MySQLi\Connection->execute('CREATE TABLE `o...')
#2 C:\xampp\htdocs\erp.test\system\Database\BaseConnection.php(607): CodeIgniter\Database\BaseConnection->simpleQuery('CREATE TABLE `o...')
#3 C:\xampp\htdocs\erp.test\system\Database\Forge.php(555): CodeIgniter\Database\BaseConnection->query('CREATE TABLE `o...')
#4 C:\xampp\htdocs\erp.test\app\Database\Migrations\2025-09-09-000001_outbox_and_indexes.php(47): CodeIgniter\Database\Forge->createTable('outbox_events', true)
#5 C:\xampp\htdocs\erp.test\system\Database\MigrationRunner.php(865): App\Database\Migrations\OutboxAndIndexes->up()
#6 C:\xampp\htdocs\erp.test\system\Database\MigrationRunner.php(181): CodeIgniter\Database\MigrationRunner->migrate('up', Object(stdClass))
#7 C:\xampp\htdocs\erp.test\app\Config\Events.php(75): CodeIgniter\Database\MigrationRunner->latest()
#8 C:\xampp\htdocs\erp.test\system\Events\Events.php(154): CodeIgniter\Events\Events::Config\{closure}()
#9 C:\xampp\htdocs\erp.test\system\CodeIgniter.php(442): CodeIgniter\Events\Events::trigger('pre_system')
#10 C:\xampp\htdocs\erp.test\system\CodeIgniter.php(361): CodeIgniter\CodeIgniter->handleRequest(NULL, Object(Config\Cache), false)
#11 C:\xampp\htdocs\erp.test\public\index.php(79): CodeIgniter\CodeIgniter->run()
#12 {main}
ERROR - 2025-09-10 04:09:47 --> Auto-migration failed: Invalid default value for 'created_at'
INFO - 2025-09-10 04:09:47 --> Session: Class initialized using 'CodeIgniter\Session\Handlers\FileHandler' driver.
ERROR - 2025-09-10 04:09:49 --> mysqli_sql_exception: Invalid default value for 'created_at' in C:\xampp\htdocs\erp.test\system\Database\MySQLi\Connection.php:306
Stack trace:
#0 C:\xampp\htdocs\erp.test\system\Database\MySQLi\Connection.php(306): mysqli->query('CREATE TABLE `o...', 0)
#1 C:\xampp\htdocs\erp.test\system\Database\BaseConnection.php(693): CodeIgniter\Database\MySQLi\Connection->execute('CREATE TABLE `o...')
#2 C:\xampp\htdocs\erp.test\system\Database\BaseConnection.php(607): CodeIgniter\Database\BaseConnection->simpleQuery('CREATE TABLE `o...')
#3 C:\xampp\htdocs\erp.test\system\Database\Forge.php(555): CodeIgniter\Database\BaseConnection->query('CREATE TABLE `o...')
#4 C:\xampp\htdocs\erp.test\app\Database\Migrations\2025-09-09-000001_outbox_and_indexes.php(47): CodeIgniter\Database\Forge->createTable('outbox_events', true)
#5 C:\xampp\htdocs\erp.test\system\Database\MigrationRunner.php(865): App\Database\Migrations\OutboxAndIndexes->up()
#6 C:\xampp\htdocs\erp.test\system\Database\MigrationRunner.php(181): CodeIgniter\Database\MigrationRunner->migrate('up', Object(stdClass))
#7 C:\xampp\htdocs\erp.test\app\Config\Events.php(75): CodeIgniter\Database\MigrationRunner->latest()
#8 C:\xampp\htdocs\erp.test\system\Events\Events.php(154): CodeIgniter\Events\Events::Config\{closure}()
#9 C:\xampp\htdocs\erp.test\system\CodeIgniter.php(442): CodeIgniter\Events\Events::trigger('pre_system')
#10 C:\xampp\htdocs\erp.test\system\CodeIgniter.php(361): CodeIgniter\CodeIgniter->handleRequest(NULL, Object(Config\Cache), false)
#11 C:\xampp\htdocs\erp.test\public\index.php(79): CodeIgniter\CodeIgniter->run()
#12 {main}
ERROR - 2025-09-10 04:09:49 --> Auto-migration failed: Invalid default value for 'created_at'
INFO - 2025-09-10 04:09:49 --> Session: Class initialized using 'CodeIgniter\Session\Handlers\FileHandler' driver.
ERROR - 2025-09-10 04:10:01 --> mysqli_sql_exception: Invalid default value for 'created_at' in C:\xampp\htdocs\erp.test\system\Database\MySQLi\Connection.php:306
Stack trace:
#0 C:\xampp\htdocs\erp.test\system\Database\MySQLi\Connection.php(306): mysqli->query('CREATE TABLE `o...', 0)
#1 C:\xampp\htdocs\erp.test\system\Database\BaseConnection.php(693): CodeIgniter\Database\MySQLi\Connection->execute('CREATE TABLE `o...')
#2 C:\xampp\htdocs\erp.test\system\Database\BaseConnection.php(607): CodeIgniter\Database\BaseConnection->simpleQuery('CREATE TABLE `o...')
#3 C:\xampp\htdocs\erp.test\system\Database\Forge.php(555): CodeIgniter\Database\BaseConnection->query('CREATE TABLE `o...')
#4 C:\xampp\htdocs\erp.test\app\Database\Migrations\2025-09-09-000001_outbox_and_indexes.php(47): CodeIgniter\Database\Forge->createTable('outbox_events', true)
#5 C:\xampp\htdocs\erp.test\system\Database\MigrationRunner.php(865): App\Database\Migrations\OutboxAndIndexes->up()
#6 C:\xampp\htdocs\erp.test\system\Database\MigrationRunner.php(181): CodeIgniter\Database\MigrationRunner->migrate('up', Object(stdClass))
#7 C:\xampp\htdocs\erp.test\app\Config\Events.php(75): CodeIgniter\Database\MigrationRunner->latest()
#8 C:\xampp\htdocs\erp.test\system\Events\Events.php(154): CodeIgniter\Events\Events::Config\{closure}()
#9 C:\xampp\htdocs\erp.test\system\CodeIgniter.php(442): CodeIgniter\Events\Events::trigger('pre_system')
#10 C:\xampp\htdocs\erp.test\system\CodeIgniter.php(361): CodeIgniter\CodeIgniter->handleRequest(NULL, Object(Config\Cache), false)
#11 C:\xampp\htdocs\erp.test\public\index.php(79): CodeIgniter\CodeIgniter->run()
#12 {main}
ERROR - 2025-09-10 04:10:01 --> Auto-migration failed: Invalid default value for 'created_at'
INFO - 2025-09-10 04:10:01 --> Session: Class initialized using 'CodeIgniter\Session\Handlers\FileHandler' driver.
ERROR - 2025-09-10 04:10:02 --> mysqli_sql_exception: Invalid default value for 'created_at' in C:\xampp\htdocs\erp.test\system\Database\MySQLi\Connection.php:306
Stack trace:
#0 C:\xampp\htdocs\erp.test\system\Database\MySQLi\Connection.php(306): mysqli->query('CREATE TABLE `o...', 0)
#1 C:\xampp\htdocs\erp.test\system\Database\BaseConnection.php(693): CodeIgniter\Database\MySQLi\Connection->execute('CREATE TABLE `o...')
#2 C:\xampp\htdocs\erp.test\system\Database\BaseConnection.php(607): CodeIgniter\Database\BaseConnection->simpleQuery('CREATE TABLE `o...')
#3 C:\xampp\htdocs\erp.test\system\Database\Forge.php(555): CodeIgniter\Database\BaseConnection->query('CREATE TABLE `o...')
#4 C:\xampp\htdocs\erp.test\app\Database\Migrations\2025-09-09-000001_outbox_and_indexes.php(47): CodeIgniter\Database\Forge->createTable('outbox_events', true)
#5 C:\xampp\htdocs\erp.test\system\Database\MigrationRunner.php(865): App\Database\Migrations\OutboxAndIndexes->up()
#6 C:\xampp\htdocs\erp.test\system\Database\MigrationRunner.php(181): CodeIgniter\Database\MigrationRunner->migrate('up', Object(stdClass))
#7 C:\xampp\htdocs\erp.test\app\Config\Events.php(75): CodeIgniter\Database\MigrationRunner->latest()
#8 C:\xampp\htdocs\erp.test\system\Events\Events.php(154): CodeIgniter\Events\Events::Config\{closure}()
#9 C:\xampp\htdocs\erp.test\system\CodeIgniter.php(442): CodeIgniter\Events\Events::trigger('pre_system')
#10 C:\xampp\htdocs\erp.test\system\CodeIgniter.php(361): CodeIgniter\CodeIgniter->handleRequest(NULL, Object(Config\Cache), false)
#11 C:\xampp\htdocs\erp.test\public\index.php(79): CodeIgniter\CodeIgniter->run()
#12 {main}
ERROR - 2025-09-10 04:10:02 --> Auto-migration failed: Invalid default value for 'created_at'
INFO - 2025-09-10 04:10:02 --> Session: Class initialized using 'CodeIgniter\Session\Handlers\FileHandler' driver.
ERROR - 2025-09-10 04:10:05 --> mysqli_sql_exception: Invalid default value for 'created_at' in C:\xampp\htdocs\erp.test\system\Database\MySQLi\Connection.php:306
Stack trace:
#0 C:\xampp\htdocs\erp.test\system\Database\MySQLi\Connection.php(306): mysqli->query('CREATE TABLE `o...', 0)
#1 C:\xampp\htdocs\erp.test\system\Database\BaseConnection.php(693): CodeIgniter\Database\MySQLi\Connection->execute('CREATE TABLE `o...')
#2 C:\xampp\htdocs\erp.test\system\Database\BaseConnection.php(607): CodeIgniter\Database\BaseConnection->simpleQuery('CREATE TABLE `o...')
#3 C:\xampp\htdocs\erp.test\system\Database\Forge.php(555): CodeIgniter\Database\BaseConnection->query('CREATE TABLE `o...')
#4 C:\xampp\htdocs\erp.test\app\Database\Migrations\2025-09-09-000001_outbox_and_indexes.php(47): CodeIgniter\Database\Forge->createTable('outbox_events', true)
#5 C:\xampp\htdocs\erp.test\system\Database\MigrationRunner.php(865): App\Database\Migrations\OutboxAndIndexes->up()
#6 C:\xampp\htdocs\erp.test\system\Database\MigrationRunner.php(181): CodeIgniter\Database\MigrationRunner->migrate('up', Object(stdClass))
#7 C:\xampp\htdocs\erp.test\app\Config\Events.php(75): CodeIgniter\Database\MigrationRunner->latest()
#8 C:\xampp\htdocs\erp.test\system\Events\Events.php(154): CodeIgniter\Events\Events::Config\{closure}()
#9 C:\xampp\htdocs\erp.test\system\CodeIgniter.php(442): CodeIgniter\Events\Events::trigger('pre_system')
#10 C:\xampp\htdocs\erp.test\system\CodeIgniter.php(361): CodeIgniter\CodeIgniter->handleRequest(NULL, Object(Config\Cache), false)
#11 C:\xampp\htdocs\erp.test\public\index.php(79): CodeIgniter\CodeIgniter->run()
#12 {main}
ERROR - 2025-09-10 04:10:05 --> Auto-migration failed: Invalid default value for 'created_at'
INFO - 2025-09-10 04:10:05 --> Session: Class initialized using 'CodeIgniter\Session\Handlers\FileHandler' driver.
ERROR - 2025-09-10 04:10:05 --> mysqli_sql_exception: Invalid default value for 'created_at' in C:\xampp\htdocs\erp.test\system\Database\MySQLi\Connection.php:306
Stack trace:
#0 C:\xampp\htdocs\erp.test\system\Database\MySQLi\Connection.php(306): mysqli->query('CREATE TABLE `o...', 0)
#1 C:\xampp\htdocs\erp.test\system\Database\BaseConnection.php(693): CodeIgniter\Database\MySQLi\Connection->execute('CREATE TABLE `o...')
#2 C:\xampp\htdocs\erp.test\system\Database\BaseConnection.php(607): CodeIgniter\Database\BaseConnection->simpleQuery('CREATE TABLE `o...')
#3 C:\xampp\htdocs\erp.test\system\Database\Forge.php(555): CodeIgniter\Database\BaseConnection->query('CREATE TABLE `o...')
#4 C:\xampp\htdocs\erp.test\app\Database\Migrations\2025-09-09-000001_outbox_and_indexes.php(47): CodeIgniter\Database\Forge->createTable('outbox_events', true)
#5 C:\xampp\htdocs\erp.test\system\Database\MigrationRunner.php(865): App\Database\Migrations\OutboxAndIndexes->up()
#6 C:\xampp\htdocs\erp.test\system\Database\MigrationRunner.php(181): CodeIgniter\Database\MigrationRunner->migrate('up', Object(stdClass))
#7 C:\xampp\htdocs\erp.test\app\Config\Events.php(75): CodeIgniter\Database\MigrationRunner->latest()
#8 C:\xampp\htdocs\erp.test\system\Events\Events.php(154): CodeIgniter\Events\Events::Config\{closure}()
#9 C:\xampp\htdocs\erp.test\system\CodeIgniter.php(442): CodeIgniter\Events\Events::trigger('pre_system')
#10 C:\xampp\htdocs\erp.test\system\CodeIgniter.php(361): CodeIgniter\CodeIgniter->handleRequest(NULL, Object(Config\Cache), false)
#11 C:\xampp\htdocs\erp.test\public\index.php(79): CodeIgniter\CodeIgniter->run()
#12 {main}
ERROR - 2025-09-10 04:10:05 --> Auto-migration failed: Invalid default value for 'created_at'
INFO - 2025-09-10 04:10:05 --> Session: Class initialized using 'CodeIgniter\Session\Handlers\FileHandler' driver.
ERROR - 2025-09-10 04:10:08 --> mysqli_sql_exception: Invalid default value for 'created_at' in C:\xampp\htdocs\erp.test\system\Database\MySQLi\Connection.php:306
Stack trace:
#0 C:\xampp\htdocs\erp.test\system\Database\MySQLi\Connection.php(306): mysqli->query('CREATE TABLE `o...', 0)
#1 C:\xampp\htdocs\erp.test\system\Database\BaseConnection.php(693): CodeIgniter\Database\MySQLi\Connection->execute('CREATE TABLE `o...')
#2 C:\xampp\htdocs\erp.test\system\Database\BaseConnection.php(607): CodeIgniter\Database\BaseConnection->simpleQuery('CREATE TABLE `o...')
#3 C:\xampp\htdocs\erp.test\system\Database\Forge.php(555): CodeIgniter\Database\BaseConnection->query('CREATE TABLE `o...')
#4 C:\xampp\htdocs\erp.test\app\Database\Migrations\2025-09-09-000001_outbox_and_indexes.php(47): CodeIgniter\Database\Forge->createTable('outbox_events', true)
#5 C:\xampp\htdocs\erp.test\system\Database\MigrationRunner.php(865): App\Database\Migrations\OutboxAndIndexes->up()
#6 C:\xampp\htdocs\erp.test\system\Database\MigrationRunner.php(181): CodeIgniter\Database\MigrationRunner->migrate('up', Object(stdClass))
#7 C:\xampp\htdocs\erp.test\app\Config\Events.php(75): CodeIgniter\Database\MigrationRunner->latest()
#8 C:\xampp\htdocs\erp.test\system\Events\Events.php(154): CodeIgniter\Events\Events::Config\{closure}()
#9 C:\xampp\htdocs\erp.test\system\CodeIgniter.php(442): CodeIgniter\Events\Events::trigger('pre_system')
#10 C:\xampp\htdocs\erp.test\system\CodeIgniter.php(361): CodeIgniter\CodeIgniter->handleRequest(NULL, Object(Config\Cache), false)
#11 C:\xampp\htdocs\erp.test\public\index.php(79): CodeIgniter\CodeIgniter->run()
#12 {main}
ERROR - 2025-09-10 04:10:08 --> Auto-migration failed: Invalid default value for 'created_at'
INFO - 2025-09-10 04:10:08 --> CSRF token verified.
INFO - 2025-09-10 04:10:08 --> Session: Class initialized using 'CodeIgniter\Session\Handlers\FileHandler' driver.
ERROR - 2025-09-10 04:10:08 --> mysqli_sql_exception: Invalid default value for 'created_at' in C:\xampp\htdocs\erp.test\system\Database\MySQLi\Connection.php:306
Stack trace:
#0 C:\xampp\htdocs\erp.test\system\Database\MySQLi\Connection.php(306): mysqli->query('CREATE TABLE `o...', 0)
#1 C:\xampp\htdocs\erp.test\system\Database\BaseConnection.php(693): CodeIgniter\Database\MySQLi\Connection->execute('CREATE TABLE `o...')
#2 C:\xampp\htdocs\erp.test\system\Database\BaseConnection.php(607): CodeIgniter\Database\BaseConnection->simpleQuery('CREATE TABLE `o...')
#3 C:\xampp\htdocs\erp.test\system\Database\Forge.php(555): CodeIgniter\Database\BaseConnection->query('CREATE TABLE `o...')
#4 C:\xampp\htdocs\erp.test\app\Database\Migrations\2025-09-09-000001_outbox_and_indexes.php(47): CodeIgniter\Database\Forge->createTable('outbox_events', true)
#5 C:\xampp\htdocs\erp.test\system\Database\MigrationRunner.php(865): App\Database\Migrations\OutboxAndIndexes->up()
#6 C:\xampp\htdocs\erp.test\system\Database\MigrationRunner.php(181): CodeIgniter\Database\MigrationRunner->migrate('up', Object(stdClass))
#7 C:\xampp\htdocs\erp.test\app\Config\Events.php(75): CodeIgniter\Database\MigrationRunner->latest()
#8 C:\xampp\htdocs\erp.test\system\Events\Events.php(154): CodeIgniter\Events\Events::Config\{closure}()
#9 C:\xampp\htdocs\erp.test\system\CodeIgniter.php(442): CodeIgniter\Events\Events::trigger('pre_system')
#10 C:\xampp\htdocs\erp.test\system\CodeIgniter.php(361): CodeIgniter\CodeIgniter->handleRequest(NULL, Object(Config\Cache), false)
#11 C:\xampp\htdocs\erp.test\public\index.php(79): CodeIgniter\CodeIgniter->run()
#12 {main}
ERROR - 2025-09-10 04:10:08 --> Auto-migration failed: Invalid default value for 'created_at'
INFO - 2025-09-10 04:10:08 --> Session: Class initialized using 'CodeIgniter\Session\Handlers\FileHandler' driver.
ERROR - 2025-09-10 04:10:09 --> mysqli_sql_exception: Invalid default value for 'created_at' in C:\xampp\htdocs\erp.test\system\Database\MySQLi\Connection.php:306
Stack trace:
#0 C:\xampp\htdocs\erp.test\system\Database\MySQLi\Connection.php(306): mysqli->query('CREATE TABLE `o...', 0)
#1 C:\xampp\htdocs\erp.test\system\Database\BaseConnection.php(693): CodeIgniter\Database\MySQLi\Connection->execute('CREATE TABLE `o...')
#2 C:\xampp\htdocs\erp.test\system\Database\BaseConnection.php(607): CodeIgniter\Database\BaseConnection->simpleQuery('CREATE TABLE `o...')
#3 C:\xampp\htdocs\erp.test\system\Database\Forge.php(555): CodeIgniter\Database\BaseConnection->query('CREATE TABLE `o...')
#4 C:\xampp\htdocs\erp.test\app\Database\Migrations\2025-09-09-000001_outbox_and_indexes.php(47): CodeIgniter\Database\Forge->createTable('outbox_events', true)
#5 C:\xampp\htdocs\erp.test\system\Database\MigrationRunner.php(865): App\Database\Migrations\OutboxAndIndexes->up()
#6 C:\xampp\htdocs\erp.test\system\Database\MigrationRunner.php(181): CodeIgniter\Database\MigrationRunner->migrate('up', Object(stdClass))
#7 C:\xampp\htdocs\erp.test\app\Config\Events.php(75): CodeIgniter\Database\MigrationRunner->latest()
#8 C:\xampp\htdocs\erp.test\system\Events\Events.php(154): CodeIgniter\Events\Events::Config\{closure}()
#9 C:\xampp\htdocs\erp.test\system\CodeIgniter.php(442): CodeIgniter\Events\Events::trigger('pre_system')
#10 C:\xampp\htdocs\erp.test\system\CodeIgniter.php(361): CodeIgniter\CodeIgniter->handleRequest(NULL, Object(Config\Cache), false)
#11 C:\xampp\htdocs\erp.test\public\index.php(79): CodeIgniter\CodeIgniter->run()
#12 {main}
ERROR - 2025-09-10 04:10:09 --> Auto-migration failed: Invalid default value for 'created_at'
INFO - 2025-09-10 04:10:09 --> Session: Class initialized using 'CodeIgniter\Session\Handlers\FileHandler' driver.
ERROR - 2025-09-10 04:10:10 --> mysqli_sql_exception: Invalid default value for 'created_at' in C:\xampp\htdocs\erp.test\system\Database\MySQLi\Connection.php:306
Stack trace:
#0 C:\xampp\htdocs\erp.test\system\Database\MySQLi\Connection.php(306): mysqli->query('CREATE TABLE `o...', 0)
#1 C:\xampp\htdocs\erp.test\system\Database\BaseConnection.php(693): CodeIgniter\Database\MySQLi\Connection->execute('CREATE TABLE `o...')
#2 C:\xampp\htdocs\erp.test\system\Database\BaseConnection.php(607): CodeIgniter\Database\BaseConnection->simpleQuery('CREATE TABLE `o...')
#3 C:\xampp\htdocs\erp.test\system\Database\Forge.php(555): CodeIgniter\Database\BaseConnection->query('CREATE TABLE `o...')
#4 C:\xampp\htdocs\erp.test\app\Database\Migrations\2025-09-09-000001_outbox_and_indexes.php(47): CodeIgniter\Database\Forge->createTable('outbox_events', true)
#5 C:\xampp\htdocs\erp.test\system\Database\MigrationRunner.php(865): App\Database\Migrations\OutboxAndIndexes->up()
#6 C:\xampp\htdocs\erp.test\system\Database\MigrationRunner.php(181): CodeIgniter\Database\MigrationRunner->migrate('up', Object(stdClass))
#7 C:\xampp\htdocs\erp.test\app\Config\Events.php(75): CodeIgniter\Database\MigrationRunner->latest()
#8 C:\xampp\htdocs\erp.test\system\Events\Events.php(154): CodeIgniter\Events\Events::Config\{closure}()
#9 C:\xampp\htdocs\erp.test\system\CodeIgniter.php(442): CodeIgniter\Events\Events::trigger('pre_system')
#10 C:\xampp\htdocs\erp.test\system\CodeIgniter.php(361): CodeIgniter\CodeIgniter->handleRequest(NULL, Object(Config\Cache), false)
#11 C:\xampp\htdocs\erp.test\public\index.php(79): CodeIgniter\CodeIgniter->run()
#12 {main}
ERROR - 2025-09-10 04:10:10 --> Auto-migration failed: Invalid default value for 'created_at'
INFO - 2025-09-10 04:10:10 --> Session: Class initialized using 'CodeIgniter\Session\Handlers\FileHandler' driver.
ERROR - 2025-09-10 04:10:11 --> mysqli_sql_exception: Invalid default value for 'created_at' in C:\xampp\htdocs\erp.test\system\Database\MySQLi\Connection.php:306
Stack trace:
#0 C:\xampp\htdocs\erp.test\system\Database\MySQLi\Connection.php(306): mysqli->query('CREATE TABLE `o...', 0)
#1 C:\xampp\htdocs\erp.test\system\Database\BaseConnection.php(693): CodeIgniter\Database\MySQLi\Connection->execute('CREATE TABLE `o...')
#2 C:\xampp\htdocs\erp.test\system\Database\BaseConnection.php(607): CodeIgniter\Database\BaseConnection->simpleQuery('CREATE TABLE `o...')
#3 C:\xampp\htdocs\erp.test\system\Database\Forge.php(555): CodeIgniter\Database\BaseConnection->query('CREATE TABLE `o...')
#4 C:\xampp\htdocs\erp.test\app\Database\Migrations\2025-09-09-000001_outbox_and_indexes.php(47): CodeIgniter\Database\Forge->createTable('outbox_events', true)
#5 C:\xampp\htdocs\erp.test\system\Database\MigrationRunner.php(865): App\Database\Migrations\OutboxAndIndexes->up()
#6 C:\xampp\htdocs\erp.test\system\Database\MigrationRunner.php(181): CodeIgniter\Database\MigrationRunner->migrate('up', Object(stdClass))
#7 C:\xampp\htdocs\erp.test\app\Config\Events.php(75): CodeIgniter\Database\MigrationRunner->latest()
#8 C:\xampp\htdocs\erp.test\system\Events\Events.php(154): CodeIgniter\Events\Events::Config\{closure}()
#9 C:\xampp\htdocs\erp.test\system\CodeIgniter.php(442): CodeIgniter\Events\Events::trigger('pre_system')
#10 C:\xampp\htdocs\erp.test\system\CodeIgniter.php(361): CodeIgniter\CodeIgniter->handleRequest(NULL, Object(Config\Cache), false)
#11 C:\xampp\htdocs\erp.test\public\index.php(79): CodeIgniter\CodeIgniter->run()
#12 {main}
ERROR - 2025-09-10 04:10:11 --> Auto-migration failed: Invalid default value for 'created_at'
INFO - 2025-09-10 04:10:11 --> Session: Class initialized using 'CodeIgniter\Session\Handlers\FileHandler' driver.
ERROR - 2025-09-10 04:10:13 --> mysqli_sql_exception: Invalid default value for 'created_at' in C:\xampp\htdocs\erp.test\system\Database\MySQLi\Connection.php:306
Stack trace:
#0 C:\xampp\htdocs\erp.test\system\Database\MySQLi\Connection.php(306): mysqli->query('CREATE TABLE `o...', 0)
#1 C:\xampp\htdocs\erp.test\system\Database\BaseConnection.php(693): CodeIgniter\Database\MySQLi\Connection->execute('CREATE TABLE `o...')
#2 C:\xampp\htdocs\erp.test\system\Database\BaseConnection.php(607): CodeIgniter\Database\BaseConnection->simpleQuery('CREATE TABLE `o...')
#3 C:\xampp\htdocs\erp.test\system\Database\Forge.php(555): CodeIgniter\Database\BaseConnection->query('CREATE TABLE `o...')
#4 C:\xampp\htdocs\erp.test\app\Database\Migrations\2025-09-09-000001_outbox_and_indexes.php(47): CodeIgniter\Database\Forge->createTable('outbox_events', true)
#5 C:\xampp\htdocs\erp.test\system\Database\MigrationRunner.php(865): App\Database\Migrations\OutboxAndIndexes->up()
#6 C:\xampp\htdocs\erp.test\system\Database\MigrationRunner.php(181): CodeIgniter\Database\MigrationRunner->migrate('up', Object(stdClass))
#7 C:\xampp\htdocs\erp.test\app\Config\Events.php(75): CodeIgniter\Database\MigrationRunner->latest()
#8 C:\xampp\htdocs\erp.test\system\Events\Events.php(154): CodeIgniter\Events\Events::Config\{closure}()
#9 C:\xampp\htdocs\erp.test\system\CodeIgniter.php(442): CodeIgniter\Events\Events::trigger('pre_system')
#10 C:\xampp\htdocs\erp.test\system\CodeIgniter.php(361): CodeIgniter\CodeIgniter->handleRequest(NULL, Object(Config\Cache), false)
#11 C:\xampp\htdocs\erp.test\public\index.php(79): CodeIgniter\CodeIgniter->run()
#12 {main}
ERROR - 2025-09-10 04:10:13 --> Auto-migration failed: Invalid default value for 'created_at'
INFO - 2025-09-10 04:10:13 --> Session: Class initialized using 'CodeIgniter\Session\Handlers\FileHandler' driver.
ERROR - 2025-09-10 04:18:01 --> mysqli_sql_exception: Invalid default value for 'created_at' in C:\xampp\htdocs\erp.test\system\Database\MySQLi\Connection.php:306
Stack trace:
#0 C:\xampp\htdocs\erp.test\system\Database\MySQLi\Connection.php(306): mysqli->query('CREATE TABLE `o...', 0)
#1 C:\xampp\htdocs\erp.test\system\Database\BaseConnection.php(693): CodeIgniter\Database\MySQLi\Connection->execute('CREATE TABLE `o...')
#2 C:\xampp\htdocs\erp.test\system\Database\BaseConnection.php(607): CodeIgniter\Database\BaseConnection->simpleQuery('CREATE TABLE `o...')
#3 C:\xampp\htdocs\erp.test\system\Database\Forge.php(555): CodeIgniter\Database\BaseConnection->query('CREATE TABLE `o...')
#4 C:\xampp\htdocs\erp.test\app\Database\Migrations\2025-09-09-000001_outbox_and_indexes.php(47): CodeIgniter\Database\Forge->createTable('outbox_events', true)
#5 C:\xampp\htdocs\erp.test\system\Database\MigrationRunner.php(865): App\Database\Migrations\OutboxAndIndexes->up()
#6 C:\xampp\htdocs\erp.test\system\Database\MigrationRunner.php(181): CodeIgniter\Database\MigrationRunner->migrate('up', Object(stdClass))
#7 C:\xampp\htdocs\erp.test\app\Config\Events.php(75): CodeIgniter\Database\MigrationRunner->latest()
#8 C:\xampp\htdocs\erp.test\system\Events\Events.php(154): CodeIgniter\Events\Events::Config\{closure}()
#9 C:\xampp\htdocs\erp.test\system\CodeIgniter.php(442): CodeIgniter\Events\Events::trigger('pre_system')
#10 C:\xampp\htdocs\erp.test\system\CodeIgniter.php(361): CodeIgniter\CodeIgniter->handleRequest(NULL, Object(Config\Cache), false)
#11 C:\xampp\htdocs\erp.test\public\index.php(79): CodeIgniter\CodeIgniter->run()
#12 {main}
ERROR - 2025-09-10 04:18:01 --> Auto-migration failed: Invalid default value for 'created_at'
INFO - 2025-09-10 04:18:07 --> Session: Class initialized using 'CodeIgniter\Session\Handlers\FileHandler' driver.
ERROR - 2025-09-10 04:18:23 --> mysqli_sql_exception: Invalid default value for 'created_at' in C:\xampp\htdocs\erp.test\system\Database\MySQLi\Connection.php:306
Stack trace:
#0 C:\xampp\htdocs\erp.test\system\Database\MySQLi\Connection.php(306): mysqli->query('CREATE TABLE `o...', 0)
#1 C:\xampp\htdocs\erp.test\system\Database\BaseConnection.php(693): CodeIgniter\Database\MySQLi\Connection->execute('CREATE TABLE `o...')
#2 C:\xampp\htdocs\erp.test\system\Database\BaseConnection.php(607): CodeIgniter\Database\BaseConnection->simpleQuery('CREATE TABLE `o...')
#3 C:\xampp\htdocs\erp.test\system\Database\Forge.php(555): CodeIgniter\Database\BaseConnection->query('CREATE TABLE `o...')
#4 C:\xampp\htdocs\erp.test\app\Database\Migrations\2025-09-09-000001_outbox_and_indexes.php(47): CodeIgniter\Database\Forge->createTable('outbox_events', true)
#5 C:\xampp\htdocs\erp.test\system\Database\MigrationRunner.php(865): App\Database\Migrations\OutboxAndIndexes->up()
#6 C:\xampp\htdocs\erp.test\system\Database\MigrationRunner.php(181): CodeIgniter\Database\MigrationRunner->migrate('up', Object(stdClass))
#7 C:\xampp\htdocs\erp.test\app\Config\Events.php(75): CodeIgniter\Database\MigrationRunner->latest()
#8 C:\xampp\htdocs\erp.test\system\Events\Events.php(154): CodeIgniter\Events\Events::Config\{closure}()
#9 C:\xampp\htdocs\erp.test\system\CodeIgniter.php(442): CodeIgniter\Events\Events::trigger('pre_system')
#10 C:\xampp\htdocs\erp.test\system\CodeIgniter.php(361): CodeIgniter\CodeIgniter->handleRequest(NULL, Object(Config\Cache), false)
#11 C:\xampp\htdocs\erp.test\public\index.php(79): CodeIgniter\CodeIgniter->run()
#12 {main}
ERROR - 2025-09-10 04:18:23 --> Auto-migration failed: Invalid default value for 'created_at'
INFO - 2025-09-10 04:18:23 --> Session: Class initialized using 'CodeIgniter\Session\Handlers\FileHandler' driver.
ERROR - 2025-09-10 04:20:20 --> mysqli_sql_exception: Invalid default value for 'created_at' in C:\xampp\htdocs\erp.test\system\Database\MySQLi\Connection.php:306
Stack trace:
#0 C:\xampp\htdocs\erp.test\system\Database\MySQLi\Connection.php(306): mysqli->query('CREATE TABLE `o...', 0)
#1 C:\xampp\htdocs\erp.test\system\Database\BaseConnection.php(693): CodeIgniter\Database\MySQLi\Connection->execute('CREATE TABLE `o...')
#2 C:\xampp\htdocs\erp.test\system\Database\BaseConnection.php(607): CodeIgniter\Database\BaseConnection->simpleQuery('CREATE TABLE `o...')
#3 C:\xampp\htdocs\erp.test\system\Database\Forge.php(555): CodeIgniter\Database\BaseConnection->query('CREATE TABLE `o...')
#4 C:\xampp\htdocs\erp.test\app\Database\Migrations\2025-09-09-000001_outbox_and_indexes.php(47): CodeIgniter\Database\Forge->createTable('outbox_events', true)
#5 C:\xampp\htdocs\erp.test\system\Database\MigrationRunner.php(865): App\Database\Migrations\OutboxAndIndexes->up()
#6 C:\xampp\htdocs\erp.test\system\Database\MigrationRunner.php(181): CodeIgniter\Database\MigrationRunner->migrate('up', Object(stdClass))
#7 C:\xampp\htdocs\erp.test\system\Commands\Database\Migrate.php(84): CodeIgniter\Database\MigrationRunner->latest(NULL)
#8 C:\xampp\htdocs\erp.test\system\CLI\Commands.php(65): CodeIgniter\Commands\Database\Migrate->run(Array)
#9 C:\xampp\htdocs\erp.test\system\CLI\Console.php(46): CodeIgniter\CLI\Commands->run('migrate', Array)
#10 C:\xampp\htdocs\erp.test\spark(102): CodeIgniter\CLI\Console->run()
#11 {main}
ERROR - 2025-09-10 04:20:54 --> mysqli_sql_exception: Invalid default value for 'created_at' in C:\xampp\htdocs\erp.test\system\Database\MySQLi\Connection.php:306
Stack trace:
#0 C:\xampp\htdocs\erp.test\system\Database\MySQLi\Connection.php(306): mysqli->query('CREATE TABLE `o...', 0)
#1 C:\xampp\htdocs\erp.test\system\Database\BaseConnection.php(693): CodeIgniter\Database\MySQLi\Connection->execute('CREATE TABLE `o...')
#2 C:\xampp\htdocs\erp.test\system\Database\BaseConnection.php(607): CodeIgniter\Database\BaseConnection->simpleQuery('CREATE TABLE `o...')
#3 C:\xampp\htdocs\erp.test\system\Database\Forge.php(555): CodeIgniter\Database\BaseConnection->query('CREATE TABLE `o...')
#4 C:\xampp\htdocs\erp.test\app\Database\Migrations\2025-09-09-000001_outbox_and_indexes.php(47): CodeIgniter\Database\Forge->createTable('outbox_events', true)
#5 C:\xampp\htdocs\erp.test\system\Database\MigrationRunner.php(865): App\Database\Migrations\OutboxAndIndexes->up()
#6 C:\xampp\htdocs\erp.test\system\Database\MigrationRunner.php(181): CodeIgniter\Database\MigrationRunner->migrate('up', Object(stdClass))
#7 C:\xampp\htdocs\erp.test\system\Commands\Database\Migrate.php(84): CodeIgniter\Database\MigrationRunner->latest(NULL)
#8 C:\xampp\htdocs\erp.test\system\CLI\Commands.php(65): CodeIgniter\Commands\Database\Migrate->run(Array)
#9 C:\xampp\htdocs\erp.test\system\CLI\Console.php(46): CodeIgniter\CLI\Commands->run('migrate', Array)
#10 C:\xampp\htdocs\erp.test\spark(102): CodeIgniter\CLI\Console->run()
#11 {main}
INFO - 2025-09-10 04:30:57 --> Session: Class initialized using 'CodeIgniter\Session\Handlers\FileHandler' driver.
INFO - 2025-09-10 04:31:05 --> Session: Class initialized using 'CodeIgniter\Session\Handlers\FileHandler' driver.
INFO - 2025-09-10 04:31:05 --> Session: Class initialized using 'CodeIgniter\Session\Handlers\FileHandler' driver.
INFO - 2025-09-10 04:31:07 --> CSRF token verified.
INFO - 2025-09-10 04:31:07 --> Session: Class initialized using 'CodeIgniter\Session\Handlers\FileHandler' driver.
INFO - 2025-09-10 04:31:08 --> Session: Class initialized using 'CodeIgniter\Session\Handlers\FileHandler' driver.
INFO - 2025-09-10 04:31:10 --> Session: Class initialized using 'CodeIgniter\Session\Handlers\FileHandler' driver.
INFO - 2025-09-10 04:31:12 --> Session: Class initialized using 'CodeIgniter\Session\Handlers\FileHandler' driver.
INFO - 2025-09-10 04:31:25 --> Session: Class initialized using 'CodeIgniter\Session\Handlers\FileHandler' driver.
INFO - 2025-09-10 04:31:26 --> Session: Class initialized using 'CodeIgniter\Session\Handlers\FileHandler' driver.
INFO - 2025-09-10 04:31:28 --> Session: Class initialized using 'CodeIgniter\Session\Handlers\FileHandler' driver.
INFO - 2025-09-10 04:31:29 --> Session: Class initialized using 'CodeIgniter\Session\Handlers\FileHandler' driver.
INFO - 2025-09-10 04:31:31 --> Session: Class initialized using 'CodeIgniter\Session\Handlers\FileHandler' driver.
INFO - 2025-09-10 04:31:33 --> Session: Class initialized using 'CodeIgniter\Session\Handlers\FileHandler' driver.
INFO - 2025-09-10 04:31:33 --> Session: Class initialized using 'CodeIgniter\Session\Handlers\FileHandler' driver.
INFO - 2025-09-10 04:31:39 --> CSRF token verified.
INFO - 2025-09-10 04:31:39 --> Session: Class initialized using 'CodeIgniter\Session\Handlers\FileHandler' driver.
INFO - 2025-09-10 04:31:39 --> Session: Class initialized using 'CodeIgniter\Session\Handlers\FileHandler' driver.
INFO - 2025-09-10 04:31:40 --> Session: Class initialized using 'CodeIgniter\Session\Handlers\FileHandler' driver.
INFO - 2025-09-10 04:31:42 --> Session: Class initialized using 'CodeIgniter\Session\Handlers\FileHandler' driver.
ERROR - 2025-09-10 04:32:42 --> Error connecting to the database: mysqli_sql_exception: Nenhuma conexão pôde ser feita porque a máquina de destino as recusou ativamente in C:\xampp\htdocs\erp.test\system\Database\MySQLi\Connection.php:184
Stack trace:
#0 C:\xampp\htdocs\erp.test\system\Database\MySQLi\Connection.php(184): mysqli->real_connect('127.0.0.1', 'root', Object(SensitiveParameterValue), 'erp_test', 3306, '', 0)
#1 C:\xampp\htdocs\erp.test\system\Database\BaseConnection.php(392): CodeIgniter\Database\MySQLi\Connection->connect(false)
#2 C:\xampp\htdocs\erp.test\app\Config\Events.php(68): CodeIgniter\Database\BaseConnection->initialize()
#3 C:\xampp\htdocs\erp.test\system\Events\Events.php(154): CodeIgniter\Events\Events::Config\{closure}()
#4 C:\xampp\htdocs\erp.test\system\CodeIgniter.php(442): CodeIgniter\Events\Events::trigger('pre_system')
#5 C:\xampp\htdocs\erp.test\system\CodeIgniter.php(361): CodeIgniter\CodeIgniter->handleRequest(NULL, Object(Config\Cache), false)
#6 C:\xampp\htdocs\erp.test\public\index.php(79): CodeIgniter\CodeIgniter->run()
#7 {main}

Next CodeIgniter\Database\Exceptions\DatabaseException: Nenhuma conexão pôde ser feita porque a máquina de destino as recusou ativamente in C:\xampp\htdocs\erp.test\system\Database\MySQLi\Connection.php:229
Stack trace:
#0 C:\xampp\htdocs\erp.test\system\Database\BaseConnection.php(392): CodeIgniter\Database\MySQLi\Connection->connect(false)
#1 C:\xampp\htdocs\erp.test\app\Config\Events.php(68): CodeIgniter\Database\BaseConnection->initialize()
#2 C:\xampp\htdocs\erp.test\system\Events\Events.php(154): CodeIgniter\Events\Events::Config\{closure}()
#3 C:\xampp\htdocs\erp.test\system\CodeIgniter.php(442): CodeIgniter\Events\Events::trigger('pre_system')
#4 C:\xampp\htdocs\erp.test\system\CodeIgniter.php(361): CodeIgniter\CodeIgniter->handleRequest(NULL, Object(Config\Cache), false)
#5 C:\xampp\htdocs\erp.test\public\index.php(79): CodeIgniter\CodeIgniter->run()
#6 {main}
ERROR - 2025-09-10 04:32:42 --> Auto-migration failed: Unable to connect to the database.
Main connection [MySQLi]: Nenhuma conexão pôde ser feita porque a máquina de destino as recusou ativamente
INFO - 2025-09-10 04:32:42 --> Session: Class initialized using 'CodeIgniter\Session\Handlers\FileHandler' driver.
ERROR - 2025-09-10 04:32:44 --> Error connecting to the database: mysqli_sql_exception: Nenhuma conexão pôde ser feita porque a máquina de destino as recusou ativamente in C:\xampp\htdocs\erp.test\system\Database\MySQLi\Connection.php:184
Stack trace:
#0 C:\xampp\htdocs\erp.test\system\Database\MySQLi\Connection.php(184): mysqli->real_connect('127.0.0.1', 'root', Object(SensitiveParameterValue), 'erp_test', 3306, '', 0)
#1 C:\xampp\htdocs\erp.test\system\Database\BaseConnection.php(392): CodeIgniter\Database\MySQLi\Connection->connect(false)
#2 C:\xampp\htdocs\erp.test\system\Database\BaseConnection.php(575): CodeIgniter\Database\BaseConnection->initialize()
#3 C:\xampp\htdocs\erp.test\system\Database\BaseBuilder.php(1616): CodeIgniter\Database\BaseConnection->query('SELECT *\nFROM `...', Array, false)
#4 C:\xampp\htdocs\erp.test\system\Model.php(242): CodeIgniter\Database\BaseBuilder->get()
#5 C:\xampp\htdocs\erp.test\system\BaseModel.php(638): CodeIgniter\Model->doFindAll(0, 0)
#6 C:\xampp\htdocs\erp.test\app\Controllers\Empresas.php(118): CodeIgniter\BaseModel->findAll()
#7 C:\xampp\htdocs\erp.test\system\CodeIgniter.php(941): App\Controllers\Empresas->create()
#8 C:\xampp\htdocs\erp.test\system\CodeIgniter.php(502): CodeIgniter\CodeIgniter->runController(Object(App\Controllers\Empresas))
#9 C:\xampp\htdocs\erp.test\system\CodeIgniter.php(361): CodeIgniter\CodeIgniter->handleRequest(NULL, Object(Config\Cache), false)
#10 C:\xampp\htdocs\erp.test\public\index.php(79): CodeIgniter\CodeIgniter->run()
#11 {main}

Next CodeIgniter\Database\Exceptions\DatabaseException: Nenhuma conexão pôde ser feita porque a máquina de destino as recusou ativamente in C:\xampp\htdocs\erp.test\system\Database\MySQLi\Connection.php:229
Stack trace:
#0 C:\xampp\htdocs\erp.test\system\Database\BaseConnection.php(392): CodeIgniter\Database\MySQLi\Connection->connect(false)
#1 C:\xampp\htdocs\erp.test\system\Database\BaseConnection.php(575): CodeIgniter\Database\BaseConnection->initialize()
#2 C:\xampp\htdocs\erp.test\system\Database\BaseBuilder.php(1616): CodeIgniter\Database\BaseConnection->query('SELECT *\nFROM `...', Array, false)
#3 C:\xampp\htdocs\erp.test\system\Model.php(242): CodeIgniter\Database\BaseBuilder->get()
#4 C:\xampp\htdocs\erp.test\system\BaseModel.php(638): CodeIgniter\Model->doFindAll(0, 0)
#5 C:\xampp\htdocs\erp.test\app\Controllers\Empresas.php(118): CodeIgniter\BaseModel->findAll()
#6 C:\xampp\htdocs\erp.test\system\CodeIgniter.php(941): App\Controllers\Empresas->create()
#7 C:\xampp\htdocs\erp.test\system\CodeIgniter.php(502): CodeIgniter\CodeIgniter->runController(Object(App\Controllers\Empresas))
#8 C:\xampp\htdocs\erp.test\system\CodeIgniter.php(361): CodeIgniter\CodeIgniter->handleRequest(NULL, Object(Config\Cache), false)
#9 C:\xampp\htdocs\erp.test\public\index.php(79): CodeIgniter\CodeIgniter->run()
#10 {main}
CRITICAL - 2025-09-10 04:32:44 --> CodeIgniter\Database\Exceptions\DatabaseException: Unable to connect to the database.
Main connection [MySQLi]: Nenhuma conexão pôde ser feita porque a máquina de destino as recusou ativamente
in SYSTEMPATH\Database\BaseConnection.php on line 428.
 1 SYSTEMPATH\Database\BaseConnection.php(575): CodeIgniter\Database\BaseConnection->initialize()
 2 SYSTEMPATH\Database\BaseBuilder.php(1616): CodeIgniter\Database\BaseConnection->query('SELECT *
FROM `ufs`', [], false)
 3 SYSTEMPATH\Model.php(242): CodeIgniter\Database\BaseBuilder->get()
 4 SYSTEMPATH\BaseModel.php(638): CodeIgniter\Model->doFindAll(0, 0)
 5 APPPATH\Controllers\Empresas.php(118): CodeIgniter\BaseModel->findAll()
 6 SYSTEMPATH\CodeIgniter.php(941): App\Controllers\Empresas->create()
 7 SYSTEMPATH\CodeIgniter.php(502): CodeIgniter\CodeIgniter->runController(Object(App\Controllers\Empresas))
 8 SYSTEMPATH\CodeIgniter.php(361): CodeIgniter\CodeIgniter->handleRequest(null, Object(Config\Cache), false)
 9 FCPATH\index.php(79): CodeIgniter\CodeIgniter->run()
CRITICAL - 2025-09-10 04:32:44 --> ErrorException: Uncaught TypeError: htmlspecialchars(): Argument #1 ($string) must be of type string, resource given in C:\xampp\htdocs\erp.test\app\Views\errors\html\error_exception.php:182
Stack trace:
#0 C:\xampp\htdocs\erp.test\app\Views\errors\html\error_exception.php(182): htmlspecialchars(Resource id #42, 8, 'UTF-8')
#1 C:\xampp\htdocs\erp.test\system\Debug\BaseExceptionHandler.php(258): include('C:\\xampp\\htdocs...')
#2 C:\xampp\htdocs\erp.test\system\Debug\BaseExceptionHandler.php(261): CodeIgniter\Debug\BaseExceptionHandler->CodeIgniter\Debug\{closure}()
#3 C:\xampp\htdocs\erp.test\system\Debug\ExceptionHandler.php(112): CodeIgniter\Debug\BaseExceptionHandler->render(Object(CodeIgniter\Database\Exceptions\DatabaseException), 500, 'C:\\xampp\\htdocs...')
#4 C:\xampp\htdocs\erp.test\system\Debug\Exceptions.php(156): CodeIgniter\Debug\ExceptionHandler->handle(Object(CodeIgniter\Database\Exceptions\DatabaseException), Object(CodeIgniter\HTTP\IncomingRequest), Object(CodeIgniter\HTTP\Response), 500, 8)
#5 [internal function]: CodeIgniter\Debug\Exceptions->exceptionHandler(Object(CodeIgniter\Database\Exceptions\DatabaseException))
#6 {main}
  thrown
【Previous Exception】
CodeIgniter\Database\Exceptions\DatabaseException
Unable to connect to the database.
Main connection [MySQLi]: Nenhuma conexão pôde ser feita porque a máquina de destino as recusou ativamente
#0 C:\xampp\htdocs\erp.test\system\Database\BaseConnection.php(575): CodeIgniter\Database\BaseConnection->initialize()
#1 C:\xampp\htdocs\erp.test\system\Database\BaseBuilder.php(1616): CodeIgniter\Database\BaseConnection->query('SELECT *\nFROM `...', Array, false)
#2 C:\xampp\htdocs\erp.test\system\Model.php(242): CodeIgniter\Database\BaseBuilder->get()
#3 C:\xampp\htdocs\erp.test\system\BaseModel.php(638): CodeIgniter\Model->doFindAll(0, 0)
#4 C:\xampp\htdocs\erp.test\app\Controllers\Empresas.php(118): CodeIgniter\BaseModel->findAll()
#5 C:\xampp\htdocs\erp.test\system\CodeIgniter.php(941): App\Controllers\Empresas->create()
#6 C:\xampp\htdocs\erp.test\system\CodeIgniter.php(502): CodeIgniter\CodeIgniter->runController(Object(App\Controllers\Empresas))
#7 C:\xampp\htdocs\erp.test\system\CodeIgniter.php(361): CodeIgniter\CodeIgniter->handleRequest(NULL, Object(Config\Cache), false)
#8 C:\xampp\htdocs\erp.test\public\index.php(79): CodeIgniter\CodeIgniter->run()
#9 {main}
in APPPATH\Views\errors\html\error_exception.php on line 182.
 1 [internal function]: CodeIgniter\Debug\Exceptions->shutdownHandler()
ERROR - 2025-09-10 04:36:51 --> Error connecting to the database: mysqli_sql_exception: Nenhuma conexão pôde ser feita porque a máquina de destino as recusou ativamente in C:\xampp\htdocs\erp.test\system\Database\MySQLi\Connection.php:184
Stack trace:
#0 C:\xampp\htdocs\erp.test\system\Database\MySQLi\Connection.php(184): mysqli->real_connect('127.0.0.1', 'root', Object(SensitiveParameterValue), 'erp_test', 3306, '', 0)
#1 C:\xampp\htdocs\erp.test\system\Database\BaseConnection.php(392): CodeIgniter\Database\MySQLi\Connection->connect(false)
#2 C:\xampp\htdocs\erp.test\app\Config\Events.php(68): CodeIgniter\Database\BaseConnection->initialize()
#3 C:\xampp\htdocs\erp.test\system\Events\Events.php(154): CodeIgniter\Events\Events::Config\{closure}()
#4 C:\xampp\htdocs\erp.test\system\CodeIgniter.php(442): CodeIgniter\Events\Events::trigger('pre_system')
#5 C:\xampp\htdocs\erp.test\system\CodeIgniter.php(361): CodeIgniter\CodeIgniter->handleRequest(NULL, Object(Config\Cache), false)
#6 C:\xampp\htdocs\erp.test\public\index.php(79): CodeIgniter\CodeIgniter->run()
#7 {main}

Next CodeIgniter\Database\Exceptions\DatabaseException: Nenhuma conexão pôde ser feita porque a máquina de destino as recusou ativamente in C:\xampp\htdocs\erp.test\system\Database\MySQLi\Connection.php:229
Stack trace:
#0 C:\xampp\htdocs\erp.test\system\Database\BaseConnection.php(392): CodeIgniter\Database\MySQLi\Connection->connect(false)
#1 C:\xampp\htdocs\erp.test\app\Config\Events.php(68): CodeIgniter\Database\BaseConnection->initialize()
#2 C:\xampp\htdocs\erp.test\system\Events\Events.php(154): CodeIgniter\Events\Events::Config\{closure}()
#3 C:\xampp\htdocs\erp.test\system\CodeIgniter.php(442): CodeIgniter\Events\Events::trigger('pre_system')
#4 C:\xampp\htdocs\erp.test\system\CodeIgniter.php(361): CodeIgniter\CodeIgniter->handleRequest(NULL, Object(Config\Cache), false)
#5 C:\xampp\htdocs\erp.test\public\index.php(79): CodeIgniter\CodeIgniter->run()
#6 {main}
ERROR - 2025-09-10 04:36:51 --> Auto-migration failed: Unable to connect to the database.
Main connection [MySQLi]: Nenhuma conexão pôde ser feita porque a máquina de destino as recusou ativamente
INFO - 2025-09-10 04:36:51 --> Session: Class initialized using 'CodeIgniter\Session\Handlers\FileHandler' driver.
ERROR - 2025-09-10 04:36:53 --> Error connecting to the database: mysqli_sql_exception: Nenhuma conexão pôde ser feita porque a máquina de destino as recusou ativamente in C:\xampp\htdocs\erp.test\system\Database\MySQLi\Connection.php:184
Stack trace:
#0 C:\xampp\htdocs\erp.test\system\Database\MySQLi\Connection.php(184): mysqli->real_connect('127.0.0.1', 'root', Object(SensitiveParameterValue), 'erp_test', 3306, '', 0)
#1 C:\xampp\htdocs\erp.test\system\Database\BaseConnection.php(392): CodeIgniter\Database\MySQLi\Connection->connect(false)
#2 C:\xampp\htdocs\erp.test\system\Database\BaseConnection.php(575): CodeIgniter\Database\BaseConnection->initialize()
#3 C:\xampp\htdocs\erp.test\system\Database\BaseBuilder.php(1616): CodeIgniter\Database\BaseConnection->query('SELECT *\nFROM `...', Array, false)
#4 C:\xampp\htdocs\erp.test\system\Model.php(242): CodeIgniter\Database\BaseBuilder->get()
#5 C:\xampp\htdocs\erp.test\system\BaseModel.php(638): CodeIgniter\Model->doFindAll(0, 0)
#6 C:\xampp\htdocs\erp.test\app\Controllers\Empresas.php(118): CodeIgniter\BaseModel->findAll()
#7 C:\xampp\htdocs\erp.test\system\CodeIgniter.php(941): App\Controllers\Empresas->create()
#8 C:\xampp\htdocs\erp.test\system\CodeIgniter.php(502): CodeIgniter\CodeIgniter->runController(Object(App\Controllers\Empresas))
#9 C:\xampp\htdocs\erp.test\system\CodeIgniter.php(361): CodeIgniter\CodeIgniter->handleRequest(NULL, Object(Config\Cache), false)
#10 C:\xampp\htdocs\erp.test\public\index.php(79): CodeIgniter\CodeIgniter->run()
#11 {main}

Next CodeIgniter\Database\Exceptions\DatabaseException: Nenhuma conexão pôde ser feita porque a máquina de destino as recusou ativamente in C:\xampp\htdocs\erp.test\system\Database\MySQLi\Connection.php:229
Stack trace:
#0 C:\xampp\htdocs\erp.test\system\Database\BaseConnection.php(392): CodeIgniter\Database\MySQLi\Connection->connect(false)
#1 C:\xampp\htdocs\erp.test\system\Database\BaseConnection.php(575): CodeIgniter\Database\BaseConnection->initialize()
#2 C:\xampp\htdocs\erp.test\system\Database\BaseBuilder.php(1616): CodeIgniter\Database\BaseConnection->query('SELECT *\nFROM `...', Array, false)
#3 C:\xampp\htdocs\erp.test\system\Model.php(242): CodeIgniter\Database\BaseBuilder->get()
#4 C:\xampp\htdocs\erp.test\system\BaseModel.php(638): CodeIgniter\Model->doFindAll(0, 0)
#5 C:\xampp\htdocs\erp.test\app\Controllers\Empresas.php(118): CodeIgniter\BaseModel->findAll()
#6 C:\xampp\htdocs\erp.test\system\CodeIgniter.php(941): App\Controllers\Empresas->create()
#7 C:\xampp\htdocs\erp.test\system\CodeIgniter.php(502): CodeIgniter\CodeIgniter->runController(Object(App\Controllers\Empresas))
#8 C:\xampp\htdocs\erp.test\system\CodeIgniter.php(361): CodeIgniter\CodeIgniter->handleRequest(NULL, Object(Config\Cache), false)
#9 C:\xampp\htdocs\erp.test\public\index.php(79): CodeIgniter\CodeIgniter->run()
#10 {main}
CRITICAL - 2025-09-10 04:36:53 --> CodeIgniter\Database\Exceptions\DatabaseException: Unable to connect to the database.
Main connection [MySQLi]: Nenhuma conexão pôde ser feita porque a máquina de destino as recusou ativamente
in SYSTEMPATH\Database\BaseConnection.php on line 428.
 1 SYSTEMPATH\Database\BaseConnection.php(575): CodeIgniter\Database\BaseConnection->initialize()
 2 SYSTEMPATH\Database\BaseBuilder.php(1616): CodeIgniter\Database\BaseConnection->query('SELECT *
FROM `ufs`', [], false)
 3 SYSTEMPATH\Model.php(242): CodeIgniter\Database\BaseBuilder->get()
 4 SYSTEMPATH\BaseModel.php(638): CodeIgniter\Model->doFindAll(0, 0)
 5 APPPATH\Controllers\Empresas.php(118): CodeIgniter\BaseModel->findAll()
 6 SYSTEMPATH\CodeIgniter.php(941): App\Controllers\Empresas->create()
 7 SYSTEMPATH\CodeIgniter.php(502): CodeIgniter\CodeIgniter->runController(Object(App\Controllers\Empresas))
 8 SYSTEMPATH\CodeIgniter.php(361): CodeIgniter\CodeIgniter->handleRequest(null, Object(Config\Cache), false)
 9 FCPATH\index.php(79): CodeIgniter\CodeIgniter->run()
CRITICAL - 2025-09-10 04:36:53 --> ErrorException: Uncaught TypeError: htmlspecialchars(): Argument #1 ($string) must be of type string, resource given in C:\xampp\htdocs\erp.test\app\Views\errors\html\error_exception.php:182
Stack trace:
#0 C:\xampp\htdocs\erp.test\app\Views\errors\html\error_exception.php(182): htmlspecialchars(Resource id #42, 8, 'UTF-8')
#1 C:\xampp\htdocs\erp.test\system\Debug\BaseExceptionHandler.php(258): include('C:\\xampp\\htdocs...')
#2 C:\xampp\htdocs\erp.test\system\Debug\BaseExceptionHandler.php(261): CodeIgniter\Debug\BaseExceptionHandler->CodeIgniter\Debug\{closure}()
#3 C:\xampp\htdocs\erp.test\system\Debug\ExceptionHandler.php(112): CodeIgniter\Debug\BaseExceptionHandler->render(Object(CodeIgniter\Database\Exceptions\DatabaseException), 500, 'C:\\xampp\\htdocs...')
#4 C:\xampp\htdocs\erp.test\system\Debug\Exceptions.php(156): CodeIgniter\Debug\ExceptionHandler->handle(Object(CodeIgniter\Database\Exceptions\DatabaseException), Object(CodeIgniter\HTTP\IncomingRequest), Object(CodeIgniter\HTTP\Response), 500, 8)
#5 [internal function]: CodeIgniter\Debug\Exceptions->exceptionHandler(Object(CodeIgniter\Database\Exceptions\DatabaseException))
#6 {main}
  thrown
【Previous Exception】
CodeIgniter\Database\Exceptions\DatabaseException
Unable to connect to the database.
Main connection [MySQLi]: Nenhuma conexão pôde ser feita porque a máquina de destino as recusou ativamente
#0 C:\xampp\htdocs\erp.test\system\Database\BaseConnection.php(575): CodeIgniter\Database\BaseConnection->initialize()
#1 C:\xampp\htdocs\erp.test\system\Database\BaseBuilder.php(1616): CodeIgniter\Database\BaseConnection->query('SELECT *\nFROM `...', Array, false)
#2 C:\xampp\htdocs\erp.test\system\Model.php(242): CodeIgniter\Database\BaseBuilder->get()
#3 C:\xampp\htdocs\erp.test\system\BaseModel.php(638): CodeIgniter\Model->doFindAll(0, 0)
#4 C:\xampp\htdocs\erp.test\app\Controllers\Empresas.php(118): CodeIgniter\BaseModel->findAll()
#5 C:\xampp\htdocs\erp.test\system\CodeIgniter.php(941): App\Controllers\Empresas->create()
#6 C:\xampp\htdocs\erp.test\system\CodeIgniter.php(502): CodeIgniter\CodeIgniter->runController(Object(App\Controllers\Empresas))
#7 C:\xampp\htdocs\erp.test\system\CodeIgniter.php(361): CodeIgniter\CodeIgniter->handleRequest(NULL, Object(Config\Cache), false)
#8 C:\xampp\htdocs\erp.test\public\index.php(79): CodeIgniter\CodeIgniter->run()
#9 {main}
in APPPATH\Views\errors\html\error_exception.php on line 182.
 1 [internal function]: CodeIgniter\Debug\Exceptions->shutdownHandler()
INFO - 2025-09-10 05:20:29 --> Session: Class initialized using 'CodeIgniter\Session\Handlers\FileHandler' driver.
INFO - 2025-09-10 05:20:36 --> Session: Class initialized using 'CodeIgniter\Session\Handlers\FileHandler' driver.
INFO - 2025-09-10 05:20:40 --> CSRF token verified.
INFO - 2025-09-10 05:20:40 --> Session: Class initialized using 'CodeIgniter\Session\Handlers\FileHandler' driver.
INFO - 2025-09-10 05:20:40 --> Session: Class initialized using 'CodeIgniter\Session\Handlers\FileHandler' driver.
INFO - 2025-09-10 05:20:42 --> Session: Class initialized using 'CodeIgniter\Session\Handlers\FileHandler' driver.
INFO - 2025-09-10 05:20:44 --> Session: Class initialized using 'CodeIgniter\Session\Handlers\FileHandler' driver.
CRITICAL - 2025-09-10 05:20:48 --> CodeIgniter\Security\Exceptions\SecurityException: The action you requested is not allowed.
in SYSTEMPATH\Security\Security.php on line 300.
 1 SYSTEMPATH\Security\Security.php(300): CodeIgniter\Security\Exceptions\SecurityException::forDisallowedAction()
 2 SYSTEMPATH\Filters\CSRF.php(56): CodeIgniter\Security\Security->verify(Object(CodeIgniter\HTTP\IncomingRequest))
 3 SYSTEMPATH\Filters\Filters.php(182): CodeIgniter\Filters\CSRF->before(Object(CodeIgniter\HTTP\IncomingRequest), null)
 4 SYSTEMPATH\CodeIgniter.php(474): CodeIgniter\Filters\Filters->run('receitaWS/pegaDadosDoCNPJ', 'before')
 5 SYSTEMPATH\CodeIgniter.php(361): CodeIgniter\CodeIgniter->handleRequest(null, Object(Config\Cache), false)
 6 FCPATH\index.php(79): CodeIgniter\CodeIgniter->run()
CRITICAL - 2025-09-10 05:20:51 --> CodeIgniter\Security\Exceptions\SecurityException: The action you requested is not allowed.
in SYSTEMPATH\Security\Security.php on line 300.
 1 SYSTEMPATH\Security\Security.php(300): CodeIgniter\Security\Exceptions\SecurityException::forDisallowedAction()
 2 SYSTEMPATH\Filters\CSRF.php(56): CodeIgniter\Security\Security->verify(Object(CodeIgniter\HTTP\IncomingRequest))
 3 SYSTEMPATH\Filters\Filters.php(182): CodeIgniter\Filters\CSRF->before(Object(CodeIgniter\HTTP\IncomingRequest), null)
 4 SYSTEMPATH\CodeIgniter.php(474): CodeIgniter\Filters\Filters->run('UF/preparaMunicipios', 'before')
 5 SYSTEMPATH\CodeIgniter.php(361): CodeIgniter\CodeIgniter->handleRequest(null, Object(Config\Cache), false)
 6 FCPATH\index.php(79): CodeIgniter\CodeIgniter->run()
CRITICAL - 2025-09-10 05:21:08 --> CodeIgniter\Security\Exceptions\SecurityException: The action you requested is not allowed.
in SYSTEMPATH\Security\Security.php on line 300.
 1 SYSTEMPATH\Security\Security.php(300): CodeIgniter\Security\Exceptions\SecurityException::forDisallowedAction()
 2 SYSTEMPATH\Filters\CSRF.php(56): CodeIgniter\Security\Security->verify(Object(CodeIgniter\HTTP\IncomingRequest))
 3 SYSTEMPATH\Filters\Filters.php(182): CodeIgniter\Filters\CSRF->before(Object(CodeIgniter\HTTP\IncomingRequest), null)
 4 SYSTEMPATH\CodeIgniter.php(474): CodeIgniter\Filters\Filters->run('UF/preparaMunicipios', 'before')
 5 SYSTEMPATH\CodeIgniter.php(361): CodeIgniter\CodeIgniter->handleRequest(null, Object(Config\Cache), false)
 6 FCPATH\index.php(79): CodeIgniter\CodeIgniter->run()
INFO - 2025-09-10 05:29:50 --> Session: Class initialized using 'CodeIgniter\Session\Handlers\FileHandler' driver.
INFO - 2025-09-10 05:29:58 --> Session: Class initialized using 'CodeIgniter\Session\Handlers\FileHandler' driver.
INFO - 2025-09-10 05:30:02 --> CSRF token verified.
CRITICAL - 2025-09-10 05:30:07 --> CodeIgniter\Security\Exceptions\SecurityException: The action you requested is not allowed.
in SYSTEMPATH\Security\Security.php on line 300.
 1 SYSTEMPATH\Security\Security.php(300): CodeIgniter\Security\Exceptions\SecurityException::forDisallowedAction()
 2 SYSTEMPATH\Filters\CSRF.php(56): CodeIgniter\Security\Security->verify(Object(CodeIgniter\HTTP\IncomingRequest))
 3 SYSTEMPATH\Filters\Filters.php(182): CodeIgniter\Filters\CSRF->before(Object(CodeIgniter\HTTP\IncomingRequest), null)
 4 SYSTEMPATH\CodeIgniter.php(474): CodeIgniter\Filters\Filters->run('receitaWS/pegaDadosDoCNPJ', 'before')
 5 SYSTEMPATH\CodeIgniter.php(361): CodeIgniter\CodeIgniter->handleRequest(null, Object(Config\Cache), false)
 6 FCPATH\index.php(79): CodeIgniter\CodeIgniter->run()
CRITICAL - 2025-09-10 05:30:27 --> CodeIgniter\Security\Exceptions\SecurityException: The action you requested is not allowed.
in SYSTEMPATH\Security\Security.php on line 300.
 1 SYSTEMPATH\Security\Security.php(300): CodeIgniter\Security\Exceptions\SecurityException::forDisallowedAction()
 2 SYSTEMPATH\Filters\CSRF.php(56): CodeIgniter\Security\Security->verify(Object(CodeIgniter\HTTP\IncomingRequest))
 3 SYSTEMPATH\Filters\Filters.php(182): CodeIgniter\Filters\CSRF->before(Object(CodeIgniter\HTTP\IncomingRequest), null)
 4 SYSTEMPATH\CodeIgniter.php(474): CodeIgniter\Filters\Filters->run('UF/preparaMunicipios', 'before')
 5 SYSTEMPATH\CodeIgniter.php(361): CodeIgniter\CodeIgniter->handleRequest(null, Object(Config\Cache), false)
 6 FCPATH\index.php(79): CodeIgniter\CodeIgniter->run()
CRITICAL - 2025-09-10 05:30:43 --> CodeIgniter\Security\Exceptions\SecurityException: The action you requested is not allowed.
in SYSTEMPATH\Security\Security.php on line 300.
 1 SYSTEMPATH\Security\Security.php(300): CodeIgniter\Security\Exceptions\SecurityException::forDisallowedAction()
 2 SYSTEMPATH\Filters\CSRF.php(56): CodeIgniter\Security\Security->verify(Object(CodeIgniter\HTTP\IncomingRequest))
 3 SYSTEMPATH\Filters\Filters.php(182): CodeIgniter\Filters\CSRF->before(Object(CodeIgniter\HTTP\IncomingRequest), null)
 4 SYSTEMPATH\CodeIgniter.php(474): CodeIgniter\Filters\Filters->run('login/verificaUsuario', 'before')
 5 SYSTEMPATH\CodeIgniter.php(361): CodeIgniter\CodeIgniter->handleRequest(null, Object(Config\Cache), false)
 6 FCPATH\index.php(79): CodeIgniter\CodeIgniter->run()
CRITICAL - 2025-09-10 05:30:45 --> CodeIgniter\Security\Exceptions\SecurityException: The action you requested is not allowed.
in SYSTEMPATH\Security\Security.php on line 300.
 1 SYSTEMPATH\Security\Security.php(300): CodeIgniter\Security\Exceptions\SecurityException::forDisallowedAction()
 2 SYSTEMPATH\Filters\CSRF.php(56): CodeIgniter\Security\Security->verify(Object(CodeIgniter\HTTP\IncomingRequest))
 3 SYSTEMPATH\Filters\Filters.php(182): CodeIgniter\Filters\CSRF->before(Object(CodeIgniter\HTTP\IncomingRequest), null)
 4 SYSTEMPATH\CodeIgniter.php(474): CodeIgniter\Filters\Filters->run('empresas/store', 'before')
 5 SYSTEMPATH\CodeIgniter.php(361): CodeIgniter\CodeIgniter->handleRequest(null, Object(Config\Cache), false)
 6 FCPATH\index.php(79): CodeIgniter\CodeIgniter->run()
CRITICAL - 2025-09-10 05:30:45 --> ErrorException: Uncaught TypeError: htmlspecialchars(): Argument #1 ($string) must be of type string, resource given in C:\xampp\htdocs\erp.local\app\Views\errors\html\error_exception.php:182
Stack trace:
#0 C:\xampp\htdocs\erp.local\app\Views\errors\html\error_exception.php(182): htmlspecialchars(Resource id #42, 8, 'UTF-8')
#1 C:\xampp\htdocs\erp.local\system\Debug\BaseExceptionHandler.php(258): include('C:\\xampp\\htdocs...')
#2 C:\xampp\htdocs\erp.local\system\Debug\BaseExceptionHandler.php(261): CodeIgniter\Debug\BaseExceptionHandler->CodeIgniter\Debug\{closure}()
#3 C:\xampp\htdocs\erp.local\system\Debug\ExceptionHandler.php(112): CodeIgniter\Debug\BaseExceptionHandler->render(Object(CodeIgniter\Security\Exceptions\SecurityException), 403, 'C:\\xampp\\htdocs...')
#4 C:\xampp\htdocs\erp.local\system\Debug\Exceptions.php(156): CodeIgniter\Debug\ExceptionHandler->handle(Object(CodeIgniter\Security\Exceptions\SecurityException), Object(CodeIgniter\HTTP\IncomingRequest), Object(CodeIgniter\HTTP\Response), 403, 1)
#5 [internal function]: CodeIgniter\Debug\Exceptions->exceptionHandler(Object(CodeIgniter\Security\Exceptions\SecurityException))
#6 {main}
  thrown
【Previous Exception】
CodeIgniter\Security\Exceptions\SecurityException
The action you requested is not allowed.
#0 C:\xampp\htdocs\erp.local\system\Security\Security.php(300): CodeIgniter\Security\Exceptions\SecurityException::forDisallowedAction()
#1 C:\xampp\htdocs\erp.local\system\Filters\CSRF.php(56): CodeIgniter\Security\Security->verify(Object(CodeIgniter\HTTP\IncomingRequest))
#2 C:\xampp\htdocs\erp.local\system\Filters\Filters.php(182): CodeIgniter\Filters\CSRF->before(Object(CodeIgniter\HTTP\IncomingRequest), NULL)
#3 C:\xampp\htdocs\erp.local\system\CodeIgniter.php(474): CodeIgniter\Filters\Filters->run('empresas/store', 'before')
#4 C:\xampp\htdocs\erp.local\system\CodeIgniter.php(361): CodeIgniter\CodeIgniter->handleRequest(NULL, Object(Config\Cache), false)
#5 C:\xampp\htdocs\erp.local\public\index.php(79): CodeIgniter\CodeIgniter->run()
#6 {main}
in APPPATH\Views\errors\html\error_exception.php on line 182.
 1 [internal function]: CodeIgniter\Debug\Exceptions->shutdownHandler()
CRITICAL - 2025-09-10 05:31:06 --> CodeIgniter\Security\Exceptions\SecurityException: The action you requested is not allowed.
in SYSTEMPATH\Security\Security.php on line 300.
 1 SYSTEMPATH\Security\Security.php(300): CodeIgniter\Security\Exceptions\SecurityException::forDisallowedAction()
 2 SYSTEMPATH\Filters\CSRF.php(56): CodeIgniter\Security\Security->verify(Object(CodeIgniter\HTTP\IncomingRequest))
 3 SYSTEMPATH\Filters\Filters.php(182): CodeIgniter\Filters\CSRF->before(Object(CodeIgniter\HTTP\IncomingRequest), null)
 4 SYSTEMPATH\CodeIgniter.php(474): CodeIgniter\Filters\Filters->run('empresas/store', 'before')
 5 SYSTEMPATH\CodeIgniter.php(361): CodeIgniter\CodeIgniter->handleRequest(null, Object(Config\Cache), false)
 6 FCPATH\index.php(79): CodeIgniter\CodeIgniter->run()
CRITICAL - 2025-09-10 05:31:06 --> ErrorException: Uncaught TypeError: htmlspecialchars(): Argument #1 ($string) must be of type string, resource given in C:\xampp\htdocs\erp.local\app\Views\errors\html\error_exception.php:182
Stack trace:
#0 C:\xampp\htdocs\erp.local\app\Views\errors\html\error_exception.php(182): htmlspecialchars(Resource id #42, 8, 'UTF-8')
#1 C:\xampp\htdocs\erp.local\system\Debug\BaseExceptionHandler.php(258): include('C:\\xampp\\htdocs...')
#2 C:\xampp\htdocs\erp.local\system\Debug\BaseExceptionHandler.php(261): CodeIgniter\Debug\BaseExceptionHandler->CodeIgniter\Debug\{closure}()
#3 C:\xampp\htdocs\erp.local\system\Debug\ExceptionHandler.php(112): CodeIgniter\Debug\BaseExceptionHandler->render(Object(CodeIgniter\Security\Exceptions\SecurityException), 403, 'C:\\xampp\\htdocs...')
#4 C:\xampp\htdocs\erp.local\system\Debug\Exceptions.php(156): CodeIgniter\Debug\ExceptionHandler->handle(Object(CodeIgniter\Security\Exceptions\SecurityException), Object(CodeIgniter\HTTP\IncomingRequest), Object(CodeIgniter\HTTP\Response), 403, 1)
#5 [internal function]: CodeIgniter\Debug\Exceptions->exceptionHandler(Object(CodeIgniter\Security\Exceptions\SecurityException))
#6 {main}
  thrown
【Previous Exception】
CodeIgniter\Security\Exceptions\SecurityException
The action you requested is not allowed.
#0 C:\xampp\htdocs\erp.local\system\Security\Security.php(300): CodeIgniter\Security\Exceptions\SecurityException::forDisallowedAction()
#1 C:\xampp\htdocs\erp.local\system\Filters\CSRF.php(56): CodeIgniter\Security\Security->verify(Object(CodeIgniter\HTTP\IncomingRequest))
#2 C:\xampp\htdocs\erp.local\system\Filters\Filters.php(182): CodeIgniter\Filters\CSRF->before(Object(CodeIgniter\HTTP\IncomingRequest), NULL)
#3 C:\xampp\htdocs\erp.local\system\CodeIgniter.php(474): CodeIgniter\Filters\Filters->run('empresas/store', 'before')
#4 C:\xampp\htdocs\erp.local\system\CodeIgniter.php(361): CodeIgniter\CodeIgniter->handleRequest(NULL, Object(Config\Cache), false)
#5 C:\xampp\htdocs\erp.local\public\index.php(79): CodeIgniter\CodeIgniter->run()
#6 {main}
in APPPATH\Views\errors\html\error_exception.php on line 182.
 1 [internal function]: CodeIgniter\Debug\Exceptions->shutdownHandler()
INFO - 2025-09-10 05:31:29 --> Session: Class initialized using 'CodeIgniter\Session\Handlers\FileHandler' driver.
INFO - 2025-09-10 05:31:30 --> Session: Class initialized using 'CodeIgniter\Session\Handlers\FileHandler' driver.
INFO - 2025-09-10 05:31:31 --> Session: Class initialized using 'CodeIgniter\Session\Handlers\FileHandler' driver.
INFO - 2025-09-10 05:31:33 --> Session: Class initialized using 'CodeIgniter\Session\Handlers\FileHandler' driver.
INFO - 2025-09-10 05:31:34 --> Session: Class initialized using 'CodeIgniter\Session\Handlers\FileHandler' driver.
INFO - 2025-09-10 05:33:13 --> Session: Class initialized using 'CodeIgniter\Session\Handlers\FileHandler' driver.
INFO - 2025-09-10 05:33:14 --> Session: Class initialized using 'CodeIgniter\Session\Handlers\FileHandler' driver.
INFO - 2025-09-10 05:33:15 --> Session: Class initialized using 'CodeIgniter\Session\Handlers\FileHandler' driver.
INFO - 2025-09-10 05:33:17 --> CSRF token verified.
CRITICAL - 2025-09-10 05:33:18 --> CodeIgniter\Security\Exceptions\SecurityException: The action you requested is not allowed.
in SYSTEMPATH\Security\Security.php on line 300.
 1 SYSTEMPATH\Security\Security.php(300): CodeIgniter\Security\Exceptions\SecurityException::forDisallowedAction()
 2 SYSTEMPATH\Filters\CSRF.php(56): CodeIgniter\Security\Security->verify(Object(CodeIgniter\HTTP\IncomingRequest))
 3 SYSTEMPATH\Filters\Filters.php(182): CodeIgniter\Filters\CSRF->before(Object(CodeIgniter\HTTP\IncomingRequest), null)
 4 SYSTEMPATH\CodeIgniter.php(474): CodeIgniter\Filters\Filters->run('UF/preparaMunicipios', 'before')
 5 SYSTEMPATH\CodeIgniter.php(361): CodeIgniter\CodeIgniter->handleRequest(null, Object(Config\Cache), false)
 6 FCPATH\index.php(79): CodeIgniter\CodeIgniter->run()
INFO - 2025-09-10 05:33:51 --> Session: Class initialized using 'CodeIgniter\Session\Handlers\FileHandler' driver.
INFO - 2025-09-10 05:33:59 --> CSRF token verified.
CRITICAL - 2025-09-10 05:34:04 --> CodeIgniter\Security\Exceptions\SecurityException: The action you requested is not allowed.
in SYSTEMPATH\Security\Security.php on line 300.
 1 SYSTEMPATH\Security\Security.php(300): CodeIgniter\Security\Exceptions\SecurityException::forDisallowedAction()
 2 SYSTEMPATH\Filters\CSRF.php(56): CodeIgniter\Security\Security->verify(Object(CodeIgniter\HTTP\IncomingRequest))
 3 SYSTEMPATH\Filters\Filters.php(182): CodeIgniter\Filters\CSRF->before(Object(CodeIgniter\HTTP\IncomingRequest), null)
 4 SYSTEMPATH\CodeIgniter.php(474): CodeIgniter\Filters\Filters->run('receitaWS/pegaDadosDoCNPJ', 'before')
 5 SYSTEMPATH\CodeIgniter.php(361): CodeIgniter\CodeIgniter->handleRequest(null, Object(Config\Cache), false)
 6 FCPATH\index.php(79): CodeIgniter\CodeIgniter->run()
CRITICAL - 2025-09-10 05:34:23 --> CodeIgniter\Security\Exceptions\SecurityException: The action you requested is not allowed.
in SYSTEMPATH\Security\Security.php on line 300.
 1 SYSTEMPATH\Security\Security.php(300): CodeIgniter\Security\Exceptions\SecurityException::forDisallowedAction()
 2 SYSTEMPATH\Filters\CSRF.php(56): CodeIgniter\Security\Security->verify(Object(CodeIgniter\HTTP\IncomingRequest))
 3 SYSTEMPATH\Filters\Filters.php(182): CodeIgniter\Filters\CSRF->before(Object(CodeIgniter\HTTP\IncomingRequest), null)
 4 SYSTEMPATH\CodeIgniter.php(474): CodeIgniter\Filters\Filters->run('UF/preparaMunicipios', 'before')
 5 SYSTEMPATH\CodeIgniter.php(361): CodeIgniter\CodeIgniter->handleRequest(null, Object(Config\Cache), false)
 6 FCPATH\index.php(79): CodeIgniter\CodeIgniter->run()
CRITICAL - 2025-09-10 05:34:47 --> CodeIgniter\Security\Exceptions\SecurityException: The action you requested is not allowed.
in SYSTEMPATH\Security\Security.php on line 300.
 1 SYSTEMPATH\Security\Security.php(300): CodeIgniter\Security\Exceptions\SecurityException::forDisallowedAction()
 2 SYSTEMPATH\Filters\CSRF.php(56): CodeIgniter\Security\Security->verify(Object(CodeIgniter\HTTP\IncomingRequest))
 3 SYSTEMPATH\Filters\Filters.php(182): CodeIgniter\Filters\CSRF->before(Object(CodeIgniter\HTTP\IncomingRequest), null)
 4 SYSTEMPATH\CodeIgniter.php(474): CodeIgniter\Filters\Filters->run('login/verificaUsuario', 'before')
 5 SYSTEMPATH\CodeIgniter.php(361): CodeIgniter\CodeIgniter->handleRequest(null, Object(Config\Cache), false)
 6 FCPATH\index.php(79): CodeIgniter\CodeIgniter->run()
CRITICAL - 2025-09-10 05:34:49 --> CodeIgniter\Security\Exceptions\SecurityException: The action you requested is not allowed.
in SYSTEMPATH\Security\Security.php on line 300.
 1 SYSTEMPATH\Security\Security.php(300): CodeIgniter\Security\Exceptions\SecurityException::forDisallowedAction()
 2 SYSTEMPATH\Filters\CSRF.php(56): CodeIgniter\Security\Security->verify(Object(CodeIgniter\HTTP\IncomingRequest))
 3 SYSTEMPATH\Filters\Filters.php(182): CodeIgniter\Filters\CSRF->before(Object(CodeIgniter\HTTP\IncomingRequest), null)
 4 SYSTEMPATH\CodeIgniter.php(474): CodeIgniter\Filters\Filters->run('empresas/store', 'before')
 5 SYSTEMPATH\CodeIgniter.php(361): CodeIgniter\CodeIgniter->handleRequest(null, Object(Config\Cache), false)
 6 FCPATH\index.php(79): CodeIgniter\CodeIgniter->run()
CRITICAL - 2025-09-10 05:34:49 --> ErrorException: Uncaught TypeError: htmlspecialchars(): Argument #1 ($string) must be of type string, resource given in C:\xampp\htdocs\erp.local\app\Views\errors\html\error_exception.php:182
Stack trace:
#0 C:\xampp\htdocs\erp.local\app\Views\errors\html\error_exception.php(182): htmlspecialchars(Resource id #42, 8, 'UTF-8')
#1 C:\xampp\htdocs\erp.local\system\Debug\BaseExceptionHandler.php(258): include('C:\\xampp\\htdocs...')
#2 C:\xampp\htdocs\erp.local\system\Debug\BaseExceptionHandler.php(261): CodeIgniter\Debug\BaseExceptionHandler->CodeIgniter\Debug\{closure}()
#3 C:\xampp\htdocs\erp.local\system\Debug\ExceptionHandler.php(112): CodeIgniter\Debug\BaseExceptionHandler->render(Object(CodeIgniter\Security\Exceptions\SecurityException), 403, 'C:\\xampp\\htdocs...')
#4 C:\xampp\htdocs\erp.local\system\Debug\Exceptions.php(156): CodeIgniter\Debug\ExceptionHandler->handle(Object(CodeIgniter\Security\Exceptions\SecurityException), Object(CodeIgniter\HTTP\IncomingRequest), Object(CodeIgniter\HTTP\Response), 403, 1)
#5 [internal function]: CodeIgniter\Debug\Exceptions->exceptionHandler(Object(CodeIgniter\Security\Exceptions\SecurityException))
#6 {main}
  thrown
【Previous Exception】
CodeIgniter\Security\Exceptions\SecurityException
The action you requested is not allowed.
#0 C:\xampp\htdocs\erp.local\system\Security\Security.php(300): CodeIgniter\Security\Exceptions\SecurityException::forDisallowedAction()
#1 C:\xampp\htdocs\erp.local\system\Filters\CSRF.php(56): CodeIgniter\Security\Security->verify(Object(CodeIgniter\HTTP\IncomingRequest))
#2 C:\xampp\htdocs\erp.local\system\Filters\Filters.php(182): CodeIgniter\Filters\CSRF->before(Object(CodeIgniter\HTTP\IncomingRequest), NULL)
#3 C:\xampp\htdocs\erp.local\system\CodeIgniter.php(474): CodeIgniter\Filters\Filters->run('empresas/store', 'before')
#4 C:\xampp\htdocs\erp.local\system\CodeIgniter.php(361): CodeIgniter\CodeIgniter->handleRequest(NULL, Object(Config\Cache), false)
#5 C:\xampp\htdocs\erp.local\public\index.php(79): CodeIgniter\CodeIgniter->run()
#6 {main}
in APPPATH\Views\errors\html\error_exception.php on line 182.
 1 [internal function]: CodeIgniter\Debug\Exceptions->shutdownHandler()
CRITICAL - 2025-09-10 05:41:07 --> CodeIgniter\Security\Exceptions\SecurityException: The action you requested is not allowed.
in SYSTEMPATH\Security\Security.php on line 300.
 1 SYSTEMPATH\Security\Security.php(300): CodeIgniter\Security\Exceptions\SecurityException::forDisallowedAction()
 2 SYSTEMPATH\Filters\CSRF.php(56): CodeIgniter\Security\Security->verify(Object(CodeIgniter\HTTP\IncomingRequest))
 3 SYSTEMPATH\Filters\Filters.php(182): CodeIgniter\Filters\CSRF->before(Object(CodeIgniter\HTTP\IncomingRequest), null)
 4 SYSTEMPATH\CodeIgniter.php(474): CodeIgniter\Filters\Filters->run('empresas/store', 'before')
 5 SYSTEMPATH\CodeIgniter.php(361): CodeIgniter\CodeIgniter->handleRequest(null, Object(Config\Cache), false)
 6 FCPATH\index.php(79): CodeIgniter\CodeIgniter->run()
CRITICAL - 2025-09-10 05:41:07 --> ErrorException: Uncaught TypeError: htmlspecialchars(): Argument #1 ($string) must be of type string, resource given in C:\xampp\htdocs\erp.local\app\Views\errors\html\error_exception.php:182
Stack trace:
#0 C:\xampp\htdocs\erp.local\app\Views\errors\html\error_exception.php(182): htmlspecialchars(Resource id #42, 8, 'UTF-8')
#1 C:\xampp\htdocs\erp.local\system\Debug\BaseExceptionHandler.php(258): include('C:\\xampp\\htdocs...')
#2 C:\xampp\htdocs\erp.local\system\Debug\BaseExceptionHandler.php(261): CodeIgniter\Debug\BaseExceptionHandler->CodeIgniter\Debug\{closure}()
#3 C:\xampp\htdocs\erp.local\system\Debug\ExceptionHandler.php(112): CodeIgniter\Debug\BaseExceptionHandler->render(Object(CodeIgniter\Security\Exceptions\SecurityException), 403, 'C:\\xampp\\htdocs...')
#4 C:\xampp\htdocs\erp.local\system\Debug\Exceptions.php(156): CodeIgniter\Debug\ExceptionHandler->handle(Object(CodeIgniter\Security\Exceptions\SecurityException), Object(CodeIgniter\HTTP\IncomingRequest), Object(CodeIgniter\HTTP\Response), 403, 1)
#5 [internal function]: CodeIgniter\Debug\Exceptions->exceptionHandler(Object(CodeIgniter\Security\Exceptions\SecurityException))
#6 {main}
  thrown
【Previous Exception】
CodeIgniter\Security\Exceptions\SecurityException
The action you requested is not allowed.
#0 C:\xampp\htdocs\erp.local\system\Security\Security.php(300): CodeIgniter\Security\Exceptions\SecurityException::forDisallowedAction()
#1 C:\xampp\htdocs\erp.local\system\Filters\CSRF.php(56): CodeIgniter\Security\Security->verify(Object(CodeIgniter\HTTP\IncomingRequest))
#2 C:\xampp\htdocs\erp.local\system\Filters\Filters.php(182): CodeIgniter\Filters\CSRF->before(Object(CodeIgniter\HTTP\IncomingRequest), NULL)
#3 C:\xampp\htdocs\erp.local\system\CodeIgniter.php(474): CodeIgniter\Filters\Filters->run('empresas/store', 'before')
#4 C:\xampp\htdocs\erp.local\system\CodeIgniter.php(361): CodeIgniter\CodeIgniter->handleRequest(NULL, Object(Config\Cache), false)
#5 C:\xampp\htdocs\erp.local\public\index.php(79): CodeIgniter\CodeIgniter->run()
#6 {main}
in APPPATH\Views\errors\html\error_exception.php on line 182.
 1 [internal function]: CodeIgniter\Debug\Exceptions->shutdownHandler()
INFO - 2025-09-10 05:41:09 --> Session: Class initialized using 'CodeIgniter\Session\Handlers\FileHandler' driver.
INFO - 2025-09-10 05:41:21 --> Session: Class initialized using 'CodeIgniter\Session\Handlers\FileHandler' driver.
INFO - 2025-09-10 05:41:26 --> CSRF token verified.
INFO - 2025-09-10 05:41:26 --> CSRF token verified.
INFO - 2025-09-10 05:42:00 --> CSRF token verified.
INFO - 2025-09-10 05:42:00 --> Session: Class initialized using 'CodeIgniter\Session\Handlers\FileHandler' driver.
INFO - 2025-09-10 05:42:02 --> CSRF token verified.
INFO - 2025-09-10 05:42:02 --> Session: Class initialized using 'CodeIgniter\Session\Handlers\FileHandler' driver.
INFO - 2025-09-10 05:42:02 --> Session: Class initialized using 'CodeIgniter\Session\Handlers\FileHandler' driver.
INFO - 2025-09-10 05:42:09 --> Session: Class initialized using 'CodeIgniter\Session\Handlers\FileHandler' driver.
INFO - 2025-09-10 05:42:13 --> Session: Class initialized using 'CodeIgniter\Session\Handlers\FileHandler' driver.
INFO - 2025-09-10 05:42:16 --> Session: Class initialized using 'CodeIgniter\Session\Handlers\FileHandler' driver.
INFO - 2025-09-10 05:42:17 --> Session: Class initialized using 'CodeIgniter\Session\Handlers\FileHandler' driver.
INFO - 2025-09-10 05:42:19 --> Session: Class initialized using 'CodeIgniter\Session\Handlers\FileHandler' driver.
INFO - 2025-09-10 05:42:42 --> CSRF token verified.
INFO - 2025-09-10 05:42:43 --> CSRF token verified.
INFO - 2025-09-10 05:43:08 --> CSRF token verified.
INFO - 2025-09-10 05:43:08 --> Session: Class initialized using 'CodeIgniter\Session\Handlers\FileHandler' driver.
INFO - 2025-09-10 05:43:10 --> CSRF token verified.
INFO - 2025-09-10 05:43:10 --> Session: Class initialized using 'CodeIgniter\Session\Handlers\FileHandler' driver.
INFO - 2025-09-10 05:43:10 --> Session: Class initialized using 'CodeIgniter\Session\Handlers\FileHandler' driver.
INFO - 2025-09-10 05:43:42 --> Session: Class initialized using 'CodeIgniter\Session\Handlers\FileHandler' driver.
INFO - 2025-09-10 05:43:44 --> Session: Class initialized using 'CodeIgniter\Session\Handlers\FileHandler' driver.
INFO - 2025-09-10 05:43:44 --> Session: Class initialized using 'CodeIgniter\Session\Handlers\FileHandler' driver.
INFO - 2025-09-10 05:43:50 --> CSRF token verified.
INFO - 2025-09-10 05:43:50 --> Session: Class initialized using 'CodeIgniter\Session\Handlers\FileHandler' driver.
INFO - 2025-09-10 05:43:51 --> Session: Class initialized using 'CodeIgniter\Session\Handlers\FileHandler' driver.
INFO - 2025-09-10 05:43:52 --> Session: Class initialized using 'CodeIgniter\Session\Handlers\FileHandler' driver.
INFO - 2025-09-10 05:43:54 --> Session: Class initialized using 'CodeIgniter\Session\Handlers\FileHandler' driver.
INFO - 2025-09-10 05:43:57 --> Session: Class initialized using 'CodeIgniter\Session\Handlers\FileHandler' driver.
INFO - 2025-09-10 05:43:59 --> Session: Class initialized using 'CodeIgniter\Session\Handlers\FileHandler' driver.
INFO - 2025-09-10 05:44:00 --> Session: Class initialized using 'CodeIgniter\Session\Handlers\FileHandler' driver.
INFO - 2025-09-10 05:44:05 --> CSRF token verified.
INFO - 2025-09-10 05:44:06 --> CSRF token verified.
INFO - 2025-09-10 05:44:28 --> CSRF token verified.
INFO - 2025-09-10 05:44:28 --> Session: Class initialized using 'CodeIgniter\Session\Handlers\FileHandler' driver.
INFO - 2025-09-10 05:44:31 --> CSRF token verified.
INFO - 2025-09-10 05:44:31 --> Session: Class initialized using 'CodeIgniter\Session\Handlers\FileHandler' driver.
INFO - 2025-09-10 05:44:31 --> Session: Class initialized using 'CodeIgniter\Session\Handlers\FileHandler' driver.
INFO - 2025-09-10 05:44:44 --> Session: Class initialized using 'CodeIgniter\Session\Handlers\FileHandler' driver.
INFO - 2025-09-10 05:52:24 --> Session: Class initialized using 'CodeIgniter\Session\Handlers\FileHandler' driver.
INFO - 2025-09-10 05:52:26 --> Session: Class initialized using 'CodeIgniter\Session\Handlers\FileHandler' driver.
INFO - 2025-09-10 05:52:26 --> Session: Class initialized using 'CodeIgniter\Session\Handlers\FileHandler' driver.
INFO - 2025-09-10 05:52:31 --> CSRF token verified.
INFO - 2025-09-10 05:52:31 --> Session: Class initialized using 'CodeIgniter\Session\Handlers\FileHandler' driver.
INFO - 2025-09-10 05:52:31 --> Session: Class initialized using 'CodeIgniter\Session\Handlers\FileHandler' driver.
INFO - 2025-09-10 05:52:33 --> Session: Class initialized using 'CodeIgniter\Session\Handlers\FileHandler' driver.
INFO - 2025-09-10 05:52:34 --> Session: Class initialized using 'CodeIgniter\Session\Handlers\FileHandler' driver.
INFO - 2025-09-10 05:52:37 --> CSRF token verified.
INFO - 2025-09-10 05:52:38 --> CSRF token verified.
INFO - 2025-09-10 05:53:08 --> CSRF token verified.
INFO - 2025-09-10 05:53:08 --> Session: Class initialized using 'CodeIgniter\Session\Handlers\FileHandler' driver.
INFO - 2025-09-10 05:53:12 --> CSRF token verified.
INFO - 2025-09-10 05:53:12 --> Session: Class initialized using 'CodeIgniter\Session\Handlers\FileHandler' driver.
INFO - 2025-09-10 05:53:15 --> CSRF token verified.
INFO - 2025-09-10 05:53:15 --> Session: Class initialized using 'CodeIgniter\Session\Handlers\FileHandler' driver.
INFO - 2025-09-10 05:53:18 --> CSRF token verified.
INFO - 2025-09-10 05:53:18 --> Session: Class initialized using 'CodeIgniter\Session\Handlers\FileHandler' driver.
INFO - 2025-09-10 05:53:18 --> Session: Class initialized using 'CodeIgniter\Session\Handlers\FileHandler' driver.
INFO - 2025-09-10 05:53:33 --> Session: Class initialized using 'CodeIgniter\Session\Handlers\FileHandler' driver.
INFO - 2025-09-10 05:53:35 --> Session: Class initialized using 'CodeIgniter\Session\Handlers\FileHandler' driver.
INFO - 2025-09-10 05:53:35 --> Session: Class initialized using 'CodeIgniter\Session\Handlers\FileHandler' driver.
INFO - 2025-09-10 05:53:41 --> CSRF token verified.
INFO - 2025-09-10 05:53:41 --> Session: Class initialized using 'CodeIgniter\Session\Handlers\FileHandler' driver.
INFO - 2025-09-10 05:53:41 --> Session: Class initialized using 'CodeIgniter\Session\Handlers\FileHandler' driver.
INFO - 2025-09-10 05:53:46 --> CSRF token verified.
INFO - 2025-09-10 05:53:46 --> Session: Class initialized using 'CodeIgniter\Session\Handlers\FileHandler' driver.
INFO - 2025-09-10 05:53:47 --> CSRF token verified.
INFO - 2025-09-10 05:53:48 --> CSRF token verified.
INFO - 2025-09-10 05:53:48 --> Session: Class initialized using 'CodeIgniter\Session\Handlers\FileHandler' driver.
INFO - 2025-09-10 05:53:49 --> Session: Class initialized using 'CodeIgniter\Session\Handlers\FileHandler' driver.
CRITICAL - 2025-09-10 05:53:49 --> RuntimeException: Stripe secret não configurado (env stripe.secret ou STRIPE_SECRET).
in APPPATH\Controllers\Stripe.php on line 22.
 1 APPPATH\Controllers\Stripe.php(94): App\Controllers\Stripe->getStripeClient()
 2 SYSTEMPATH\CodeIgniter.php(941): App\Controllers\Stripe->createPortalSession()
 3 SYSTEMPATH\CodeIgniter.php(502): CodeIgniter\CodeIgniter->runController(Object(App\Controllers\Stripe))
 4 SYSTEMPATH\CodeIgniter.php(361): CodeIgniter\CodeIgniter->handleRequest(null, Object(Config\Cache), false)
 5 FCPATH\index.php(79): CodeIgniter\CodeIgniter->run()
INFO - 2025-09-10 05:54:25 --> Session: Class initialized using 'CodeIgniter\Session\Handlers\FileHandler' driver.
INFO - 2025-09-10 05:54:26 --> CSRF token verified.
INFO - 2025-09-10 05:54:26 --> Session: Class initialized using 'CodeIgniter\Session\Handlers\FileHandler' driver.
INFO - 2025-09-10 05:54:32 --> Session: Class initialized using 'CodeIgniter\Session\Handlers\FileHandler' driver.
INFO - 2025-09-10 05:54:47 --> CSRF token verified.
INFO - 2025-09-10 05:54:47 --> Session: Class initialized using 'CodeIgniter\Session\Handlers\FileHandler' driver.
CRITICAL - 2025-09-10 05:54:47 --> Stripe\Exception\InvalidRequestException: No configuration provided and your live mode default configuration has not been created. Provide a configuration or create your default by saving your customer portal settings in live mode at https://dashboard.stripe.com/settings/billing/portal.
in VENDORPATH\stripe\stripe-php\lib\Exception\ApiErrorException.php on line 38.
 1 VENDORPATH\stripe\stripe-php\lib\Exception\InvalidRequestException.php(35): Stripe\Exception\ApiErrorException::factory('No configuration provided and your live mode default configuration has not been created. Provide a configuration or create your default by saving your customer portal settings in live mode at https://dashboard.stripe.com/settings/billing/portal.', 400, '{
  "error": {
    "message": "No configuration provided and your live mode default configuration has not been created. Provide a configuration or create your default by saving your customer portal settings in live mode at https://dashboard.stripe.com/settings/billing/portal.",
    "request_log_url": "https://dashboard.stripe.com/logs/req_uh2Eupasc3uw3x?t=1757483688",
    "type": "invalid_request_error"
  }
}
', [...], Object(Stripe\Util\CaseInsensitiveArray), null)
 2 VENDORPATH\stripe\stripe-php\lib\ApiRequestor.php(218): Stripe\Exception\InvalidRequestException::factory('No configuration provided and your live mode default configuration has not been created. Provide a configuration or create your default by saving your customer portal settings in live mode at https://dashboard.stripe.com/settings/billing/portal.', 400, '{
  "error": {
    "message": "No configuration provided and your live mode default configuration has not been created. Provide a configuration or create your default by saving your customer portal settings in live mode at https://dashboard.stripe.com/settings/billing/portal.",
    "request_log_url": "https://dashboard.stripe.com/logs/req_uh2Eupasc3uw3x?t=1757483688",
    "type": "invalid_request_error"
  }
}
', [...], Object(Stripe\Util\CaseInsensitiveArray), null, null)
 3 VENDORPATH\stripe\stripe-php\lib\ApiRequestor.php(180): Stripe\ApiRequestor::_specificAPIError('{
  "error": {
    "message": "No configuration provided and your live mode default configuration has not been created. Provide a configuration or create your default by saving your customer portal settings in live mode at https://dashboard.stripe.com/settings/billing/portal.",
    "request_log_url": "https://dashboard.stripe.com/logs/req_uh2Eupasc3uw3x?t=1757483688",
    "type": "invalid_request_error"
  }
}
', 400, Object(Stripe\Util\CaseInsensitiveArray), [...], [...])
 4 VENDORPATH\stripe\stripe-php\lib\ApiRequestor.php(564): Stripe\ApiRequestor->handleErrorResponse('{
  "error": {
    "message": "No configuration provided and your live mode default configuration has not been created. Provide a configuration or create your default by saving your customer portal settings in live mode at https://dashboard.stripe.com/settings/billing/portal.",
    "request_log_url": "https://dashboard.stripe.com/logs/req_uh2Eupasc3uw3x?t=1757483688",
    "type": "invalid_request_error"
  }
}
', 400, Object(Stripe\Util\CaseInsensitiveArray), [...])
 5 VENDORPATH\stripe\stripe-php\lib\ApiRequestor.php(128): Stripe\ApiRequestor->_interpretResponse('{
  "error": {
    "message": "No configuration provided and your live mode default configuration has not been created. Provide a configuration or create your default by saving your customer portal settings in live mode at https://dashboard.stripe.com/settings/billing/portal.",
    "request_log_url": "https://dashboard.stripe.com/logs/req_uh2Eupasc3uw3x?t=1757483688",
    "type": "invalid_request_error"
  }
}
', 400, Object(Stripe\Util\CaseInsensitiveArray))
 6 VENDORPATH\stripe\stripe-php\lib\BaseStripeClient.php(145): Stripe\ApiRequestor->request('post', '/v1/billing_portal/sessions', [...], [...], [...])
 7 VENDORPATH\stripe\stripe-php\lib\Service\AbstractService.php(75): Stripe\BaseStripeClient->request('post', '/v1/billing_portal/sessions', [...], Object(Stripe\Util\RequestOptions))
 8 VENDORPATH\stripe\stripe-php\lib\Service\BillingPortal\SessionService.php(27): Stripe\Service\AbstractService->request('post', '/v1/billing_portal/sessions', [...], null)
 9 APPPATH\Controllers\Stripe.php(96): Stripe\Service\BillingPortal\SessionService->create([...])
10 SYSTEMPATH\CodeIgniter.php(941): App\Controllers\Stripe->createPortalSession()
11 SYSTEMPATH\CodeIgniter.php(502): CodeIgniter\CodeIgniter->runController(Object(App\Controllers\Stripe))
12 SYSTEMPATH\CodeIgniter.php(361): CodeIgniter\CodeIgniter->handleRequest(null, Object(Config\Cache), false)
13 FCPATH\index.php(79): CodeIgniter\CodeIgniter->run()
