INFO - 2025-09-30 02:33:49 --> Session: Class initialized using 'CodeIgniter\Session\Handlers\FileHandler' driver.
INFO - 2025-09-30 02:33:51 --> Session: Class initialized using 'CodeIgniter\Session\Handlers\FileHandler' driver.
INFO - 2025-09-30 02:33:51 --> Session: Class initialized using 'CodeIgniter\Session\Handlers\FileHandler' driver.
INFO - 2025-09-30 02:33:57 --> Session: Class initialized using 'CodeIgniter\Session\Handlers\FileHandler' driver.
INFO - 2025-09-30 02:34:02 --> Session: Class initialized using 'CodeIgniter\Session\Handlers\FileHandler' driver.
DEBUG - 2025-09-30 02:34:03 --> LoginPDV - Dados salvos na sessão: {"id_login":"6","id_empresa":"3","id_contador":"1","usuario":"lucas","nome_completo":"Lucas","tipo":4,"status":"ativo","xFant":"Stage","xApp":"PDV System"}
DEBUG - 2025-09-30 02:34:03 --> LoginPDV - Verificação imediata da sessão tipo: 4
INFO - 2025-09-30 02:34:04 --> Session: Class initialized using 'CodeIgniter\Session\Handlers\FileHandler' driver.
DEBUG - 2025-09-30 02:34:04 --> === PdvAccessFilter INÍCIO === URI: /index.php/pdv
INFO - 2025-09-30 02:34:04 --> Session: Class initialized using 'CodeIgniter\Session\Handlers\FileHandler' driver.
DEBUG - 2025-09-30 02:34:04 --> PdvAccessFilter - Dados da sessão:
DEBUG - 2025-09-30 02:34:04 -->   - tipo: 4
DEBUG - 2025-09-30 02:34:04 -->   - id_empresa: 3
DEBUG - 2025-09-30 02:34:04 -->   - id_contador: 1
DEBUG - 2025-09-30 02:34:04 -->   - usuario: lucas
DEBUG - 2025-09-30 02:34:04 -->   - session_id: i0m0ivnteo7edhjl64dn6ti0i4jtsid7
DEBUG - 2025-09-30 02:34:04 --> PdvAccessFilter - Validação de acesso:
DEBUG - 2025-09-30 02:34:04 -->   - tipos permitidos: [1,3,4]
DEBUG - 2025-09-30 02:34:04 -->   - tipo do usuário: 4 (válido: SIM)
DEBUG - 2025-09-30 02:34:04 -->   - id_empresa: 3 (válido: SIM)
DEBUG - 2025-09-30 02:34:04 -->   - wants JSON: NÃO
DEBUG - 2025-09-30 02:34:04 --> PdvAccessFilter - Verificando empresa no banco...
DEBUG - 2025-09-30 02:34:04 --> PdvAccessFilter - Empresa encontrada: Stage (ID: 3)
DEBUG - 2025-09-30 02:34:04 --> === PdvAccessFilter SUCESSO === Acesso liberado para lucas
DEBUG - 2025-09-30 02:34:04 --> === PDV Controller INÍCIO ===
DEBUG - 2025-09-30 02:34:04 --> PDV Controller - Dados da sessão:
DEBUG - 2025-09-30 02:34:04 -->   - tipo: 4
DEBUG - 2025-09-30 02:34:04 -->   - status: ativo
DEBUG - 2025-09-30 02:34:04 -->   - usuario: lucas
DEBUG - 2025-09-30 02:34:04 -->   - id_empresa: 3
DEBUG - 2025-09-30 02:34:04 -->   - id_contador: 1
DEBUG - 2025-09-30 02:34:04 --> PDV Controller - Permissões OK, carregando dados...
DEBUG - 2025-09-30 02:34:04 --> PDV Controller - Dados preparados:
DEBUG - 2025-09-30 02:34:04 -->   - Total de itens: 0
DEBUG - 2025-09-30 02:34:04 -->   - Total geral: R$ 0,00
DEBUG - 2025-09-30 02:34:04 --> === PDV Controller SUCESSO === Renderizando view
INFO - 2025-09-30 02:34:05 --> Session: Class initialized using 'CodeIgniter\Session\Handlers\FileHandler' driver.
INFO - 2025-09-30 02:34:05 --> Session: Class initialized using 'CodeIgniter\Session\Handlers\FileHandler' driver.
INFO - 2025-09-30 02:34:05 --> Session: Class initialized using 'CodeIgniter\Session\Handlers\FileHandler' driver.
INFO - 2025-09-30 02:34:05 --> Session: Class initialized using 'CodeIgniter\Session\Handlers\FileHandler' driver.
INFO - 2025-09-30 02:34:26 --> Session: Class initialized using 'CodeIgniter\Session\Handlers\FileHandler' driver.
INFO - 2025-09-30 02:34:26 --> Session: Class initialized using 'CodeIgniter\Session\Handlers\FileHandler' driver.
INFO - 2025-09-30 02:34:33 --> Session: Class initialized using 'CodeIgniter\Session\Handlers\FileHandler' driver.
INFO - 2025-09-30 02:34:33 --> Session: Class initialized using 'CodeIgniter\Session\Handlers\FileHandler' driver.
INFO - 2025-09-30 02:34:35 --> Session: Class initialized using 'CodeIgniter\Session\Handlers\FileHandler' driver.
INFO - 2025-09-30 02:35:28 --> Session: Class initialized using 'CodeIgniter\Session\Handlers\FileHandler' driver.
INFO - 2025-09-30 02:35:31 --> Session: Class initialized using 'CodeIgniter\Session\Handlers\FileHandler' driver.
INFO - 2025-09-30 02:35:41 --> Session: Class initialized using 'CodeIgniter\Session\Handlers\FileHandler' driver.
INFO - 2025-09-30 02:35:41 --> Session: Class initialized using 'CodeIgniter\Session\Handlers\FileHandler' driver.
INFO - 2025-09-30 02:35:43 --> Session: Class initialized using 'CodeIgniter\Session\Handlers\FileHandler' driver.
INFO - 2025-09-30 02:35:43 --> Session: Class initialized using 'CodeIgniter\Session\Handlers\FileHandler' driver.
INFO - 2025-09-30 02:35:45 --> Session: Class initialized using 'CodeIgniter\Session\Handlers\FileHandler' driver.
INFO - 2025-09-30 02:35:45 --> Session: Class initialized using 'CodeIgniter\Session\Handlers\FileHandler' driver.
INFO - 2025-09-30 02:35:49 --> Session: Class initialized using 'CodeIgniter\Session\Handlers\FileHandler' driver.
DEBUG - 2025-09-30 02:35:49 --> LoginPDV - Dados salvos na sessão: {"id_login":"7","id_empresa":"3","id_contador":"1","usuario":"gabriel ","nome_completo":"Gabriel ","tipo":4,"status":"ativo","xFant":"Stage","xApp":"PDV System"}
DEBUG - 2025-09-30 02:35:49 --> LoginPDV - Verificação imediata da sessão tipo: 4
INFO - 2025-09-30 02:35:51 --> Session: Class initialized using 'CodeIgniter\Session\Handlers\FileHandler' driver.
DEBUG - 2025-09-30 02:35:51 --> === PdvAccessFilter INÍCIO === URI: /index.php/pdv
INFO - 2025-09-30 02:35:51 --> Session: Class initialized using 'CodeIgniter\Session\Handlers\FileHandler' driver.
DEBUG - 2025-09-30 02:35:51 --> PdvAccessFilter - Dados da sessão:
DEBUG - 2025-09-30 02:35:51 -->   - tipo: 4
DEBUG - 2025-09-30 02:35:51 -->   - id_empresa: 3
DEBUG - 2025-09-30 02:35:51 -->   - id_contador: 1
DEBUG - 2025-09-30 02:35:51 -->   - usuario: gabriel 
DEBUG - 2025-09-30 02:35:51 -->   - session_id: 71d1nmqrm8ula4h58clpnpp0fdcv4t3a
DEBUG - 2025-09-30 02:35:51 --> PdvAccessFilter - Validação de acesso:
DEBUG - 2025-09-30 02:35:51 -->   - tipos permitidos: [1,3,4]
DEBUG - 2025-09-30 02:35:51 -->   - tipo do usuário: 4 (válido: SIM)
DEBUG - 2025-09-30 02:35:51 -->   - id_empresa: 3 (válido: SIM)
DEBUG - 2025-09-30 02:35:51 -->   - wants JSON: NÃO
DEBUG - 2025-09-30 02:35:51 --> PdvAccessFilter - Verificando empresa no banco...
DEBUG - 2025-09-30 02:35:51 --> PdvAccessFilter - Empresa encontrada: Stage (ID: 3)
DEBUG - 2025-09-30 02:35:51 --> === PdvAccessFilter SUCESSO === Acesso liberado para gabriel 
DEBUG - 2025-09-30 02:35:51 --> === PDV Controller INÍCIO ===
DEBUG - 2025-09-30 02:35:51 --> PDV Controller - Dados da sessão:
DEBUG - 2025-09-30 02:35:51 -->   - tipo: 4
DEBUG - 2025-09-30 02:35:51 -->   - status: ativo
DEBUG - 2025-09-30 02:35:51 -->   - usuario: gabriel 
DEBUG - 2025-09-30 02:35:51 -->   - id_empresa: 3
DEBUG - 2025-09-30 02:35:51 -->   - id_contador: 1
DEBUG - 2025-09-30 02:35:51 --> PDV Controller - Permissões OK, carregando dados...
DEBUG - 2025-09-30 02:35:51 --> PDV Controller - Dados preparados:
DEBUG - 2025-09-30 02:35:51 -->   - Total de itens: 0
DEBUG - 2025-09-30 02:35:51 -->   - Total geral: R$ 0,00
DEBUG - 2025-09-30 02:35:51 --> === PDV Controller SUCESSO === Renderizando view
INFO - 2025-09-30 02:35:51 --> Session: Class initialized using 'CodeIgniter\Session\Handlers\FileHandler' driver.
INFO - 2025-09-30 02:35:51 --> Session: Class initialized using 'CodeIgniter\Session\Handlers\FileHandler' driver.
INFO - 2025-09-30 02:35:51 --> Session: Class initialized using 'CodeIgniter\Session\Handlers\FileHandler' driver.
INFO - 2025-09-30 02:35:52 --> Session: Class initialized using 'CodeIgniter\Session\Handlers\FileHandler' driver.
INFO - 2025-09-30 02:35:54 --> Session: Class initialized using 'CodeIgniter\Session\Handlers\FileHandler' driver.
INFO - 2025-09-30 02:35:57 --> Session: Class initialized using 'CodeIgniter\Session\Handlers\FileHandler' driver.
DEBUG - 2025-09-30 02:35:57 --> Products::search - Termo: , Contador: 1, Empresa: 3, Page: 1, Limit: 50
INFO - 2025-09-30 02:35:59 --> Session: Class initialized using 'CodeIgniter\Session\Handlers\FileHandler' driver.
INFO - 2025-09-30 02:36:03 --> Session: Class initialized using 'CodeIgniter\Session\Handlers\FileHandler' driver.
INFO - 2025-09-30 02:36:09 --> Session: Class initialized using 'CodeIgniter\Session\Handlers\FileHandler' driver.
INFO - 2025-09-30 02:36:09 --> Session: Class initialized using 'CodeIgniter\Session\Handlers\FileHandler' driver.
INFO - 2025-09-30 02:36:11 --> Session: Class initialized using 'CodeIgniter\Session\Handlers\FileHandler' driver.
INFO - 2025-09-30 02:36:11 --> Session: Class initialized using 'CodeIgniter\Session\Handlers\FileHandler' driver.
INFO - 2025-09-30 02:36:16 --> Session: Class initialized using 'CodeIgniter\Session\Handlers\FileHandler' driver.
DEBUG - 2025-09-30 02:36:16 --> LoginPDV - Dados salvos na sessão: {"id_login":"7","id_empresa":"3","id_contador":"1","usuario":"gabriel ","nome_completo":"Gabriel ","tipo":4,"status":"ativo","xFant":"Stage","xApp":"PDV System"}
DEBUG - 2025-09-30 02:36:16 --> LoginPDV - Verificação imediata da sessão tipo: 4
INFO - 2025-09-30 02:36:18 --> Session: Class initialized using 'CodeIgniter\Session\Handlers\FileHandler' driver.
DEBUG - 2025-09-30 02:36:18 --> === PdvAccessFilter INÍCIO === URI: /index.php/pdv
INFO - 2025-09-30 02:36:18 --> Session: Class initialized using 'CodeIgniter\Session\Handlers\FileHandler' driver.
DEBUG - 2025-09-30 02:36:18 --> PdvAccessFilter - Dados da sessão:
DEBUG - 2025-09-30 02:36:18 -->   - tipo: 4
DEBUG - 2025-09-30 02:36:18 -->   - id_empresa: 3
DEBUG - 2025-09-30 02:36:18 -->   - id_contador: 1
DEBUG - 2025-09-30 02:36:18 -->   - usuario: gabriel 
DEBUG - 2025-09-30 02:36:18 -->   - session_id: 3jf2n3sr3er106oc6cvvskkd4j30ude9
DEBUG - 2025-09-30 02:36:18 --> PdvAccessFilter - Validação de acesso:
DEBUG - 2025-09-30 02:36:18 -->   - tipos permitidos: [1,3,4]
DEBUG - 2025-09-30 02:36:18 -->   - tipo do usuário: 4 (válido: SIM)
DEBUG - 2025-09-30 02:36:18 -->   - id_empresa: 3 (válido: SIM)
DEBUG - 2025-09-30 02:36:18 -->   - wants JSON: NÃO
DEBUG - 2025-09-30 02:36:18 --> PdvAccessFilter - Verificando empresa no banco...
DEBUG - 2025-09-30 02:36:18 --> PdvAccessFilter - Empresa encontrada: Stage (ID: 3)
DEBUG - 2025-09-30 02:36:18 --> === PdvAccessFilter SUCESSO === Acesso liberado para gabriel 
DEBUG - 2025-09-30 02:36:18 --> === PDV Controller INÍCIO ===
DEBUG - 2025-09-30 02:36:18 --> PDV Controller - Dados da sessão:
DEBUG - 2025-09-30 02:36:18 -->   - tipo: 4
DEBUG - 2025-09-30 02:36:18 -->   - status: ativo
DEBUG - 2025-09-30 02:36:18 -->   - usuario: gabriel 
DEBUG - 2025-09-30 02:36:18 -->   - id_empresa: 3
DEBUG - 2025-09-30 02:36:18 -->   - id_contador: 1
DEBUG - 2025-09-30 02:36:18 --> PDV Controller - Permissões OK, carregando dados...
DEBUG - 2025-09-30 02:36:18 --> PDV Controller - Dados preparados:
DEBUG - 2025-09-30 02:36:18 -->   - Total de itens: 0
DEBUG - 2025-09-30 02:36:18 -->   - Total geral: R$ 0,00
DEBUG - 2025-09-30 02:36:18 --> === PDV Controller SUCESSO === Renderizando view
INFO - 2025-09-30 02:36:18 --> Session: Class initialized using 'CodeIgniter\Session\Handlers\FileHandler' driver.
INFO - 2025-09-30 02:36:18 --> Session: Class initialized using 'CodeIgniter\Session\Handlers\FileHandler' driver.
INFO - 2025-09-30 02:36:18 --> Session: Class initialized using 'CodeIgniter\Session\Handlers\FileHandler' driver.
INFO - 2025-09-30 02:36:18 --> Session: Class initialized using 'CodeIgniter\Session\Handlers\FileHandler' driver.
INFO - 2025-09-30 02:36:21 --> Session: Class initialized using 'CodeIgniter\Session\Handlers\FileHandler' driver.
INFO - 2025-09-30 02:36:27 --> Session: Class initialized using 'CodeIgniter\Session\Handlers\FileHandler' driver.
INFO - 2025-09-30 02:36:43 --> Session: Class initialized using 'CodeIgniter\Session\Handlers\FileHandler' driver.
INFO - 2025-09-30 02:36:43 --> Session: Class initialized using 'CodeIgniter\Session\Handlers\FileHandler' driver.
INFO - 2025-09-30 02:36:45 --> Session: Class initialized using 'CodeIgniter\Session\Handlers\FileHandler' driver.
INFO - 2025-09-30 02:36:52 --> Session: Class initialized using 'CodeIgniter\Session\Handlers\FileHandler' driver.
INFO - 2025-09-30 02:36:53 --> Session: Class initialized using 'CodeIgniter\Session\Handlers\FileHandler' driver.
INFO - 2025-09-30 02:36:58 --> Session: Class initialized using 'CodeIgniter\Session\Handlers\FileHandler' driver.
INFO - 2025-09-30 02:36:58 --> Session: Class initialized using 'CodeIgniter\Session\Handlers\FileHandler' driver.
INFO - 2025-09-30 02:37:02 --> Session: Class initialized using 'CodeIgniter\Session\Handlers\FileHandler' driver.
INFO - 2025-09-30 02:37:18 --> Session: Class initialized using 'CodeIgniter\Session\Handlers\FileHandler' driver.
INFO - 2025-09-30 02:37:20 --> Session: Class initialized using 'CodeIgniter\Session\Handlers\FileHandler' driver.
INFO - 2025-09-30 02:37:22 --> Session: Class initialized using 'CodeIgniter\Session\Handlers\FileHandler' driver.
INFO - 2025-09-30 02:37:27 --> Session: Class initialized using 'CodeIgniter\Session\Handlers\FileHandler' driver.
INFO - 2025-09-30 02:37:30 --> Session: Class initialized using 'CodeIgniter\Session\Handlers\FileHandler' driver.
INFO - 2025-09-30 02:38:40 --> Session: Class initialized using 'CodeIgniter\Session\Handlers\FileHandler' driver.
INFO - 2025-09-30 02:38:47 --> Session: Class initialized using 'CodeIgniter\Session\Handlers\FileHandler' driver.
INFO - 2025-09-30 02:38:48 --> Session: Class initialized using 'CodeIgniter\Session\Handlers\FileHandler' driver.
INFO - 2025-09-30 02:38:49 --> Session: Class initialized using 'CodeIgniter\Session\Handlers\FileHandler' driver.
INFO - 2025-09-30 02:38:51 --> Session: Class initialized using 'CodeIgniter\Session\Handlers\FileHandler' driver.
INFO - 2025-09-30 02:38:52 --> Session: Class initialized using 'CodeIgniter\Session\Handlers\FileHandler' driver.
INFO - 2025-09-30 02:38:53 --> Session: Class initialized using 'CodeIgniter\Session\Handlers\FileHandler' driver.
INFO - 2025-09-30 02:41:46 --> Session: Class initialized using 'CodeIgniter\Session\Handlers\FileHandler' driver.
INFO - 2025-09-30 02:41:47 --> Session: Class initialized using 'CodeIgniter\Session\Handlers\FileHandler' driver.
INFO - 2025-09-30 02:41:48 --> Session: Class initialized using 'CodeIgniter\Session\Handlers\FileHandler' driver.
DEBUG - 2025-09-30 02:41:49 --> === PdvAccessFilter INÍCIO === URI: /index.php/pdv
INFO - 2025-09-30 02:41:49 --> Session: Class initialized using 'CodeIgniter\Session\Handlers\FileHandler' driver.
DEBUG - 2025-09-30 02:41:49 --> PdvAccessFilter - Dados da sessão:
DEBUG - 2025-09-30 02:41:49 -->   - tipo: 3
DEBUG - 2025-09-30 02:41:49 -->   - id_empresa: 3
DEBUG - 2025-09-30 02:41:49 -->   - id_contador: 1
DEBUG - 2025-09-30 02:41:49 -->   - usuario: teste
DEBUG - 2025-09-30 02:41:49 -->   - session_id: 517m833tg3ht0nohbeqvsgjcpl1tae2i
DEBUG - 2025-09-30 02:41:49 --> PdvAccessFilter - Validação de acesso:
DEBUG - 2025-09-30 02:41:49 -->   - tipos permitidos: [1,3,4]
DEBUG - 2025-09-30 02:41:49 -->   - tipo do usuário: 3 (válido: SIM)
DEBUG - 2025-09-30 02:41:49 -->   - id_empresa: 3 (válido: SIM)
DEBUG - 2025-09-30 02:41:49 -->   - wants JSON: NÃO
DEBUG - 2025-09-30 02:41:49 --> PdvAccessFilter - Verificando empresa no banco...
DEBUG - 2025-09-30 02:41:49 --> PdvAccessFilter - Empresa encontrada: Stage (ID: 3)
DEBUG - 2025-09-30 02:41:49 --> === PdvAccessFilter SUCESSO === Acesso liberado para teste
DEBUG - 2025-09-30 02:41:50 --> === PDV Controller INÍCIO ===
DEBUG - 2025-09-30 02:41:50 --> PDV Controller - Dados da sessão:
DEBUG - 2025-09-30 02:41:50 -->   - tipo: 3
DEBUG - 2025-09-30 02:41:50 -->   - status: null
DEBUG - 2025-09-30 02:41:50 -->   - usuario: teste
DEBUG - 2025-09-30 02:41:50 -->   - id_empresa: 3
DEBUG - 2025-09-30 02:41:50 -->   - id_contador: 1
DEBUG - 2025-09-30 02:41:50 --> PDV Controller - Permissões OK, carregando dados...
DEBUG - 2025-09-30 02:41:50 --> PDV Controller - Dados preparados:
DEBUG - 2025-09-30 02:41:50 -->   - Total de itens: 0
DEBUG - 2025-09-30 02:41:50 -->   - Total geral: R$ 0,00
DEBUG - 2025-09-30 02:41:50 --> === PDV Controller SUCESSO === Renderizando view
INFO - 2025-09-30 02:41:50 --> Session: Class initialized using 'CodeIgniter\Session\Handlers\FileHandler' driver.
INFO - 2025-09-30 02:41:50 --> Session: Class initialized using 'CodeIgniter\Session\Handlers\FileHandler' driver.
INFO - 2025-09-30 02:41:50 --> Session: Class initialized using 'CodeIgniter\Session\Handlers\FileHandler' driver.
INFO - 2025-09-30 02:41:50 --> Session: Class initialized using 'CodeIgniter\Session\Handlers\FileHandler' driver.
DEBUG - 2025-09-30 02:41:53 --> === PdvAccessFilter INÍCIO === URI: /index.php/pdv
INFO - 2025-09-30 02:41:53 --> Session: Class initialized using 'CodeIgniter\Session\Handlers\FileHandler' driver.
DEBUG - 2025-09-30 02:41:53 --> PdvAccessFilter - Dados da sessão:
DEBUG - 2025-09-30 02:41:53 -->   - tipo: 3
DEBUG - 2025-09-30 02:41:53 -->   - id_empresa: 3
DEBUG - 2025-09-30 02:41:53 -->   - id_contador: 1
DEBUG - 2025-09-30 02:41:53 -->   - usuario: teste
DEBUG - 2025-09-30 02:41:53 -->   - session_id: 517m833tg3ht0nohbeqvsgjcpl1tae2i
DEBUG - 2025-09-30 02:41:53 --> PdvAccessFilter - Validação de acesso:
DEBUG - 2025-09-30 02:41:53 -->   - tipos permitidos: [1,3,4]
DEBUG - 2025-09-30 02:41:53 -->   - tipo do usuário: 3 (válido: SIM)
DEBUG - 2025-09-30 02:41:53 -->   - id_empresa: 3 (válido: SIM)
DEBUG - 2025-09-30 02:41:53 -->   - wants JSON: NÃO
DEBUG - 2025-09-30 02:41:53 --> PdvAccessFilter - Verificando empresa no banco...
DEBUG - 2025-09-30 02:41:53 --> PdvAccessFilter - Empresa encontrada: Stage (ID: 3)
DEBUG - 2025-09-30 02:41:53 --> === PdvAccessFilter SUCESSO === Acesso liberado para teste
DEBUG - 2025-09-30 02:41:53 --> === PDV Controller INÍCIO ===
DEBUG - 2025-09-30 02:41:53 --> PDV Controller - Dados da sessão:
DEBUG - 2025-09-30 02:41:53 -->   - tipo: 3
DEBUG - 2025-09-30 02:41:53 -->   - status: null
DEBUG - 2025-09-30 02:41:53 -->   - usuario: teste
DEBUG - 2025-09-30 02:41:53 -->   - id_empresa: 3
DEBUG - 2025-09-30 02:41:53 -->   - id_contador: 1
DEBUG - 2025-09-30 02:41:53 --> PDV Controller - Permissões OK, carregando dados...
DEBUG - 2025-09-30 02:41:53 --> PDV Controller - Dados preparados:
DEBUG - 2025-09-30 02:41:53 -->   - Total de itens: 0
DEBUG - 2025-09-30 02:41:53 -->   - Total geral: R$ 0,00
DEBUG - 2025-09-30 02:41:53 --> === PDV Controller SUCESSO === Renderizando view
INFO - 2025-09-30 02:41:54 --> Session: Class initialized using 'CodeIgniter\Session\Handlers\FileHandler' driver.
INFO - 2025-09-30 02:41:54 --> Session: Class initialized using 'CodeIgniter\Session\Handlers\FileHandler' driver.
INFO - 2025-09-30 02:41:54 --> Session: Class initialized using 'CodeIgniter\Session\Handlers\FileHandler' driver.
INFO - 2025-09-30 02:41:54 --> Session: Class initialized using 'CodeIgniter\Session\Handlers\FileHandler' driver.
INFO - 2025-09-30 02:41:56 --> Session: Class initialized using 'CodeIgniter\Session\Handlers\FileHandler' driver.
INFO - 2025-09-30 02:41:58 --> Session: Class initialized using 'CodeIgniter\Session\Handlers\FileHandler' driver.
INFO - 2025-09-30 02:41:59 --> Session: Class initialized using 'CodeIgniter\Session\Handlers\FileHandler' driver.
INFO - 2025-09-30 02:42:00 --> Session: Class initialized using 'CodeIgniter\Session\Handlers\FileHandler' driver.
INFO - 2025-09-30 02:42:01 --> Session: Class initialized using 'CodeIgniter\Session\Handlers\FileHandler' driver.
INFO - 2025-09-30 02:42:02 --> Session: Class initialized using 'CodeIgniter\Session\Handlers\FileHandler' driver.
INFO - 2025-09-30 02:42:03 --> Session: Class initialized using 'CodeIgniter\Session\Handlers\FileHandler' driver.
INFO - 2025-09-30 02:42:08 --> Session: Class initialized using 'CodeIgniter\Session\Handlers\FileHandler' driver.
INFO - 2025-09-30 02:42:11 --> Session: Class initialized using 'CodeIgniter\Session\Handlers\FileHandler' driver.
INFO - 2025-09-30 02:50:14 --> Session: Class initialized using 'CodeIgniter\Session\Handlers\FileHandler' driver.
INFO - 2025-09-30 02:50:16 --> Session: Class initialized using 'CodeIgniter\Session\Handlers\FileHandler' driver.
INFO - 2025-09-30 02:50:23 --> Session: Class initialized using 'CodeIgniter\Session\Handlers\FileHandler' driver.
INFO - 2025-09-30 02:50:24 --> Session: Class initialized using 'CodeIgniter\Session\Handlers\FileHandler' driver.
INFO - 2025-09-30 02:50:31 --> Session: Class initialized using 'CodeIgniter\Session\Handlers\FileHandler' driver.
INFO - 2025-09-30 02:52:17 --> Session: Class initialized using 'CodeIgniter\Session\Handlers\FileHandler' driver.
INFO - 2025-09-30 02:52:19 --> Session: Class initialized using 'CodeIgniter\Session\Handlers\FileHandler' driver.
INFO - 2025-09-30 02:52:21 --> Session: Class initialized using 'CodeIgniter\Session\Handlers\FileHandler' driver.
ERROR - 2025-09-30 02:52:21 --> mysqli_sql_exception: Unknown column 'pos_sale_items.product_name' in 'field list' in C:\xampp\htdocs\erp.local\system\Database\MySQLi\Connection.php:306
Stack trace:
#0 C:\xampp\htdocs\erp.local\system\Database\MySQLi\Connection.php(306): mysqli->query('SELECT `pos_sal...', 0)
#1 C:\xampp\htdocs\erp.local\system\Database\BaseConnection.php(693): CodeIgniter\Database\MySQLi\Connection->execute('SELECT `pos_sal...')
#2 C:\xampp\htdocs\erp.local\system\Database\BaseConnection.php(607): CodeIgniter\Database\BaseConnection->simpleQuery('SELECT `pos_sal...')
#3 C:\xampp\htdocs\erp.local\system\Database\BaseBuilder.php(1616): CodeIgniter\Database\BaseConnection->query('SELECT `pos_sal...', Array, false)
#4 C:\xampp\htdocs\erp.local\system\Model.php(242): CodeIgniter\Database\BaseBuilder->get()
#5 C:\xampp\htdocs\erp.local\system\BaseModel.php(638): CodeIgniter\Model->doFindAll(0, 0)
#6 C:\xampp\htdocs\erp.local\app\Controllers\RelatoriosEmpresa.php(243): CodeIgniter\BaseModel->findAll()
#7 C:\xampp\htdocs\erp.local\app\Controllers\RelatoriosEmpresa.php(80): App\Controllers\RelatoriosEmpresa->getDashboardStats('2025-09')
#8 C:\xampp\htdocs\erp.local\system\CodeIgniter.php(941): App\Controllers\RelatoriosEmpresa->index()
#9 C:\xampp\htdocs\erp.local\system\CodeIgniter.php(502): CodeIgniter\CodeIgniter->runController(Object(App\Controllers\RelatoriosEmpresa))
#10 C:\xampp\htdocs\erp.local\system\CodeIgniter.php(361): CodeIgniter\CodeIgniter->handleRequest(NULL, Object(Config\Cache), false)
#11 C:\xampp\htdocs\erp.local\public\index.php(79): CodeIgniter\CodeIgniter->run()
#12 {main}
CRITICAL - 2025-09-30 02:52:21 --> CodeIgniter\Database\Exceptions\DatabaseException: Unknown column 'pos_sale_items.product_name' in 'field list'
in SYSTEMPATH\Database\BaseConnection.php on line 647.
 1 SYSTEMPATH\Database\BaseBuilder.php(1616): CodeIgniter\Database\BaseConnection->query('SELECT `pos_sale_items`.`product_name`, SUM(pos_sale_items.quantity) as total_vendido, SUM(pos_sale_items.quantity * pos_sale_items.unit_price) as valor_total
FROM `pos_sale_items`
JOIN `pos_sales` ON `pos_sales`.`id_pos_sale` = `pos_sale_items`.`id_pos_sale`
WHERE `pos_sales`.`id_empresa` = :pos_sales.id_empresa:
AND `pos_sales`.`status` = :pos_sales.status:
AND DATE(pos_sales.created_at) >= :DATE(pos_sales.created_at):
AND DATE(pos_sales.created_at) <= :DATE(pos_sales.created_at).1:
GROUP BY `pos_sale_items`.`product_name`
ORDER BY `total_vendido` DESC', [...], false)
 2 SYSTEMPATH\Model.php(242): CodeIgniter\Database\BaseBuilder->get()
 3 SYSTEMPATH\BaseModel.php(638): CodeIgniter\Model->doFindAll(0, 0)
 4 APPPATH\Controllers\RelatoriosEmpresa.php(243): CodeIgniter\BaseModel->findAll()
 5 APPPATH\Controllers\RelatoriosEmpresa.php(80): App\Controllers\RelatoriosEmpresa->getDashboardStats('2025-09')
 6 SYSTEMPATH\CodeIgniter.php(941): App\Controllers\RelatoriosEmpresa->index()
 7 SYSTEMPATH\CodeIgniter.php(502): CodeIgniter\CodeIgniter->runController(Object(App\Controllers\RelatoriosEmpresa))
 8 SYSTEMPATH\CodeIgniter.php(361): CodeIgniter\CodeIgniter->handleRequest(null, Object(Config\Cache), false)
 9 FCPATH\index.php(79): CodeIgniter\CodeIgniter->run()
CRITICAL - 2025-09-30 02:52:21 --> [Caused by] CodeIgniter\Database\Exceptions\DatabaseException: Unknown column 'pos_sale_items.product_name' in 'field list'
in SYSTEMPATH\Database\MySQLi\Connection.php on line 311.
 1 SYSTEMPATH\Database\BaseConnection.php(693): CodeIgniter\Database\MySQLi\Connection->execute('SELECT `pos_sale_items`.`product_name`, SUM(pos_sale_items.quantity) as total_vendido, SUM(pos_sale_items.quantity * pos_sale_items.unit_price) as valor_total
FROM `pos_sale_items`
JOIN `pos_sales` ON `pos_sales`.`id_pos_sale` = `pos_sale_items`.`id_pos_sale`
WHERE `pos_sales`.`id_empresa` = \'3\'
AND `pos_sales`.`status` = \'finalized\'
AND DATE(pos_sales.created_at) >= \'2025-09-01\'
AND DATE(pos_sales.created_at) <= \'2025-09-30\'
GROUP BY `pos_sale_items`.`product_name`
ORDER BY `total_vendido` DESC')
 2 SYSTEMPATH\Database\BaseConnection.php(607): CodeIgniter\Database\BaseConnection->simpleQuery('SELECT `pos_sale_items`.`product_name`, SUM(pos_sale_items.quantity) as total_vendido, SUM(pos_sale_items.quantity * pos_sale_items.unit_price) as valor_total
FROM `pos_sale_items`
JOIN `pos_sales` ON `pos_sales`.`id_pos_sale` = `pos_sale_items`.`id_pos_sale`
WHERE `pos_sales`.`id_empresa` = \'3\'
AND `pos_sales`.`status` = \'finalized\'
AND DATE(pos_sales.created_at) >= \'2025-09-01\'
AND DATE(pos_sales.created_at) <= \'2025-09-30\'
GROUP BY `pos_sale_items`.`product_name`
ORDER BY `total_vendido` DESC')
 3 SYSTEMPATH\Database\BaseBuilder.php(1616): CodeIgniter\Database\BaseConnection->query('SELECT `pos_sale_items`.`product_name`, SUM(pos_sale_items.quantity) as total_vendido, SUM(pos_sale_items.quantity * pos_sale_items.unit_price) as valor_total
FROM `pos_sale_items`
JOIN `pos_sales` ON `pos_sales`.`id_pos_sale` = `pos_sale_items`.`id_pos_sale`
WHERE `pos_sales`.`id_empresa` = :pos_sales.id_empresa:
AND `pos_sales`.`status` = :pos_sales.status:
AND DATE(pos_sales.created_at) >= :DATE(pos_sales.created_at):
AND DATE(pos_sales.created_at) <= :DATE(pos_sales.created_at).1:
GROUP BY `pos_sale_items`.`product_name`
ORDER BY `total_vendido` DESC', [...], false)
 4 SYSTEMPATH\Model.php(242): CodeIgniter\Database\BaseBuilder->get()
 5 SYSTEMPATH\BaseModel.php(638): CodeIgniter\Model->doFindAll(0, 0)
 6 APPPATH\Controllers\RelatoriosEmpresa.php(243): CodeIgniter\BaseModel->findAll()
 7 APPPATH\Controllers\RelatoriosEmpresa.php(80): App\Controllers\RelatoriosEmpresa->getDashboardStats('2025-09')
 8 SYSTEMPATH\CodeIgniter.php(941): App\Controllers\RelatoriosEmpresa->index()
 9 SYSTEMPATH\CodeIgniter.php(502): CodeIgniter\CodeIgniter->runController(Object(App\Controllers\RelatoriosEmpresa))
10 SYSTEMPATH\CodeIgniter.php(361): CodeIgniter\CodeIgniter->handleRequest(null, Object(Config\Cache), false)
11 FCPATH\index.php(79): CodeIgniter\CodeIgniter->run()
CRITICAL - 2025-09-30 02:52:21 --> [Caused by] mysqli_sql_exception: Unknown column 'pos_sale_items.product_name' in 'field list'
in SYSTEMPATH\Database\MySQLi\Connection.php on line 306.
 1 SYSTEMPATH\Database\MySQLi\Connection.php(306): mysqli->query('SELECT `pos_sale_items`.`product_name`, SUM(pos_sale_items.quantity) as total_vendido, SUM(pos_sale_items.quantity * pos_sale_items.unit_price) as valor_total
FROM `pos_sale_items`
JOIN `pos_sales` ON `pos_sales`.`id_pos_sale` = `pos_sale_items`.`id_pos_sale`
WHERE `pos_sales`.`id_empresa` = \'3\'
AND `pos_sales`.`status` = \'finalized\'
AND DATE(pos_sales.created_at) >= \'2025-09-01\'
AND DATE(pos_sales.created_at) <= \'2025-09-30\'
GROUP BY `pos_sale_items`.`product_name`
ORDER BY `total_vendido` DESC', 0)
 2 SYSTEMPATH\Database\BaseConnection.php(693): CodeIgniter\Database\MySQLi\Connection->execute('SELECT `pos_sale_items`.`product_name`, SUM(pos_sale_items.quantity) as total_vendido, SUM(pos_sale_items.quantity * pos_sale_items.unit_price) as valor_total
FROM `pos_sale_items`
JOIN `pos_sales` ON `pos_sales`.`id_pos_sale` = `pos_sale_items`.`id_pos_sale`
WHERE `pos_sales`.`id_empresa` = \'3\'
AND `pos_sales`.`status` = \'finalized\'
AND DATE(pos_sales.created_at) >= \'2025-09-01\'
AND DATE(pos_sales.created_at) <= \'2025-09-30\'
GROUP BY `pos_sale_items`.`product_name`
ORDER BY `total_vendido` DESC')
 3 SYSTEMPATH\Database\BaseConnection.php(607): CodeIgniter\Database\BaseConnection->simpleQuery('SELECT `pos_sale_items`.`product_name`, SUM(pos_sale_items.quantity) as total_vendido, SUM(pos_sale_items.quantity * pos_sale_items.unit_price) as valor_total
FROM `pos_sale_items`
JOIN `pos_sales` ON `pos_sales`.`id_pos_sale` = `pos_sale_items`.`id_pos_sale`
WHERE `pos_sales`.`id_empresa` = \'3\'
AND `pos_sales`.`status` = \'finalized\'
AND DATE(pos_sales.created_at) >= \'2025-09-01\'
AND DATE(pos_sales.created_at) <= \'2025-09-30\'
GROUP BY `pos_sale_items`.`product_name`
ORDER BY `total_vendido` DESC')
 4 SYSTEMPATH\Database\BaseBuilder.php(1616): CodeIgniter\Database\BaseConnection->query('SELECT `pos_sale_items`.`product_name`, SUM(pos_sale_items.quantity) as total_vendido, SUM(pos_sale_items.quantity * pos_sale_items.unit_price) as valor_total
FROM `pos_sale_items`
JOIN `pos_sales` ON `pos_sales`.`id_pos_sale` = `pos_sale_items`.`id_pos_sale`
WHERE `pos_sales`.`id_empresa` = :pos_sales.id_empresa:
AND `pos_sales`.`status` = :pos_sales.status:
AND DATE(pos_sales.created_at) >= :DATE(pos_sales.created_at):
AND DATE(pos_sales.created_at) <= :DATE(pos_sales.created_at).1:
GROUP BY `pos_sale_items`.`product_name`
ORDER BY `total_vendido` DESC', [...], false)
 5 SYSTEMPATH\Model.php(242): CodeIgniter\Database\BaseBuilder->get()
 6 SYSTEMPATH\BaseModel.php(638): CodeIgniter\Model->doFindAll(0, 0)
 7 APPPATH\Controllers\RelatoriosEmpresa.php(243): CodeIgniter\BaseModel->findAll()
 8 APPPATH\Controllers\RelatoriosEmpresa.php(80): App\Controllers\RelatoriosEmpresa->getDashboardStats('2025-09')
 9 SYSTEMPATH\CodeIgniter.php(941): App\Controllers\RelatoriosEmpresa->index()
10 SYSTEMPATH\CodeIgniter.php(502): CodeIgniter\CodeIgniter->runController(Object(App\Controllers\RelatoriosEmpresa))
11 SYSTEMPATH\CodeIgniter.php(361): CodeIgniter\CodeIgniter->handleRequest(null, Object(Config\Cache), false)
12 FCPATH\index.php(79): CodeIgniter\CodeIgniter->run()
CRITICAL - 2025-09-30 02:52:21 --> ErrorException: Uncaught TypeError: htmlspecialchars(): Argument #1 ($string) must be of type string, resource given in C:\xampp\htdocs\erp.local\app\Views\errors\html\error_exception.php:182
Stack trace:
#0 C:\xampp\htdocs\erp.local\app\Views\errors\html\error_exception.php(182): htmlspecialchars(Resource id #42, 8, 'UTF-8')
#1 C:\xampp\htdocs\erp.local\system\Debug\BaseExceptionHandler.php(258): include('C:\\xampp\\htdocs...')
#2 C:\xampp\htdocs\erp.local\system\Debug\BaseExceptionHandler.php(261): CodeIgniter\Debug\BaseExceptionHandler->CodeIgniter\Debug\{closure}()
#3 C:\xampp\htdocs\erp.local\system\Debug\ExceptionHandler.php(112): CodeIgniter\Debug\BaseExceptionHandler->render(Object(CodeIgniter\Database\Exceptions\DatabaseException), 500, 'C:\\xampp\\htdocs...')
#4 C:\xampp\htdocs\erp.local\system\Debug\Exceptions.php(156): CodeIgniter\Debug\ExceptionHandler->handle(Object(CodeIgniter\Database\Exceptions\DatabaseException), Object(CodeIgniter\HTTP\IncomingRequest), Object(CodeIgniter\HTTP\Response), 500, 8)
#5 [internal function]: CodeIgniter\Debug\Exceptions->exceptionHandler(Object(CodeIgniter\Database\Exceptions\DatabaseException))
#6 {main}
  thrown
【Previous Exception】
CodeIgniter\Database\Exceptions\DatabaseException
Unknown column 'pos_sale_items.product_name' in 'field list'
#0 C:\xampp\htdocs\erp.local\system\Database\BaseBuilder.php(1616): CodeIgniter\Database\BaseConnection->query('SELECT `pos_sal...', Array, false)
#1 C:\xampp\htdocs\erp.local\system\Model.php(242): CodeIgniter\Database\BaseBuilder->get()
#2 C:\xampp\htdocs\erp.local\system\BaseModel.php(638): CodeIgniter\Model->doFindAll(0, 0)
#3 C:\xampp\htdocs\erp.local\app\Controllers\RelatoriosEmpresa.php(243): CodeIgniter\BaseModel->findAll()
#4 C:\xampp\htdocs\erp.local\app\Controllers\RelatoriosEmpresa.php(80): App\Controllers\RelatoriosEmpresa->getDashboardStats('2025-09')
#5 C:\xampp\htdocs\erp.local\system\CodeIgniter.php(941): App\Controllers\RelatoriosEmpresa->index()
#6 C:\xampp\htdocs\erp.local\system\CodeIgniter.php(502): CodeIgniter\CodeIgniter->runController(Object(App\Controllers\RelatoriosEmpresa))
#7 C:\xampp\htdocs\erp.local\system\CodeIgniter.php(361): CodeIgniter\CodeIgniter->handleRequest(NULL, Object(Config\Cache), false)
#8 C:\xampp\htdocs\erp.local\public\index.php(79): CodeIgniter\CodeIgniter->run()
#9 {main}
in APPPATH\Views\errors\html\error_exception.php on line 182.
 1 [internal function]: CodeIgniter\Debug\Exceptions->shutdownHandler()
INFO - 2025-09-30 02:52:39 --> Session: Class initialized using 'CodeIgniter\Session\Handlers\FileHandler' driver.
INFO - 2025-09-30 02:52:43 --> Session: Class initialized using 'CodeIgniter\Session\Handlers\FileHandler' driver.
INFO - 2025-09-30 02:54:17 --> Session: Class initialized using 'CodeIgniter\Session\Handlers\FileHandler' driver.
INFO - 2025-09-30 02:55:19 --> Session: Class initialized using 'CodeIgniter\Session\Handlers\FileHandler' driver.
ERROR - 2025-09-30 02:55:19 --> mysqli_sql_exception: Unknown column 'pos_sale_items.product_name' in 'field list' in C:\xampp\htdocs\erp.local\system\Database\MySQLi\Connection.php:306
Stack trace:
#0 C:\xampp\htdocs\erp.local\system\Database\MySQLi\Connection.php(306): mysqli->query('SELECT `pos_sal...', 0)
#1 C:\xampp\htdocs\erp.local\system\Database\BaseConnection.php(693): CodeIgniter\Database\MySQLi\Connection->execute('SELECT `pos_sal...')
#2 C:\xampp\htdocs\erp.local\system\Database\BaseConnection.php(607): CodeIgniter\Database\BaseConnection->simpleQuery('SELECT `pos_sal...')
#3 C:\xampp\htdocs\erp.local\system\Database\BaseBuilder.php(1616): CodeIgniter\Database\BaseConnection->query('SELECT `pos_sal...', Array, false)
#4 C:\xampp\htdocs\erp.local\system\Model.php(242): CodeIgniter\Database\BaseBuilder->get()
#5 C:\xampp\htdocs\erp.local\system\BaseModel.php(638): CodeIgniter\Model->doFindAll(0, 0)
#6 C:\xampp\htdocs\erp.local\app\Controllers\RelatoriosEmpresa.php(243): CodeIgniter\BaseModel->findAll()
#7 C:\xampp\htdocs\erp.local\app\Controllers\RelatoriosEmpresa.php(80): App\Controllers\RelatoriosEmpresa->getDashboardStats('2025-09')
#8 C:\xampp\htdocs\erp.local\system\CodeIgniter.php(941): App\Controllers\RelatoriosEmpresa->index()
#9 C:\xampp\htdocs\erp.local\system\CodeIgniter.php(502): CodeIgniter\CodeIgniter->runController(Object(App\Controllers\RelatoriosEmpresa))
#10 C:\xampp\htdocs\erp.local\system\CodeIgniter.php(361): CodeIgniter\CodeIgniter->handleRequest(NULL, Object(Config\Cache), false)
#11 C:\xampp\htdocs\erp.local\public\index.php(79): CodeIgniter\CodeIgniter->run()
#12 {main}
CRITICAL - 2025-09-30 02:55:19 --> CodeIgniter\Database\Exceptions\DatabaseException: Unknown column 'pos_sale_items.product_name' in 'field list'
in SYSTEMPATH\Database\BaseConnection.php on line 647.
 1 SYSTEMPATH\Database\BaseBuilder.php(1616): CodeIgniter\Database\BaseConnection->query('SELECT `pos_sale_items`.`product_name`, SUM(pos_sale_items.quantity) as total_vendido, SUM(pos_sale_items.quantity * pos_sale_items.unit_price) as valor_total
FROM `pos_sale_items`
JOIN `pos_sales` ON `pos_sales`.`id_pos_sale` = `pos_sale_items`.`id_pos_sale`
WHERE `pos_sales`.`id_empresa` = :pos_sales.id_empresa:
AND `pos_sales`.`status` = :pos_sales.status:
AND DATE(pos_sales.created_at) >= :DATE(pos_sales.created_at):
AND DATE(pos_sales.created_at) <= :DATE(pos_sales.created_at).1:
GROUP BY `pos_sale_items`.`product_name`
ORDER BY `total_vendido` DESC', [...], false)
 2 SYSTEMPATH\Model.php(242): CodeIgniter\Database\BaseBuilder->get()
 3 SYSTEMPATH\BaseModel.php(638): CodeIgniter\Model->doFindAll(0, 0)
 4 APPPATH\Controllers\RelatoriosEmpresa.php(243): CodeIgniter\BaseModel->findAll()
 5 APPPATH\Controllers\RelatoriosEmpresa.php(80): App\Controllers\RelatoriosEmpresa->getDashboardStats('2025-09')
 6 SYSTEMPATH\CodeIgniter.php(941): App\Controllers\RelatoriosEmpresa->index()
 7 SYSTEMPATH\CodeIgniter.php(502): CodeIgniter\CodeIgniter->runController(Object(App\Controllers\RelatoriosEmpresa))
 8 SYSTEMPATH\CodeIgniter.php(361): CodeIgniter\CodeIgniter->handleRequest(null, Object(Config\Cache), false)
 9 FCPATH\index.php(79): CodeIgniter\CodeIgniter->run()
CRITICAL - 2025-09-30 02:55:19 --> [Caused by] CodeIgniter\Database\Exceptions\DatabaseException: Unknown column 'pos_sale_items.product_name' in 'field list'
in SYSTEMPATH\Database\MySQLi\Connection.php on line 311.
 1 SYSTEMPATH\Database\BaseConnection.php(693): CodeIgniter\Database\MySQLi\Connection->execute('SELECT `pos_sale_items`.`product_name`, SUM(pos_sale_items.quantity) as total_vendido, SUM(pos_sale_items.quantity * pos_sale_items.unit_price) as valor_total
FROM `pos_sale_items`
JOIN `pos_sales` ON `pos_sales`.`id_pos_sale` = `pos_sale_items`.`id_pos_sale`
WHERE `pos_sales`.`id_empresa` = \'3\'
AND `pos_sales`.`status` = \'finalized\'
AND DATE(pos_sales.created_at) >= \'2025-09-01\'
AND DATE(pos_sales.created_at) <= \'2025-09-30\'
GROUP BY `pos_sale_items`.`product_name`
ORDER BY `total_vendido` DESC')
 2 SYSTEMPATH\Database\BaseConnection.php(607): CodeIgniter\Database\BaseConnection->simpleQuery('SELECT `pos_sale_items`.`product_name`, SUM(pos_sale_items.quantity) as total_vendido, SUM(pos_sale_items.quantity * pos_sale_items.unit_price) as valor_total
FROM `pos_sale_items`
JOIN `pos_sales` ON `pos_sales`.`id_pos_sale` = `pos_sale_items`.`id_pos_sale`
WHERE `pos_sales`.`id_empresa` = \'3\'
AND `pos_sales`.`status` = \'finalized\'
AND DATE(pos_sales.created_at) >= \'2025-09-01\'
AND DATE(pos_sales.created_at) <= \'2025-09-30\'
GROUP BY `pos_sale_items`.`product_name`
ORDER BY `total_vendido` DESC')
 3 SYSTEMPATH\Database\BaseBuilder.php(1616): CodeIgniter\Database\BaseConnection->query('SELECT `pos_sale_items`.`product_name`, SUM(pos_sale_items.quantity) as total_vendido, SUM(pos_sale_items.quantity * pos_sale_items.unit_price) as valor_total
FROM `pos_sale_items`
JOIN `pos_sales` ON `pos_sales`.`id_pos_sale` = `pos_sale_items`.`id_pos_sale`
WHERE `pos_sales`.`id_empresa` = :pos_sales.id_empresa:
AND `pos_sales`.`status` = :pos_sales.status:
AND DATE(pos_sales.created_at) >= :DATE(pos_sales.created_at):
AND DATE(pos_sales.created_at) <= :DATE(pos_sales.created_at).1:
GROUP BY `pos_sale_items`.`product_name`
ORDER BY `total_vendido` DESC', [...], false)
 4 SYSTEMPATH\Model.php(242): CodeIgniter\Database\BaseBuilder->get()
 5 SYSTEMPATH\BaseModel.php(638): CodeIgniter\Model->doFindAll(0, 0)
 6 APPPATH\Controllers\RelatoriosEmpresa.php(243): CodeIgniter\BaseModel->findAll()
 7 APPPATH\Controllers\RelatoriosEmpresa.php(80): App\Controllers\RelatoriosEmpresa->getDashboardStats('2025-09')
 8 SYSTEMPATH\CodeIgniter.php(941): App\Controllers\RelatoriosEmpresa->index()
 9 SYSTEMPATH\CodeIgniter.php(502): CodeIgniter\CodeIgniter->runController(Object(App\Controllers\RelatoriosEmpresa))
10 SYSTEMPATH\CodeIgniter.php(361): CodeIgniter\CodeIgniter->handleRequest(null, Object(Config\Cache), false)
11 FCPATH\index.php(79): CodeIgniter\CodeIgniter->run()
CRITICAL - 2025-09-30 02:55:19 --> [Caused by] mysqli_sql_exception: Unknown column 'pos_sale_items.product_name' in 'field list'
in SYSTEMPATH\Database\MySQLi\Connection.php on line 306.
 1 SYSTEMPATH\Database\MySQLi\Connection.php(306): mysqli->query('SELECT `pos_sale_items`.`product_name`, SUM(pos_sale_items.quantity) as total_vendido, SUM(pos_sale_items.quantity * pos_sale_items.unit_price) as valor_total
FROM `pos_sale_items`
JOIN `pos_sales` ON `pos_sales`.`id_pos_sale` = `pos_sale_items`.`id_pos_sale`
WHERE `pos_sales`.`id_empresa` = \'3\'
AND `pos_sales`.`status` = \'finalized\'
AND DATE(pos_sales.created_at) >= \'2025-09-01\'
AND DATE(pos_sales.created_at) <= \'2025-09-30\'
GROUP BY `pos_sale_items`.`product_name`
ORDER BY `total_vendido` DESC', 0)
 2 SYSTEMPATH\Database\BaseConnection.php(693): CodeIgniter\Database\MySQLi\Connection->execute('SELECT `pos_sale_items`.`product_name`, SUM(pos_sale_items.quantity) as total_vendido, SUM(pos_sale_items.quantity * pos_sale_items.unit_price) as valor_total
FROM `pos_sale_items`
JOIN `pos_sales` ON `pos_sales`.`id_pos_sale` = `pos_sale_items`.`id_pos_sale`
WHERE `pos_sales`.`id_empresa` = \'3\'
AND `pos_sales`.`status` = \'finalized\'
AND DATE(pos_sales.created_at) >= \'2025-09-01\'
AND DATE(pos_sales.created_at) <= \'2025-09-30\'
GROUP BY `pos_sale_items`.`product_name`
ORDER BY `total_vendido` DESC')
 3 SYSTEMPATH\Database\BaseConnection.php(607): CodeIgniter\Database\BaseConnection->simpleQuery('SELECT `pos_sale_items`.`product_name`, SUM(pos_sale_items.quantity) as total_vendido, SUM(pos_sale_items.quantity * pos_sale_items.unit_price) as valor_total
FROM `pos_sale_items`
JOIN `pos_sales` ON `pos_sales`.`id_pos_sale` = `pos_sale_items`.`id_pos_sale`
WHERE `pos_sales`.`id_empresa` = \'3\'
AND `pos_sales`.`status` = \'finalized\'
AND DATE(pos_sales.created_at) >= \'2025-09-01\'
AND DATE(pos_sales.created_at) <= \'2025-09-30\'
GROUP BY `pos_sale_items`.`product_name`
ORDER BY `total_vendido` DESC')
 4 SYSTEMPATH\Database\BaseBuilder.php(1616): CodeIgniter\Database\BaseConnection->query('SELECT `pos_sale_items`.`product_name`, SUM(pos_sale_items.quantity) as total_vendido, SUM(pos_sale_items.quantity * pos_sale_items.unit_price) as valor_total
FROM `pos_sale_items`
JOIN `pos_sales` ON `pos_sales`.`id_pos_sale` = `pos_sale_items`.`id_pos_sale`
WHERE `pos_sales`.`id_empresa` = :pos_sales.id_empresa:
AND `pos_sales`.`status` = :pos_sales.status:
AND DATE(pos_sales.created_at) >= :DATE(pos_sales.created_at):
AND DATE(pos_sales.created_at) <= :DATE(pos_sales.created_at).1:
GROUP BY `pos_sale_items`.`product_name`
ORDER BY `total_vendido` DESC', [...], false)
 5 SYSTEMPATH\Model.php(242): CodeIgniter\Database\BaseBuilder->get()
 6 SYSTEMPATH\BaseModel.php(638): CodeIgniter\Model->doFindAll(0, 0)
 7 APPPATH\Controllers\RelatoriosEmpresa.php(243): CodeIgniter\BaseModel->findAll()
 8 APPPATH\Controllers\RelatoriosEmpresa.php(80): App\Controllers\RelatoriosEmpresa->getDashboardStats('2025-09')
 9 SYSTEMPATH\CodeIgniter.php(941): App\Controllers\RelatoriosEmpresa->index()
10 SYSTEMPATH\CodeIgniter.php(502): CodeIgniter\CodeIgniter->runController(Object(App\Controllers\RelatoriosEmpresa))
11 SYSTEMPATH\CodeIgniter.php(361): CodeIgniter\CodeIgniter->handleRequest(null, Object(Config\Cache), false)
12 FCPATH\index.php(79): CodeIgniter\CodeIgniter->run()
CRITICAL - 2025-09-30 02:55:19 --> ErrorException: Uncaught TypeError: htmlspecialchars(): Argument #1 ($string) must be of type string, resource given in C:\xampp\htdocs\erp.local\app\Views\errors\html\error_exception.php:182
Stack trace:
#0 C:\xampp\htdocs\erp.local\app\Views\errors\html\error_exception.php(182): htmlspecialchars(Resource id #42, 8, 'UTF-8')
#1 C:\xampp\htdocs\erp.local\system\Debug\BaseExceptionHandler.php(258): include('C:\\xampp\\htdocs...')
#2 C:\xampp\htdocs\erp.local\system\Debug\BaseExceptionHandler.php(261): CodeIgniter\Debug\BaseExceptionHandler->CodeIgniter\Debug\{closure}()
#3 C:\xampp\htdocs\erp.local\system\Debug\ExceptionHandler.php(112): CodeIgniter\Debug\BaseExceptionHandler->render(Object(CodeIgniter\Database\Exceptions\DatabaseException), 500, 'C:\\xampp\\htdocs...')
#4 C:\xampp\htdocs\erp.local\system\Debug\Exceptions.php(156): CodeIgniter\Debug\ExceptionHandler->handle(Object(CodeIgniter\Database\Exceptions\DatabaseException), Object(CodeIgniter\HTTP\IncomingRequest), Object(CodeIgniter\HTTP\Response), 500, 8)
#5 [internal function]: CodeIgniter\Debug\Exceptions->exceptionHandler(Object(CodeIgniter\Database\Exceptions\DatabaseException))
#6 {main}
  thrown
【Previous Exception】
CodeIgniter\Database\Exceptions\DatabaseException
Unknown column 'pos_sale_items.product_name' in 'field list'
#0 C:\xampp\htdocs\erp.local\system\Database\BaseBuilder.php(1616): CodeIgniter\Database\BaseConnection->query('SELECT `pos_sal...', Array, false)
#1 C:\xampp\htdocs\erp.local\system\Model.php(242): CodeIgniter\Database\BaseBuilder->get()
#2 C:\xampp\htdocs\erp.local\system\BaseModel.php(638): CodeIgniter\Model->doFindAll(0, 0)
#3 C:\xampp\htdocs\erp.local\app\Controllers\RelatoriosEmpresa.php(243): CodeIgniter\BaseModel->findAll()
#4 C:\xampp\htdocs\erp.local\app\Controllers\RelatoriosEmpresa.php(80): App\Controllers\RelatoriosEmpresa->getDashboardStats('2025-09')
#5 C:\xampp\htdocs\erp.local\system\CodeIgniter.php(941): App\Controllers\RelatoriosEmpresa->index()
#6 C:\xampp\htdocs\erp.local\system\CodeIgniter.php(502): CodeIgniter\CodeIgniter->runController(Object(App\Controllers\RelatoriosEmpresa))
#7 C:\xampp\htdocs\erp.local\system\CodeIgniter.php(361): CodeIgniter\CodeIgniter->handleRequest(NULL, Object(Config\Cache), false)
#8 C:\xampp\htdocs\erp.local\public\index.php(79): CodeIgniter\CodeIgniter->run()
#9 {main}
in APPPATH\Views\errors\html\error_exception.php on line 182.
 1 [internal function]: CodeIgniter\Debug\Exceptions->shutdownHandler()
INFO - 2025-09-30 02:56:05 --> Session: Class initialized using 'CodeIgniter\Session\Handlers\FileHandler' driver.
CRITICAL - 2025-09-30 02:56:05 --> Error: Cannot use object of type App\Entities\PosSale as array
in APPPATH\Controllers\RelatoriosEmpresa.php on line 246.
 1 APPPATH\Controllers\RelatoriosEmpresa.php(80): App\Controllers\RelatoriosEmpresa->getDashboardStats('2025-09')
 2 SYSTEMPATH\CodeIgniter.php(941): App\Controllers\RelatoriosEmpresa->index()
 3 SYSTEMPATH\CodeIgniter.php(502): CodeIgniter\CodeIgniter->runController(Object(App\Controllers\RelatoriosEmpresa))
 4 SYSTEMPATH\CodeIgniter.php(361): CodeIgniter\CodeIgniter->handleRequest(null, Object(Config\Cache), false)
 5 FCPATH\index.php(79): CodeIgniter\CodeIgniter->run()
CRITICAL - 2025-09-30 02:56:05 --> ErrorException: Uncaught TypeError: htmlspecialchars(): Argument #1 ($string) must be of type string, resource given in C:\xampp\htdocs\erp.local\app\Views\errors\html\error_exception.php:182
Stack trace:
#0 C:\xampp\htdocs\erp.local\app\Views\errors\html\error_exception.php(182): htmlspecialchars(Resource id #42, 8, 'UTF-8')
#1 C:\xampp\htdocs\erp.local\system\Debug\BaseExceptionHandler.php(258): include('C:\\xampp\\htdocs...')
#2 C:\xampp\htdocs\erp.local\system\Debug\BaseExceptionHandler.php(261): CodeIgniter\Debug\BaseExceptionHandler->CodeIgniter\Debug\{closure}()
#3 C:\xampp\htdocs\erp.local\system\Debug\ExceptionHandler.php(112): CodeIgniter\Debug\BaseExceptionHandler->render(Object(Error), 500, 'C:\\xampp\\htdocs...')
#4 C:\xampp\htdocs\erp.local\system\Debug\Exceptions.php(156): CodeIgniter\Debug\ExceptionHandler->handle(Object(Error), Object(CodeIgniter\HTTP\IncomingRequest), Object(CodeIgniter\HTTP\Response), 500, 1)
#5 [internal function]: CodeIgniter\Debug\Exceptions->exceptionHandler(Object(Error))
#6 {main}
  thrown
【Previous Exception】
Error
Cannot use object of type App\Entities\PosSale as array
#0 C:\xampp\htdocs\erp.local\app\Controllers\RelatoriosEmpresa.php(80): App\Controllers\RelatoriosEmpresa->getDashboardStats('2025-09')
#1 C:\xampp\htdocs\erp.local\system\CodeIgniter.php(941): App\Controllers\RelatoriosEmpresa->index()
#2 C:\xampp\htdocs\erp.local\system\CodeIgniter.php(502): CodeIgniter\CodeIgniter->runController(Object(App\Controllers\RelatoriosEmpresa))
#3 C:\xampp\htdocs\erp.local\system\CodeIgniter.php(361): CodeIgniter\CodeIgniter->handleRequest(NULL, Object(Config\Cache), false)
#4 C:\xampp\htdocs\erp.local\public\index.php(79): CodeIgniter\CodeIgniter->run()
#5 {main}
in APPPATH\Views\errors\html\error_exception.php on line 182.
 1 [internal function]: CodeIgniter\Debug\Exceptions->shutdownHandler()
INFO - 2025-09-30 02:57:06 --> Session: Class initialized using 'CodeIgniter\Session\Handlers\FileHandler' driver.
CRITICAL - 2025-09-30 02:57:06 --> BadMethodCallException: Call to undefined method App\Models\PosSaleModel::setReturnType
in SYSTEMPATH\Model.php on line 874.
 1 APPPATH\Controllers\RelatoriosEmpresa.php(203): CodeIgniter\Model->__call('setReturnType', [...])
 2 APPPATH\Controllers\RelatoriosEmpresa.php(80): App\Controllers\RelatoriosEmpresa->getDashboardStats('2025-09')
 3 SYSTEMPATH\CodeIgniter.php(941): App\Controllers\RelatoriosEmpresa->index()
 4 SYSTEMPATH\CodeIgniter.php(502): CodeIgniter\CodeIgniter->runController(Object(App\Controllers\RelatoriosEmpresa))
 5 SYSTEMPATH\CodeIgniter.php(361): CodeIgniter\CodeIgniter->handleRequest(null, Object(Config\Cache), false)
 6 FCPATH\index.php(79): CodeIgniter\CodeIgniter->run()
CRITICAL - 2025-09-30 02:57:06 --> ErrorException: Uncaught TypeError: htmlspecialchars(): Argument #1 ($string) must be of type string, resource given in C:\xampp\htdocs\erp.local\app\Views\errors\html\error_exception.php:182
Stack trace:
#0 C:\xampp\htdocs\erp.local\app\Views\errors\html\error_exception.php(182): htmlspecialchars(Resource id #42, 8, 'UTF-8')
#1 C:\xampp\htdocs\erp.local\system\Debug\BaseExceptionHandler.php(258): include('C:\\xampp\\htdocs...')
#2 C:\xampp\htdocs\erp.local\system\Debug\BaseExceptionHandler.php(261): CodeIgniter\Debug\BaseExceptionHandler->CodeIgniter\Debug\{closure}()
#3 C:\xampp\htdocs\erp.local\system\Debug\ExceptionHandler.php(112): CodeIgniter\Debug\BaseExceptionHandler->render(Object(BadMethodCallException), 500, 'C:\\xampp\\htdocs...')
#4 C:\xampp\htdocs\erp.local\system\Debug\Exceptions.php(156): CodeIgniter\Debug\ExceptionHandler->handle(Object(BadMethodCallException), Object(CodeIgniter\HTTP\IncomingRequest), Object(CodeIgniter\HTTP\Response), 500, 1)
#5 [internal function]: CodeIgniter\Debug\Exceptions->exceptionHandler(Object(BadMethodCallException))
#6 {main}
  thrown
【Previous Exception】
BadMethodCallException
Call to undefined method App\Models\PosSaleModel::setReturnType
#0 C:\xampp\htdocs\erp.local\app\Controllers\RelatoriosEmpresa.php(203): CodeIgniter\Model->__call('setReturnType', Array)
#1 C:\xampp\htdocs\erp.local\app\Controllers\RelatoriosEmpresa.php(80): App\Controllers\RelatoriosEmpresa->getDashboardStats('2025-09')
#2 C:\xampp\htdocs\erp.local\system\CodeIgniter.php(941): App\Controllers\RelatoriosEmpresa->index()
#3 C:\xampp\htdocs\erp.local\system\CodeIgniter.php(502): CodeIgniter\CodeIgniter->runController(Object(App\Controllers\RelatoriosEmpresa))
#4 C:\xampp\htdocs\erp.local\system\CodeIgniter.php(361): CodeIgniter\CodeIgniter->handleRequest(NULL, Object(Config\Cache), false)
#5 C:\xampp\htdocs\erp.local\public\index.php(79): CodeIgniter\CodeIgniter->run()
#6 {main}
in APPPATH\Views\errors\html\error_exception.php on line 182.
 1 [internal function]: CodeIgniter\Debug\Exceptions->shutdownHandler()
INFO - 2025-09-30 02:57:07 --> Session: Class initialized using 'CodeIgniter\Session\Handlers\FileHandler' driver.
CRITICAL - 2025-09-30 02:57:07 --> BadMethodCallException: Call to undefined method App\Models\PosSaleModel::setReturnType
in SYSTEMPATH\Model.php on line 874.
 1 APPPATH\Controllers\RelatoriosEmpresa.php(203): CodeIgniter\Model->__call('setReturnType', [...])
 2 APPPATH\Controllers\RelatoriosEmpresa.php(80): App\Controllers\RelatoriosEmpresa->getDashboardStats('2025-09')
 3 SYSTEMPATH\CodeIgniter.php(941): App\Controllers\RelatoriosEmpresa->index()
 4 SYSTEMPATH\CodeIgniter.php(502): CodeIgniter\CodeIgniter->runController(Object(App\Controllers\RelatoriosEmpresa))
 5 SYSTEMPATH\CodeIgniter.php(361): CodeIgniter\CodeIgniter->handleRequest(null, Object(Config\Cache), false)
 6 FCPATH\index.php(79): CodeIgniter\CodeIgniter->run()
CRITICAL - 2025-09-30 02:57:07 --> ErrorException: Uncaught TypeError: htmlspecialchars(): Argument #1 ($string) must be of type string, resource given in C:\xampp\htdocs\erp.local\app\Views\errors\html\error_exception.php:182
Stack trace:
#0 C:\xampp\htdocs\erp.local\app\Views\errors\html\error_exception.php(182): htmlspecialchars(Resource id #42, 8, 'UTF-8')
#1 C:\xampp\htdocs\erp.local\system\Debug\BaseExceptionHandler.php(258): include('C:\\xampp\\htdocs...')
#2 C:\xampp\htdocs\erp.local\system\Debug\BaseExceptionHandler.php(261): CodeIgniter\Debug\BaseExceptionHandler->CodeIgniter\Debug\{closure}()
#3 C:\xampp\htdocs\erp.local\system\Debug\ExceptionHandler.php(112): CodeIgniter\Debug\BaseExceptionHandler->render(Object(BadMethodCallException), 500, 'C:\\xampp\\htdocs...')
#4 C:\xampp\htdocs\erp.local\system\Debug\Exceptions.php(156): CodeIgniter\Debug\ExceptionHandler->handle(Object(BadMethodCallException), Object(CodeIgniter\HTTP\IncomingRequest), Object(CodeIgniter\HTTP\Response), 500, 1)
#5 [internal function]: CodeIgniter\Debug\Exceptions->exceptionHandler(Object(BadMethodCallException))
#6 {main}
  thrown
【Previous Exception】
BadMethodCallException
Call to undefined method App\Models\PosSaleModel::setReturnType
#0 C:\xampp\htdocs\erp.local\app\Controllers\RelatoriosEmpresa.php(203): CodeIgniter\Model->__call('setReturnType', Array)
#1 C:\xampp\htdocs\erp.local\app\Controllers\RelatoriosEmpresa.php(80): App\Controllers\RelatoriosEmpresa->getDashboardStats('2025-09')
#2 C:\xampp\htdocs\erp.local\system\CodeIgniter.php(941): App\Controllers\RelatoriosEmpresa->index()
#3 C:\xampp\htdocs\erp.local\system\CodeIgniter.php(502): CodeIgniter\CodeIgniter->runController(Object(App\Controllers\RelatoriosEmpresa))
#4 C:\xampp\htdocs\erp.local\system\CodeIgniter.php(361): CodeIgniter\CodeIgniter->handleRequest(NULL, Object(Config\Cache), false)
#5 C:\xampp\htdocs\erp.local\public\index.php(79): CodeIgniter\CodeIgniter->run()
#6 {main}
in APPPATH\Views\errors\html\error_exception.php on line 182.
 1 [internal function]: CodeIgniter\Debug\Exceptions->shutdownHandler()
INFO - 2025-09-30 02:57:19 --> Session: Class initialized using 'CodeIgniter\Session\Handlers\FileHandler' driver.
INFO - 2025-09-30 02:57:21 --> Session: Class initialized using 'CodeIgniter\Session\Handlers\FileHandler' driver.
CRITICAL - 2025-09-30 02:57:21 --> BadMethodCallException: Call to undefined method App\Models\PosSaleModel::setReturnType
in SYSTEMPATH\Model.php on line 874.
 1 APPPATH\Controllers\RelatoriosEmpresa.php(203): CodeIgniter\Model->__call('setReturnType', [...])
 2 APPPATH\Controllers\RelatoriosEmpresa.php(80): App\Controllers\RelatoriosEmpresa->getDashboardStats('2025-09')
 3 SYSTEMPATH\CodeIgniter.php(941): App\Controllers\RelatoriosEmpresa->index()
 4 SYSTEMPATH\CodeIgniter.php(502): CodeIgniter\CodeIgniter->runController(Object(App\Controllers\RelatoriosEmpresa))
 5 SYSTEMPATH\CodeIgniter.php(361): CodeIgniter\CodeIgniter->handleRequest(null, Object(Config\Cache), false)
 6 FCPATH\index.php(79): CodeIgniter\CodeIgniter->run()
CRITICAL - 2025-09-30 02:57:21 --> ErrorException: Uncaught TypeError: htmlspecialchars(): Argument #1 ($string) must be of type string, resource given in C:\xampp\htdocs\erp.local\app\Views\errors\html\error_exception.php:182
Stack trace:
#0 C:\xampp\htdocs\erp.local\app\Views\errors\html\error_exception.php(182): htmlspecialchars(Resource id #42, 8, 'UTF-8')
#1 C:\xampp\htdocs\erp.local\system\Debug\BaseExceptionHandler.php(258): include('C:\\xampp\\htdocs...')
#2 C:\xampp\htdocs\erp.local\system\Debug\BaseExceptionHandler.php(261): CodeIgniter\Debug\BaseExceptionHandler->CodeIgniter\Debug\{closure}()
#3 C:\xampp\htdocs\erp.local\system\Debug\ExceptionHandler.php(112): CodeIgniter\Debug\BaseExceptionHandler->render(Object(BadMethodCallException), 500, 'C:\\xampp\\htdocs...')
#4 C:\xampp\htdocs\erp.local\system\Debug\Exceptions.php(156): CodeIgniter\Debug\ExceptionHandler->handle(Object(BadMethodCallException), Object(CodeIgniter\HTTP\IncomingRequest), Object(CodeIgniter\HTTP\Response), 500, 1)
#5 [internal function]: CodeIgniter\Debug\Exceptions->exceptionHandler(Object(BadMethodCallException))
#6 {main}
  thrown
【Previous Exception】
BadMethodCallException
Call to undefined method App\Models\PosSaleModel::setReturnType
#0 C:\xampp\htdocs\erp.local\app\Controllers\RelatoriosEmpresa.php(203): CodeIgniter\Model->__call('setReturnType', Array)
#1 C:\xampp\htdocs\erp.local\app\Controllers\RelatoriosEmpresa.php(80): App\Controllers\RelatoriosEmpresa->getDashboardStats('2025-09')
#2 C:\xampp\htdocs\erp.local\system\CodeIgniter.php(941): App\Controllers\RelatoriosEmpresa->index()
#3 C:\xampp\htdocs\erp.local\system\CodeIgniter.php(502): CodeIgniter\CodeIgniter->runController(Object(App\Controllers\RelatoriosEmpresa))
#4 C:\xampp\htdocs\erp.local\system\CodeIgniter.php(361): CodeIgniter\CodeIgniter->handleRequest(NULL, Object(Config\Cache), false)
#5 C:\xampp\htdocs\erp.local\public\index.php(79): CodeIgniter\CodeIgniter->run()
#6 {main}
in APPPATH\Views\errors\html\error_exception.php on line 182.
 1 [internal function]: CodeIgniter\Debug\Exceptions->shutdownHandler()
INFO - 2025-09-30 02:58:23 --> Session: Class initialized using 'CodeIgniter\Session\Handlers\FileHandler' driver.
INFO - 2025-09-30 02:58:32 --> Session: Class initialized using 'CodeIgniter\Session\Handlers\FileHandler' driver.
ERROR - 2025-09-30 02:58:32 --> mysqli_sql_exception: Table 'erp_local.stock_alerts' doesn't exist in C:\xampp\htdocs\erp.local\system\Database\MySQLi\Connection.php:306
Stack trace:
#0 C:\xampp\htdocs\erp.local\system\Database\MySQLi\Connection.php(306): mysqli->query('SHOW COLUMNS FR...', 0)
#1 C:\xampp\htdocs\erp.local\system\Database\BaseConnection.php(693): CodeIgniter\Database\MySQLi\Connection->execute('SHOW COLUMNS FR...')
#2 C:\xampp\htdocs\erp.local\system\Database\BaseConnection.php(607): CodeIgniter\Database\BaseConnection->simpleQuery('SHOW COLUMNS FR...')
#3 C:\xampp\htdocs\erp.local\system\Database\BaseConnection.php(1486): CodeIgniter\Database\BaseConnection->query('SHOW COLUMNS FR...')
#4 C:\xampp\htdocs\erp.local\app\Models\BaseAppModel.php(96): CodeIgniter\Database\BaseConnection->getFieldNames('stock_alerts')
#5 C:\xampp\htdocs\erp.local\app\Models\BaseAppModel.php(116): App\Models\BaseAppModel->getTableFields()
#6 C:\xampp\htdocs\erp.local\app\Controllers\RelatoriosEmpresa.php(654): App\Models\BaseAppModel->findAll()
#7 C:\xampp\htdocs\erp.local\system\CodeIgniter.php(941): App\Controllers\RelatoriosEmpresa->alertasEstoque()
#8 C:\xampp\htdocs\erp.local\system\CodeIgniter.php(502): CodeIgniter\CodeIgniter->runController(Object(App\Controllers\RelatoriosEmpresa))
#9 C:\xampp\htdocs\erp.local\system\CodeIgniter.php(361): CodeIgniter\CodeIgniter->handleRequest(NULL, Object(Config\Cache), false)
#10 C:\xampp\htdocs\erp.local\public\index.php(79): CodeIgniter\CodeIgniter->run()
#11 {main}
CRITICAL - 2025-09-30 02:58:32 --> CodeIgniter\Database\Exceptions\DatabaseException: Table 'erp_local.stock_alerts' doesn't exist
in SYSTEMPATH\Database\BaseConnection.php on line 647.
 1 SYSTEMPATH\Database\BaseConnection.php(1486): CodeIgniter\Database\BaseConnection->query('SHOW COLUMNS FROM `stock_alerts`')
 2 APPPATH\Models\BaseAppModel.php(96): CodeIgniter\Database\BaseConnection->getFieldNames('stock_alerts')
 3 APPPATH\Models\BaseAppModel.php(116): App\Models\BaseAppModel->getTableFields()
 4 APPPATH\Controllers\RelatoriosEmpresa.php(654): App\Models\BaseAppModel->findAll()
 5 SYSTEMPATH\CodeIgniter.php(941): App\Controllers\RelatoriosEmpresa->alertasEstoque()
 6 SYSTEMPATH\CodeIgniter.php(502): CodeIgniter\CodeIgniter->runController(Object(App\Controllers\RelatoriosEmpresa))
 7 SYSTEMPATH\CodeIgniter.php(361): CodeIgniter\CodeIgniter->handleRequest(null, Object(Config\Cache), false)
 8 FCPATH\index.php(79): CodeIgniter\CodeIgniter->run()
CRITICAL - 2025-09-30 02:58:32 --> [Caused by] CodeIgniter\Database\Exceptions\DatabaseException: Table 'erp_local.stock_alerts' doesn't exist
in SYSTEMPATH\Database\MySQLi\Connection.php on line 311.
 1 SYSTEMPATH\Database\BaseConnection.php(693): CodeIgniter\Database\MySQLi\Connection->execute('SHOW COLUMNS FROM `stock_alerts`')
 2 SYSTEMPATH\Database\BaseConnection.php(607): CodeIgniter\Database\BaseConnection->simpleQuery('SHOW COLUMNS FROM `stock_alerts`')
 3 SYSTEMPATH\Database\BaseConnection.php(1486): CodeIgniter\Database\BaseConnection->query('SHOW COLUMNS FROM `stock_alerts`')
 4 APPPATH\Models\BaseAppModel.php(96): CodeIgniter\Database\BaseConnection->getFieldNames('stock_alerts')
 5 APPPATH\Models\BaseAppModel.php(116): App\Models\BaseAppModel->getTableFields()
 6 APPPATH\Controllers\RelatoriosEmpresa.php(654): App\Models\BaseAppModel->findAll()
 7 SYSTEMPATH\CodeIgniter.php(941): App\Controllers\RelatoriosEmpresa->alertasEstoque()
 8 SYSTEMPATH\CodeIgniter.php(502): CodeIgniter\CodeIgniter->runController(Object(App\Controllers\RelatoriosEmpresa))
 9 SYSTEMPATH\CodeIgniter.php(361): CodeIgniter\CodeIgniter->handleRequest(null, Object(Config\Cache), false)
10 FCPATH\index.php(79): CodeIgniter\CodeIgniter->run()
CRITICAL - 2025-09-30 02:58:32 --> [Caused by] mysqli_sql_exception: Table 'erp_local.stock_alerts' doesn't exist
in SYSTEMPATH\Database\MySQLi\Connection.php on line 306.
 1 SYSTEMPATH\Database\MySQLi\Connection.php(306): mysqli->query('SHOW COLUMNS FROM `stock_alerts`', 0)
 2 SYSTEMPATH\Database\BaseConnection.php(693): CodeIgniter\Database\MySQLi\Connection->execute('SHOW COLUMNS FROM `stock_alerts`')
 3 SYSTEMPATH\Database\BaseConnection.php(607): CodeIgniter\Database\BaseConnection->simpleQuery('SHOW COLUMNS FROM `stock_alerts`')
 4 SYSTEMPATH\Database\BaseConnection.php(1486): CodeIgniter\Database\BaseConnection->query('SHOW COLUMNS FROM `stock_alerts`')
 5 APPPATH\Models\BaseAppModel.php(96): CodeIgniter\Database\BaseConnection->getFieldNames('stock_alerts')
 6 APPPATH\Models\BaseAppModel.php(116): App\Models\BaseAppModel->getTableFields()
 7 APPPATH\Controllers\RelatoriosEmpresa.php(654): App\Models\BaseAppModel->findAll()
 8 SYSTEMPATH\CodeIgniter.php(941): App\Controllers\RelatoriosEmpresa->alertasEstoque()
 9 SYSTEMPATH\CodeIgniter.php(502): CodeIgniter\CodeIgniter->runController(Object(App\Controllers\RelatoriosEmpresa))
10 SYSTEMPATH\CodeIgniter.php(361): CodeIgniter\CodeIgniter->handleRequest(null, Object(Config\Cache), false)
11 FCPATH\index.php(79): CodeIgniter\CodeIgniter->run()
CRITICAL - 2025-09-30 02:58:32 --> ErrorException: Uncaught TypeError: htmlspecialchars(): Argument #1 ($string) must be of type string, resource given in C:\xampp\htdocs\erp.local\app\Views\errors\html\error_exception.php:182
Stack trace:
#0 C:\xampp\htdocs\erp.local\app\Views\errors\html\error_exception.php(182): htmlspecialchars(Resource id #42, 8, 'UTF-8')
#1 C:\xampp\htdocs\erp.local\system\Debug\BaseExceptionHandler.php(258): include('C:\\xampp\\htdocs...')
#2 C:\xampp\htdocs\erp.local\system\Debug\BaseExceptionHandler.php(261): CodeIgniter\Debug\BaseExceptionHandler->CodeIgniter\Debug\{closure}()
#3 C:\xampp\htdocs\erp.local\system\Debug\ExceptionHandler.php(112): CodeIgniter\Debug\BaseExceptionHandler->render(Object(CodeIgniter\Database\Exceptions\DatabaseException), 500, 'C:\\xampp\\htdocs...')
#4 C:\xampp\htdocs\erp.local\system\Debug\Exceptions.php(156): CodeIgniter\Debug\ExceptionHandler->handle(Object(CodeIgniter\Database\Exceptions\DatabaseException), Object(CodeIgniter\HTTP\IncomingRequest), Object(CodeIgniter\HTTP\Response), 500, 8)
#5 [internal function]: CodeIgniter\Debug\Exceptions->exceptionHandler(Object(CodeIgniter\Database\Exceptions\DatabaseException))
#6 {main}
  thrown
【Previous Exception】
CodeIgniter\Database\Exceptions\DatabaseException
Table 'erp_local.stock_alerts' doesn't exist
#0 C:\xampp\htdocs\erp.local\system\Database\BaseConnection.php(1486): CodeIgniter\Database\BaseConnection->query('SHOW COLUMNS FR...')
#1 C:\xampp\htdocs\erp.local\app\Models\BaseAppModel.php(96): CodeIgniter\Database\BaseConnection->getFieldNames('stock_alerts')
#2 C:\xampp\htdocs\erp.local\app\Models\BaseAppModel.php(116): App\Models\BaseAppModel->getTableFields()
#3 C:\xampp\htdocs\erp.local\app\Controllers\RelatoriosEmpresa.php(654): App\Models\BaseAppModel->findAll()
#4 C:\xampp\htdocs\erp.local\system\CodeIgniter.php(941): App\Controllers\RelatoriosEmpresa->alertasEstoque()
#5 C:\xampp\htdocs\erp.local\system\CodeIgniter.php(502): CodeIgniter\CodeIgniter->runController(Object(App\Controllers\RelatoriosEmpresa))
#6 C:\xampp\htdocs\erp.local\system\CodeIgniter.php(361): CodeIgniter\CodeIgniter->handleRequest(NULL, Object(Config\Cache), false)
#7 C:\xampp\htdocs\erp.local\public\index.php(79): CodeIgniter\CodeIgniter->run()
#8 {main}
in APPPATH\Views\errors\html\error_exception.php on line 182.
 1 [internal function]: CodeIgniter\Debug\Exceptions->shutdownHandler()
INFO - 2025-09-30 02:58:37 --> Session: Class initialized using 'CodeIgniter\Session\Handlers\FileHandler' driver.
ERROR - 2025-09-30 02:58:37 --> mysqli_sql_exception: Unknown column 'clientes.documento' in 'field list' in C:\xampp\htdocs\erp.local\system\Database\MySQLi\Connection.php:306
Stack trace:
#0 C:\xampp\htdocs\erp.local\system\Database\MySQLi\Connection.php(306): mysqli->query('SELECT `pos_sal...', 0)
#1 C:\xampp\htdocs\erp.local\system\Database\BaseConnection.php(693): CodeIgniter\Database\MySQLi\Connection->execute('SELECT `pos_sal...')
#2 C:\xampp\htdocs\erp.local\system\Database\BaseConnection.php(607): CodeIgniter\Database\BaseConnection->simpleQuery('SELECT `pos_sal...')
#3 C:\xampp\htdocs\erp.local\system\Database\BaseBuilder.php(1616): CodeIgniter\Database\BaseConnection->query('SELECT `pos_sal...', Array, false)
#4 C:\xampp\htdocs\erp.local\app\Controllers\RelatoriosEmpresa.php(282): CodeIgniter\Database\BaseBuilder->get()
#5 C:\xampp\htdocs\erp.local\app\Controllers\RelatoriosEmpresa.php(108): App\Controllers\RelatoriosEmpresa->getVendasComFiltros(Array)
#6 C:\xampp\htdocs\erp.local\system\CodeIgniter.php(941): App\Controllers\RelatoriosEmpresa->vendas()
#7 C:\xampp\htdocs\erp.local\system\CodeIgniter.php(502): CodeIgniter\CodeIgniter->runController(Object(App\Controllers\RelatoriosEmpresa))
#8 C:\xampp\htdocs\erp.local\system\CodeIgniter.php(361): CodeIgniter\CodeIgniter->handleRequest(NULL, Object(Config\Cache), false)
#9 C:\xampp\htdocs\erp.local\public\index.php(79): CodeIgniter\CodeIgniter->run()
#10 {main}
CRITICAL - 2025-09-30 02:58:37 --> CodeIgniter\Database\Exceptions\DatabaseException: Unknown column 'clientes.documento' in 'field list'
in SYSTEMPATH\Database\BaseConnection.php on line 647.
 1 SYSTEMPATH\Database\BaseBuilder.php(1616): CodeIgniter\Database\BaseConnection->query('SELECT `pos_sales`.*, `clientes`.`nome` as `cliente_nome`, `clientes`.`documento` as `cliente_documento`
FROM `pos_sales`
LEFT JOIN `clientes` ON `clientes`.`id_cliente` = `pos_sales`.`id_cliente`
WHERE `pos_sales`.`id_empresa` = :pos_sales.id_empresa:
ORDER BY `pos_sales`.`created_at` DESC', [...], false)
 2 APPPATH\Controllers\RelatoriosEmpresa.php(282): CodeIgniter\Database\BaseBuilder->get()
 3 APPPATH\Controllers\RelatoriosEmpresa.php(108): App\Controllers\RelatoriosEmpresa->getVendasComFiltros([])
 4 SYSTEMPATH\CodeIgniter.php(941): App\Controllers\RelatoriosEmpresa->vendas()
 5 SYSTEMPATH\CodeIgniter.php(502): CodeIgniter\CodeIgniter->runController(Object(App\Controllers\RelatoriosEmpresa))
 6 SYSTEMPATH\CodeIgniter.php(361): CodeIgniter\CodeIgniter->handleRequest(null, Object(Config\Cache), false)
 7 FCPATH\index.php(79): CodeIgniter\CodeIgniter->run()
CRITICAL - 2025-09-30 02:58:37 --> [Caused by] CodeIgniter\Database\Exceptions\DatabaseException: Unknown column 'clientes.documento' in 'field list'
in SYSTEMPATH\Database\MySQLi\Connection.php on line 311.
 1 SYSTEMPATH\Database\BaseConnection.php(693): CodeIgniter\Database\MySQLi\Connection->execute('SELECT `pos_sales`.*, `clientes`.`nome` as `cliente_nome`, `clientes`.`documento` as `cliente_documento`
FROM `pos_sales`
LEFT JOIN `clientes` ON `clientes`.`id_cliente` = `pos_sales`.`id_cliente`
WHERE `pos_sales`.`id_empresa` = \'3\'
ORDER BY `pos_sales`.`created_at` DESC')
 2 SYSTEMPATH\Database\BaseConnection.php(607): CodeIgniter\Database\BaseConnection->simpleQuery('SELECT `pos_sales`.*, `clientes`.`nome` as `cliente_nome`, `clientes`.`documento` as `cliente_documento`
FROM `pos_sales`
LEFT JOIN `clientes` ON `clientes`.`id_cliente` = `pos_sales`.`id_cliente`
WHERE `pos_sales`.`id_empresa` = \'3\'
ORDER BY `pos_sales`.`created_at` DESC')
 3 SYSTEMPATH\Database\BaseBuilder.php(1616): CodeIgniter\Database\BaseConnection->query('SELECT `pos_sales`.*, `clientes`.`nome` as `cliente_nome`, `clientes`.`documento` as `cliente_documento`
FROM `pos_sales`
LEFT JOIN `clientes` ON `clientes`.`id_cliente` = `pos_sales`.`id_cliente`
WHERE `pos_sales`.`id_empresa` = :pos_sales.id_empresa:
ORDER BY `pos_sales`.`created_at` DESC', [...], false)
 4 APPPATH\Controllers\RelatoriosEmpresa.php(282): CodeIgniter\Database\BaseBuilder->get()
 5 APPPATH\Controllers\RelatoriosEmpresa.php(108): App\Controllers\RelatoriosEmpresa->getVendasComFiltros([])
 6 SYSTEMPATH\CodeIgniter.php(941): App\Controllers\RelatoriosEmpresa->vendas()
 7 SYSTEMPATH\CodeIgniter.php(502): CodeIgniter\CodeIgniter->runController(Object(App\Controllers\RelatoriosEmpresa))
 8 SYSTEMPATH\CodeIgniter.php(361): CodeIgniter\CodeIgniter->handleRequest(null, Object(Config\Cache), false)
 9 FCPATH\index.php(79): CodeIgniter\CodeIgniter->run()
CRITICAL - 2025-09-30 02:58:37 --> [Caused by] mysqli_sql_exception: Unknown column 'clientes.documento' in 'field list'
in SYSTEMPATH\Database\MySQLi\Connection.php on line 306.
 1 SYSTEMPATH\Database\MySQLi\Connection.php(306): mysqli->query('SELECT `pos_sales`.*, `clientes`.`nome` as `cliente_nome`, `clientes`.`documento` as `cliente_documento`
FROM `pos_sales`
LEFT JOIN `clientes` ON `clientes`.`id_cliente` = `pos_sales`.`id_cliente`
WHERE `pos_sales`.`id_empresa` = \'3\'
ORDER BY `pos_sales`.`created_at` DESC', 0)
 2 SYSTEMPATH\Database\BaseConnection.php(693): CodeIgniter\Database\MySQLi\Connection->execute('SELECT `pos_sales`.*, `clientes`.`nome` as `cliente_nome`, `clientes`.`documento` as `cliente_documento`
FROM `pos_sales`
LEFT JOIN `clientes` ON `clientes`.`id_cliente` = `pos_sales`.`id_cliente`
WHERE `pos_sales`.`id_empresa` = \'3\'
ORDER BY `pos_sales`.`created_at` DESC')
 3 SYSTEMPATH\Database\BaseConnection.php(607): CodeIgniter\Database\BaseConnection->simpleQuery('SELECT `pos_sales`.*, `clientes`.`nome` as `cliente_nome`, `clientes`.`documento` as `cliente_documento`
FROM `pos_sales`
LEFT JOIN `clientes` ON `clientes`.`id_cliente` = `pos_sales`.`id_cliente`
WHERE `pos_sales`.`id_empresa` = \'3\'
ORDER BY `pos_sales`.`created_at` DESC')
 4 SYSTEMPATH\Database\BaseBuilder.php(1616): CodeIgniter\Database\BaseConnection->query('SELECT `pos_sales`.*, `clientes`.`nome` as `cliente_nome`, `clientes`.`documento` as `cliente_documento`
FROM `pos_sales`
LEFT JOIN `clientes` ON `clientes`.`id_cliente` = `pos_sales`.`id_cliente`
WHERE `pos_sales`.`id_empresa` = :pos_sales.id_empresa:
ORDER BY `pos_sales`.`created_at` DESC', [...], false)
 5 APPPATH\Controllers\RelatoriosEmpresa.php(282): CodeIgniter\Database\BaseBuilder->get()
 6 APPPATH\Controllers\RelatoriosEmpresa.php(108): App\Controllers\RelatoriosEmpresa->getVendasComFiltros([])
 7 SYSTEMPATH\CodeIgniter.php(941): App\Controllers\RelatoriosEmpresa->vendas()
 8 SYSTEMPATH\CodeIgniter.php(502): CodeIgniter\CodeIgniter->runController(Object(App\Controllers\RelatoriosEmpresa))
 9 SYSTEMPATH\CodeIgniter.php(361): CodeIgniter\CodeIgniter->handleRequest(null, Object(Config\Cache), false)
10 FCPATH\index.php(79): CodeIgniter\CodeIgniter->run()
CRITICAL - 2025-09-30 02:58:37 --> ErrorException: Uncaught TypeError: htmlspecialchars(): Argument #1 ($string) must be of type string, resource given in C:\xampp\htdocs\erp.local\app\Views\errors\html\error_exception.php:182
Stack trace:
#0 C:\xampp\htdocs\erp.local\app\Views\errors\html\error_exception.php(182): htmlspecialchars(Resource id #42, 8, 'UTF-8')
#1 C:\xampp\htdocs\erp.local\system\Debug\BaseExceptionHandler.php(258): include('C:\\xampp\\htdocs...')
#2 C:\xampp\htdocs\erp.local\system\Debug\BaseExceptionHandler.php(261): CodeIgniter\Debug\BaseExceptionHandler->CodeIgniter\Debug\{closure}()
#3 C:\xampp\htdocs\erp.local\system\Debug\ExceptionHandler.php(112): CodeIgniter\Debug\BaseExceptionHandler->render(Object(CodeIgniter\Database\Exceptions\DatabaseException), 500, 'C:\\xampp\\htdocs...')
#4 C:\xampp\htdocs\erp.local\system\Debug\Exceptions.php(156): CodeIgniter\Debug\ExceptionHandler->handle(Object(CodeIgniter\Database\Exceptions\DatabaseException), Object(CodeIgniter\HTTP\IncomingRequest), Object(CodeIgniter\HTTP\Response), 500, 8)
#5 [internal function]: CodeIgniter\Debug\Exceptions->exceptionHandler(Object(CodeIgniter\Database\Exceptions\DatabaseException))
#6 {main}
  thrown
【Previous Exception】
CodeIgniter\Database\Exceptions\DatabaseException
Unknown column 'clientes.documento' in 'field list'
#0 C:\xampp\htdocs\erp.local\system\Database\BaseBuilder.php(1616): CodeIgniter\Database\BaseConnection->query('SELECT `pos_sal...', Array, false)
#1 C:\xampp\htdocs\erp.local\app\Controllers\RelatoriosEmpresa.php(282): CodeIgniter\Database\BaseBuilder->get()
#2 C:\xampp\htdocs\erp.local\app\Controllers\RelatoriosEmpresa.php(108): App\Controllers\RelatoriosEmpresa->getVendasComFiltros(Array)
#3 C:\xampp\htdocs\erp.local\system\CodeIgniter.php(941): App\Controllers\RelatoriosEmpresa->vendas()
#4 C:\xampp\htdocs\erp.local\system\CodeIgniter.php(502): CodeIgniter\CodeIgniter->runController(Object(App\Controllers\RelatoriosEmpresa))
#5 C:\xampp\htdocs\erp.local\system\CodeIgniter.php(361): CodeIgniter\CodeIgniter->handleRequest(NULL, Object(Config\Cache), false)
#6 C:\xampp\htdocs\erp.local\public\index.php(79): CodeIgniter\CodeIgniter->run()
#7 {main}
in APPPATH\Views\errors\html\error_exception.php on line 182.
 1 [internal function]: CodeIgniter\Debug\Exceptions->shutdownHandler()
INFO - 2025-09-30 02:58:41 --> Session: Class initialized using 'CodeIgniter\Session\Handlers\FileHandler' driver.
INFO - 2025-09-30 02:58:45 --> Session: Class initialized using 'CodeIgniter\Session\Handlers\FileHandler' driver.
INFO - 2025-09-30 02:58:49 --> Session: Class initialized using 'CodeIgniter\Session\Handlers\FileHandler' driver.
INFO - 2025-09-30 02:58:52 --> Session: Class initialized using 'CodeIgniter\Session\Handlers\FileHandler' driver.
CRITICAL - 2025-09-30 02:58:52 --> CodeIgniter\View\Exceptions\ViewException: Invalid file: "relatorios_empresa/comparativo.php"
in SYSTEMPATH\Exceptions\FrameworkException.php on line 39.
 1 SYSTEMPATH\View\View.php(216): CodeIgniter\Exceptions\FrameworkException::forInvalidFile('relatorios_empresa/comparativo.php')
 2 SYSTEMPATH\Common.php(1178): CodeIgniter\View\View->render('relatorios_empresa/comparativo', [], true)
 3 APPPATH\Controllers\RelatoriosEmpresa.php(455): view('relatorios_empresa/comparativo', [...])
 4 SYSTEMPATH\CodeIgniter.php(941): App\Controllers\RelatoriosEmpresa->comparativo()
 5 SYSTEMPATH\CodeIgniter.php(502): CodeIgniter\CodeIgniter->runController(Object(App\Controllers\RelatoriosEmpresa))
 6 SYSTEMPATH\CodeIgniter.php(361): CodeIgniter\CodeIgniter->handleRequest(null, Object(Config\Cache), false)
 7 FCPATH\index.php(79): CodeIgniter\CodeIgniter->run()
CRITICAL - 2025-09-30 02:58:52 --> ErrorException: Uncaught TypeError: htmlspecialchars(): Argument #1 ($string) must be of type string, resource given in C:\xampp\htdocs\erp.local\app\Views\errors\html\error_exception.php:182
Stack trace:
#0 C:\xampp\htdocs\erp.local\app\Views\errors\html\error_exception.php(182): htmlspecialchars(Resource id #42, 8, 'UTF-8')
#1 C:\xampp\htdocs\erp.local\system\Debug\BaseExceptionHandler.php(258): include('C:\\xampp\\htdocs...')
#2 C:\xampp\htdocs\erp.local\system\Debug\BaseExceptionHandler.php(261): CodeIgniter\Debug\BaseExceptionHandler->CodeIgniter\Debug\{closure}()
#3 C:\xampp\htdocs\erp.local\system\Debug\ExceptionHandler.php(112): CodeIgniter\Debug\BaseExceptionHandler->render(Object(CodeIgniter\View\Exceptions\ViewException), 500, 'C:\\xampp\\htdocs...')
#4 C:\xampp\htdocs\erp.local\system\Debug\Exceptions.php(156): CodeIgniter\Debug\ExceptionHandler->handle(Object(CodeIgniter\View\Exceptions\ViewException), Object(CodeIgniter\HTTP\IncomingRequest), Object(CodeIgniter\HTTP\Response), 500, 1)
#5 [internal function]: CodeIgniter\Debug\Exceptions->exceptionHandler(Object(CodeIgniter\View\Exceptions\ViewException))
#6 {main}
  thrown
【Previous Exception】
CodeIgniter\View\Exceptions\ViewException
Invalid file: "relatorios_empresa/comparativo.php"
#0 C:\xampp\htdocs\erp.local\system\View\View.php(216): CodeIgniter\Exceptions\FrameworkException::forInvalidFile('relatorios_empr...')
#1 C:\xampp\htdocs\erp.local\system\Common.php(1178): CodeIgniter\View\View->render('relatorios_empr...', Array, true)
#2 C:\xampp\htdocs\erp.local\app\Controllers\RelatoriosEmpresa.php(455): view('relatorios_empr...', Array)
#3 C:\xampp\htdocs\erp.local\system\CodeIgniter.php(941): App\Controllers\RelatoriosEmpresa->comparativo()
#4 C:\xampp\htdocs\erp.local\system\CodeIgniter.php(502): CodeIgniter\CodeIgniter->runController(Object(App\Controllers\RelatoriosEmpresa))
#5 C:\xampp\htdocs\erp.local\system\CodeIgniter.php(361): CodeIgniter\CodeIgniter->handleRequest(NULL, Object(Config\Cache), false)
#6 C:\xampp\htdocs\erp.local\public\index.php(79): CodeIgniter\CodeIgniter->run()
#7 {main}
in APPPATH\Views\errors\html\error_exception.php on line 182.
 1 [internal function]: CodeIgniter\Debug\Exceptions->shutdownHandler()
INFO - 2025-09-30 02:58:54 --> Session: Class initialized using 'CodeIgniter\Session\Handlers\FileHandler' driver.
ERROR - 2025-09-30 02:58:54 --> mysqli_sql_exception: You have an error in your SQL syntax; check the manual that corresponds to your MariaDB server version for the right syntax to use near 'ASC, "%Y-%m") ASC' at line 7 in C:\xampp\htdocs\erp.local\system\Database\MySQLi\Connection.php:306
Stack trace:
#0 C:\xampp\htdocs\erp.local\system\Database\MySQLi\Connection.php(306): mysqli->query('SELECT DATE_FOR...', 0)
#1 C:\xampp\htdocs\erp.local\system\Database\BaseConnection.php(693): CodeIgniter\Database\MySQLi\Connection->execute('SELECT DATE_FOR...')
#2 C:\xampp\htdocs\erp.local\system\Database\BaseConnection.php(607): CodeIgniter\Database\BaseConnection->simpleQuery('SELECT DATE_FOR...')
#3 C:\xampp\htdocs\erp.local\system\Database\BaseBuilder.php(1616): CodeIgniter\Database\BaseConnection->query('SELECT DATE_FOR...', Array, false)
#4 C:\xampp\htdocs\erp.local\app\Controllers\RelatoriosEmpresa.php(563): CodeIgniter\Database\BaseBuilder->get()
#5 C:\xampp\htdocs\erp.local\app\Controllers\RelatoriosEmpresa.php(521): App\Controllers\RelatoriosEmpresa->getEvolucaoTemporal('month')
#6 C:\xampp\htdocs\erp.local\system\CodeIgniter.php(941): App\Controllers\RelatoriosEmpresa->evolucao()
#7 C:\xampp\htdocs\erp.local\system\CodeIgniter.php(502): CodeIgniter\CodeIgniter->runController(Object(App\Controllers\RelatoriosEmpresa))
#8 C:\xampp\htdocs\erp.local\system\CodeIgniter.php(361): CodeIgniter\CodeIgniter->handleRequest(NULL, Object(Config\Cache), false)
#9 C:\xampp\htdocs\erp.local\public\index.php(79): CodeIgniter\CodeIgniter->run()
#10 {main}
CRITICAL - 2025-09-30 02:58:54 --> CodeIgniter\Database\Exceptions\DatabaseException: You have an error in your SQL syntax; check the manual that corresponds to your MariaDB server version for the right syntax to use near 'ASC, "%Y-%m") ASC' at line 7
in SYSTEMPATH\Database\BaseConnection.php on line 647.
 1 SYSTEMPATH\Database\BaseBuilder.php(1616): CodeIgniter\Database\BaseConnection->query('SELECT DATE_FORMAT(created_at, "%Y-%m") as periodo, COUNT(*) as quantidade, SUM(total) as valor
FROM `pos_sales`
WHERE `id_empresa` = :id_empresa:
AND `status` = :status:
AND `created_at` >= :created_at:
GROUP BY DATE_FORMAT(created_at, "%Y-%m")
ORDER BY DATE_FORMAT(created_at ASC, "%Y-%m") ASC', [...], false)
 2 APPPATH\Controllers\RelatoriosEmpresa.php(563): CodeIgniter\Database\BaseBuilder->get()
 3 APPPATH\Controllers\RelatoriosEmpresa.php(521): App\Controllers\RelatoriosEmpresa->getEvolucaoTemporal('month')
 4 SYSTEMPATH\CodeIgniter.php(941): App\Controllers\RelatoriosEmpresa->evolucao()
 5 SYSTEMPATH\CodeIgniter.php(502): CodeIgniter\CodeIgniter->runController(Object(App\Controllers\RelatoriosEmpresa))
 6 SYSTEMPATH\CodeIgniter.php(361): CodeIgniter\CodeIgniter->handleRequest(null, Object(Config\Cache), false)
 7 FCPATH\index.php(79): CodeIgniter\CodeIgniter->run()
CRITICAL - 2025-09-30 02:58:54 --> [Caused by] CodeIgniter\Database\Exceptions\DatabaseException: You have an error in your SQL syntax; check the manual that corresponds to your MariaDB server version for the right syntax to use near 'ASC, "%Y-%m") ASC' at line 7
in SYSTEMPATH\Database\MySQLi\Connection.php on line 311.
 1 SYSTEMPATH\Database\BaseConnection.php(693): CodeIgniter\Database\MySQLi\Connection->execute('SELECT DATE_FORMAT(created_at, "%Y-%m") as periodo, COUNT(*) as quantidade, SUM(total) as valor
FROM `pos_sales`
WHERE `id_empresa` = \'3\'
AND `status` = \'finalized\'
AND `created_at` >= \'2024-09-30\'
GROUP BY DATE_FORMAT(created_at, "%Y-%m")
ORDER BY DATE_FORMAT(created_at ASC, "%Y-%m") ASC')
 2 SYSTEMPATH\Database\BaseConnection.php(607): CodeIgniter\Database\BaseConnection->simpleQuery('SELECT DATE_FORMAT(created_at, "%Y-%m") as periodo, COUNT(*) as quantidade, SUM(total) as valor
FROM `pos_sales`
WHERE `id_empresa` = \'3\'
AND `status` = \'finalized\'
AND `created_at` >= \'2024-09-30\'
GROUP BY DATE_FORMAT(created_at, "%Y-%m")
ORDER BY DATE_FORMAT(created_at ASC, "%Y-%m") ASC')
 3 SYSTEMPATH\Database\BaseBuilder.php(1616): CodeIgniter\Database\BaseConnection->query('SELECT DATE_FORMAT(created_at, "%Y-%m") as periodo, COUNT(*) as quantidade, SUM(total) as valor
FROM `pos_sales`
WHERE `id_empresa` = :id_empresa:
AND `status` = :status:
AND `created_at` >= :created_at:
GROUP BY DATE_FORMAT(created_at, "%Y-%m")
ORDER BY DATE_FORMAT(created_at ASC, "%Y-%m") ASC', [...], false)
 4 APPPATH\Controllers\RelatoriosEmpresa.php(563): CodeIgniter\Database\BaseBuilder->get()
 5 APPPATH\Controllers\RelatoriosEmpresa.php(521): App\Controllers\RelatoriosEmpresa->getEvolucaoTemporal('month')
 6 SYSTEMPATH\CodeIgniter.php(941): App\Controllers\RelatoriosEmpresa->evolucao()
 7 SYSTEMPATH\CodeIgniter.php(502): CodeIgniter\CodeIgniter->runController(Object(App\Controllers\RelatoriosEmpresa))
 8 SYSTEMPATH\CodeIgniter.php(361): CodeIgniter\CodeIgniter->handleRequest(null, Object(Config\Cache), false)
 9 FCPATH\index.php(79): CodeIgniter\CodeIgniter->run()
CRITICAL - 2025-09-30 02:58:54 --> [Caused by] mysqli_sql_exception: You have an error in your SQL syntax; check the manual that corresponds to your MariaDB server version for the right syntax to use near 'ASC, "%Y-%m") ASC' at line 7
in SYSTEMPATH\Database\MySQLi\Connection.php on line 306.
 1 SYSTEMPATH\Database\MySQLi\Connection.php(306): mysqli->query('SELECT DATE_FORMAT(created_at, "%Y-%m") as periodo, COUNT(*) as quantidade, SUM(total) as valor
FROM `pos_sales`
WHERE `id_empresa` = \'3\'
AND `status` = \'finalized\'
AND `created_at` >= \'2024-09-30\'
GROUP BY DATE_FORMAT(created_at, "%Y-%m")
ORDER BY DATE_FORMAT(created_at ASC, "%Y-%m") ASC', 0)
 2 SYSTEMPATH\Database\BaseConnection.php(693): CodeIgniter\Database\MySQLi\Connection->execute('SELECT DATE_FORMAT(created_at, "%Y-%m") as periodo, COUNT(*) as quantidade, SUM(total) as valor
FROM `pos_sales`
WHERE `id_empresa` = \'3\'
AND `status` = \'finalized\'
AND `created_at` >= \'2024-09-30\'
GROUP BY DATE_FORMAT(created_at, "%Y-%m")
ORDER BY DATE_FORMAT(created_at ASC, "%Y-%m") ASC')
 3 SYSTEMPATH\Database\BaseConnection.php(607): CodeIgniter\Database\BaseConnection->simpleQuery('SELECT DATE_FORMAT(created_at, "%Y-%m") as periodo, COUNT(*) as quantidade, SUM(total) as valor
FROM `pos_sales`
WHERE `id_empresa` = \'3\'
AND `status` = \'finalized\'
AND `created_at` >= \'2024-09-30\'
GROUP BY DATE_FORMAT(created_at, "%Y-%m")
ORDER BY DATE_FORMAT(created_at ASC, "%Y-%m") ASC')
 4 SYSTEMPATH\Database\BaseBuilder.php(1616): CodeIgniter\Database\BaseConnection->query('SELECT DATE_FORMAT(created_at, "%Y-%m") as periodo, COUNT(*) as quantidade, SUM(total) as valor
FROM `pos_sales`
WHERE `id_empresa` = :id_empresa:
AND `status` = :status:
AND `created_at` >= :created_at:
GROUP BY DATE_FORMAT(created_at, "%Y-%m")
ORDER BY DATE_FORMAT(created_at ASC, "%Y-%m") ASC', [...], false)
 5 APPPATH\Controllers\RelatoriosEmpresa.php(563): CodeIgniter\Database\BaseBuilder->get()
 6 APPPATH\Controllers\RelatoriosEmpresa.php(521): App\Controllers\RelatoriosEmpresa->getEvolucaoTemporal('month')
 7 SYSTEMPATH\CodeIgniter.php(941): App\Controllers\RelatoriosEmpresa->evolucao()
 8 SYSTEMPATH\CodeIgniter.php(502): CodeIgniter\CodeIgniter->runController(Object(App\Controllers\RelatoriosEmpresa))
 9 SYSTEMPATH\CodeIgniter.php(361): CodeIgniter\CodeIgniter->handleRequest(null, Object(Config\Cache), false)
10 FCPATH\index.php(79): CodeIgniter\CodeIgniter->run()
CRITICAL - 2025-09-30 02:58:54 --> ErrorException: Uncaught TypeError: htmlspecialchars(): Argument #1 ($string) must be of type string, resource given in C:\xampp\htdocs\erp.local\app\Views\errors\html\error_exception.php:182
Stack trace:
#0 C:\xampp\htdocs\erp.local\app\Views\errors\html\error_exception.php(182): htmlspecialchars(Resource id #42, 8, 'UTF-8')
#1 C:\xampp\htdocs\erp.local\system\Debug\BaseExceptionHandler.php(258): include('C:\\xampp\\htdocs...')
#2 C:\xampp\htdocs\erp.local\system\Debug\BaseExceptionHandler.php(261): CodeIgniter\Debug\BaseExceptionHandler->CodeIgniter\Debug\{closure}()
#3 C:\xampp\htdocs\erp.local\system\Debug\ExceptionHandler.php(112): CodeIgniter\Debug\BaseExceptionHandler->render(Object(CodeIgniter\Database\Exceptions\DatabaseException), 500, 'C:\\xampp\\htdocs...')
#4 C:\xampp\htdocs\erp.local\system\Debug\Exceptions.php(156): CodeIgniter\Debug\ExceptionHandler->handle(Object(CodeIgniter\Database\Exceptions\DatabaseException), Object(CodeIgniter\HTTP\IncomingRequest), Object(CodeIgniter\HTTP\Response), 500, 8)
#5 [internal function]: CodeIgniter\Debug\Exceptions->exceptionHandler(Object(CodeIgniter\Database\Exceptions\DatabaseException))
#6 {main}
  thrown
【Previous Exception】
CodeIgniter\Database\Exceptions\DatabaseException
You have an error in your SQL syntax; check the manual that corresponds to your MariaDB server version for the right syntax to use near 'ASC, "%Y-%m") ASC' at line 7
#0 C:\xampp\htdocs\erp.local\system\Database\BaseBuilder.php(1616): CodeIgniter\Database\BaseConnection->query('SELECT DATE_FOR...', Array, false)
#1 C:\xampp\htdocs\erp.local\app\Controllers\RelatoriosEmpresa.php(563): CodeIgniter\Database\BaseBuilder->get()
#2 C:\xampp\htdocs\erp.local\app\Controllers\RelatoriosEmpresa.php(521): App\Controllers\RelatoriosEmpresa->getEvolucaoTemporal('month')
#3 C:\xampp\htdocs\erp.local\system\CodeIgniter.php(941): App\Controllers\RelatoriosEmpresa->evolucao()
#4 C:\xampp\htdocs\erp.local\system\CodeIgniter.php(502): CodeIgniter\CodeIgniter->runController(Object(App\Controllers\RelatoriosEmpresa))
#5 C:\xampp\htdocs\erp.local\system\CodeIgniter.php(361): CodeIgniter\CodeIgniter->handleRequest(NULL, Object(Config\Cache), false)
#6 C:\xampp\htdocs\erp.local\public\index.php(79): CodeIgniter\CodeIgniter->run()
#7 {main}
in APPPATH\Views\errors\html\error_exception.php on line 182.
 1 [internal function]: CodeIgniter\Debug\Exceptions->shutdownHandler()
INFO - 2025-09-30 02:58:55 --> Session: Class initialized using 'CodeIgniter\Session\Handlers\FileHandler' driver.
ERROR - 2025-09-30 02:58:55 --> mysqli_sql_exception: Unknown column 'clientes.documento' in 'field list' in C:\xampp\htdocs\erp.local\system\Database\MySQLi\Connection.php:306
Stack trace:
#0 C:\xampp\htdocs\erp.local\system\Database\MySQLi\Connection.php(306): mysqli->query('SELECT `pos_sal...', 0)
#1 C:\xampp\htdocs\erp.local\system\Database\BaseConnection.php(693): CodeIgniter\Database\MySQLi\Connection->execute('SELECT `pos_sal...')
#2 C:\xampp\htdocs\erp.local\system\Database\BaseConnection.php(607): CodeIgniter\Database\BaseConnection->simpleQuery('SELECT `pos_sal...')
#3 C:\xampp\htdocs\erp.local\system\Database\BaseBuilder.php(1616): CodeIgniter\Database\BaseConnection->query('SELECT `pos_sal...', Array, false)
#4 C:\xampp\htdocs\erp.local\app\Controllers\RelatoriosEmpresa.php(621): CodeIgniter\Database\BaseBuilder->get()
#5 C:\xampp\htdocs\erp.local\app\Controllers\RelatoriosEmpresa.php(591): App\Controllers\RelatoriosEmpresa->getClientesMaisFrequentes(Array)
#6 C:\xampp\htdocs\erp.local\system\CodeIgniter.php(941): App\Controllers\RelatoriosEmpresa->clientes()
#7 C:\xampp\htdocs\erp.local\system\CodeIgniter.php(502): CodeIgniter\CodeIgniter->runController(Object(App\Controllers\RelatoriosEmpresa))
#8 C:\xampp\htdocs\erp.local\system\CodeIgniter.php(361): CodeIgniter\CodeIgniter->handleRequest(NULL, Object(Config\Cache), false)
#9 C:\xampp\htdocs\erp.local\public\index.php(79): CodeIgniter\CodeIgniter->run()
#10 {main}
CRITICAL - 2025-09-30 02:58:55 --> CodeIgniter\Database\Exceptions\DatabaseException: Unknown column 'clientes.documento' in 'field list'
in SYSTEMPATH\Database\BaseConnection.php on line 647.
 1 SYSTEMPATH\Database\BaseBuilder.php(1616): CodeIgniter\Database\BaseConnection->query('SELECT `pos_sales`.`id_cliente`, `clientes`.`nome`, `clientes`.`documento`, `clientes`.`email`, `clientes`.`telefone`, COUNT(*) as total_compras, SUM(pos_sales.total) as total_gasto, AVG(pos_sales.total) as ticket_medio, MAX(pos_sales.created_at) as ultima_compra
FROM `pos_sales`
JOIN `clientes` ON `clientes`.`id_cliente` = `pos_sales`.`id_cliente`
WHERE `pos_sales`.`id_empresa` = :pos_sales.id_empresa:
AND `pos_sales`.`status` = :pos_sales.status:
AND `pos_sales`.`id_cliente` IS NOT NULL
GROUP BY `pos_sales`.`id_cliente`
ORDER BY `total_compras` DESC
 LIMIT 50', [...], false)
 2 APPPATH\Controllers\RelatoriosEmpresa.php(621): CodeIgniter\Database\BaseBuilder->get()
 3 APPPATH\Controllers\RelatoriosEmpresa.php(591): App\Controllers\RelatoriosEmpresa->getClientesMaisFrequentes([])
 4 SYSTEMPATH\CodeIgniter.php(941): App\Controllers\RelatoriosEmpresa->clientes()
 5 SYSTEMPATH\CodeIgniter.php(502): CodeIgniter\CodeIgniter->runController(Object(App\Controllers\RelatoriosEmpresa))
 6 SYSTEMPATH\CodeIgniter.php(361): CodeIgniter\CodeIgniter->handleRequest(null, Object(Config\Cache), false)
 7 FCPATH\index.php(79): CodeIgniter\CodeIgniter->run()
CRITICAL - 2025-09-30 02:58:55 --> [Caused by] CodeIgniter\Database\Exceptions\DatabaseException: Unknown column 'clientes.documento' in 'field list'
in SYSTEMPATH\Database\MySQLi\Connection.php on line 311.
 1 SYSTEMPATH\Database\BaseConnection.php(693): CodeIgniter\Database\MySQLi\Connection->execute('SELECT `pos_sales`.`id_cliente`, `clientes`.`nome`, `clientes`.`documento`, `clientes`.`email`, `clientes`.`telefone`, COUNT(*) as total_compras, SUM(pos_sales.total) as total_gasto, AVG(pos_sales.total) as ticket_medio, MAX(pos_sales.created_at) as ultima_compra
FROM `pos_sales`
JOIN `clientes` ON `clientes`.`id_cliente` = `pos_sales`.`id_cliente`
WHERE `pos_sales`.`id_empresa` = \'3\'
AND `pos_sales`.`status` = \'finalized\'
AND `pos_sales`.`id_cliente` IS NOT NULL
GROUP BY `pos_sales`.`id_cliente`
ORDER BY `total_compras` DESC
 LIMIT 50')
 2 SYSTEMPATH\Database\BaseConnection.php(607): CodeIgniter\Database\BaseConnection->simpleQuery('SELECT `pos_sales`.`id_cliente`, `clientes`.`nome`, `clientes`.`documento`, `clientes`.`email`, `clientes`.`telefone`, COUNT(*) as total_compras, SUM(pos_sales.total) as total_gasto, AVG(pos_sales.total) as ticket_medio, MAX(pos_sales.created_at) as ultima_compra
FROM `pos_sales`
JOIN `clientes` ON `clientes`.`id_cliente` = `pos_sales`.`id_cliente`
WHERE `pos_sales`.`id_empresa` = \'3\'
AND `pos_sales`.`status` = \'finalized\'
AND `pos_sales`.`id_cliente` IS NOT NULL
GROUP BY `pos_sales`.`id_cliente`
ORDER BY `total_compras` DESC
 LIMIT 50')
 3 SYSTEMPATH\Database\BaseBuilder.php(1616): CodeIgniter\Database\BaseConnection->query('SELECT `pos_sales`.`id_cliente`, `clientes`.`nome`, `clientes`.`documento`, `clientes`.`email`, `clientes`.`telefone`, COUNT(*) as total_compras, SUM(pos_sales.total) as total_gasto, AVG(pos_sales.total) as ticket_medio, MAX(pos_sales.created_at) as ultima_compra
FROM `pos_sales`
JOIN `clientes` ON `clientes`.`id_cliente` = `pos_sales`.`id_cliente`
WHERE `pos_sales`.`id_empresa` = :pos_sales.id_empresa:
AND `pos_sales`.`status` = :pos_sales.status:
AND `pos_sales`.`id_cliente` IS NOT NULL
GROUP BY `pos_sales`.`id_cliente`
ORDER BY `total_compras` DESC
 LIMIT 50', [...], false)
 4 APPPATH\Controllers\RelatoriosEmpresa.php(621): CodeIgniter\Database\BaseBuilder->get()
 5 APPPATH\Controllers\RelatoriosEmpresa.php(591): App\Controllers\RelatoriosEmpresa->getClientesMaisFrequentes([])
 6 SYSTEMPATH\CodeIgniter.php(941): App\Controllers\RelatoriosEmpresa->clientes()
 7 SYSTEMPATH\CodeIgniter.php(502): CodeIgniter\CodeIgniter->runController(Object(App\Controllers\RelatoriosEmpresa))
 8 SYSTEMPATH\CodeIgniter.php(361): CodeIgniter\CodeIgniter->handleRequest(null, Object(Config\Cache), false)
 9 FCPATH\index.php(79): CodeIgniter\CodeIgniter->run()
CRITICAL - 2025-09-30 02:58:55 --> [Caused by] mysqli_sql_exception: Unknown column 'clientes.documento' in 'field list'
in SYSTEMPATH\Database\MySQLi\Connection.php on line 306.
 1 SYSTEMPATH\Database\MySQLi\Connection.php(306): mysqli->query('SELECT `pos_sales`.`id_cliente`, `clientes`.`nome`, `clientes`.`documento`, `clientes`.`email`, `clientes`.`telefone`, COUNT(*) as total_compras, SUM(pos_sales.total) as total_gasto, AVG(pos_sales.total) as ticket_medio, MAX(pos_sales.created_at) as ultima_compra
FROM `pos_sales`
JOIN `clientes` ON `clientes`.`id_cliente` = `pos_sales`.`id_cliente`
WHERE `pos_sales`.`id_empresa` = \'3\'
AND `pos_sales`.`status` = \'finalized\'
AND `pos_sales`.`id_cliente` IS NOT NULL
GROUP BY `pos_sales`.`id_cliente`
ORDER BY `total_compras` DESC
 LIMIT 50', 0)
 2 SYSTEMPATH\Database\BaseConnection.php(693): CodeIgniter\Database\MySQLi\Connection->execute('SELECT `pos_sales`.`id_cliente`, `clientes`.`nome`, `clientes`.`documento`, `clientes`.`email`, `clientes`.`telefone`, COUNT(*) as total_compras, SUM(pos_sales.total) as total_gasto, AVG(pos_sales.total) as ticket_medio, MAX(pos_sales.created_at) as ultima_compra
FROM `pos_sales`
JOIN `clientes` ON `clientes`.`id_cliente` = `pos_sales`.`id_cliente`
WHERE `pos_sales`.`id_empresa` = \'3\'
AND `pos_sales`.`status` = \'finalized\'
AND `pos_sales`.`id_cliente` IS NOT NULL
GROUP BY `pos_sales`.`id_cliente`
ORDER BY `total_compras` DESC
 LIMIT 50')
 3 SYSTEMPATH\Database\BaseConnection.php(607): CodeIgniter\Database\BaseConnection->simpleQuery('SELECT `pos_sales`.`id_cliente`, `clientes`.`nome`, `clientes`.`documento`, `clientes`.`email`, `clientes`.`telefone`, COUNT(*) as total_compras, SUM(pos_sales.total) as total_gasto, AVG(pos_sales.total) as ticket_medio, MAX(pos_sales.created_at) as ultima_compra
FROM `pos_sales`
JOIN `clientes` ON `clientes`.`id_cliente` = `pos_sales`.`id_cliente`
WHERE `pos_sales`.`id_empresa` = \'3\'
AND `pos_sales`.`status` = \'finalized\'
AND `pos_sales`.`id_cliente` IS NOT NULL
GROUP BY `pos_sales`.`id_cliente`
ORDER BY `total_compras` DESC
 LIMIT 50')
 4 SYSTEMPATH\Database\BaseBuilder.php(1616): CodeIgniter\Database\BaseConnection->query('SELECT `pos_sales`.`id_cliente`, `clientes`.`nome`, `clientes`.`documento`, `clientes`.`email`, `clientes`.`telefone`, COUNT(*) as total_compras, SUM(pos_sales.total) as total_gasto, AVG(pos_sales.total) as ticket_medio, MAX(pos_sales.created_at) as ultima_compra
FROM `pos_sales`
JOIN `clientes` ON `clientes`.`id_cliente` = `pos_sales`.`id_cliente`
WHERE `pos_sales`.`id_empresa` = :pos_sales.id_empresa:
AND `pos_sales`.`status` = :pos_sales.status:
AND `pos_sales`.`id_cliente` IS NOT NULL
GROUP BY `pos_sales`.`id_cliente`
ORDER BY `total_compras` DESC
 LIMIT 50', [...], false)
 5 APPPATH\Controllers\RelatoriosEmpresa.php(621): CodeIgniter\Database\BaseBuilder->get()
 6 APPPATH\Controllers\RelatoriosEmpresa.php(591): App\Controllers\RelatoriosEmpresa->getClientesMaisFrequentes([])
 7 SYSTEMPATH\CodeIgniter.php(941): App\Controllers\RelatoriosEmpresa->clientes()
 8 SYSTEMPATH\CodeIgniter.php(502): CodeIgniter\CodeIgniter->runController(Object(App\Controllers\RelatoriosEmpresa))
 9 SYSTEMPATH\CodeIgniter.php(361): CodeIgniter\CodeIgniter->handleRequest(null, Object(Config\Cache), false)
10 FCPATH\index.php(79): CodeIgniter\CodeIgniter->run()
CRITICAL - 2025-09-30 02:58:55 --> ErrorException: Uncaught TypeError: htmlspecialchars(): Argument #1 ($string) must be of type string, resource given in C:\xampp\htdocs\erp.local\app\Views\errors\html\error_exception.php:182
Stack trace:
#0 C:\xampp\htdocs\erp.local\app\Views\errors\html\error_exception.php(182): htmlspecialchars(Resource id #42, 8, 'UTF-8')
#1 C:\xampp\htdocs\erp.local\system\Debug\BaseExceptionHandler.php(258): include('C:\\xampp\\htdocs...')
#2 C:\xampp\htdocs\erp.local\system\Debug\BaseExceptionHandler.php(261): CodeIgniter\Debug\BaseExceptionHandler->CodeIgniter\Debug\{closure}()
#3 C:\xampp\htdocs\erp.local\system\Debug\ExceptionHandler.php(112): CodeIgniter\Debug\BaseExceptionHandler->render(Object(CodeIgniter\Database\Exceptions\DatabaseException), 500, 'C:\\xampp\\htdocs...')
#4 C:\xampp\htdocs\erp.local\system\Debug\Exceptions.php(156): CodeIgniter\Debug\ExceptionHandler->handle(Object(CodeIgniter\Database\Exceptions\DatabaseException), Object(CodeIgniter\HTTP\IncomingRequest), Object(CodeIgniter\HTTP\Response), 500, 8)
#5 [internal function]: CodeIgniter\Debug\Exceptions->exceptionHandler(Object(CodeIgniter\Database\Exceptions\DatabaseException))
#6 {main}
  thrown
【Previous Exception】
CodeIgniter\Database\Exceptions\DatabaseException
Unknown column 'clientes.documento' in 'field list'
#0 C:\xampp\htdocs\erp.local\system\Database\BaseBuilder.php(1616): CodeIgniter\Database\BaseConnection->query('SELECT `pos_sal...', Array, false)
#1 C:\xampp\htdocs\erp.local\app\Controllers\RelatoriosEmpresa.php(621): CodeIgniter\Database\BaseBuilder->get()
#2 C:\xampp\htdocs\erp.local\app\Controllers\RelatoriosEmpresa.php(591): App\Controllers\RelatoriosEmpresa->getClientesMaisFrequentes(Array)
#3 C:\xampp\htdocs\erp.local\system\CodeIgniter.php(941): App\Controllers\RelatoriosEmpresa->clientes()
#4 C:\xampp\htdocs\erp.local\system\CodeIgniter.php(502): CodeIgniter\CodeIgniter->runController(Object(App\Controllers\RelatoriosEmpresa))
#5 C:\xampp\htdocs\erp.local\system\CodeIgniter.php(361): CodeIgniter\CodeIgniter->handleRequest(NULL, Object(Config\Cache), false)
#6 C:\xampp\htdocs\erp.local\public\index.php(79): CodeIgniter\CodeIgniter->run()
#7 {main}
in APPPATH\Views\errors\html\error_exception.php on line 182.
 1 [internal function]: CodeIgniter\Debug\Exceptions->shutdownHandler()
INFO - 2025-09-30 02:58:56 --> Session: Class initialized using 'CodeIgniter\Session\Handlers\FileHandler' driver.
ERROR - 2025-09-30 02:58:56 --> mysqli_sql_exception: Table 'erp_local.stock_alerts' doesn't exist in C:\xampp\htdocs\erp.local\system\Database\MySQLi\Connection.php:306
Stack trace:
#0 C:\xampp\htdocs\erp.local\system\Database\MySQLi\Connection.php(306): mysqli->query('SHOW COLUMNS FR...', 0)
#1 C:\xampp\htdocs\erp.local\system\Database\BaseConnection.php(693): CodeIgniter\Database\MySQLi\Connection->execute('SHOW COLUMNS FR...')
#2 C:\xampp\htdocs\erp.local\system\Database\BaseConnection.php(607): CodeIgniter\Database\BaseConnection->simpleQuery('SHOW COLUMNS FR...')
#3 C:\xampp\htdocs\erp.local\system\Database\BaseConnection.php(1486): CodeIgniter\Database\BaseConnection->query('SHOW COLUMNS FR...')
#4 C:\xampp\htdocs\erp.local\app\Models\BaseAppModel.php(96): CodeIgniter\Database\BaseConnection->getFieldNames('stock_alerts')
#5 C:\xampp\htdocs\erp.local\app\Models\BaseAppModel.php(116): App\Models\BaseAppModel->getTableFields()
#6 C:\xampp\htdocs\erp.local\app\Controllers\RelatoriosEmpresa.php(654): App\Models\BaseAppModel->findAll()
#7 C:\xampp\htdocs\erp.local\system\CodeIgniter.php(941): App\Controllers\RelatoriosEmpresa->alertasEstoque()
#8 C:\xampp\htdocs\erp.local\system\CodeIgniter.php(502): CodeIgniter\CodeIgniter->runController(Object(App\Controllers\RelatoriosEmpresa))
#9 C:\xampp\htdocs\erp.local\system\CodeIgniter.php(361): CodeIgniter\CodeIgniter->handleRequest(NULL, Object(Config\Cache), false)
#10 C:\xampp\htdocs\erp.local\public\index.php(79): CodeIgniter\CodeIgniter->run()
#11 {main}
CRITICAL - 2025-09-30 02:58:56 --> CodeIgniter\Database\Exceptions\DatabaseException: Table 'erp_local.stock_alerts' doesn't exist
in SYSTEMPATH\Database\BaseConnection.php on line 647.
 1 SYSTEMPATH\Database\BaseConnection.php(1486): CodeIgniter\Database\BaseConnection->query('SHOW COLUMNS FROM `stock_alerts`')
 2 APPPATH\Models\BaseAppModel.php(96): CodeIgniter\Database\BaseConnection->getFieldNames('stock_alerts')
 3 APPPATH\Models\BaseAppModel.php(116): App\Models\BaseAppModel->getTableFields()
 4 APPPATH\Controllers\RelatoriosEmpresa.php(654): App\Models\BaseAppModel->findAll()
 5 SYSTEMPATH\CodeIgniter.php(941): App\Controllers\RelatoriosEmpresa->alertasEstoque()
 6 SYSTEMPATH\CodeIgniter.php(502): CodeIgniter\CodeIgniter->runController(Object(App\Controllers\RelatoriosEmpresa))
 7 SYSTEMPATH\CodeIgniter.php(361): CodeIgniter\CodeIgniter->handleRequest(null, Object(Config\Cache), false)
 8 FCPATH\index.php(79): CodeIgniter\CodeIgniter->run()
CRITICAL - 2025-09-30 02:58:56 --> [Caused by] CodeIgniter\Database\Exceptions\DatabaseException: Table 'erp_local.stock_alerts' doesn't exist
in SYSTEMPATH\Database\MySQLi\Connection.php on line 311.
 1 SYSTEMPATH\Database\BaseConnection.php(693): CodeIgniter\Database\MySQLi\Connection->execute('SHOW COLUMNS FROM `stock_alerts`')
 2 SYSTEMPATH\Database\BaseConnection.php(607): CodeIgniter\Database\BaseConnection->simpleQuery('SHOW COLUMNS FROM `stock_alerts`')
 3 SYSTEMPATH\Database\BaseConnection.php(1486): CodeIgniter\Database\BaseConnection->query('SHOW COLUMNS FROM `stock_alerts`')
 4 APPPATH\Models\BaseAppModel.php(96): CodeIgniter\Database\BaseConnection->getFieldNames('stock_alerts')
 5 APPPATH\Models\BaseAppModel.php(116): App\Models\BaseAppModel->getTableFields()
 6 APPPATH\Controllers\RelatoriosEmpresa.php(654): App\Models\BaseAppModel->findAll()
 7 SYSTEMPATH\CodeIgniter.php(941): App\Controllers\RelatoriosEmpresa->alertasEstoque()
 8 SYSTEMPATH\CodeIgniter.php(502): CodeIgniter\CodeIgniter->runController(Object(App\Controllers\RelatoriosEmpresa))
 9 SYSTEMPATH\CodeIgniter.php(361): CodeIgniter\CodeIgniter->handleRequest(null, Object(Config\Cache), false)
10 FCPATH\index.php(79): CodeIgniter\CodeIgniter->run()
CRITICAL - 2025-09-30 02:58:56 --> [Caused by] mysqli_sql_exception: Table 'erp_local.stock_alerts' doesn't exist
in SYSTEMPATH\Database\MySQLi\Connection.php on line 306.
 1 SYSTEMPATH\Database\MySQLi\Connection.php(306): mysqli->query('SHOW COLUMNS FROM `stock_alerts`', 0)
 2 SYSTEMPATH\Database\BaseConnection.php(693): CodeIgniter\Database\MySQLi\Connection->execute('SHOW COLUMNS FROM `stock_alerts`')
 3 SYSTEMPATH\Database\BaseConnection.php(607): CodeIgniter\Database\BaseConnection->simpleQuery('SHOW COLUMNS FROM `stock_alerts`')
 4 SYSTEMPATH\Database\BaseConnection.php(1486): CodeIgniter\Database\BaseConnection->query('SHOW COLUMNS FROM `stock_alerts`')
 5 APPPATH\Models\BaseAppModel.php(96): CodeIgniter\Database\BaseConnection->getFieldNames('stock_alerts')
 6 APPPATH\Models\BaseAppModel.php(116): App\Models\BaseAppModel->getTableFields()
 7 APPPATH\Controllers\RelatoriosEmpresa.php(654): App\Models\BaseAppModel->findAll()
 8 SYSTEMPATH\CodeIgniter.php(941): App\Controllers\RelatoriosEmpresa->alertasEstoque()
 9 SYSTEMPATH\CodeIgniter.php(502): CodeIgniter\CodeIgniter->runController(Object(App\Controllers\RelatoriosEmpresa))
10 SYSTEMPATH\CodeIgniter.php(361): CodeIgniter\CodeIgniter->handleRequest(null, Object(Config\Cache), false)
11 FCPATH\index.php(79): CodeIgniter\CodeIgniter->run()
CRITICAL - 2025-09-30 02:58:56 --> ErrorException: Uncaught TypeError: htmlspecialchars(): Argument #1 ($string) must be of type string, resource given in C:\xampp\htdocs\erp.local\app\Views\errors\html\error_exception.php:182
Stack trace:
#0 C:\xampp\htdocs\erp.local\app\Views\errors\html\error_exception.php(182): htmlspecialchars(Resource id #42, 8, 'UTF-8')
#1 C:\xampp\htdocs\erp.local\system\Debug\BaseExceptionHandler.php(258): include('C:\\xampp\\htdocs...')
#2 C:\xampp\htdocs\erp.local\system\Debug\BaseExceptionHandler.php(261): CodeIgniter\Debug\BaseExceptionHandler->CodeIgniter\Debug\{closure}()
#3 C:\xampp\htdocs\erp.local\system\Debug\ExceptionHandler.php(112): CodeIgniter\Debug\BaseExceptionHandler->render(Object(CodeIgniter\Database\Exceptions\DatabaseException), 500, 'C:\\xampp\\htdocs...')
#4 C:\xampp\htdocs\erp.local\system\Debug\Exceptions.php(156): CodeIgniter\Debug\ExceptionHandler->handle(Object(CodeIgniter\Database\Exceptions\DatabaseException), Object(CodeIgniter\HTTP\IncomingRequest), Object(CodeIgniter\HTTP\Response), 500, 8)
#5 [internal function]: CodeIgniter\Debug\Exceptions->exceptionHandler(Object(CodeIgniter\Database\Exceptions\DatabaseException))
#6 {main}
  thrown
【Previous Exception】
CodeIgniter\Database\Exceptions\DatabaseException
Table 'erp_local.stock_alerts' doesn't exist
#0 C:\xampp\htdocs\erp.local\system\Database\BaseConnection.php(1486): CodeIgniter\Database\BaseConnection->query('SHOW COLUMNS FR...')
#1 C:\xampp\htdocs\erp.local\app\Models\BaseAppModel.php(96): CodeIgniter\Database\BaseConnection->getFieldNames('stock_alerts')
#2 C:\xampp\htdocs\erp.local\app\Models\BaseAppModel.php(116): App\Models\BaseAppModel->getTableFields()
#3 C:\xampp\htdocs\erp.local\app\Controllers\RelatoriosEmpresa.php(654): App\Models\BaseAppModel->findAll()
#4 C:\xampp\htdocs\erp.local\system\CodeIgniter.php(941): App\Controllers\RelatoriosEmpresa->alertasEstoque()
#5 C:\xampp\htdocs\erp.local\system\CodeIgniter.php(502): CodeIgniter\CodeIgniter->runController(Object(App\Controllers\RelatoriosEmpresa))
#6 C:\xampp\htdocs\erp.local\system\CodeIgniter.php(361): CodeIgniter\CodeIgniter->handleRequest(NULL, Object(Config\Cache), false)
#7 C:\xampp\htdocs\erp.local\public\index.php(79): CodeIgniter\CodeIgniter->run()
#8 {main}
in APPPATH\Views\errors\html\error_exception.php on line 182.
 1 [internal function]: CodeIgniter\Debug\Exceptions->shutdownHandler()
INFO - 2025-09-30 02:59:00 --> Session: Class initialized using 'CodeIgniter\Session\Handlers\FileHandler' driver.
ERROR - 2025-09-30 02:59:00 --> mysqli_sql_exception: Table 'erp_local.report_schedules' doesn't exist in C:\xampp\htdocs\erp.local\system\Database\MySQLi\Connection.php:306
Stack trace:
#0 C:\xampp\htdocs\erp.local\system\Database\MySQLi\Connection.php(306): mysqli->query('SHOW COLUMNS FR...', 0)
#1 C:\xampp\htdocs\erp.local\system\Database\BaseConnection.php(693): CodeIgniter\Database\MySQLi\Connection->execute('SHOW COLUMNS FR...')
#2 C:\xampp\htdocs\erp.local\system\Database\BaseConnection.php(607): CodeIgniter\Database\BaseConnection->simpleQuery('SHOW COLUMNS FR...')
#3 C:\xampp\htdocs\erp.local\system\Database\BaseConnection.php(1486): CodeIgniter\Database\BaseConnection->query('SHOW COLUMNS FR...')
#4 C:\xampp\htdocs\erp.local\app\Models\BaseAppModel.php(96): CodeIgniter\Database\BaseConnection->getFieldNames('report_schedule...')
#5 C:\xampp\htdocs\erp.local\app\Models\BaseAppModel.php(116): App\Models\BaseAppModel->getTableFields()
#6 C:\xampp\htdocs\erp.local\app\Controllers\RelatoriosEmpresa.php(722): App\Models\BaseAppModel->findAll()
#7 C:\xampp\htdocs\erp.local\system\CodeIgniter.php(941): App\Controllers\RelatoriosEmpresa->agendamentos()
#8 C:\xampp\htdocs\erp.local\system\CodeIgniter.php(502): CodeIgniter\CodeIgniter->runController(Object(App\Controllers\RelatoriosEmpresa))
#9 C:\xampp\htdocs\erp.local\system\CodeIgniter.php(361): CodeIgniter\CodeIgniter->handleRequest(NULL, Object(Config\Cache), false)
#10 C:\xampp\htdocs\erp.local\public\index.php(79): CodeIgniter\CodeIgniter->run()
#11 {main}
CRITICAL - 2025-09-30 02:59:00 --> CodeIgniter\Database\Exceptions\DatabaseException: Table 'erp_local.report_schedules' doesn't exist
in SYSTEMPATH\Database\BaseConnection.php on line 647.
 1 SYSTEMPATH\Database\BaseConnection.php(1486): CodeIgniter\Database\BaseConnection->query('SHOW COLUMNS FROM `report_schedules`')
 2 APPPATH\Models\BaseAppModel.php(96): CodeIgniter\Database\BaseConnection->getFieldNames('report_schedules')
 3 APPPATH\Models\BaseAppModel.php(116): App\Models\BaseAppModel->getTableFields()
 4 APPPATH\Controllers\RelatoriosEmpresa.php(722): App\Models\BaseAppModel->findAll()
 5 SYSTEMPATH\CodeIgniter.php(941): App\Controllers\RelatoriosEmpresa->agendamentos()
 6 SYSTEMPATH\CodeIgniter.php(502): CodeIgniter\CodeIgniter->runController(Object(App\Controllers\RelatoriosEmpresa))
 7 SYSTEMPATH\CodeIgniter.php(361): CodeIgniter\CodeIgniter->handleRequest(null, Object(Config\Cache), false)
 8 FCPATH\index.php(79): CodeIgniter\CodeIgniter->run()
CRITICAL - 2025-09-30 02:59:00 --> [Caused by] CodeIgniter\Database\Exceptions\DatabaseException: Table 'erp_local.report_schedules' doesn't exist
in SYSTEMPATH\Database\MySQLi\Connection.php on line 311.
 1 SYSTEMPATH\Database\BaseConnection.php(693): CodeIgniter\Database\MySQLi\Connection->execute('SHOW COLUMNS FROM `report_schedules`')
 2 SYSTEMPATH\Database\BaseConnection.php(607): CodeIgniter\Database\BaseConnection->simpleQuery('SHOW COLUMNS FROM `report_schedules`')
 3 SYSTEMPATH\Database\BaseConnection.php(1486): CodeIgniter\Database\BaseConnection->query('SHOW COLUMNS FROM `report_schedules`')
 4 APPPATH\Models\BaseAppModel.php(96): CodeIgniter\Database\BaseConnection->getFieldNames('report_schedules')
 5 APPPATH\Models\BaseAppModel.php(116): App\Models\BaseAppModel->getTableFields()
 6 APPPATH\Controllers\RelatoriosEmpresa.php(722): App\Models\BaseAppModel->findAll()
 7 SYSTEMPATH\CodeIgniter.php(941): App\Controllers\RelatoriosEmpresa->agendamentos()
 8 SYSTEMPATH\CodeIgniter.php(502): CodeIgniter\CodeIgniter->runController(Object(App\Controllers\RelatoriosEmpresa))
 9 SYSTEMPATH\CodeIgniter.php(361): CodeIgniter\CodeIgniter->handleRequest(null, Object(Config\Cache), false)
10 FCPATH\index.php(79): CodeIgniter\CodeIgniter->run()
CRITICAL - 2025-09-30 02:59:00 --> [Caused by] mysqli_sql_exception: Table 'erp_local.report_schedules' doesn't exist
in SYSTEMPATH\Database\MySQLi\Connection.php on line 306.
 1 SYSTEMPATH\Database\MySQLi\Connection.php(306): mysqli->query('SHOW COLUMNS FROM `report_schedules`', 0)
 2 SYSTEMPATH\Database\BaseConnection.php(693): CodeIgniter\Database\MySQLi\Connection->execute('SHOW COLUMNS FROM `report_schedules`')
 3 SYSTEMPATH\Database\BaseConnection.php(607): CodeIgniter\Database\BaseConnection->simpleQuery('SHOW COLUMNS FROM `report_schedules`')
 4 SYSTEMPATH\Database\BaseConnection.php(1486): CodeIgniter\Database\BaseConnection->query('SHOW COLUMNS FROM `report_schedules`')
 5 APPPATH\Models\BaseAppModel.php(96): CodeIgniter\Database\BaseConnection->getFieldNames('report_schedules')
 6 APPPATH\Models\BaseAppModel.php(116): App\Models\BaseAppModel->getTableFields()
 7 APPPATH\Controllers\RelatoriosEmpresa.php(722): App\Models\BaseAppModel->findAll()
 8 SYSTEMPATH\CodeIgniter.php(941): App\Controllers\RelatoriosEmpresa->agendamentos()
 9 SYSTEMPATH\CodeIgniter.php(502): CodeIgniter\CodeIgniter->runController(Object(App\Controllers\RelatoriosEmpresa))
10 SYSTEMPATH\CodeIgniter.php(361): CodeIgniter\CodeIgniter->handleRequest(null, Object(Config\Cache), false)
11 FCPATH\index.php(79): CodeIgniter\CodeIgniter->run()
CRITICAL - 2025-09-30 02:59:00 --> ErrorException: Uncaught TypeError: htmlspecialchars(): Argument #1 ($string) must be of type string, resource given in C:\xampp\htdocs\erp.local\app\Views\errors\html\error_exception.php:182
Stack trace:
#0 C:\xampp\htdocs\erp.local\app\Views\errors\html\error_exception.php(182): htmlspecialchars(Resource id #42, 8, 'UTF-8')
#1 C:\xampp\htdocs\erp.local\system\Debug\BaseExceptionHandler.php(258): include('C:\\xampp\\htdocs...')
#2 C:\xampp\htdocs\erp.local\system\Debug\BaseExceptionHandler.php(261): CodeIgniter\Debug\BaseExceptionHandler->CodeIgniter\Debug\{closure}()
#3 C:\xampp\htdocs\erp.local\system\Debug\ExceptionHandler.php(112): CodeIgniter\Debug\BaseExceptionHandler->render(Object(CodeIgniter\Database\Exceptions\DatabaseException), 500, 'C:\\xampp\\htdocs...')
#4 C:\xampp\htdocs\erp.local\system\Debug\Exceptions.php(156): CodeIgniter\Debug\ExceptionHandler->handle(Object(CodeIgniter\Database\Exceptions\DatabaseException), Object(CodeIgniter\HTTP\IncomingRequest), Object(CodeIgniter\HTTP\Response), 500, 8)
#5 [internal function]: CodeIgniter\Debug\Exceptions->exceptionHandler(Object(CodeIgniter\Database\Exceptions\DatabaseException))
#6 {main}
  thrown
【Previous Exception】
CodeIgniter\Database\Exceptions\DatabaseException
Table 'erp_local.report_schedules' doesn't exist
#0 C:\xampp\htdocs\erp.local\system\Database\BaseConnection.php(1486): CodeIgniter\Database\BaseConnection->query('SHOW COLUMNS FR...')
#1 C:\xampp\htdocs\erp.local\app\Models\BaseAppModel.php(96): CodeIgniter\Database\BaseConnection->getFieldNames('report_schedule...')
#2 C:\xampp\htdocs\erp.local\app\Models\BaseAppModel.php(116): App\Models\BaseAppModel->getTableFields()
#3 C:\xampp\htdocs\erp.local\app\Controllers\RelatoriosEmpresa.php(722): App\Models\BaseAppModel->findAll()
#4 C:\xampp\htdocs\erp.local\system\CodeIgniter.php(941): App\Controllers\RelatoriosEmpresa->agendamentos()
#5 C:\xampp\htdocs\erp.local\system\CodeIgniter.php(502): CodeIgniter\CodeIgniter->runController(Object(App\Controllers\RelatoriosEmpresa))
#6 C:\xampp\htdocs\erp.local\system\CodeIgniter.php(361): CodeIgniter\CodeIgniter->handleRequest(NULL, Object(Config\Cache), false)
#7 C:\xampp\htdocs\erp.local\public\index.php(79): CodeIgniter\CodeIgniter->run()
#8 {main}
in APPPATH\Views\errors\html\error_exception.php on line 182.
 1 [internal function]: CodeIgniter\Debug\Exceptions->shutdownHandler()
INFO - 2025-09-30 02:59:03 --> Session: Class initialized using 'CodeIgniter\Session\Handlers\FileHandler' driver.
ERROR - 2025-09-30 02:59:03 --> mysqli_sql_exception: Table 'erp_local.dashboard_configs' doesn't exist in C:\xampp\htdocs\erp.local\system\Database\MySQLi\Connection.php:306
Stack trace:
#0 C:\xampp\htdocs\erp.local\system\Database\MySQLi\Connection.php(306): mysqli->query('SELECT *\nFROM `...', 0)
#1 C:\xampp\htdocs\erp.local\system\Database\BaseConnection.php(693): CodeIgniter\Database\MySQLi\Connection->execute('SELECT *\nFROM `...')
#2 C:\xampp\htdocs\erp.local\system\Database\BaseConnection.php(607): CodeIgniter\Database\BaseConnection->simpleQuery('SELECT *\nFROM `...')
#3 C:\xampp\htdocs\erp.local\system\Database\BaseBuilder.php(1616): CodeIgniter\Database\BaseConnection->query('SELECT *\nFROM `...', Array, false)
#4 C:\xampp\htdocs\erp.local\system\Model.php(270): CodeIgniter\Database\BaseBuilder->get()
#5 C:\xampp\htdocs\erp.local\system\BaseModel.php(676): CodeIgniter\Model->doFirst()
#6 C:\xampp\htdocs\erp.local\app\Controllers\RelatoriosEmpresa.php(798): CodeIgniter\BaseModel->first()
#7 C:\xampp\htdocs\erp.local\system\CodeIgniter.php(941): App\Controllers\RelatoriosEmpresa->customizarDashboard()
#8 C:\xampp\htdocs\erp.local\system\CodeIgniter.php(502): CodeIgniter\CodeIgniter->runController(Object(App\Controllers\RelatoriosEmpresa))
#9 C:\xampp\htdocs\erp.local\system\CodeIgniter.php(361): CodeIgniter\CodeIgniter->handleRequest(NULL, Object(Config\Cache), false)
#10 C:\xampp\htdocs\erp.local\public\index.php(79): CodeIgniter\CodeIgniter->run()
#11 {main}
CRITICAL - 2025-09-30 02:59:03 --> CodeIgniter\Database\Exceptions\DatabaseException: Table 'erp_local.dashboard_configs' doesn't exist
in SYSTEMPATH\Database\BaseConnection.php on line 647.
 1 SYSTEMPATH\Database\BaseBuilder.php(1616): CodeIgniter\Database\BaseConnection->query('SELECT *
FROM `dashboard_configs`
WHERE `id_empresa` = :id_empresa:
AND `id_login` = :id_login:
 LIMIT 1', [...], false)
 2 SYSTEMPATH\Model.php(270): CodeIgniter\Database\BaseBuilder->get()
 3 SYSTEMPATH\BaseModel.php(676): CodeIgniter\Model->doFirst()
 4 APPPATH\Controllers\RelatoriosEmpresa.php(798): CodeIgniter\BaseModel->first()
 5 SYSTEMPATH\CodeIgniter.php(941): App\Controllers\RelatoriosEmpresa->customizarDashboard()
 6 SYSTEMPATH\CodeIgniter.php(502): CodeIgniter\CodeIgniter->runController(Object(App\Controllers\RelatoriosEmpresa))
 7 SYSTEMPATH\CodeIgniter.php(361): CodeIgniter\CodeIgniter->handleRequest(null, Object(Config\Cache), false)
 8 FCPATH\index.php(79): CodeIgniter\CodeIgniter->run()
CRITICAL - 2025-09-30 02:59:03 --> [Caused by] CodeIgniter\Database\Exceptions\DatabaseException: Table 'erp_local.dashboard_configs' doesn't exist
in SYSTEMPATH\Database\MySQLi\Connection.php on line 311.
 1 SYSTEMPATH\Database\BaseConnection.php(693): CodeIgniter\Database\MySQLi\Connection->execute('SELECT *
FROM `dashboard_configs`
WHERE `id_empresa` = \'3\'
AND `id_login` = \'5\'
 LIMIT 1')
 2 SYSTEMPATH\Database\BaseConnection.php(607): CodeIgniter\Database\BaseConnection->simpleQuery('SELECT *
FROM `dashboard_configs`
WHERE `id_empresa` = \'3\'
AND `id_login` = \'5\'
 LIMIT 1')
 3 SYSTEMPATH\Database\BaseBuilder.php(1616): CodeIgniter\Database\BaseConnection->query('SELECT *
FROM `dashboard_configs`
WHERE `id_empresa` = :id_empresa:
AND `id_login` = :id_login:
 LIMIT 1', [...], false)
 4 SYSTEMPATH\Model.php(270): CodeIgniter\Database\BaseBuilder->get()
 5 SYSTEMPATH\BaseModel.php(676): CodeIgniter\Model->doFirst()
 6 APPPATH\Controllers\RelatoriosEmpresa.php(798): CodeIgniter\BaseModel->first()
 7 SYSTEMPATH\CodeIgniter.php(941): App\Controllers\RelatoriosEmpresa->customizarDashboard()
 8 SYSTEMPATH\CodeIgniter.php(502): CodeIgniter\CodeIgniter->runController(Object(App\Controllers\RelatoriosEmpresa))
 9 SYSTEMPATH\CodeIgniter.php(361): CodeIgniter\CodeIgniter->handleRequest(null, Object(Config\Cache), false)
10 FCPATH\index.php(79): CodeIgniter\CodeIgniter->run()
CRITICAL - 2025-09-30 02:59:03 --> [Caused by] mysqli_sql_exception: Table 'erp_local.dashboard_configs' doesn't exist
in SYSTEMPATH\Database\MySQLi\Connection.php on line 306.
 1 SYSTEMPATH\Database\MySQLi\Connection.php(306): mysqli->query('SELECT *
FROM `dashboard_configs`
WHERE `id_empresa` = \'3\'
AND `id_login` = \'5\'
 LIMIT 1', 0)
 2 SYSTEMPATH\Database\BaseConnection.php(693): CodeIgniter\Database\MySQLi\Connection->execute('SELECT *
FROM `dashboard_configs`
WHERE `id_empresa` = \'3\'
AND `id_login` = \'5\'
 LIMIT 1')
 3 SYSTEMPATH\Database\BaseConnection.php(607): CodeIgniter\Database\BaseConnection->simpleQuery('SELECT *
FROM `dashboard_configs`
WHERE `id_empresa` = \'3\'
AND `id_login` = \'5\'
 LIMIT 1')
 4 SYSTEMPATH\Database\BaseBuilder.php(1616): CodeIgniter\Database\BaseConnection->query('SELECT *
FROM `dashboard_configs`
WHERE `id_empresa` = :id_empresa:
AND `id_login` = :id_login:
 LIMIT 1', [...], false)
 5 SYSTEMPATH\Model.php(270): CodeIgniter\Database\BaseBuilder->get()
 6 SYSTEMPATH\BaseModel.php(676): CodeIgniter\Model->doFirst()
 7 APPPATH\Controllers\RelatoriosEmpresa.php(798): CodeIgniter\BaseModel->first()
 8 SYSTEMPATH\CodeIgniter.php(941): App\Controllers\RelatoriosEmpresa->customizarDashboard()
 9 SYSTEMPATH\CodeIgniter.php(502): CodeIgniter\CodeIgniter->runController(Object(App\Controllers\RelatoriosEmpresa))
10 SYSTEMPATH\CodeIgniter.php(361): CodeIgniter\CodeIgniter->handleRequest(null, Object(Config\Cache), false)
11 FCPATH\index.php(79): CodeIgniter\CodeIgniter->run()
CRITICAL - 2025-09-30 02:59:04 --> ErrorException: Uncaught TypeError: htmlspecialchars(): Argument #1 ($string) must be of type string, resource given in C:\xampp\htdocs\erp.local\app\Views\errors\html\error_exception.php:182
Stack trace:
#0 C:\xampp\htdocs\erp.local\app\Views\errors\html\error_exception.php(182): htmlspecialchars(Resource id #42, 8, 'UTF-8')
#1 C:\xampp\htdocs\erp.local\system\Debug\BaseExceptionHandler.php(258): include('C:\\xampp\\htdocs...')
#2 C:\xampp\htdocs\erp.local\system\Debug\BaseExceptionHandler.php(261): CodeIgniter\Debug\BaseExceptionHandler->CodeIgniter\Debug\{closure}()
#3 C:\xampp\htdocs\erp.local\system\Debug\ExceptionHandler.php(112): CodeIgniter\Debug\BaseExceptionHandler->render(Object(CodeIgniter\Database\Exceptions\DatabaseException), 500, 'C:\\xampp\\htdocs...')
#4 C:\xampp\htdocs\erp.local\system\Debug\Exceptions.php(156): CodeIgniter\Debug\ExceptionHandler->handle(Object(CodeIgniter\Database\Exceptions\DatabaseException), Object(CodeIgniter\HTTP\IncomingRequest), Object(CodeIgniter\HTTP\Response), 500, 8)
#5 [internal function]: CodeIgniter\Debug\Exceptions->exceptionHandler(Object(CodeIgniter\Database\Exceptions\DatabaseException))
#6 {main}
  thrown
【Previous Exception】
CodeIgniter\Database\Exceptions\DatabaseException
Table 'erp_local.dashboard_configs' doesn't exist
#0 C:\xampp\htdocs\erp.local\system\Database\BaseBuilder.php(1616): CodeIgniter\Database\BaseConnection->query('SELECT *\nFROM `...', Array, false)
#1 C:\xampp\htdocs\erp.local\system\Model.php(270): CodeIgniter\Database\BaseBuilder->get()
#2 C:\xampp\htdocs\erp.local\system\BaseModel.php(676): CodeIgniter\Model->doFirst()
#3 C:\xampp\htdocs\erp.local\app\Controllers\RelatoriosEmpresa.php(798): CodeIgniter\BaseModel->first()
#4 C:\xampp\htdocs\erp.local\system\CodeIgniter.php(941): App\Controllers\RelatoriosEmpresa->customizarDashboard()
#5 C:\xampp\htdocs\erp.local\system\CodeIgniter.php(502): CodeIgniter\CodeIgniter->runController(Object(App\Controllers\RelatoriosEmpresa))
#6 C:\xampp\htdocs\erp.local\system\CodeIgniter.php(361): CodeIgniter\CodeIgniter->handleRequest(NULL, Object(Config\Cache), false)
#7 C:\xampp\htdocs\erp.local\public\index.php(79): CodeIgniter\CodeIgniter->run()
#8 {main}
in APPPATH\Views\errors\html\error_exception.php on line 182.
 1 [internal function]: CodeIgniter\Debug\Exceptions->shutdownHandler()
INFO - 2025-09-30 03:02:09 --> Session: Class initialized using 'CodeIgniter\Session\Handlers\FileHandler' driver.
INFO - 2025-09-30 03:02:12 --> Session: Class initialized using 'CodeIgniter\Session\Handlers\FileHandler' driver.
ERROR - 2025-09-30 03:02:12 --> mysqli_sql_exception: Unknown column 'clientes.documento' in 'field list' in C:\xampp\htdocs\erp.local\system\Database\MySQLi\Connection.php:306
Stack trace:
#0 C:\xampp\htdocs\erp.local\system\Database\MySQLi\Connection.php(306): mysqli->query('SELECT `pos_sal...', 0)
#1 C:\xampp\htdocs\erp.local\system\Database\BaseConnection.php(693): CodeIgniter\Database\MySQLi\Connection->execute('SELECT `pos_sal...')
#2 C:\xampp\htdocs\erp.local\system\Database\BaseConnection.php(607): CodeIgniter\Database\BaseConnection->simpleQuery('SELECT `pos_sal...')
#3 C:\xampp\htdocs\erp.local\system\Database\BaseBuilder.php(1616): CodeIgniter\Database\BaseConnection->query('SELECT `pos_sal...', Array, false)
#4 C:\xampp\htdocs\erp.local\app\Controllers\RelatoriosEmpresa.php(282): CodeIgniter\Database\BaseBuilder->get()
#5 C:\xampp\htdocs\erp.local\app\Controllers\RelatoriosEmpresa.php(108): App\Controllers\RelatoriosEmpresa->getVendasComFiltros(Array)
#6 C:\xampp\htdocs\erp.local\system\CodeIgniter.php(941): App\Controllers\RelatoriosEmpresa->vendas()
#7 C:\xampp\htdocs\erp.local\system\CodeIgniter.php(502): CodeIgniter\CodeIgniter->runController(Object(App\Controllers\RelatoriosEmpresa))
#8 C:\xampp\htdocs\erp.local\system\CodeIgniter.php(361): CodeIgniter\CodeIgniter->handleRequest(NULL, Object(Config\Cache), false)
#9 C:\xampp\htdocs\erp.local\public\index.php(79): CodeIgniter\CodeIgniter->run()
#10 {main}
CRITICAL - 2025-09-30 03:02:12 --> CodeIgniter\Database\Exceptions\DatabaseException: Unknown column 'clientes.documento' in 'field list'
in SYSTEMPATH\Database\BaseConnection.php on line 647.
 1 SYSTEMPATH\Database\BaseBuilder.php(1616): CodeIgniter\Database\BaseConnection->query('SELECT `pos_sales`.*, `clientes`.`nome` as `cliente_nome`, `clientes`.`documento` as `cliente_documento`
FROM `pos_sales`
LEFT JOIN `clientes` ON `clientes`.`id_cliente` = `pos_sales`.`id_cliente`
WHERE `pos_sales`.`id_empresa` = :pos_sales.id_empresa:
ORDER BY `pos_sales`.`created_at` DESC', [...], false)
 2 APPPATH\Controllers\RelatoriosEmpresa.php(282): CodeIgniter\Database\BaseBuilder->get()
 3 APPPATH\Controllers\RelatoriosEmpresa.php(108): App\Controllers\RelatoriosEmpresa->getVendasComFiltros([])
 4 SYSTEMPATH\CodeIgniter.php(941): App\Controllers\RelatoriosEmpresa->vendas()
 5 SYSTEMPATH\CodeIgniter.php(502): CodeIgniter\CodeIgniter->runController(Object(App\Controllers\RelatoriosEmpresa))
 6 SYSTEMPATH\CodeIgniter.php(361): CodeIgniter\CodeIgniter->handleRequest(null, Object(Config\Cache), false)
 7 FCPATH\index.php(79): CodeIgniter\CodeIgniter->run()
CRITICAL - 2025-09-30 03:02:12 --> [Caused by] CodeIgniter\Database\Exceptions\DatabaseException: Unknown column 'clientes.documento' in 'field list'
in SYSTEMPATH\Database\MySQLi\Connection.php on line 311.
 1 SYSTEMPATH\Database\BaseConnection.php(693): CodeIgniter\Database\MySQLi\Connection->execute('SELECT `pos_sales`.*, `clientes`.`nome` as `cliente_nome`, `clientes`.`documento` as `cliente_documento`
FROM `pos_sales`
LEFT JOIN `clientes` ON `clientes`.`id_cliente` = `pos_sales`.`id_cliente`
WHERE `pos_sales`.`id_empresa` = \'3\'
ORDER BY `pos_sales`.`created_at` DESC')
 2 SYSTEMPATH\Database\BaseConnection.php(607): CodeIgniter\Database\BaseConnection->simpleQuery('SELECT `pos_sales`.*, `clientes`.`nome` as `cliente_nome`, `clientes`.`documento` as `cliente_documento`
FROM `pos_sales`
LEFT JOIN `clientes` ON `clientes`.`id_cliente` = `pos_sales`.`id_cliente`
WHERE `pos_sales`.`id_empresa` = \'3\'
ORDER BY `pos_sales`.`created_at` DESC')
 3 SYSTEMPATH\Database\BaseBuilder.php(1616): CodeIgniter\Database\BaseConnection->query('SELECT `pos_sales`.*, `clientes`.`nome` as `cliente_nome`, `clientes`.`documento` as `cliente_documento`
FROM `pos_sales`
LEFT JOIN `clientes` ON `clientes`.`id_cliente` = `pos_sales`.`id_cliente`
WHERE `pos_sales`.`id_empresa` = :pos_sales.id_empresa:
ORDER BY `pos_sales`.`created_at` DESC', [...], false)
 4 APPPATH\Controllers\RelatoriosEmpresa.php(282): CodeIgniter\Database\BaseBuilder->get()
 5 APPPATH\Controllers\RelatoriosEmpresa.php(108): App\Controllers\RelatoriosEmpresa->getVendasComFiltros([])
 6 SYSTEMPATH\CodeIgniter.php(941): App\Controllers\RelatoriosEmpresa->vendas()
 7 SYSTEMPATH\CodeIgniter.php(502): CodeIgniter\CodeIgniter->runController(Object(App\Controllers\RelatoriosEmpresa))
 8 SYSTEMPATH\CodeIgniter.php(361): CodeIgniter\CodeIgniter->handleRequest(null, Object(Config\Cache), false)
 9 FCPATH\index.php(79): CodeIgniter\CodeIgniter->run()
CRITICAL - 2025-09-30 03:02:12 --> [Caused by] mysqli_sql_exception: Unknown column 'clientes.documento' in 'field list'
in SYSTEMPATH\Database\MySQLi\Connection.php on line 306.
 1 SYSTEMPATH\Database\MySQLi\Connection.php(306): mysqli->query('SELECT `pos_sales`.*, `clientes`.`nome` as `cliente_nome`, `clientes`.`documento` as `cliente_documento`
FROM `pos_sales`
LEFT JOIN `clientes` ON `clientes`.`id_cliente` = `pos_sales`.`id_cliente`
WHERE `pos_sales`.`id_empresa` = \'3\'
ORDER BY `pos_sales`.`created_at` DESC', 0)
 2 SYSTEMPATH\Database\BaseConnection.php(693): CodeIgniter\Database\MySQLi\Connection->execute('SELECT `pos_sales`.*, `clientes`.`nome` as `cliente_nome`, `clientes`.`documento` as `cliente_documento`
FROM `pos_sales`
LEFT JOIN `clientes` ON `clientes`.`id_cliente` = `pos_sales`.`id_cliente`
WHERE `pos_sales`.`id_empresa` = \'3\'
ORDER BY `pos_sales`.`created_at` DESC')
 3 SYSTEMPATH\Database\BaseConnection.php(607): CodeIgniter\Database\BaseConnection->simpleQuery('SELECT `pos_sales`.*, `clientes`.`nome` as `cliente_nome`, `clientes`.`documento` as `cliente_documento`
FROM `pos_sales`
LEFT JOIN `clientes` ON `clientes`.`id_cliente` = `pos_sales`.`id_cliente`
WHERE `pos_sales`.`id_empresa` = \'3\'
ORDER BY `pos_sales`.`created_at` DESC')
 4 SYSTEMPATH\Database\BaseBuilder.php(1616): CodeIgniter\Database\BaseConnection->query('SELECT `pos_sales`.*, `clientes`.`nome` as `cliente_nome`, `clientes`.`documento` as `cliente_documento`
FROM `pos_sales`
LEFT JOIN `clientes` ON `clientes`.`id_cliente` = `pos_sales`.`id_cliente`
WHERE `pos_sales`.`id_empresa` = :pos_sales.id_empresa:
ORDER BY `pos_sales`.`created_at` DESC', [...], false)
 5 APPPATH\Controllers\RelatoriosEmpresa.php(282): CodeIgniter\Database\BaseBuilder->get()
 6 APPPATH\Controllers\RelatoriosEmpresa.php(108): App\Controllers\RelatoriosEmpresa->getVendasComFiltros([])
 7 SYSTEMPATH\CodeIgniter.php(941): App\Controllers\RelatoriosEmpresa->vendas()
 8 SYSTEMPATH\CodeIgniter.php(502): CodeIgniter\CodeIgniter->runController(Object(App\Controllers\RelatoriosEmpresa))
 9 SYSTEMPATH\CodeIgniter.php(361): CodeIgniter\CodeIgniter->handleRequest(null, Object(Config\Cache), false)
10 FCPATH\index.php(79): CodeIgniter\CodeIgniter->run()
CRITICAL - 2025-09-30 03:02:12 --> ErrorException: Uncaught TypeError: htmlspecialchars(): Argument #1 ($string) must be of type string, resource given in C:\xampp\htdocs\erp.local\app\Views\errors\html\error_exception.php:182
Stack trace:
#0 C:\xampp\htdocs\erp.local\app\Views\errors\html\error_exception.php(182): htmlspecialchars(Resource id #42, 8, 'UTF-8')
#1 C:\xampp\htdocs\erp.local\system\Debug\BaseExceptionHandler.php(258): include('C:\\xampp\\htdocs...')
#2 C:\xampp\htdocs\erp.local\system\Debug\BaseExceptionHandler.php(261): CodeIgniter\Debug\BaseExceptionHandler->CodeIgniter\Debug\{closure}()
#3 C:\xampp\htdocs\erp.local\system\Debug\ExceptionHandler.php(112): CodeIgniter\Debug\BaseExceptionHandler->render(Object(CodeIgniter\Database\Exceptions\DatabaseException), 500, 'C:\\xampp\\htdocs...')
#4 C:\xampp\htdocs\erp.local\system\Debug\Exceptions.php(156): CodeIgniter\Debug\ExceptionHandler->handle(Object(CodeIgniter\Database\Exceptions\DatabaseException), Object(CodeIgniter\HTTP\IncomingRequest), Object(CodeIgniter\HTTP\Response), 500, 8)
#5 [internal function]: CodeIgniter\Debug\Exceptions->exceptionHandler(Object(CodeIgniter\Database\Exceptions\DatabaseException))
#6 {main}
  thrown
【Previous Exception】
CodeIgniter\Database\Exceptions\DatabaseException
Unknown column 'clientes.documento' in 'field list'
#0 C:\xampp\htdocs\erp.local\system\Database\BaseBuilder.php(1616): CodeIgniter\Database\BaseConnection->query('SELECT `pos_sal...', Array, false)
#1 C:\xampp\htdocs\erp.local\app\Controllers\RelatoriosEmpresa.php(282): CodeIgniter\Database\BaseBuilder->get()
#2 C:\xampp\htdocs\erp.local\app\Controllers\RelatoriosEmpresa.php(108): App\Controllers\RelatoriosEmpresa->getVendasComFiltros(Array)
#3 C:\xampp\htdocs\erp.local\system\CodeIgniter.php(941): App\Controllers\RelatoriosEmpresa->vendas()
#4 C:\xampp\htdocs\erp.local\system\CodeIgniter.php(502): CodeIgniter\CodeIgniter->runController(Object(App\Controllers\RelatoriosEmpresa))
#5 C:\xampp\htdocs\erp.local\system\CodeIgniter.php(361): CodeIgniter\CodeIgniter->handleRequest(NULL, Object(Config\Cache), false)
#6 C:\xampp\htdocs\erp.local\public\index.php(79): CodeIgniter\CodeIgniter->run()
#7 {main}
in APPPATH\Views\errors\html\error_exception.php on line 182.
 1 [internal function]: CodeIgniter\Debug\Exceptions->shutdownHandler()
INFO - 2025-09-30 03:02:15 --> Session: Class initialized using 'CodeIgniter\Session\Handlers\FileHandler' driver.
INFO - 2025-09-30 03:02:16 --> Session: Class initialized using 'CodeIgniter\Session\Handlers\FileHandler' driver.
INFO - 2025-09-30 03:02:18 --> Session: Class initialized using 'CodeIgniter\Session\Handlers\FileHandler' driver.
INFO - 2025-09-30 03:02:19 --> Session: Class initialized using 'CodeIgniter\Session\Handlers\FileHandler' driver.
INFO - 2025-09-30 03:02:21 --> Session: Class initialized using 'CodeIgniter\Session\Handlers\FileHandler' driver.
CRITICAL - 2025-09-30 03:02:21 --> CodeIgniter\View\Exceptions\ViewException: Invalid file: "relatorios_empresa/comparativo.php"
in SYSTEMPATH\Exceptions\FrameworkException.php on line 39.
 1 SYSTEMPATH\View\View.php(216): CodeIgniter\Exceptions\FrameworkException::forInvalidFile('relatorios_empresa/comparativo.php')
 2 SYSTEMPATH\Common.php(1178): CodeIgniter\View\View->render('relatorios_empresa/comparativo', [], true)
 3 APPPATH\Controllers\RelatoriosEmpresa.php(455): view('relatorios_empresa/comparativo', [...])
 4 SYSTEMPATH\CodeIgniter.php(941): App\Controllers\RelatoriosEmpresa->comparativo()
 5 SYSTEMPATH\CodeIgniter.php(502): CodeIgniter\CodeIgniter->runController(Object(App\Controllers\RelatoriosEmpresa))
 6 SYSTEMPATH\CodeIgniter.php(361): CodeIgniter\CodeIgniter->handleRequest(null, Object(Config\Cache), false)
 7 FCPATH\index.php(79): CodeIgniter\CodeIgniter->run()
CRITICAL - 2025-09-30 03:02:21 --> ErrorException: Uncaught TypeError: htmlspecialchars(): Argument #1 ($string) must be of type string, resource given in C:\xampp\htdocs\erp.local\app\Views\errors\html\error_exception.php:182
Stack trace:
#0 C:\xampp\htdocs\erp.local\app\Views\errors\html\error_exception.php(182): htmlspecialchars(Resource id #42, 8, 'UTF-8')
#1 C:\xampp\htdocs\erp.local\system\Debug\BaseExceptionHandler.php(258): include('C:\\xampp\\htdocs...')
#2 C:\xampp\htdocs\erp.local\system\Debug\BaseExceptionHandler.php(261): CodeIgniter\Debug\BaseExceptionHandler->CodeIgniter\Debug\{closure}()
#3 C:\xampp\htdocs\erp.local\system\Debug\ExceptionHandler.php(112): CodeIgniter\Debug\BaseExceptionHandler->render(Object(CodeIgniter\View\Exceptions\ViewException), 500, 'C:\\xampp\\htdocs...')
#4 C:\xampp\htdocs\erp.local\system\Debug\Exceptions.php(156): CodeIgniter\Debug\ExceptionHandler->handle(Object(CodeIgniter\View\Exceptions\ViewException), Object(CodeIgniter\HTTP\IncomingRequest), Object(CodeIgniter\HTTP\Response), 500, 1)
#5 [internal function]: CodeIgniter\Debug\Exceptions->exceptionHandler(Object(CodeIgniter\View\Exceptions\ViewException))
#6 {main}
  thrown
【Previous Exception】
CodeIgniter\View\Exceptions\ViewException
Invalid file: "relatorios_empresa/comparativo.php"
#0 C:\xampp\htdocs\erp.local\system\View\View.php(216): CodeIgniter\Exceptions\FrameworkException::forInvalidFile('relatorios_empr...')
#1 C:\xampp\htdocs\erp.local\system\Common.php(1178): CodeIgniter\View\View->render('relatorios_empr...', Array, true)
#2 C:\xampp\htdocs\erp.local\app\Controllers\RelatoriosEmpresa.php(455): view('relatorios_empr...', Array)
#3 C:\xampp\htdocs\erp.local\system\CodeIgniter.php(941): App\Controllers\RelatoriosEmpresa->comparativo()
#4 C:\xampp\htdocs\erp.local\system\CodeIgniter.php(502): CodeIgniter\CodeIgniter->runController(Object(App\Controllers\RelatoriosEmpresa))
#5 C:\xampp\htdocs\erp.local\system\CodeIgniter.php(361): CodeIgniter\CodeIgniter->handleRequest(NULL, Object(Config\Cache), false)
#6 C:\xampp\htdocs\erp.local\public\index.php(79): CodeIgniter\CodeIgniter->run()
#7 {main}
in APPPATH\Views\errors\html\error_exception.php on line 182.
 1 [internal function]: CodeIgniter\Debug\Exceptions->shutdownHandler()
INFO - 2025-09-30 03:02:22 --> Session: Class initialized using 'CodeIgniter\Session\Handlers\FileHandler' driver.
ERROR - 2025-09-30 03:02:22 --> mysqli_sql_exception: You have an error in your SQL syntax; check the manual that corresponds to your MariaDB server version for the right syntax to use near 'ASC, "%Y-%m") ASC' at line 7 in C:\xampp\htdocs\erp.local\system\Database\MySQLi\Connection.php:306
Stack trace:
#0 C:\xampp\htdocs\erp.local\system\Database\MySQLi\Connection.php(306): mysqli->query('SELECT DATE_FOR...', 0)
#1 C:\xampp\htdocs\erp.local\system\Database\BaseConnection.php(693): CodeIgniter\Database\MySQLi\Connection->execute('SELECT DATE_FOR...')
#2 C:\xampp\htdocs\erp.local\system\Database\BaseConnection.php(607): CodeIgniter\Database\BaseConnection->simpleQuery('SELECT DATE_FOR...')
#3 C:\xampp\htdocs\erp.local\system\Database\BaseBuilder.php(1616): CodeIgniter\Database\BaseConnection->query('SELECT DATE_FOR...', Array, false)
#4 C:\xampp\htdocs\erp.local\app\Controllers\RelatoriosEmpresa.php(563): CodeIgniter\Database\BaseBuilder->get()
#5 C:\xampp\htdocs\erp.local\app\Controllers\RelatoriosEmpresa.php(521): App\Controllers\RelatoriosEmpresa->getEvolucaoTemporal('month')
#6 C:\xampp\htdocs\erp.local\system\CodeIgniter.php(941): App\Controllers\RelatoriosEmpresa->evolucao()
#7 C:\xampp\htdocs\erp.local\system\CodeIgniter.php(502): CodeIgniter\CodeIgniter->runController(Object(App\Controllers\RelatoriosEmpresa))
#8 C:\xampp\htdocs\erp.local\system\CodeIgniter.php(361): CodeIgniter\CodeIgniter->handleRequest(NULL, Object(Config\Cache), false)
#9 C:\xampp\htdocs\erp.local\public\index.php(79): CodeIgniter\CodeIgniter->run()
#10 {main}
CRITICAL - 2025-09-30 03:02:22 --> CodeIgniter\Database\Exceptions\DatabaseException: You have an error in your SQL syntax; check the manual that corresponds to your MariaDB server version for the right syntax to use near 'ASC, "%Y-%m") ASC' at line 7
in SYSTEMPATH\Database\BaseConnection.php on line 647.
 1 SYSTEMPATH\Database\BaseBuilder.php(1616): CodeIgniter\Database\BaseConnection->query('SELECT DATE_FORMAT(created_at, "%Y-%m") as periodo, COUNT(*) as quantidade, SUM(total) as valor
FROM `pos_sales`
WHERE `id_empresa` = :id_empresa:
AND `status` = :status:
AND `created_at` >= :created_at:
GROUP BY DATE_FORMAT(created_at, "%Y-%m")
ORDER BY DATE_FORMAT(created_at ASC, "%Y-%m") ASC', [...], false)
 2 APPPATH\Controllers\RelatoriosEmpresa.php(563): CodeIgniter\Database\BaseBuilder->get()
 3 APPPATH\Controllers\RelatoriosEmpresa.php(521): App\Controllers\RelatoriosEmpresa->getEvolucaoTemporal('month')
 4 SYSTEMPATH\CodeIgniter.php(941): App\Controllers\RelatoriosEmpresa->evolucao()
 5 SYSTEMPATH\CodeIgniter.php(502): CodeIgniter\CodeIgniter->runController(Object(App\Controllers\RelatoriosEmpresa))
 6 SYSTEMPATH\CodeIgniter.php(361): CodeIgniter\CodeIgniter->handleRequest(null, Object(Config\Cache), false)
 7 FCPATH\index.php(79): CodeIgniter\CodeIgniter->run()
CRITICAL - 2025-09-30 03:02:22 --> [Caused by] CodeIgniter\Database\Exceptions\DatabaseException: You have an error in your SQL syntax; check the manual that corresponds to your MariaDB server version for the right syntax to use near 'ASC, "%Y-%m") ASC' at line 7
in SYSTEMPATH\Database\MySQLi\Connection.php on line 311.
 1 SYSTEMPATH\Database\BaseConnection.php(693): CodeIgniter\Database\MySQLi\Connection->execute('SELECT DATE_FORMAT(created_at, "%Y-%m") as periodo, COUNT(*) as quantidade, SUM(total) as valor
FROM `pos_sales`
WHERE `id_empresa` = \'3\'
AND `status` = \'finalized\'
AND `created_at` >= \'2024-09-30\'
GROUP BY DATE_FORMAT(created_at, "%Y-%m")
ORDER BY DATE_FORMAT(created_at ASC, "%Y-%m") ASC')
 2 SYSTEMPATH\Database\BaseConnection.php(607): CodeIgniter\Database\BaseConnection->simpleQuery('SELECT DATE_FORMAT(created_at, "%Y-%m") as periodo, COUNT(*) as quantidade, SUM(total) as valor
FROM `pos_sales`
WHERE `id_empresa` = \'3\'
AND `status` = \'finalized\'
AND `created_at` >= \'2024-09-30\'
GROUP BY DATE_FORMAT(created_at, "%Y-%m")
ORDER BY DATE_FORMAT(created_at ASC, "%Y-%m") ASC')
 3 SYSTEMPATH\Database\BaseBuilder.php(1616): CodeIgniter\Database\BaseConnection->query('SELECT DATE_FORMAT(created_at, "%Y-%m") as periodo, COUNT(*) as quantidade, SUM(total) as valor
FROM `pos_sales`
WHERE `id_empresa` = :id_empresa:
AND `status` = :status:
AND `created_at` >= :created_at:
GROUP BY DATE_FORMAT(created_at, "%Y-%m")
ORDER BY DATE_FORMAT(created_at ASC, "%Y-%m") ASC', [...], false)
 4 APPPATH\Controllers\RelatoriosEmpresa.php(563): CodeIgniter\Database\BaseBuilder->get()
 5 APPPATH\Controllers\RelatoriosEmpresa.php(521): App\Controllers\RelatoriosEmpresa->getEvolucaoTemporal('month')
 6 SYSTEMPATH\CodeIgniter.php(941): App\Controllers\RelatoriosEmpresa->evolucao()
 7 SYSTEMPATH\CodeIgniter.php(502): CodeIgniter\CodeIgniter->runController(Object(App\Controllers\RelatoriosEmpresa))
 8 SYSTEMPATH\CodeIgniter.php(361): CodeIgniter\CodeIgniter->handleRequest(null, Object(Config\Cache), false)
 9 FCPATH\index.php(79): CodeIgniter\CodeIgniter->run()
CRITICAL - 2025-09-30 03:02:22 --> [Caused by] mysqli_sql_exception: You have an error in your SQL syntax; check the manual that corresponds to your MariaDB server version for the right syntax to use near 'ASC, "%Y-%m") ASC' at line 7
in SYSTEMPATH\Database\MySQLi\Connection.php on line 306.
 1 SYSTEMPATH\Database\MySQLi\Connection.php(306): mysqli->query('SELECT DATE_FORMAT(created_at, "%Y-%m") as periodo, COUNT(*) as quantidade, SUM(total) as valor
FROM `pos_sales`
WHERE `id_empresa` = \'3\'
AND `status` = \'finalized\'
AND `created_at` >= \'2024-09-30\'
GROUP BY DATE_FORMAT(created_at, "%Y-%m")
ORDER BY DATE_FORMAT(created_at ASC, "%Y-%m") ASC', 0)
 2 SYSTEMPATH\Database\BaseConnection.php(693): CodeIgniter\Database\MySQLi\Connection->execute('SELECT DATE_FORMAT(created_at, "%Y-%m") as periodo, COUNT(*) as quantidade, SUM(total) as valor
FROM `pos_sales`
WHERE `id_empresa` = \'3\'
AND `status` = \'finalized\'
AND `created_at` >= \'2024-09-30\'
GROUP BY DATE_FORMAT(created_at, "%Y-%m")
ORDER BY DATE_FORMAT(created_at ASC, "%Y-%m") ASC')
 3 SYSTEMPATH\Database\BaseConnection.php(607): CodeIgniter\Database\BaseConnection->simpleQuery('SELECT DATE_FORMAT(created_at, "%Y-%m") as periodo, COUNT(*) as quantidade, SUM(total) as valor
FROM `pos_sales`
WHERE `id_empresa` = \'3\'
AND `status` = \'finalized\'
AND `created_at` >= \'2024-09-30\'
GROUP BY DATE_FORMAT(created_at, "%Y-%m")
ORDER BY DATE_FORMAT(created_at ASC, "%Y-%m") ASC')
 4 SYSTEMPATH\Database\BaseBuilder.php(1616): CodeIgniter\Database\BaseConnection->query('SELECT DATE_FORMAT(created_at, "%Y-%m") as periodo, COUNT(*) as quantidade, SUM(total) as valor
FROM `pos_sales`
WHERE `id_empresa` = :id_empresa:
AND `status` = :status:
AND `created_at` >= :created_at:
GROUP BY DATE_FORMAT(created_at, "%Y-%m")
ORDER BY DATE_FORMAT(created_at ASC, "%Y-%m") ASC', [...], false)
 5 APPPATH\Controllers\RelatoriosEmpresa.php(563): CodeIgniter\Database\BaseBuilder->get()
 6 APPPATH\Controllers\RelatoriosEmpresa.php(521): App\Controllers\RelatoriosEmpresa->getEvolucaoTemporal('month')
 7 SYSTEMPATH\CodeIgniter.php(941): App\Controllers\RelatoriosEmpresa->evolucao()
 8 SYSTEMPATH\CodeIgniter.php(502): CodeIgniter\CodeIgniter->runController(Object(App\Controllers\RelatoriosEmpresa))
 9 SYSTEMPATH\CodeIgniter.php(361): CodeIgniter\CodeIgniter->handleRequest(null, Object(Config\Cache), false)
10 FCPATH\index.php(79): CodeIgniter\CodeIgniter->run()
CRITICAL - 2025-09-30 03:02:22 --> ErrorException: Uncaught TypeError: htmlspecialchars(): Argument #1 ($string) must be of type string, resource given in C:\xampp\htdocs\erp.local\app\Views\errors\html\error_exception.php:182
Stack trace:
#0 C:\xampp\htdocs\erp.local\app\Views\errors\html\error_exception.php(182): htmlspecialchars(Resource id #42, 8, 'UTF-8')
#1 C:\xampp\htdocs\erp.local\system\Debug\BaseExceptionHandler.php(258): include('C:\\xampp\\htdocs...')
#2 C:\xampp\htdocs\erp.local\system\Debug\BaseExceptionHandler.php(261): CodeIgniter\Debug\BaseExceptionHandler->CodeIgniter\Debug\{closure}()
#3 C:\xampp\htdocs\erp.local\system\Debug\ExceptionHandler.php(112): CodeIgniter\Debug\BaseExceptionHandler->render(Object(CodeIgniter\Database\Exceptions\DatabaseException), 500, 'C:\\xampp\\htdocs...')
#4 C:\xampp\htdocs\erp.local\system\Debug\Exceptions.php(156): CodeIgniter\Debug\ExceptionHandler->handle(Object(CodeIgniter\Database\Exceptions\DatabaseException), Object(CodeIgniter\HTTP\IncomingRequest), Object(CodeIgniter\HTTP\Response), 500, 8)
#5 [internal function]: CodeIgniter\Debug\Exceptions->exceptionHandler(Object(CodeIgniter\Database\Exceptions\DatabaseException))
#6 {main}
  thrown
【Previous Exception】
CodeIgniter\Database\Exceptions\DatabaseException
You have an error in your SQL syntax; check the manual that corresponds to your MariaDB server version for the right syntax to use near 'ASC, "%Y-%m") ASC' at line 7
#0 C:\xampp\htdocs\erp.local\system\Database\BaseBuilder.php(1616): CodeIgniter\Database\BaseConnection->query('SELECT DATE_FOR...', Array, false)
#1 C:\xampp\htdocs\erp.local\app\Controllers\RelatoriosEmpresa.php(563): CodeIgniter\Database\BaseBuilder->get()
#2 C:\xampp\htdocs\erp.local\app\Controllers\RelatoriosEmpresa.php(521): App\Controllers\RelatoriosEmpresa->getEvolucaoTemporal('month')
#3 C:\xampp\htdocs\erp.local\system\CodeIgniter.php(941): App\Controllers\RelatoriosEmpresa->evolucao()
#4 C:\xampp\htdocs\erp.local\system\CodeIgniter.php(502): CodeIgniter\CodeIgniter->runController(Object(App\Controllers\RelatoriosEmpresa))
#5 C:\xampp\htdocs\erp.local\system\CodeIgniter.php(361): CodeIgniter\CodeIgniter->handleRequest(NULL, Object(Config\Cache), false)
#6 C:\xampp\htdocs\erp.local\public\index.php(79): CodeIgniter\CodeIgniter->run()
#7 {main}
in APPPATH\Views\errors\html\error_exception.php on line 182.
 1 [internal function]: CodeIgniter\Debug\Exceptions->shutdownHandler()
INFO - 2025-09-30 03:02:23 --> Session: Class initialized using 'CodeIgniter\Session\Handlers\FileHandler' driver.
ERROR - 2025-09-30 03:02:23 --> mysqli_sql_exception: Unknown column 'clientes.documento' in 'field list' in C:\xampp\htdocs\erp.local\system\Database\MySQLi\Connection.php:306
Stack trace:
#0 C:\xampp\htdocs\erp.local\system\Database\MySQLi\Connection.php(306): mysqli->query('SELECT `pos_sal...', 0)
#1 C:\xampp\htdocs\erp.local\system\Database\BaseConnection.php(693): CodeIgniter\Database\MySQLi\Connection->execute('SELECT `pos_sal...')
#2 C:\xampp\htdocs\erp.local\system\Database\BaseConnection.php(607): CodeIgniter\Database\BaseConnection->simpleQuery('SELECT `pos_sal...')
#3 C:\xampp\htdocs\erp.local\system\Database\BaseBuilder.php(1616): CodeIgniter\Database\BaseConnection->query('SELECT `pos_sal...', Array, false)
#4 C:\xampp\htdocs\erp.local\app\Controllers\RelatoriosEmpresa.php(621): CodeIgniter\Database\BaseBuilder->get()
#5 C:\xampp\htdocs\erp.local\app\Controllers\RelatoriosEmpresa.php(591): App\Controllers\RelatoriosEmpresa->getClientesMaisFrequentes(Array)
#6 C:\xampp\htdocs\erp.local\system\CodeIgniter.php(941): App\Controllers\RelatoriosEmpresa->clientes()
#7 C:\xampp\htdocs\erp.local\system\CodeIgniter.php(502): CodeIgniter\CodeIgniter->runController(Object(App\Controllers\RelatoriosEmpresa))
#8 C:\xampp\htdocs\erp.local\system\CodeIgniter.php(361): CodeIgniter\CodeIgniter->handleRequest(NULL, Object(Config\Cache), false)
#9 C:\xampp\htdocs\erp.local\public\index.php(79): CodeIgniter\CodeIgniter->run()
#10 {main}
CRITICAL - 2025-09-30 03:02:23 --> CodeIgniter\Database\Exceptions\DatabaseException: Unknown column 'clientes.documento' in 'field list'
in SYSTEMPATH\Database\BaseConnection.php on line 647.
 1 SYSTEMPATH\Database\BaseBuilder.php(1616): CodeIgniter\Database\BaseConnection->query('SELECT `pos_sales`.`id_cliente`, `clientes`.`nome`, `clientes`.`documento`, `clientes`.`email`, `clientes`.`telefone`, COUNT(*) as total_compras, SUM(pos_sales.total) as total_gasto, AVG(pos_sales.total) as ticket_medio, MAX(pos_sales.created_at) as ultima_compra
FROM `pos_sales`
JOIN `clientes` ON `clientes`.`id_cliente` = `pos_sales`.`id_cliente`
WHERE `pos_sales`.`id_empresa` = :pos_sales.id_empresa:
AND `pos_sales`.`status` = :pos_sales.status:
AND `pos_sales`.`id_cliente` IS NOT NULL
GROUP BY `pos_sales`.`id_cliente`
ORDER BY `total_compras` DESC
 LIMIT 50', [...], false)
 2 APPPATH\Controllers\RelatoriosEmpresa.php(621): CodeIgniter\Database\BaseBuilder->get()
 3 APPPATH\Controllers\RelatoriosEmpresa.php(591): App\Controllers\RelatoriosEmpresa->getClientesMaisFrequentes([])
 4 SYSTEMPATH\CodeIgniter.php(941): App\Controllers\RelatoriosEmpresa->clientes()
 5 SYSTEMPATH\CodeIgniter.php(502): CodeIgniter\CodeIgniter->runController(Object(App\Controllers\RelatoriosEmpresa))
 6 SYSTEMPATH\CodeIgniter.php(361): CodeIgniter\CodeIgniter->handleRequest(null, Object(Config\Cache), false)
 7 FCPATH\index.php(79): CodeIgniter\CodeIgniter->run()
CRITICAL - 2025-09-30 03:02:23 --> [Caused by] CodeIgniter\Database\Exceptions\DatabaseException: Unknown column 'clientes.documento' in 'field list'
in SYSTEMPATH\Database\MySQLi\Connection.php on line 311.
 1 SYSTEMPATH\Database\BaseConnection.php(693): CodeIgniter\Database\MySQLi\Connection->execute('SELECT `pos_sales`.`id_cliente`, `clientes`.`nome`, `clientes`.`documento`, `clientes`.`email`, `clientes`.`telefone`, COUNT(*) as total_compras, SUM(pos_sales.total) as total_gasto, AVG(pos_sales.total) as ticket_medio, MAX(pos_sales.created_at) as ultima_compra
FROM `pos_sales`
JOIN `clientes` ON `clientes`.`id_cliente` = `pos_sales`.`id_cliente`
WHERE `pos_sales`.`id_empresa` = \'3\'
AND `pos_sales`.`status` = \'finalized\'
AND `pos_sales`.`id_cliente` IS NOT NULL
GROUP BY `pos_sales`.`id_cliente`
ORDER BY `total_compras` DESC
 LIMIT 50')
 2 SYSTEMPATH\Database\BaseConnection.php(607): CodeIgniter\Database\BaseConnection->simpleQuery('SELECT `pos_sales`.`id_cliente`, `clientes`.`nome`, `clientes`.`documento`, `clientes`.`email`, `clientes`.`telefone`, COUNT(*) as total_compras, SUM(pos_sales.total) as total_gasto, AVG(pos_sales.total) as ticket_medio, MAX(pos_sales.created_at) as ultima_compra
FROM `pos_sales`
JOIN `clientes` ON `clientes`.`id_cliente` = `pos_sales`.`id_cliente`
WHERE `pos_sales`.`id_empresa` = \'3\'
AND `pos_sales`.`status` = \'finalized\'
AND `pos_sales`.`id_cliente` IS NOT NULL
GROUP BY `pos_sales`.`id_cliente`
ORDER BY `total_compras` DESC
 LIMIT 50')
 3 SYSTEMPATH\Database\BaseBuilder.php(1616): CodeIgniter\Database\BaseConnection->query('SELECT `pos_sales`.`id_cliente`, `clientes`.`nome`, `clientes`.`documento`, `clientes`.`email`, `clientes`.`telefone`, COUNT(*) as total_compras, SUM(pos_sales.total) as total_gasto, AVG(pos_sales.total) as ticket_medio, MAX(pos_sales.created_at) as ultima_compra
FROM `pos_sales`
JOIN `clientes` ON `clientes`.`id_cliente` = `pos_sales`.`id_cliente`
WHERE `pos_sales`.`id_empresa` = :pos_sales.id_empresa:
AND `pos_sales`.`status` = :pos_sales.status:
AND `pos_sales`.`id_cliente` IS NOT NULL
GROUP BY `pos_sales`.`id_cliente`
ORDER BY `total_compras` DESC
 LIMIT 50', [...], false)
 4 APPPATH\Controllers\RelatoriosEmpresa.php(621): CodeIgniter\Database\BaseBuilder->get()
 5 APPPATH\Controllers\RelatoriosEmpresa.php(591): App\Controllers\RelatoriosEmpresa->getClientesMaisFrequentes([])
 6 SYSTEMPATH\CodeIgniter.php(941): App\Controllers\RelatoriosEmpresa->clientes()
 7 SYSTEMPATH\CodeIgniter.php(502): CodeIgniter\CodeIgniter->runController(Object(App\Controllers\RelatoriosEmpresa))
 8 SYSTEMPATH\CodeIgniter.php(361): CodeIgniter\CodeIgniter->handleRequest(null, Object(Config\Cache), false)
 9 FCPATH\index.php(79): CodeIgniter\CodeIgniter->run()
CRITICAL - 2025-09-30 03:02:23 --> [Caused by] mysqli_sql_exception: Unknown column 'clientes.documento' in 'field list'
in SYSTEMPATH\Database\MySQLi\Connection.php on line 306.
 1 SYSTEMPATH\Database\MySQLi\Connection.php(306): mysqli->query('SELECT `pos_sales`.`id_cliente`, `clientes`.`nome`, `clientes`.`documento`, `clientes`.`email`, `clientes`.`telefone`, COUNT(*) as total_compras, SUM(pos_sales.total) as total_gasto, AVG(pos_sales.total) as ticket_medio, MAX(pos_sales.created_at) as ultima_compra
FROM `pos_sales`
JOIN `clientes` ON `clientes`.`id_cliente` = `pos_sales`.`id_cliente`
WHERE `pos_sales`.`id_empresa` = \'3\'
AND `pos_sales`.`status` = \'finalized\'
AND `pos_sales`.`id_cliente` IS NOT NULL
GROUP BY `pos_sales`.`id_cliente`
ORDER BY `total_compras` DESC
 LIMIT 50', 0)
 2 SYSTEMPATH\Database\BaseConnection.php(693): CodeIgniter\Database\MySQLi\Connection->execute('SELECT `pos_sales`.`id_cliente`, `clientes`.`nome`, `clientes`.`documento`, `clientes`.`email`, `clientes`.`telefone`, COUNT(*) as total_compras, SUM(pos_sales.total) as total_gasto, AVG(pos_sales.total) as ticket_medio, MAX(pos_sales.created_at) as ultima_compra
FROM `pos_sales`
JOIN `clientes` ON `clientes`.`id_cliente` = `pos_sales`.`id_cliente`
WHERE `pos_sales`.`id_empresa` = \'3\'
AND `pos_sales`.`status` = \'finalized\'
AND `pos_sales`.`id_cliente` IS NOT NULL
GROUP BY `pos_sales`.`id_cliente`
ORDER BY `total_compras` DESC
 LIMIT 50')
 3 SYSTEMPATH\Database\BaseConnection.php(607): CodeIgniter\Database\BaseConnection->simpleQuery('SELECT `pos_sales`.`id_cliente`, `clientes`.`nome`, `clientes`.`documento`, `clientes`.`email`, `clientes`.`telefone`, COUNT(*) as total_compras, SUM(pos_sales.total) as total_gasto, AVG(pos_sales.total) as ticket_medio, MAX(pos_sales.created_at) as ultima_compra
FROM `pos_sales`
JOIN `clientes` ON `clientes`.`id_cliente` = `pos_sales`.`id_cliente`
WHERE `pos_sales`.`id_empresa` = \'3\'
AND `pos_sales`.`status` = \'finalized\'
AND `pos_sales`.`id_cliente` IS NOT NULL
GROUP BY `pos_sales`.`id_cliente`
ORDER BY `total_compras` DESC
 LIMIT 50')
 4 SYSTEMPATH\Database\BaseBuilder.php(1616): CodeIgniter\Database\BaseConnection->query('SELECT `pos_sales`.`id_cliente`, `clientes`.`nome`, `clientes`.`documento`, `clientes`.`email`, `clientes`.`telefone`, COUNT(*) as total_compras, SUM(pos_sales.total) as total_gasto, AVG(pos_sales.total) as ticket_medio, MAX(pos_sales.created_at) as ultima_compra
FROM `pos_sales`
JOIN `clientes` ON `clientes`.`id_cliente` = `pos_sales`.`id_cliente`
WHERE `pos_sales`.`id_empresa` = :pos_sales.id_empresa:
AND `pos_sales`.`status` = :pos_sales.status:
AND `pos_sales`.`id_cliente` IS NOT NULL
GROUP BY `pos_sales`.`id_cliente`
ORDER BY `total_compras` DESC
 LIMIT 50', [...], false)
 5 APPPATH\Controllers\RelatoriosEmpresa.php(621): CodeIgniter\Database\BaseBuilder->get()
 6 APPPATH\Controllers\RelatoriosEmpresa.php(591): App\Controllers\RelatoriosEmpresa->getClientesMaisFrequentes([])
 7 SYSTEMPATH\CodeIgniter.php(941): App\Controllers\RelatoriosEmpresa->clientes()
 8 SYSTEMPATH\CodeIgniter.php(502): CodeIgniter\CodeIgniter->runController(Object(App\Controllers\RelatoriosEmpresa))
 9 SYSTEMPATH\CodeIgniter.php(361): CodeIgniter\CodeIgniter->handleRequest(null, Object(Config\Cache), false)
10 FCPATH\index.php(79): CodeIgniter\CodeIgniter->run()
CRITICAL - 2025-09-30 03:02:23 --> ErrorException: Uncaught TypeError: htmlspecialchars(): Argument #1 ($string) must be of type string, resource given in C:\xampp\htdocs\erp.local\app\Views\errors\html\error_exception.php:182
Stack trace:
#0 C:\xampp\htdocs\erp.local\app\Views\errors\html\error_exception.php(182): htmlspecialchars(Resource id #42, 8, 'UTF-8')
#1 C:\xampp\htdocs\erp.local\system\Debug\BaseExceptionHandler.php(258): include('C:\\xampp\\htdocs...')
#2 C:\xampp\htdocs\erp.local\system\Debug\BaseExceptionHandler.php(261): CodeIgniter\Debug\BaseExceptionHandler->CodeIgniter\Debug\{closure}()
#3 C:\xampp\htdocs\erp.local\system\Debug\ExceptionHandler.php(112): CodeIgniter\Debug\BaseExceptionHandler->render(Object(CodeIgniter\Database\Exceptions\DatabaseException), 500, 'C:\\xampp\\htdocs...')
#4 C:\xampp\htdocs\erp.local\system\Debug\Exceptions.php(156): CodeIgniter\Debug\ExceptionHandler->handle(Object(CodeIgniter\Database\Exceptions\DatabaseException), Object(CodeIgniter\HTTP\IncomingRequest), Object(CodeIgniter\HTTP\Response), 500, 8)
#5 [internal function]: CodeIgniter\Debug\Exceptions->exceptionHandler(Object(CodeIgniter\Database\Exceptions\DatabaseException))
#6 {main}
  thrown
【Previous Exception】
CodeIgniter\Database\Exceptions\DatabaseException
Unknown column 'clientes.documento' in 'field list'
#0 C:\xampp\htdocs\erp.local\system\Database\BaseBuilder.php(1616): CodeIgniter\Database\BaseConnection->query('SELECT `pos_sal...', Array, false)
#1 C:\xampp\htdocs\erp.local\app\Controllers\RelatoriosEmpresa.php(621): CodeIgniter\Database\BaseBuilder->get()
#2 C:\xampp\htdocs\erp.local\app\Controllers\RelatoriosEmpresa.php(591): App\Controllers\RelatoriosEmpresa->getClientesMaisFrequentes(Array)
#3 C:\xampp\htdocs\erp.local\system\CodeIgniter.php(941): App\Controllers\RelatoriosEmpresa->clientes()
#4 C:\xampp\htdocs\erp.local\system\CodeIgniter.php(502): CodeIgniter\CodeIgniter->runController(Object(App\Controllers\RelatoriosEmpresa))
#5 C:\xampp\htdocs\erp.local\system\CodeIgniter.php(361): CodeIgniter\CodeIgniter->handleRequest(NULL, Object(Config\Cache), false)
#6 C:\xampp\htdocs\erp.local\public\index.php(79): CodeIgniter\CodeIgniter->run()
#7 {main}
in APPPATH\Views\errors\html\error_exception.php on line 182.
 1 [internal function]: CodeIgniter\Debug\Exceptions->shutdownHandler()
INFO - 2025-09-30 03:02:25 --> Session: Class initialized using 'CodeIgniter\Session\Handlers\FileHandler' driver.
ERROR - 2025-09-30 03:02:25 --> mysqli_sql_exception: Unknown column 'produtos.codigo_barras' in 'field list' in C:\xampp\htdocs\erp.local\system\Database\MySQLi\Connection.php:306
Stack trace:
#0 C:\xampp\htdocs\erp.local\system\Database\MySQLi\Connection.php(306): mysqli->query('SELECT `stock_a...', 0)
#1 C:\xampp\htdocs\erp.local\system\Database\BaseConnection.php(693): CodeIgniter\Database\MySQLi\Connection->execute('SELECT `stock_a...')
#2 C:\xampp\htdocs\erp.local\system\Database\BaseConnection.php(607): CodeIgniter\Database\BaseConnection->simpleQuery('SELECT `stock_a...')
#3 C:\xampp\htdocs\erp.local\system\Database\BaseBuilder.php(1616): CodeIgniter\Database\BaseConnection->query('SELECT `stock_a...', Array, false)
#4 C:\xampp\htdocs\erp.local\app\Models\BaseAppModel.php(129): CodeIgniter\Database\BaseBuilder->get()
#5 C:\xampp\htdocs\erp.local\app\Controllers\RelatoriosEmpresa.php(654): App\Models\BaseAppModel->findAll()
#6 C:\xampp\htdocs\erp.local\system\CodeIgniter.php(941): App\Controllers\RelatoriosEmpresa->alertasEstoque()
#7 C:\xampp\htdocs\erp.local\system\CodeIgniter.php(502): CodeIgniter\CodeIgniter->runController(Object(App\Controllers\RelatoriosEmpresa))
#8 C:\xampp\htdocs\erp.local\system\CodeIgniter.php(361): CodeIgniter\CodeIgniter->handleRequest(NULL, Object(Config\Cache), false)
#9 C:\xampp\htdocs\erp.local\public\index.php(79): CodeIgniter\CodeIgniter->run()
#10 {main}
CRITICAL - 2025-09-30 03:02:25 --> CodeIgniter\Database\Exceptions\DatabaseException: Unknown column 'produtos.codigo_barras' in 'field list'
in SYSTEMPATH\Database\BaseConnection.php on line 647.
 1 SYSTEMPATH\Database\BaseBuilder.php(1616): CodeIgniter\Database\BaseConnection->query('SELECT `stock_alerts`.*, `produtos`.`nome` as `produto_nome`, `produtos`.`codigo_barras`
FROM `stock_alerts`
JOIN `produtos` ON `produtos`.`id_produto` = `stock_alerts`.`id_produto`
WHERE `stock_alerts`.`id_empresa` = :stock_alerts.id_empresa:
AND `stock_alerts`.`status` = :stock_alerts.status:
AND `stock_alerts`.`id_empresa` = :stock_alerts.id_empresa.1:
ORDER BY `stock_alerts`.`alert_type` ASC, `stock_alerts`.`current_stock` ASC', [...], false)
 2 APPPATH\Models\BaseAppModel.php(129): CodeIgniter\Database\BaseBuilder->get()
 3 APPPATH\Controllers\RelatoriosEmpresa.php(654): App\Models\BaseAppModel->findAll()
 4 SYSTEMPATH\CodeIgniter.php(941): App\Controllers\RelatoriosEmpresa->alertasEstoque()
 5 SYSTEMPATH\CodeIgniter.php(502): CodeIgniter\CodeIgniter->runController(Object(App\Controllers\RelatoriosEmpresa))
 6 SYSTEMPATH\CodeIgniter.php(361): CodeIgniter\CodeIgniter->handleRequest(null, Object(Config\Cache), false)
 7 FCPATH\index.php(79): CodeIgniter\CodeIgniter->run()
CRITICAL - 2025-09-30 03:02:25 --> [Caused by] CodeIgniter\Database\Exceptions\DatabaseException: Unknown column 'produtos.codigo_barras' in 'field list'
in SYSTEMPATH\Database\MySQLi\Connection.php on line 311.
 1 SYSTEMPATH\Database\BaseConnection.php(693): CodeIgniter\Database\MySQLi\Connection->execute('SELECT `stock_alerts`.*, `produtos`.`nome` as `produto_nome`, `produtos`.`codigo_barras`
FROM `stock_alerts`
JOIN `produtos` ON `produtos`.`id_produto` = `stock_alerts`.`id_produto`
WHERE `stock_alerts`.`id_empresa` = \'3\'
AND `stock_alerts`.`status` = \'active\'
AND `stock_alerts`.`id_empresa` = 3
ORDER BY `stock_alerts`.`alert_type` ASC, `stock_alerts`.`current_stock` ASC')
 2 SYSTEMPATH\Database\BaseConnection.php(607): CodeIgniter\Database\BaseConnection->simpleQuery('SELECT `stock_alerts`.*, `produtos`.`nome` as `produto_nome`, `produtos`.`codigo_barras`
FROM `stock_alerts`
JOIN `produtos` ON `produtos`.`id_produto` = `stock_alerts`.`id_produto`
WHERE `stock_alerts`.`id_empresa` = \'3\'
AND `stock_alerts`.`status` = \'active\'
AND `stock_alerts`.`id_empresa` = 3
ORDER BY `stock_alerts`.`alert_type` ASC, `stock_alerts`.`current_stock` ASC')
 3 SYSTEMPATH\Database\BaseBuilder.php(1616): CodeIgniter\Database\BaseConnection->query('SELECT `stock_alerts`.*, `produtos`.`nome` as `produto_nome`, `produtos`.`codigo_barras`
FROM `stock_alerts`
JOIN `produtos` ON `produtos`.`id_produto` = `stock_alerts`.`id_produto`
WHERE `stock_alerts`.`id_empresa` = :stock_alerts.id_empresa:
AND `stock_alerts`.`status` = :stock_alerts.status:
AND `stock_alerts`.`id_empresa` = :stock_alerts.id_empresa.1:
ORDER BY `stock_alerts`.`alert_type` ASC, `stock_alerts`.`current_stock` ASC', [...], false)
 4 APPPATH\Models\BaseAppModel.php(129): CodeIgniter\Database\BaseBuilder->get()
 5 APPPATH\Controllers\RelatoriosEmpresa.php(654): App\Models\BaseAppModel->findAll()
 6 SYSTEMPATH\CodeIgniter.php(941): App\Controllers\RelatoriosEmpresa->alertasEstoque()
 7 SYSTEMPATH\CodeIgniter.php(502): CodeIgniter\CodeIgniter->runController(Object(App\Controllers\RelatoriosEmpresa))
 8 SYSTEMPATH\CodeIgniter.php(361): CodeIgniter\CodeIgniter->handleRequest(null, Object(Config\Cache), false)
 9 FCPATH\index.php(79): CodeIgniter\CodeIgniter->run()
CRITICAL - 2025-09-30 03:02:25 --> [Caused by] mysqli_sql_exception: Unknown column 'produtos.codigo_barras' in 'field list'
in SYSTEMPATH\Database\MySQLi\Connection.php on line 306.
 1 SYSTEMPATH\Database\MySQLi\Connection.php(306): mysqli->query('SELECT `stock_alerts`.*, `produtos`.`nome` as `produto_nome`, `produtos`.`codigo_barras`
FROM `stock_alerts`
JOIN `produtos` ON `produtos`.`id_produto` = `stock_alerts`.`id_produto`
WHERE `stock_alerts`.`id_empresa` = \'3\'
AND `stock_alerts`.`status` = \'active\'
AND `stock_alerts`.`id_empresa` = 3
ORDER BY `stock_alerts`.`alert_type` ASC, `stock_alerts`.`current_stock` ASC', 0)
 2 SYSTEMPATH\Database\BaseConnection.php(693): CodeIgniter\Database\MySQLi\Connection->execute('SELECT `stock_alerts`.*, `produtos`.`nome` as `produto_nome`, `produtos`.`codigo_barras`
FROM `stock_alerts`
JOIN `produtos` ON `produtos`.`id_produto` = `stock_alerts`.`id_produto`
WHERE `stock_alerts`.`id_empresa` = \'3\'
AND `stock_alerts`.`status` = \'active\'
AND `stock_alerts`.`id_empresa` = 3
ORDER BY `stock_alerts`.`alert_type` ASC, `stock_alerts`.`current_stock` ASC')
 3 SYSTEMPATH\Database\BaseConnection.php(607): CodeIgniter\Database\BaseConnection->simpleQuery('SELECT `stock_alerts`.*, `produtos`.`nome` as `produto_nome`, `produtos`.`codigo_barras`
FROM `stock_alerts`
JOIN `produtos` ON `produtos`.`id_produto` = `stock_alerts`.`id_produto`
WHERE `stock_alerts`.`id_empresa` = \'3\'
AND `stock_alerts`.`status` = \'active\'
AND `stock_alerts`.`id_empresa` = 3
ORDER BY `stock_alerts`.`alert_type` ASC, `stock_alerts`.`current_stock` ASC')
 4 SYSTEMPATH\Database\BaseBuilder.php(1616): CodeIgniter\Database\BaseConnection->query('SELECT `stock_alerts`.*, `produtos`.`nome` as `produto_nome`, `produtos`.`codigo_barras`
FROM `stock_alerts`
JOIN `produtos` ON `produtos`.`id_produto` = `stock_alerts`.`id_produto`
WHERE `stock_alerts`.`id_empresa` = :stock_alerts.id_empresa:
AND `stock_alerts`.`status` = :stock_alerts.status:
AND `stock_alerts`.`id_empresa` = :stock_alerts.id_empresa.1:
ORDER BY `stock_alerts`.`alert_type` ASC, `stock_alerts`.`current_stock` ASC', [...], false)
 5 APPPATH\Models\BaseAppModel.php(129): CodeIgniter\Database\BaseBuilder->get()
 6 APPPATH\Controllers\RelatoriosEmpresa.php(654): App\Models\BaseAppModel->findAll()
 7 SYSTEMPATH\CodeIgniter.php(941): App\Controllers\RelatoriosEmpresa->alertasEstoque()
 8 SYSTEMPATH\CodeIgniter.php(502): CodeIgniter\CodeIgniter->runController(Object(App\Controllers\RelatoriosEmpresa))
 9 SYSTEMPATH\CodeIgniter.php(361): CodeIgniter\CodeIgniter->handleRequest(null, Object(Config\Cache), false)
10 FCPATH\index.php(79): CodeIgniter\CodeIgniter->run()
CRITICAL - 2025-09-30 03:02:25 --> ErrorException: Uncaught TypeError: htmlspecialchars(): Argument #1 ($string) must be of type string, resource given in C:\xampp\htdocs\erp.local\app\Views\errors\html\error_exception.php:182
Stack trace:
#0 C:\xampp\htdocs\erp.local\app\Views\errors\html\error_exception.php(182): htmlspecialchars(Resource id #42, 8, 'UTF-8')
#1 C:\xampp\htdocs\erp.local\system\Debug\BaseExceptionHandler.php(258): include('C:\\xampp\\htdocs...')
#2 C:\xampp\htdocs\erp.local\system\Debug\BaseExceptionHandler.php(261): CodeIgniter\Debug\BaseExceptionHandler->CodeIgniter\Debug\{closure}()
#3 C:\xampp\htdocs\erp.local\system\Debug\ExceptionHandler.php(112): CodeIgniter\Debug\BaseExceptionHandler->render(Object(CodeIgniter\Database\Exceptions\DatabaseException), 500, 'C:\\xampp\\htdocs...')
#4 C:\xampp\htdocs\erp.local\system\Debug\Exceptions.php(156): CodeIgniter\Debug\ExceptionHandler->handle(Object(CodeIgniter\Database\Exceptions\DatabaseException), Object(CodeIgniter\HTTP\IncomingRequest), Object(CodeIgniter\HTTP\Response), 500, 8)
#5 [internal function]: CodeIgniter\Debug\Exceptions->exceptionHandler(Object(CodeIgniter\Database\Exceptions\DatabaseException))
#6 {main}
  thrown
【Previous Exception】
CodeIgniter\Database\Exceptions\DatabaseException
Unknown column 'produtos.codigo_barras' in 'field list'
#0 C:\xampp\htdocs\erp.local\system\Database\BaseBuilder.php(1616): CodeIgniter\Database\BaseConnection->query('SELECT `stock_a...', Array, false)
#1 C:\xampp\htdocs\erp.local\app\Models\BaseAppModel.php(129): CodeIgniter\Database\BaseBuilder->get()
#2 C:\xampp\htdocs\erp.local\app\Controllers\RelatoriosEmpresa.php(654): App\Models\BaseAppModel->findAll()
#3 C:\xampp\htdocs\erp.local\system\CodeIgniter.php(941): App\Controllers\RelatoriosEmpresa->alertasEstoque()
#4 C:\xampp\htdocs\erp.local\system\CodeIgniter.php(502): CodeIgniter\CodeIgniter->runController(Object(App\Controllers\RelatoriosEmpresa))
#5 C:\xampp\htdocs\erp.local\system\CodeIgniter.php(361): CodeIgniter\CodeIgniter->handleRequest(NULL, Object(Config\Cache), false)
#6 C:\xampp\htdocs\erp.local\public\index.php(79): CodeIgniter\CodeIgniter->run()
#7 {main}
in APPPATH\Views\errors\html\error_exception.php on line 182.
 1 [internal function]: CodeIgniter\Debug\Exceptions->shutdownHandler()
INFO - 2025-09-30 03:02:26 --> Session: Class initialized using 'CodeIgniter\Session\Handlers\FileHandler' driver.
CRITICAL - 2025-09-30 03:02:26 --> CodeIgniter\View\Exceptions\ViewException: Invalid file: "relatorios_empresa/agendamentos.php"
in SYSTEMPATH\Exceptions\FrameworkException.php on line 39.
 1 SYSTEMPATH\View\View.php(216): CodeIgniter\Exceptions\FrameworkException::forInvalidFile('relatorios_empresa/agendamentos.php')
 2 SYSTEMPATH\Common.php(1178): CodeIgniter\View\View->render('relatorios_empresa/agendamentos', [], true)
 3 APPPATH\Controllers\RelatoriosEmpresa.php(725): view('relatorios_empresa/agendamentos', [...])
 4 SYSTEMPATH\CodeIgniter.php(941): App\Controllers\RelatoriosEmpresa->agendamentos()
 5 SYSTEMPATH\CodeIgniter.php(502): CodeIgniter\CodeIgniter->runController(Object(App\Controllers\RelatoriosEmpresa))
 6 SYSTEMPATH\CodeIgniter.php(361): CodeIgniter\CodeIgniter->handleRequest(null, Object(Config\Cache), false)
 7 FCPATH\index.php(79): CodeIgniter\CodeIgniter->run()
CRITICAL - 2025-09-30 03:02:26 --> ErrorException: Uncaught TypeError: htmlspecialchars(): Argument #1 ($string) must be of type string, resource given in C:\xampp\htdocs\erp.local\app\Views\errors\html\error_exception.php:182
Stack trace:
#0 C:\xampp\htdocs\erp.local\app\Views\errors\html\error_exception.php(182): htmlspecialchars(Resource id #42, 8, 'UTF-8')
#1 C:\xampp\htdocs\erp.local\system\Debug\BaseExceptionHandler.php(258): include('C:\\xampp\\htdocs...')
#2 C:\xampp\htdocs\erp.local\system\Debug\BaseExceptionHandler.php(261): CodeIgniter\Debug\BaseExceptionHandler->CodeIgniter\Debug\{closure}()
#3 C:\xampp\htdocs\erp.local\system\Debug\ExceptionHandler.php(112): CodeIgniter\Debug\BaseExceptionHandler->render(Object(CodeIgniter\View\Exceptions\ViewException), 500, 'C:\\xampp\\htdocs...')
#4 C:\xampp\htdocs\erp.local\system\Debug\Exceptions.php(156): CodeIgniter\Debug\ExceptionHandler->handle(Object(CodeIgniter\View\Exceptions\ViewException), Object(CodeIgniter\HTTP\IncomingRequest), Object(CodeIgniter\HTTP\Response), 500, 1)
#5 [internal function]: CodeIgniter\Debug\Exceptions->exceptionHandler(Object(CodeIgniter\View\Exceptions\ViewException))
#6 {main}
  thrown
【Previous Exception】
CodeIgniter\View\Exceptions\ViewException
Invalid file: "relatorios_empresa/agendamentos.php"
#0 C:\xampp\htdocs\erp.local\system\View\View.php(216): CodeIgniter\Exceptions\FrameworkException::forInvalidFile('relatorios_empr...')
#1 C:\xampp\htdocs\erp.local\system\Common.php(1178): CodeIgniter\View\View->render('relatorios_empr...', Array, true)
#2 C:\xampp\htdocs\erp.local\app\Controllers\RelatoriosEmpresa.php(725): view('relatorios_empr...', Array)
#3 C:\xampp\htdocs\erp.local\system\CodeIgniter.php(941): App\Controllers\RelatoriosEmpresa->agendamentos()
#4 C:\xampp\htdocs\erp.local\system\CodeIgniter.php(502): CodeIgniter\CodeIgniter->runController(Object(App\Controllers\RelatoriosEmpresa))
#5 C:\xampp\htdocs\erp.local\system\CodeIgniter.php(361): CodeIgniter\CodeIgniter->handleRequest(NULL, Object(Config\Cache), false)
#6 C:\xampp\htdocs\erp.local\public\index.php(79): CodeIgniter\CodeIgniter->run()
#7 {main}
in APPPATH\Views\errors\html\error_exception.php on line 182.
 1 [internal function]: CodeIgniter\Debug\Exceptions->shutdownHandler()
INFO - 2025-09-30 03:02:27 --> Session: Class initialized using 'CodeIgniter\Session\Handlers\FileHandler' driver.
CRITICAL - 2025-09-30 03:02:27 --> CodeIgniter\View\Exceptions\ViewException: Invalid file: "relatorios_empresa/customizar.php"
in SYSTEMPATH\Exceptions\FrameworkException.php on line 39.
 1 SYSTEMPATH\View\View.php(216): CodeIgniter\Exceptions\FrameworkException::forInvalidFile('relatorios_empresa/customizar.php')
 2 SYSTEMPATH\Common.php(1178): CodeIgniter\View\View->render('relatorios_empresa/customizar', [], true)
 3 APPPATH\Controllers\RelatoriosEmpresa.php(838): view('relatorios_empresa/customizar', [...])
 4 SYSTEMPATH\CodeIgniter.php(941): App\Controllers\RelatoriosEmpresa->customizarDashboard()
 5 SYSTEMPATH\CodeIgniter.php(502): CodeIgniter\CodeIgniter->runController(Object(App\Controllers\RelatoriosEmpresa))
 6 SYSTEMPATH\CodeIgniter.php(361): CodeIgniter\CodeIgniter->handleRequest(null, Object(Config\Cache), false)
 7 FCPATH\index.php(79): CodeIgniter\CodeIgniter->run()
CRITICAL - 2025-09-30 03:02:27 --> ErrorException: Uncaught TypeError: htmlspecialchars(): Argument #1 ($string) must be of type string, resource given in C:\xampp\htdocs\erp.local\app\Views\errors\html\error_exception.php:182
Stack trace:
#0 C:\xampp\htdocs\erp.local\app\Views\errors\html\error_exception.php(182): htmlspecialchars(Resource id #42, 8, 'UTF-8')
#1 C:\xampp\htdocs\erp.local\system\Debug\BaseExceptionHandler.php(258): include('C:\\xampp\\htdocs...')
#2 C:\xampp\htdocs\erp.local\system\Debug\BaseExceptionHandler.php(261): CodeIgniter\Debug\BaseExceptionHandler->CodeIgniter\Debug\{closure}()
#3 C:\xampp\htdocs\erp.local\system\Debug\ExceptionHandler.php(112): CodeIgniter\Debug\BaseExceptionHandler->render(Object(CodeIgniter\View\Exceptions\ViewException), 500, 'C:\\xampp\\htdocs...')
#4 C:\xampp\htdocs\erp.local\system\Debug\Exceptions.php(156): CodeIgniter\Debug\ExceptionHandler->handle(Object(CodeIgniter\View\Exceptions\ViewException), Object(CodeIgniter\HTTP\IncomingRequest), Object(CodeIgniter\HTTP\Response), 500, 1)
#5 [internal function]: CodeIgniter\Debug\Exceptions->exceptionHandler(Object(CodeIgniter\View\Exceptions\ViewException))
#6 {main}
  thrown
【Previous Exception】
CodeIgniter\View\Exceptions\ViewException
Invalid file: "relatorios_empresa/customizar.php"
#0 C:\xampp\htdocs\erp.local\system\View\View.php(216): CodeIgniter\Exceptions\FrameworkException::forInvalidFile('relatorios_empr...')
#1 C:\xampp\htdocs\erp.local\system\Common.php(1178): CodeIgniter\View\View->render('relatorios_empr...', Array, true)
#2 C:\xampp\htdocs\erp.local\app\Controllers\RelatoriosEmpresa.php(838): view('relatorios_empr...', Array)
#3 C:\xampp\htdocs\erp.local\system\CodeIgniter.php(941): App\Controllers\RelatoriosEmpresa->customizarDashboard()
#4 C:\xampp\htdocs\erp.local\system\CodeIgniter.php(502): CodeIgniter\CodeIgniter->runController(Object(App\Controllers\RelatoriosEmpresa))
#5 C:\xampp\htdocs\erp.local\system\CodeIgniter.php(361): CodeIgniter\CodeIgniter->handleRequest(NULL, Object(Config\Cache), false)
#6 C:\xampp\htdocs\erp.local\public\index.php(79): CodeIgniter\CodeIgniter->run()
#7 {main}
in APPPATH\Views\errors\html\error_exception.php on line 182.
 1 [internal function]: CodeIgniter\Debug\Exceptions->shutdownHandler()
INFO - 2025-09-30 03:02:42 --> Session: Class initialized using 'CodeIgniter\Session\Handlers\FileHandler' driver.
INFO - 2025-09-30 03:02:43 --> Session: Class initialized using 'CodeIgniter\Session\Handlers\FileHandler' driver.
ERROR - 2025-09-30 03:02:43 --> mysqli_sql_exception: Unknown column 'clientes.documento' in 'field list' in C:\xampp\htdocs\erp.local\system\Database\MySQLi\Connection.php:306
Stack trace:
#0 C:\xampp\htdocs\erp.local\system\Database\MySQLi\Connection.php(306): mysqli->query('SELECT `pos_sal...', 0)
#1 C:\xampp\htdocs\erp.local\system\Database\BaseConnection.php(693): CodeIgniter\Database\MySQLi\Connection->execute('SELECT `pos_sal...')
#2 C:\xampp\htdocs\erp.local\system\Database\BaseConnection.php(607): CodeIgniter\Database\BaseConnection->simpleQuery('SELECT `pos_sal...')
#3 C:\xampp\htdocs\erp.local\system\Database\BaseBuilder.php(1616): CodeIgniter\Database\BaseConnection->query('SELECT `pos_sal...', Array, false)
#4 C:\xampp\htdocs\erp.local\app\Controllers\RelatoriosEmpresa.php(282): CodeIgniter\Database\BaseBuilder->get()
#5 C:\xampp\htdocs\erp.local\app\Controllers\RelatoriosEmpresa.php(108): App\Controllers\RelatoriosEmpresa->getVendasComFiltros(Array)
#6 C:\xampp\htdocs\erp.local\system\CodeIgniter.php(941): App\Controllers\RelatoriosEmpresa->vendas()
#7 C:\xampp\htdocs\erp.local\system\CodeIgniter.php(502): CodeIgniter\CodeIgniter->runController(Object(App\Controllers\RelatoriosEmpresa))
#8 C:\xampp\htdocs\erp.local\system\CodeIgniter.php(361): CodeIgniter\CodeIgniter->handleRequest(NULL, Object(Config\Cache), false)
#9 C:\xampp\htdocs\erp.local\public\index.php(79): CodeIgniter\CodeIgniter->run()
#10 {main}
CRITICAL - 2025-09-30 03:02:43 --> CodeIgniter\Database\Exceptions\DatabaseException: Unknown column 'clientes.documento' in 'field list'
in SYSTEMPATH\Database\BaseConnection.php on line 647.
 1 SYSTEMPATH\Database\BaseBuilder.php(1616): CodeIgniter\Database\BaseConnection->query('SELECT `pos_sales`.*, `clientes`.`nome` as `cliente_nome`, `clientes`.`documento` as `cliente_documento`
FROM `pos_sales`
LEFT JOIN `clientes` ON `clientes`.`id_cliente` = `pos_sales`.`id_cliente`
WHERE `pos_sales`.`id_empresa` = :pos_sales.id_empresa:
ORDER BY `pos_sales`.`created_at` DESC', [...], false)
 2 APPPATH\Controllers\RelatoriosEmpresa.php(282): CodeIgniter\Database\BaseBuilder->get()
 3 APPPATH\Controllers\RelatoriosEmpresa.php(108): App\Controllers\RelatoriosEmpresa->getVendasComFiltros([])
 4 SYSTEMPATH\CodeIgniter.php(941): App\Controllers\RelatoriosEmpresa->vendas()
 5 SYSTEMPATH\CodeIgniter.php(502): CodeIgniter\CodeIgniter->runController(Object(App\Controllers\RelatoriosEmpresa))
 6 SYSTEMPATH\CodeIgniter.php(361): CodeIgniter\CodeIgniter->handleRequest(null, Object(Config\Cache), false)
 7 FCPATH\index.php(79): CodeIgniter\CodeIgniter->run()
CRITICAL - 2025-09-30 03:02:43 --> [Caused by] CodeIgniter\Database\Exceptions\DatabaseException: Unknown column 'clientes.documento' in 'field list'
in SYSTEMPATH\Database\MySQLi\Connection.php on line 311.
 1 SYSTEMPATH\Database\BaseConnection.php(693): CodeIgniter\Database\MySQLi\Connection->execute('SELECT `pos_sales`.*, `clientes`.`nome` as `cliente_nome`, `clientes`.`documento` as `cliente_documento`
FROM `pos_sales`
LEFT JOIN `clientes` ON `clientes`.`id_cliente` = `pos_sales`.`id_cliente`
WHERE `pos_sales`.`id_empresa` = \'3\'
ORDER BY `pos_sales`.`created_at` DESC')
 2 SYSTEMPATH\Database\BaseConnection.php(607): CodeIgniter\Database\BaseConnection->simpleQuery('SELECT `pos_sales`.*, `clientes`.`nome` as `cliente_nome`, `clientes`.`documento` as `cliente_documento`
FROM `pos_sales`
LEFT JOIN `clientes` ON `clientes`.`id_cliente` = `pos_sales`.`id_cliente`
WHERE `pos_sales`.`id_empresa` = \'3\'
ORDER BY `pos_sales`.`created_at` DESC')
 3 SYSTEMPATH\Database\BaseBuilder.php(1616): CodeIgniter\Database\BaseConnection->query('SELECT `pos_sales`.*, `clientes`.`nome` as `cliente_nome`, `clientes`.`documento` as `cliente_documento`
FROM `pos_sales`
LEFT JOIN `clientes` ON `clientes`.`id_cliente` = `pos_sales`.`id_cliente`
WHERE `pos_sales`.`id_empresa` = :pos_sales.id_empresa:
ORDER BY `pos_sales`.`created_at` DESC', [...], false)
 4 APPPATH\Controllers\RelatoriosEmpresa.php(282): CodeIgniter\Database\BaseBuilder->get()
 5 APPPATH\Controllers\RelatoriosEmpresa.php(108): App\Controllers\RelatoriosEmpresa->getVendasComFiltros([])
 6 SYSTEMPATH\CodeIgniter.php(941): App\Controllers\RelatoriosEmpresa->vendas()
 7 SYSTEMPATH\CodeIgniter.php(502): CodeIgniter\CodeIgniter->runController(Object(App\Controllers\RelatoriosEmpresa))
 8 SYSTEMPATH\CodeIgniter.php(361): CodeIgniter\CodeIgniter->handleRequest(null, Object(Config\Cache), false)
 9 FCPATH\index.php(79): CodeIgniter\CodeIgniter->run()
CRITICAL - 2025-09-30 03:02:43 --> [Caused by] mysqli_sql_exception: Unknown column 'clientes.documento' in 'field list'
in SYSTEMPATH\Database\MySQLi\Connection.php on line 306.
 1 SYSTEMPATH\Database\MySQLi\Connection.php(306): mysqli->query('SELECT `pos_sales`.*, `clientes`.`nome` as `cliente_nome`, `clientes`.`documento` as `cliente_documento`
FROM `pos_sales`
LEFT JOIN `clientes` ON `clientes`.`id_cliente` = `pos_sales`.`id_cliente`
WHERE `pos_sales`.`id_empresa` = \'3\'
ORDER BY `pos_sales`.`created_at` DESC', 0)
 2 SYSTEMPATH\Database\BaseConnection.php(693): CodeIgniter\Database\MySQLi\Connection->execute('SELECT `pos_sales`.*, `clientes`.`nome` as `cliente_nome`, `clientes`.`documento` as `cliente_documento`
FROM `pos_sales`
LEFT JOIN `clientes` ON `clientes`.`id_cliente` = `pos_sales`.`id_cliente`
WHERE `pos_sales`.`id_empresa` = \'3\'
ORDER BY `pos_sales`.`created_at` DESC')
 3 SYSTEMPATH\Database\BaseConnection.php(607): CodeIgniter\Database\BaseConnection->simpleQuery('SELECT `pos_sales`.*, `clientes`.`nome` as `cliente_nome`, `clientes`.`documento` as `cliente_documento`
FROM `pos_sales`
LEFT JOIN `clientes` ON `clientes`.`id_cliente` = `pos_sales`.`id_cliente`
WHERE `pos_sales`.`id_empresa` = \'3\'
ORDER BY `pos_sales`.`created_at` DESC')
 4 SYSTEMPATH\Database\BaseBuilder.php(1616): CodeIgniter\Database\BaseConnection->query('SELECT `pos_sales`.*, `clientes`.`nome` as `cliente_nome`, `clientes`.`documento` as `cliente_documento`
FROM `pos_sales`
LEFT JOIN `clientes` ON `clientes`.`id_cliente` = `pos_sales`.`id_cliente`
WHERE `pos_sales`.`id_empresa` = :pos_sales.id_empresa:
ORDER BY `pos_sales`.`created_at` DESC', [...], false)
 5 APPPATH\Controllers\RelatoriosEmpresa.php(282): CodeIgniter\Database\BaseBuilder->get()
 6 APPPATH\Controllers\RelatoriosEmpresa.php(108): App\Controllers\RelatoriosEmpresa->getVendasComFiltros([])
 7 SYSTEMPATH\CodeIgniter.php(941): App\Controllers\RelatoriosEmpresa->vendas()
 8 SYSTEMPATH\CodeIgniter.php(502): CodeIgniter\CodeIgniter->runController(Object(App\Controllers\RelatoriosEmpresa))
 9 SYSTEMPATH\CodeIgniter.php(361): CodeIgniter\CodeIgniter->handleRequest(null, Object(Config\Cache), false)
10 FCPATH\index.php(79): CodeIgniter\CodeIgniter->run()
CRITICAL - 2025-09-30 03:02:43 --> ErrorException: Uncaught TypeError: htmlspecialchars(): Argument #1 ($string) must be of type string, resource given in C:\xampp\htdocs\erp.local\app\Views\errors\html\error_exception.php:182
Stack trace:
#0 C:\xampp\htdocs\erp.local\app\Views\errors\html\error_exception.php(182): htmlspecialchars(Resource id #42, 8, 'UTF-8')
#1 C:\xampp\htdocs\erp.local\system\Debug\BaseExceptionHandler.php(258): include('C:\\xampp\\htdocs...')
#2 C:\xampp\htdocs\erp.local\system\Debug\BaseExceptionHandler.php(261): CodeIgniter\Debug\BaseExceptionHandler->CodeIgniter\Debug\{closure}()
#3 C:\xampp\htdocs\erp.local\system\Debug\ExceptionHandler.php(112): CodeIgniter\Debug\BaseExceptionHandler->render(Object(CodeIgniter\Database\Exceptions\DatabaseException), 500, 'C:\\xampp\\htdocs...')
#4 C:\xampp\htdocs\erp.local\system\Debug\Exceptions.php(156): CodeIgniter\Debug\ExceptionHandler->handle(Object(CodeIgniter\Database\Exceptions\DatabaseException), Object(CodeIgniter\HTTP\IncomingRequest), Object(CodeIgniter\HTTP\Response), 500, 8)
#5 [internal function]: CodeIgniter\Debug\Exceptions->exceptionHandler(Object(CodeIgniter\Database\Exceptions\DatabaseException))
#6 {main}
  thrown
【Previous Exception】
CodeIgniter\Database\Exceptions\DatabaseException
Unknown column 'clientes.documento' in 'field list'
#0 C:\xampp\htdocs\erp.local\system\Database\BaseBuilder.php(1616): CodeIgniter\Database\BaseConnection->query('SELECT `pos_sal...', Array, false)
#1 C:\xampp\htdocs\erp.local\app\Controllers\RelatoriosEmpresa.php(282): CodeIgniter\Database\BaseBuilder->get()
#2 C:\xampp\htdocs\erp.local\app\Controllers\RelatoriosEmpresa.php(108): App\Controllers\RelatoriosEmpresa->getVendasComFiltros(Array)
#3 C:\xampp\htdocs\erp.local\system\CodeIgniter.php(941): App\Controllers\RelatoriosEmpresa->vendas()
#4 C:\xampp\htdocs\erp.local\system\CodeIgniter.php(502): CodeIgniter\CodeIgniter->runController(Object(App\Controllers\RelatoriosEmpresa))
#5 C:\xampp\htdocs\erp.local\system\CodeIgniter.php(361): CodeIgniter\CodeIgniter->handleRequest(NULL, Object(Config\Cache), false)
#6 C:\xampp\htdocs\erp.local\public\index.php(79): CodeIgniter\CodeIgniter->run()
#7 {main}
in APPPATH\Views\errors\html\error_exception.php on line 182.
 1 [internal function]: CodeIgniter\Debug\Exceptions->shutdownHandler()
INFO - 2025-09-30 03:02:44 --> Session: Class initialized using 'CodeIgniter\Session\Handlers\FileHandler' driver.
INFO - 2025-09-30 03:02:45 --> Session: Class initialized using 'CodeIgniter\Session\Handlers\FileHandler' driver.
INFO - 2025-09-30 03:02:46 --> Session: Class initialized using 'CodeIgniter\Session\Handlers\FileHandler' driver.
INFO - 2025-09-30 03:02:47 --> Session: Class initialized using 'CodeIgniter\Session\Handlers\FileHandler' driver.
CRITICAL - 2025-09-30 03:02:47 --> CodeIgniter\View\Exceptions\ViewException: Invalid file: "relatorios_empresa/comparativo.php"
in SYSTEMPATH\Exceptions\FrameworkException.php on line 39.
 1 SYSTEMPATH\View\View.php(216): CodeIgniter\Exceptions\FrameworkException::forInvalidFile('relatorios_empresa/comparativo.php')
 2 SYSTEMPATH\Common.php(1178): CodeIgniter\View\View->render('relatorios_empresa/comparativo', [], true)
 3 APPPATH\Controllers\RelatoriosEmpresa.php(455): view('relatorios_empresa/comparativo', [...])
 4 SYSTEMPATH\CodeIgniter.php(941): App\Controllers\RelatoriosEmpresa->comparativo()
 5 SYSTEMPATH\CodeIgniter.php(502): CodeIgniter\CodeIgniter->runController(Object(App\Controllers\RelatoriosEmpresa))
 6 SYSTEMPATH\CodeIgniter.php(361): CodeIgniter\CodeIgniter->handleRequest(null, Object(Config\Cache), false)
 7 FCPATH\index.php(79): CodeIgniter\CodeIgniter->run()
CRITICAL - 2025-09-30 03:02:47 --> ErrorException: Uncaught TypeError: htmlspecialchars(): Argument #1 ($string) must be of type string, resource given in C:\xampp\htdocs\erp.local\app\Views\errors\html\error_exception.php:182
Stack trace:
#0 C:\xampp\htdocs\erp.local\app\Views\errors\html\error_exception.php(182): htmlspecialchars(Resource id #42, 8, 'UTF-8')
#1 C:\xampp\htdocs\erp.local\system\Debug\BaseExceptionHandler.php(258): include('C:\\xampp\\htdocs...')
#2 C:\xampp\htdocs\erp.local\system\Debug\BaseExceptionHandler.php(261): CodeIgniter\Debug\BaseExceptionHandler->CodeIgniter\Debug\{closure}()
#3 C:\xampp\htdocs\erp.local\system\Debug\ExceptionHandler.php(112): CodeIgniter\Debug\BaseExceptionHandler->render(Object(CodeIgniter\View\Exceptions\ViewException), 500, 'C:\\xampp\\htdocs...')
#4 C:\xampp\htdocs\erp.local\system\Debug\Exceptions.php(156): CodeIgniter\Debug\ExceptionHandler->handle(Object(CodeIgniter\View\Exceptions\ViewException), Object(CodeIgniter\HTTP\IncomingRequest), Object(CodeIgniter\HTTP\Response), 500, 1)
#5 [internal function]: CodeIgniter\Debug\Exceptions->exceptionHandler(Object(CodeIgniter\View\Exceptions\ViewException))
#6 {main}
  thrown
【Previous Exception】
CodeIgniter\View\Exceptions\ViewException
Invalid file: "relatorios_empresa/comparativo.php"
#0 C:\xampp\htdocs\erp.local\system\View\View.php(216): CodeIgniter\Exceptions\FrameworkException::forInvalidFile('relatorios_empr...')
#1 C:\xampp\htdocs\erp.local\system\Common.php(1178): CodeIgniter\View\View->render('relatorios_empr...', Array, true)
#2 C:\xampp\htdocs\erp.local\app\Controllers\RelatoriosEmpresa.php(455): view('relatorios_empr...', Array)
#3 C:\xampp\htdocs\erp.local\system\CodeIgniter.php(941): App\Controllers\RelatoriosEmpresa->comparativo()
#4 C:\xampp\htdocs\erp.local\system\CodeIgniter.php(502): CodeIgniter\CodeIgniter->runController(Object(App\Controllers\RelatoriosEmpresa))
#5 C:\xampp\htdocs\erp.local\system\CodeIgniter.php(361): CodeIgniter\CodeIgniter->handleRequest(NULL, Object(Config\Cache), false)
#6 C:\xampp\htdocs\erp.local\public\index.php(79): CodeIgniter\CodeIgniter->run()
#7 {main}
in APPPATH\Views\errors\html\error_exception.php on line 182.
 1 [internal function]: CodeIgniter\Debug\Exceptions->shutdownHandler()
INFO - 2025-09-30 03:02:48 --> Session: Class initialized using 'CodeIgniter\Session\Handlers\FileHandler' driver.
ERROR - 2025-09-30 03:02:48 --> mysqli_sql_exception: You have an error in your SQL syntax; check the manual that corresponds to your MariaDB server version for the right syntax to use near 'ASC, "%Y-%m") ASC' at line 7 in C:\xampp\htdocs\erp.local\system\Database\MySQLi\Connection.php:306
Stack trace:
#0 C:\xampp\htdocs\erp.local\system\Database\MySQLi\Connection.php(306): mysqli->query('SELECT DATE_FOR...', 0)
#1 C:\xampp\htdocs\erp.local\system\Database\BaseConnection.php(693): CodeIgniter\Database\MySQLi\Connection->execute('SELECT DATE_FOR...')
#2 C:\xampp\htdocs\erp.local\system\Database\BaseConnection.php(607): CodeIgniter\Database\BaseConnection->simpleQuery('SELECT DATE_FOR...')
#3 C:\xampp\htdocs\erp.local\system\Database\BaseBuilder.php(1616): CodeIgniter\Database\BaseConnection->query('SELECT DATE_FOR...', Array, false)
#4 C:\xampp\htdocs\erp.local\app\Controllers\RelatoriosEmpresa.php(563): CodeIgniter\Database\BaseBuilder->get()
#5 C:\xampp\htdocs\erp.local\app\Controllers\RelatoriosEmpresa.php(521): App\Controllers\RelatoriosEmpresa->getEvolucaoTemporal('month')
#6 C:\xampp\htdocs\erp.local\system\CodeIgniter.php(941): App\Controllers\RelatoriosEmpresa->evolucao()
#7 C:\xampp\htdocs\erp.local\system\CodeIgniter.php(502): CodeIgniter\CodeIgniter->runController(Object(App\Controllers\RelatoriosEmpresa))
#8 C:\xampp\htdocs\erp.local\system\CodeIgniter.php(361): CodeIgniter\CodeIgniter->handleRequest(NULL, Object(Config\Cache), false)
#9 C:\xampp\htdocs\erp.local\public\index.php(79): CodeIgniter\CodeIgniter->run()
#10 {main}
CRITICAL - 2025-09-30 03:02:48 --> CodeIgniter\Database\Exceptions\DatabaseException: You have an error in your SQL syntax; check the manual that corresponds to your MariaDB server version for the right syntax to use near 'ASC, "%Y-%m") ASC' at line 7
in SYSTEMPATH\Database\BaseConnection.php on line 647.
 1 SYSTEMPATH\Database\BaseBuilder.php(1616): CodeIgniter\Database\BaseConnection->query('SELECT DATE_FORMAT(created_at, "%Y-%m") as periodo, COUNT(*) as quantidade, SUM(total) as valor
FROM `pos_sales`
WHERE `id_empresa` = :id_empresa:
AND `status` = :status:
AND `created_at` >= :created_at:
GROUP BY DATE_FORMAT(created_at, "%Y-%m")
ORDER BY DATE_FORMAT(created_at ASC, "%Y-%m") ASC', [...], false)
 2 APPPATH\Controllers\RelatoriosEmpresa.php(563): CodeIgniter\Database\BaseBuilder->get()
 3 APPPATH\Controllers\RelatoriosEmpresa.php(521): App\Controllers\RelatoriosEmpresa->getEvolucaoTemporal('month')
 4 SYSTEMPATH\CodeIgniter.php(941): App\Controllers\RelatoriosEmpresa->evolucao()
 5 SYSTEMPATH\CodeIgniter.php(502): CodeIgniter\CodeIgniter->runController(Object(App\Controllers\RelatoriosEmpresa))
 6 SYSTEMPATH\CodeIgniter.php(361): CodeIgniter\CodeIgniter->handleRequest(null, Object(Config\Cache), false)
 7 FCPATH\index.php(79): CodeIgniter\CodeIgniter->run()
CRITICAL - 2025-09-30 03:02:48 --> [Caused by] CodeIgniter\Database\Exceptions\DatabaseException: You have an error in your SQL syntax; check the manual that corresponds to your MariaDB server version for the right syntax to use near 'ASC, "%Y-%m") ASC' at line 7
in SYSTEMPATH\Database\MySQLi\Connection.php on line 311.
 1 SYSTEMPATH\Database\BaseConnection.php(693): CodeIgniter\Database\MySQLi\Connection->execute('SELECT DATE_FORMAT(created_at, "%Y-%m") as periodo, COUNT(*) as quantidade, SUM(total) as valor
FROM `pos_sales`
WHERE `id_empresa` = \'3\'
AND `status` = \'finalized\'
AND `created_at` >= \'2024-09-30\'
GROUP BY DATE_FORMAT(created_at, "%Y-%m")
ORDER BY DATE_FORMAT(created_at ASC, "%Y-%m") ASC')
 2 SYSTEMPATH\Database\BaseConnection.php(607): CodeIgniter\Database\BaseConnection->simpleQuery('SELECT DATE_FORMAT(created_at, "%Y-%m") as periodo, COUNT(*) as quantidade, SUM(total) as valor
FROM `pos_sales`
WHERE `id_empresa` = \'3\'
AND `status` = \'finalized\'
AND `created_at` >= \'2024-09-30\'
GROUP BY DATE_FORMAT(created_at, "%Y-%m")
ORDER BY DATE_FORMAT(created_at ASC, "%Y-%m") ASC')
 3 SYSTEMPATH\Database\BaseBuilder.php(1616): CodeIgniter\Database\BaseConnection->query('SELECT DATE_FORMAT(created_at, "%Y-%m") as periodo, COUNT(*) as quantidade, SUM(total) as valor
FROM `pos_sales`
WHERE `id_empresa` = :id_empresa:
AND `status` = :status:
AND `created_at` >= :created_at:
GROUP BY DATE_FORMAT(created_at, "%Y-%m")
ORDER BY DATE_FORMAT(created_at ASC, "%Y-%m") ASC', [...], false)
 4 APPPATH\Controllers\RelatoriosEmpresa.php(563): CodeIgniter\Database\BaseBuilder->get()
 5 APPPATH\Controllers\RelatoriosEmpresa.php(521): App\Controllers\RelatoriosEmpresa->getEvolucaoTemporal('month')
 6 SYSTEMPATH\CodeIgniter.php(941): App\Controllers\RelatoriosEmpresa->evolucao()
 7 SYSTEMPATH\CodeIgniter.php(502): CodeIgniter\CodeIgniter->runController(Object(App\Controllers\RelatoriosEmpresa))
 8 SYSTEMPATH\CodeIgniter.php(361): CodeIgniter\CodeIgniter->handleRequest(null, Object(Config\Cache), false)
 9 FCPATH\index.php(79): CodeIgniter\CodeIgniter->run()
CRITICAL - 2025-09-30 03:02:48 --> [Caused by] mysqli_sql_exception: You have an error in your SQL syntax; check the manual that corresponds to your MariaDB server version for the right syntax to use near 'ASC, "%Y-%m") ASC' at line 7
in SYSTEMPATH\Database\MySQLi\Connection.php on line 306.
 1 SYSTEMPATH\Database\MySQLi\Connection.php(306): mysqli->query('SELECT DATE_FORMAT(created_at, "%Y-%m") as periodo, COUNT(*) as quantidade, SUM(total) as valor
FROM `pos_sales`
WHERE `id_empresa` = \'3\'
AND `status` = \'finalized\'
AND `created_at` >= \'2024-09-30\'
GROUP BY DATE_FORMAT(created_at, "%Y-%m")
ORDER BY DATE_FORMAT(created_at ASC, "%Y-%m") ASC', 0)
 2 SYSTEMPATH\Database\BaseConnection.php(693): CodeIgniter\Database\MySQLi\Connection->execute('SELECT DATE_FORMAT(created_at, "%Y-%m") as periodo, COUNT(*) as quantidade, SUM(total) as valor
FROM `pos_sales`
WHERE `id_empresa` = \'3\'
AND `status` = \'finalized\'
AND `created_at` >= \'2024-09-30\'
GROUP BY DATE_FORMAT(created_at, "%Y-%m")
ORDER BY DATE_FORMAT(created_at ASC, "%Y-%m") ASC')
 3 SYSTEMPATH\Database\BaseConnection.php(607): CodeIgniter\Database\BaseConnection->simpleQuery('SELECT DATE_FORMAT(created_at, "%Y-%m") as periodo, COUNT(*) as quantidade, SUM(total) as valor
FROM `pos_sales`
WHERE `id_empresa` = \'3\'
AND `status` = \'finalized\'
AND `created_at` >= \'2024-09-30\'
GROUP BY DATE_FORMAT(created_at, "%Y-%m")
ORDER BY DATE_FORMAT(created_at ASC, "%Y-%m") ASC')
 4 SYSTEMPATH\Database\BaseBuilder.php(1616): CodeIgniter\Database\BaseConnection->query('SELECT DATE_FORMAT(created_at, "%Y-%m") as periodo, COUNT(*) as quantidade, SUM(total) as valor
FROM `pos_sales`
WHERE `id_empresa` = :id_empresa:
AND `status` = :status:
AND `created_at` >= :created_at:
GROUP BY DATE_FORMAT(created_at, "%Y-%m")
ORDER BY DATE_FORMAT(created_at ASC, "%Y-%m") ASC', [...], false)
 5 APPPATH\Controllers\RelatoriosEmpresa.php(563): CodeIgniter\Database\BaseBuilder->get()
 6 APPPATH\Controllers\RelatoriosEmpresa.php(521): App\Controllers\RelatoriosEmpresa->getEvolucaoTemporal('month')
 7 SYSTEMPATH\CodeIgniter.php(941): App\Controllers\RelatoriosEmpresa->evolucao()
 8 SYSTEMPATH\CodeIgniter.php(502): CodeIgniter\CodeIgniter->runController(Object(App\Controllers\RelatoriosEmpresa))
 9 SYSTEMPATH\CodeIgniter.php(361): CodeIgniter\CodeIgniter->handleRequest(null, Object(Config\Cache), false)
10 FCPATH\index.php(79): CodeIgniter\CodeIgniter->run()
CRITICAL - 2025-09-30 03:02:48 --> ErrorException: Uncaught TypeError: htmlspecialchars(): Argument #1 ($string) must be of type string, resource given in C:\xampp\htdocs\erp.local\app\Views\errors\html\error_exception.php:182
Stack trace:
#0 C:\xampp\htdocs\erp.local\app\Views\errors\html\error_exception.php(182): htmlspecialchars(Resource id #42, 8, 'UTF-8')
#1 C:\xampp\htdocs\erp.local\system\Debug\BaseExceptionHandler.php(258): include('C:\\xampp\\htdocs...')
#2 C:\xampp\htdocs\erp.local\system\Debug\BaseExceptionHandler.php(261): CodeIgniter\Debug\BaseExceptionHandler->CodeIgniter\Debug\{closure}()
#3 C:\xampp\htdocs\erp.local\system\Debug\ExceptionHandler.php(112): CodeIgniter\Debug\BaseExceptionHandler->render(Object(CodeIgniter\Database\Exceptions\DatabaseException), 500, 'C:\\xampp\\htdocs...')
#4 C:\xampp\htdocs\erp.local\system\Debug\Exceptions.php(156): CodeIgniter\Debug\ExceptionHandler->handle(Object(CodeIgniter\Database\Exceptions\DatabaseException), Object(CodeIgniter\HTTP\IncomingRequest), Object(CodeIgniter\HTTP\Response), 500, 8)
#5 [internal function]: CodeIgniter\Debug\Exceptions->exceptionHandler(Object(CodeIgniter\Database\Exceptions\DatabaseException))
#6 {main}
  thrown
【Previous Exception】
CodeIgniter\Database\Exceptions\DatabaseException
You have an error in your SQL syntax; check the manual that corresponds to your MariaDB server version for the right syntax to use near 'ASC, "%Y-%m") ASC' at line 7
#0 C:\xampp\htdocs\erp.local\system\Database\BaseBuilder.php(1616): CodeIgniter\Database\BaseConnection->query('SELECT DATE_FOR...', Array, false)
#1 C:\xampp\htdocs\erp.local\app\Controllers\RelatoriosEmpresa.php(563): CodeIgniter\Database\BaseBuilder->get()
#2 C:\xampp\htdocs\erp.local\app\Controllers\RelatoriosEmpresa.php(521): App\Controllers\RelatoriosEmpresa->getEvolucaoTemporal('month')
#3 C:\xampp\htdocs\erp.local\system\CodeIgniter.php(941): App\Controllers\RelatoriosEmpresa->evolucao()
#4 C:\xampp\htdocs\erp.local\system\CodeIgniter.php(502): CodeIgniter\CodeIgniter->runController(Object(App\Controllers\RelatoriosEmpresa))
#5 C:\xampp\htdocs\erp.local\system\CodeIgniter.php(361): CodeIgniter\CodeIgniter->handleRequest(NULL, Object(Config\Cache), false)
#6 C:\xampp\htdocs\erp.local\public\index.php(79): CodeIgniter\CodeIgniter->run()
#7 {main}
in APPPATH\Views\errors\html\error_exception.php on line 182.
 1 [internal function]: CodeIgniter\Debug\Exceptions->shutdownHandler()
INFO - 2025-09-30 03:02:49 --> Session: Class initialized using 'CodeIgniter\Session\Handlers\FileHandler' driver.
ERROR - 2025-09-30 03:02:49 --> mysqli_sql_exception: Unknown column 'clientes.documento' in 'field list' in C:\xampp\htdocs\erp.local\system\Database\MySQLi\Connection.php:306
Stack trace:
#0 C:\xampp\htdocs\erp.local\system\Database\MySQLi\Connection.php(306): mysqli->query('SELECT `pos_sal...', 0)
#1 C:\xampp\htdocs\erp.local\system\Database\BaseConnection.php(693): CodeIgniter\Database\MySQLi\Connection->execute('SELECT `pos_sal...')
#2 C:\xampp\htdocs\erp.local\system\Database\BaseConnection.php(607): CodeIgniter\Database\BaseConnection->simpleQuery('SELECT `pos_sal...')
#3 C:\xampp\htdocs\erp.local\system\Database\BaseBuilder.php(1616): CodeIgniter\Database\BaseConnection->query('SELECT `pos_sal...', Array, false)
#4 C:\xampp\htdocs\erp.local\app\Controllers\RelatoriosEmpresa.php(621): CodeIgniter\Database\BaseBuilder->get()
#5 C:\xampp\htdocs\erp.local\app\Controllers\RelatoriosEmpresa.php(591): App\Controllers\RelatoriosEmpresa->getClientesMaisFrequentes(Array)
#6 C:\xampp\htdocs\erp.local\system\CodeIgniter.php(941): App\Controllers\RelatoriosEmpresa->clientes()
#7 C:\xampp\htdocs\erp.local\system\CodeIgniter.php(502): CodeIgniter\CodeIgniter->runController(Object(App\Controllers\RelatoriosEmpresa))
#8 C:\xampp\htdocs\erp.local\system\CodeIgniter.php(361): CodeIgniter\CodeIgniter->handleRequest(NULL, Object(Config\Cache), false)
#9 C:\xampp\htdocs\erp.local\public\index.php(79): CodeIgniter\CodeIgniter->run()
#10 {main}
CRITICAL - 2025-09-30 03:02:49 --> CodeIgniter\Database\Exceptions\DatabaseException: Unknown column 'clientes.documento' in 'field list'
in SYSTEMPATH\Database\BaseConnection.php on line 647.
 1 SYSTEMPATH\Database\BaseBuilder.php(1616): CodeIgniter\Database\BaseConnection->query('SELECT `pos_sales`.`id_cliente`, `clientes`.`nome`, `clientes`.`documento`, `clientes`.`email`, `clientes`.`telefone`, COUNT(*) as total_compras, SUM(pos_sales.total) as total_gasto, AVG(pos_sales.total) as ticket_medio, MAX(pos_sales.created_at) as ultima_compra
FROM `pos_sales`
JOIN `clientes` ON `clientes`.`id_cliente` = `pos_sales`.`id_cliente`
WHERE `pos_sales`.`id_empresa` = :pos_sales.id_empresa:
AND `pos_sales`.`status` = :pos_sales.status:
AND `pos_sales`.`id_cliente` IS NOT NULL
GROUP BY `pos_sales`.`id_cliente`
ORDER BY `total_compras` DESC
 LIMIT 50', [...], false)
 2 APPPATH\Controllers\RelatoriosEmpresa.php(621): CodeIgniter\Database\BaseBuilder->get()
 3 APPPATH\Controllers\RelatoriosEmpresa.php(591): App\Controllers\RelatoriosEmpresa->getClientesMaisFrequentes([])
 4 SYSTEMPATH\CodeIgniter.php(941): App\Controllers\RelatoriosEmpresa->clientes()
 5 SYSTEMPATH\CodeIgniter.php(502): CodeIgniter\CodeIgniter->runController(Object(App\Controllers\RelatoriosEmpresa))
 6 SYSTEMPATH\CodeIgniter.php(361): CodeIgniter\CodeIgniter->handleRequest(null, Object(Config\Cache), false)
 7 FCPATH\index.php(79): CodeIgniter\CodeIgniter->run()
CRITICAL - 2025-09-30 03:02:49 --> [Caused by] CodeIgniter\Database\Exceptions\DatabaseException: Unknown column 'clientes.documento' in 'field list'
in SYSTEMPATH\Database\MySQLi\Connection.php on line 311.
 1 SYSTEMPATH\Database\BaseConnection.php(693): CodeIgniter\Database\MySQLi\Connection->execute('SELECT `pos_sales`.`id_cliente`, `clientes`.`nome`, `clientes`.`documento`, `clientes`.`email`, `clientes`.`telefone`, COUNT(*) as total_compras, SUM(pos_sales.total) as total_gasto, AVG(pos_sales.total) as ticket_medio, MAX(pos_sales.created_at) as ultima_compra
FROM `pos_sales`
JOIN `clientes` ON `clientes`.`id_cliente` = `pos_sales`.`id_cliente`
WHERE `pos_sales`.`id_empresa` = \'3\'
AND `pos_sales`.`status` = \'finalized\'
AND `pos_sales`.`id_cliente` IS NOT NULL
GROUP BY `pos_sales`.`id_cliente`
ORDER BY `total_compras` DESC
 LIMIT 50')
 2 SYSTEMPATH\Database\BaseConnection.php(607): CodeIgniter\Database\BaseConnection->simpleQuery('SELECT `pos_sales`.`id_cliente`, `clientes`.`nome`, `clientes`.`documento`, `clientes`.`email`, `clientes`.`telefone`, COUNT(*) as total_compras, SUM(pos_sales.total) as total_gasto, AVG(pos_sales.total) as ticket_medio, MAX(pos_sales.created_at) as ultima_compra
FROM `pos_sales`
JOIN `clientes` ON `clientes`.`id_cliente` = `pos_sales`.`id_cliente`
WHERE `pos_sales`.`id_empresa` = \'3\'
AND `pos_sales`.`status` = \'finalized\'
AND `pos_sales`.`id_cliente` IS NOT NULL
GROUP BY `pos_sales`.`id_cliente`
ORDER BY `total_compras` DESC
 LIMIT 50')
 3 SYSTEMPATH\Database\BaseBuilder.php(1616): CodeIgniter\Database\BaseConnection->query('SELECT `pos_sales`.`id_cliente`, `clientes`.`nome`, `clientes`.`documento`, `clientes`.`email`, `clientes`.`telefone`, COUNT(*) as total_compras, SUM(pos_sales.total) as total_gasto, AVG(pos_sales.total) as ticket_medio, MAX(pos_sales.created_at) as ultima_compra
FROM `pos_sales`
JOIN `clientes` ON `clientes`.`id_cliente` = `pos_sales`.`id_cliente`
WHERE `pos_sales`.`id_empresa` = :pos_sales.id_empresa:
AND `pos_sales`.`status` = :pos_sales.status:
AND `pos_sales`.`id_cliente` IS NOT NULL
GROUP BY `pos_sales`.`id_cliente`
ORDER BY `total_compras` DESC
 LIMIT 50', [...], false)
 4 APPPATH\Controllers\RelatoriosEmpresa.php(621): CodeIgniter\Database\BaseBuilder->get()
 5 APPPATH\Controllers\RelatoriosEmpresa.php(591): App\Controllers\RelatoriosEmpresa->getClientesMaisFrequentes([])
 6 SYSTEMPATH\CodeIgniter.php(941): App\Controllers\RelatoriosEmpresa->clientes()
 7 SYSTEMPATH\CodeIgniter.php(502): CodeIgniter\CodeIgniter->runController(Object(App\Controllers\RelatoriosEmpresa))
 8 SYSTEMPATH\CodeIgniter.php(361): CodeIgniter\CodeIgniter->handleRequest(null, Object(Config\Cache), false)
 9 FCPATH\index.php(79): CodeIgniter\CodeIgniter->run()
CRITICAL - 2025-09-30 03:02:49 --> [Caused by] mysqli_sql_exception: Unknown column 'clientes.documento' in 'field list'
in SYSTEMPATH\Database\MySQLi\Connection.php on line 306.
 1 SYSTEMPATH\Database\MySQLi\Connection.php(306): mysqli->query('SELECT `pos_sales`.`id_cliente`, `clientes`.`nome`, `clientes`.`documento`, `clientes`.`email`, `clientes`.`telefone`, COUNT(*) as total_compras, SUM(pos_sales.total) as total_gasto, AVG(pos_sales.total) as ticket_medio, MAX(pos_sales.created_at) as ultima_compra
FROM `pos_sales`
JOIN `clientes` ON `clientes`.`id_cliente` = `pos_sales`.`id_cliente`
WHERE `pos_sales`.`id_empresa` = \'3\'
AND `pos_sales`.`status` = \'finalized\'
AND `pos_sales`.`id_cliente` IS NOT NULL
GROUP BY `pos_sales`.`id_cliente`
ORDER BY `total_compras` DESC
 LIMIT 50', 0)
 2 SYSTEMPATH\Database\BaseConnection.php(693): CodeIgniter\Database\MySQLi\Connection->execute('SELECT `pos_sales`.`id_cliente`, `clientes`.`nome`, `clientes`.`documento`, `clientes`.`email`, `clientes`.`telefone`, COUNT(*) as total_compras, SUM(pos_sales.total) as total_gasto, AVG(pos_sales.total) as ticket_medio, MAX(pos_sales.created_at) as ultima_compra
FROM `pos_sales`
JOIN `clientes` ON `clientes`.`id_cliente` = `pos_sales`.`id_cliente`
WHERE `pos_sales`.`id_empresa` = \'3\'
AND `pos_sales`.`status` = \'finalized\'
AND `pos_sales`.`id_cliente` IS NOT NULL
GROUP BY `pos_sales`.`id_cliente`
ORDER BY `total_compras` DESC
 LIMIT 50')
 3 SYSTEMPATH\Database\BaseConnection.php(607): CodeIgniter\Database\BaseConnection->simpleQuery('SELECT `pos_sales`.`id_cliente`, `clientes`.`nome`, `clientes`.`documento`, `clientes`.`email`, `clientes`.`telefone`, COUNT(*) as total_compras, SUM(pos_sales.total) as total_gasto, AVG(pos_sales.total) as ticket_medio, MAX(pos_sales.created_at) as ultima_compra
FROM `pos_sales`
JOIN `clientes` ON `clientes`.`id_cliente` = `pos_sales`.`id_cliente`
WHERE `pos_sales`.`id_empresa` = \'3\'
AND `pos_sales`.`status` = \'finalized\'
AND `pos_sales`.`id_cliente` IS NOT NULL
GROUP BY `pos_sales`.`id_cliente`
ORDER BY `total_compras` DESC
 LIMIT 50')
 4 SYSTEMPATH\Database\BaseBuilder.php(1616): CodeIgniter\Database\BaseConnection->query('SELECT `pos_sales`.`id_cliente`, `clientes`.`nome`, `clientes`.`documento`, `clientes`.`email`, `clientes`.`telefone`, COUNT(*) as total_compras, SUM(pos_sales.total) as total_gasto, AVG(pos_sales.total) as ticket_medio, MAX(pos_sales.created_at) as ultima_compra
FROM `pos_sales`
JOIN `clientes` ON `clientes`.`id_cliente` = `pos_sales`.`id_cliente`
WHERE `pos_sales`.`id_empresa` = :pos_sales.id_empresa:
AND `pos_sales`.`status` = :pos_sales.status:
AND `pos_sales`.`id_cliente` IS NOT NULL
GROUP BY `pos_sales`.`id_cliente`
ORDER BY `total_compras` DESC
 LIMIT 50', [...], false)
 5 APPPATH\Controllers\RelatoriosEmpresa.php(621): CodeIgniter\Database\BaseBuilder->get()
 6 APPPATH\Controllers\RelatoriosEmpresa.php(591): App\Controllers\RelatoriosEmpresa->getClientesMaisFrequentes([])
 7 SYSTEMPATH\CodeIgniter.php(941): App\Controllers\RelatoriosEmpresa->clientes()
 8 SYSTEMPATH\CodeIgniter.php(502): CodeIgniter\CodeIgniter->runController(Object(App\Controllers\RelatoriosEmpresa))
 9 SYSTEMPATH\CodeIgniter.php(361): CodeIgniter\CodeIgniter->handleRequest(null, Object(Config\Cache), false)
10 FCPATH\index.php(79): CodeIgniter\CodeIgniter->run()
CRITICAL - 2025-09-30 03:02:49 --> ErrorException: Uncaught TypeError: htmlspecialchars(): Argument #1 ($string) must be of type string, resource given in C:\xampp\htdocs\erp.local\app\Views\errors\html\error_exception.php:182
Stack trace:
#0 C:\xampp\htdocs\erp.local\app\Views\errors\html\error_exception.php(182): htmlspecialchars(Resource id #42, 8, 'UTF-8')
#1 C:\xampp\htdocs\erp.local\system\Debug\BaseExceptionHandler.php(258): include('C:\\xampp\\htdocs...')
#2 C:\xampp\htdocs\erp.local\system\Debug\BaseExceptionHandler.php(261): CodeIgniter\Debug\BaseExceptionHandler->CodeIgniter\Debug\{closure}()
#3 C:\xampp\htdocs\erp.local\system\Debug\ExceptionHandler.php(112): CodeIgniter\Debug\BaseExceptionHandler->render(Object(CodeIgniter\Database\Exceptions\DatabaseException), 500, 'C:\\xampp\\htdocs...')
#4 C:\xampp\htdocs\erp.local\system\Debug\Exceptions.php(156): CodeIgniter\Debug\ExceptionHandler->handle(Object(CodeIgniter\Database\Exceptions\DatabaseException), Object(CodeIgniter\HTTP\IncomingRequest), Object(CodeIgniter\HTTP\Response), 500, 8)
#5 [internal function]: CodeIgniter\Debug\Exceptions->exceptionHandler(Object(CodeIgniter\Database\Exceptions\DatabaseException))
#6 {main}
  thrown
【Previous Exception】
CodeIgniter\Database\Exceptions\DatabaseException
Unknown column 'clientes.documento' in 'field list'
#0 C:\xampp\htdocs\erp.local\system\Database\BaseBuilder.php(1616): CodeIgniter\Database\BaseConnection->query('SELECT `pos_sal...', Array, false)
#1 C:\xampp\htdocs\erp.local\app\Controllers\RelatoriosEmpresa.php(621): CodeIgniter\Database\BaseBuilder->get()
#2 C:\xampp\htdocs\erp.local\app\Controllers\RelatoriosEmpresa.php(591): App\Controllers\RelatoriosEmpresa->getClientesMaisFrequentes(Array)
#3 C:\xampp\htdocs\erp.local\system\CodeIgniter.php(941): App\Controllers\RelatoriosEmpresa->clientes()
#4 C:\xampp\htdocs\erp.local\system\CodeIgniter.php(502): CodeIgniter\CodeIgniter->runController(Object(App\Controllers\RelatoriosEmpresa))
#5 C:\xampp\htdocs\erp.local\system\CodeIgniter.php(361): CodeIgniter\CodeIgniter->handleRequest(NULL, Object(Config\Cache), false)
#6 C:\xampp\htdocs\erp.local\public\index.php(79): CodeIgniter\CodeIgniter->run()
#7 {main}
in APPPATH\Views\errors\html\error_exception.php on line 182.
 1 [internal function]: CodeIgniter\Debug\Exceptions->shutdownHandler()
INFO - 2025-09-30 03:02:50 --> Session: Class initialized using 'CodeIgniter\Session\Handlers\FileHandler' driver.
ERROR - 2025-09-30 03:02:51 --> mysqli_sql_exception: Unknown column 'produtos.codigo_barras' in 'field list' in C:\xampp\htdocs\erp.local\system\Database\MySQLi\Connection.php:306
Stack trace:
#0 C:\xampp\htdocs\erp.local\system\Database\MySQLi\Connection.php(306): mysqli->query('SELECT `stock_a...', 0)
#1 C:\xampp\htdocs\erp.local\system\Database\BaseConnection.php(693): CodeIgniter\Database\MySQLi\Connection->execute('SELECT `stock_a...')
#2 C:\xampp\htdocs\erp.local\system\Database\BaseConnection.php(607): CodeIgniter\Database\BaseConnection->simpleQuery('SELECT `stock_a...')
#3 C:\xampp\htdocs\erp.local\system\Database\BaseBuilder.php(1616): CodeIgniter\Database\BaseConnection->query('SELECT `stock_a...', Array, false)
#4 C:\xampp\htdocs\erp.local\app\Models\BaseAppModel.php(129): CodeIgniter\Database\BaseBuilder->get()
#5 C:\xampp\htdocs\erp.local\app\Controllers\RelatoriosEmpresa.php(654): App\Models\BaseAppModel->findAll()
#6 C:\xampp\htdocs\erp.local\system\CodeIgniter.php(941): App\Controllers\RelatoriosEmpresa->alertasEstoque()
#7 C:\xampp\htdocs\erp.local\system\CodeIgniter.php(502): CodeIgniter\CodeIgniter->runController(Object(App\Controllers\RelatoriosEmpresa))
#8 C:\xampp\htdocs\erp.local\system\CodeIgniter.php(361): CodeIgniter\CodeIgniter->handleRequest(NULL, Object(Config\Cache), false)
#9 C:\xampp\htdocs\erp.local\public\index.php(79): CodeIgniter\CodeIgniter->run()
#10 {main}
CRITICAL - 2025-09-30 03:02:51 --> CodeIgniter\Database\Exceptions\DatabaseException: Unknown column 'produtos.codigo_barras' in 'field list'
in SYSTEMPATH\Database\BaseConnection.php on line 647.
 1 SYSTEMPATH\Database\BaseBuilder.php(1616): CodeIgniter\Database\BaseConnection->query('SELECT `stock_alerts`.*, `produtos`.`nome` as `produto_nome`, `produtos`.`codigo_barras`
FROM `stock_alerts`
JOIN `produtos` ON `produtos`.`id_produto` = `stock_alerts`.`id_produto`
WHERE `stock_alerts`.`id_empresa` = :stock_alerts.id_empresa:
AND `stock_alerts`.`status` = :stock_alerts.status:
AND `stock_alerts`.`id_empresa` = :stock_alerts.id_empresa.1:
ORDER BY `stock_alerts`.`alert_type` ASC, `stock_alerts`.`current_stock` ASC', [...], false)
 2 APPPATH\Models\BaseAppModel.php(129): CodeIgniter\Database\BaseBuilder->get()
 3 APPPATH\Controllers\RelatoriosEmpresa.php(654): App\Models\BaseAppModel->findAll()
 4 SYSTEMPATH\CodeIgniter.php(941): App\Controllers\RelatoriosEmpresa->alertasEstoque()
 5 SYSTEMPATH\CodeIgniter.php(502): CodeIgniter\CodeIgniter->runController(Object(App\Controllers\RelatoriosEmpresa))
 6 SYSTEMPATH\CodeIgniter.php(361): CodeIgniter\CodeIgniter->handleRequest(null, Object(Config\Cache), false)
 7 FCPATH\index.php(79): CodeIgniter\CodeIgniter->run()
CRITICAL - 2025-09-30 03:02:51 --> [Caused by] CodeIgniter\Database\Exceptions\DatabaseException: Unknown column 'produtos.codigo_barras' in 'field list'
in SYSTEMPATH\Database\MySQLi\Connection.php on line 311.
 1 SYSTEMPATH\Database\BaseConnection.php(693): CodeIgniter\Database\MySQLi\Connection->execute('SELECT `stock_alerts`.*, `produtos`.`nome` as `produto_nome`, `produtos`.`codigo_barras`
FROM `stock_alerts`
JOIN `produtos` ON `produtos`.`id_produto` = `stock_alerts`.`id_produto`
WHERE `stock_alerts`.`id_empresa` = \'3\'
AND `stock_alerts`.`status` = \'active\'
AND `stock_alerts`.`id_empresa` = 3
ORDER BY `stock_alerts`.`alert_type` ASC, `stock_alerts`.`current_stock` ASC')
 2 SYSTEMPATH\Database\BaseConnection.php(607): CodeIgniter\Database\BaseConnection->simpleQuery('SELECT `stock_alerts`.*, `produtos`.`nome` as `produto_nome`, `produtos`.`codigo_barras`
FROM `stock_alerts`
JOIN `produtos` ON `produtos`.`id_produto` = `stock_alerts`.`id_produto`
WHERE `stock_alerts`.`id_empresa` = \'3\'
AND `stock_alerts`.`status` = \'active\'
AND `stock_alerts`.`id_empresa` = 3
ORDER BY `stock_alerts`.`alert_type` ASC, `stock_alerts`.`current_stock` ASC')
 3 SYSTEMPATH\Database\BaseBuilder.php(1616): CodeIgniter\Database\BaseConnection->query('SELECT `stock_alerts`.*, `produtos`.`nome` as `produto_nome`, `produtos`.`codigo_barras`
FROM `stock_alerts`
JOIN `produtos` ON `produtos`.`id_produto` = `stock_alerts`.`id_produto`
WHERE `stock_alerts`.`id_empresa` = :stock_alerts.id_empresa:
AND `stock_alerts`.`status` = :stock_alerts.status:
AND `stock_alerts`.`id_empresa` = :stock_alerts.id_empresa.1:
ORDER BY `stock_alerts`.`alert_type` ASC, `stock_alerts`.`current_stock` ASC', [...], false)
 4 APPPATH\Models\BaseAppModel.php(129): CodeIgniter\Database\BaseBuilder->get()
 5 APPPATH\Controllers\RelatoriosEmpresa.php(654): App\Models\BaseAppModel->findAll()
 6 SYSTEMPATH\CodeIgniter.php(941): App\Controllers\RelatoriosEmpresa->alertasEstoque()
 7 SYSTEMPATH\CodeIgniter.php(502): CodeIgniter\CodeIgniter->runController(Object(App\Controllers\RelatoriosEmpresa))
 8 SYSTEMPATH\CodeIgniter.php(361): CodeIgniter\CodeIgniter->handleRequest(null, Object(Config\Cache), false)
 9 FCPATH\index.php(79): CodeIgniter\CodeIgniter->run()
CRITICAL - 2025-09-30 03:02:51 --> [Caused by] mysqli_sql_exception: Unknown column 'produtos.codigo_barras' in 'field list'
in SYSTEMPATH\Database\MySQLi\Connection.php on line 306.
 1 SYSTEMPATH\Database\MySQLi\Connection.php(306): mysqli->query('SELECT `stock_alerts`.*, `produtos`.`nome` as `produto_nome`, `produtos`.`codigo_barras`
FROM `stock_alerts`
JOIN `produtos` ON `produtos`.`id_produto` = `stock_alerts`.`id_produto`
WHERE `stock_alerts`.`id_empresa` = \'3\'
AND `stock_alerts`.`status` = \'active\'
AND `stock_alerts`.`id_empresa` = 3
ORDER BY `stock_alerts`.`alert_type` ASC, `stock_alerts`.`current_stock` ASC', 0)
 2 SYSTEMPATH\Database\BaseConnection.php(693): CodeIgniter\Database\MySQLi\Connection->execute('SELECT `stock_alerts`.*, `produtos`.`nome` as `produto_nome`, `produtos`.`codigo_barras`
FROM `stock_alerts`
JOIN `produtos` ON `produtos`.`id_produto` = `stock_alerts`.`id_produto`
WHERE `stock_alerts`.`id_empresa` = \'3\'
AND `stock_alerts`.`status` = \'active\'
AND `stock_alerts`.`id_empresa` = 3
ORDER BY `stock_alerts`.`alert_type` ASC, `stock_alerts`.`current_stock` ASC')
 3 SYSTEMPATH\Database\BaseConnection.php(607): CodeIgniter\Database\BaseConnection->simpleQuery('SELECT `stock_alerts`.*, `produtos`.`nome` as `produto_nome`, `produtos`.`codigo_barras`
FROM `stock_alerts`
JOIN `produtos` ON `produtos`.`id_produto` = `stock_alerts`.`id_produto`
WHERE `stock_alerts`.`id_empresa` = \'3\'
AND `stock_alerts`.`status` = \'active\'
AND `stock_alerts`.`id_empresa` = 3
ORDER BY `stock_alerts`.`alert_type` ASC, `stock_alerts`.`current_stock` ASC')
 4 SYSTEMPATH\Database\BaseBuilder.php(1616): CodeIgniter\Database\BaseConnection->query('SELECT `stock_alerts`.*, `produtos`.`nome` as `produto_nome`, `produtos`.`codigo_barras`
FROM `stock_alerts`
JOIN `produtos` ON `produtos`.`id_produto` = `stock_alerts`.`id_produto`
WHERE `stock_alerts`.`id_empresa` = :stock_alerts.id_empresa:
AND `stock_alerts`.`status` = :stock_alerts.status:
AND `stock_alerts`.`id_empresa` = :stock_alerts.id_empresa.1:
ORDER BY `stock_alerts`.`alert_type` ASC, `stock_alerts`.`current_stock` ASC', [...], false)
 5 APPPATH\Models\BaseAppModel.php(129): CodeIgniter\Database\BaseBuilder->get()
 6 APPPATH\Controllers\RelatoriosEmpresa.php(654): App\Models\BaseAppModel->findAll()
 7 SYSTEMPATH\CodeIgniter.php(941): App\Controllers\RelatoriosEmpresa->alertasEstoque()
 8 SYSTEMPATH\CodeIgniter.php(502): CodeIgniter\CodeIgniter->runController(Object(App\Controllers\RelatoriosEmpresa))
 9 SYSTEMPATH\CodeIgniter.php(361): CodeIgniter\CodeIgniter->handleRequest(null, Object(Config\Cache), false)
10 FCPATH\index.php(79): CodeIgniter\CodeIgniter->run()
CRITICAL - 2025-09-30 03:02:51 --> ErrorException: Uncaught TypeError: htmlspecialchars(): Argument #1 ($string) must be of type string, resource given in C:\xampp\htdocs\erp.local\app\Views\errors\html\error_exception.php:182
Stack trace:
#0 C:\xampp\htdocs\erp.local\app\Views\errors\html\error_exception.php(182): htmlspecialchars(Resource id #42, 8, 'UTF-8')
#1 C:\xampp\htdocs\erp.local\system\Debug\BaseExceptionHandler.php(258): include('C:\\xampp\\htdocs...')
#2 C:\xampp\htdocs\erp.local\system\Debug\BaseExceptionHandler.php(261): CodeIgniter\Debug\BaseExceptionHandler->CodeIgniter\Debug\{closure}()
#3 C:\xampp\htdocs\erp.local\system\Debug\ExceptionHandler.php(112): CodeIgniter\Debug\BaseExceptionHandler->render(Object(CodeIgniter\Database\Exceptions\DatabaseException), 500, 'C:\\xampp\\htdocs...')
#4 C:\xampp\htdocs\erp.local\system\Debug\Exceptions.php(156): CodeIgniter\Debug\ExceptionHandler->handle(Object(CodeIgniter\Database\Exceptions\DatabaseException), Object(CodeIgniter\HTTP\IncomingRequest), Object(CodeIgniter\HTTP\Response), 500, 8)
#5 [internal function]: CodeIgniter\Debug\Exceptions->exceptionHandler(Object(CodeIgniter\Database\Exceptions\DatabaseException))
#6 {main}
  thrown
【Previous Exception】
CodeIgniter\Database\Exceptions\DatabaseException
Unknown column 'produtos.codigo_barras' in 'field list'
#0 C:\xampp\htdocs\erp.local\system\Database\BaseBuilder.php(1616): CodeIgniter\Database\BaseConnection->query('SELECT `stock_a...', Array, false)
#1 C:\xampp\htdocs\erp.local\app\Models\BaseAppModel.php(129): CodeIgniter\Database\BaseBuilder->get()
#2 C:\xampp\htdocs\erp.local\app\Controllers\RelatoriosEmpresa.php(654): App\Models\BaseAppModel->findAll()
#3 C:\xampp\htdocs\erp.local\system\CodeIgniter.php(941): App\Controllers\RelatoriosEmpresa->alertasEstoque()
#4 C:\xampp\htdocs\erp.local\system\CodeIgniter.php(502): CodeIgniter\CodeIgniter->runController(Object(App\Controllers\RelatoriosEmpresa))
#5 C:\xampp\htdocs\erp.local\system\CodeIgniter.php(361): CodeIgniter\CodeIgniter->handleRequest(NULL, Object(Config\Cache), false)
#6 C:\xampp\htdocs\erp.local\public\index.php(79): CodeIgniter\CodeIgniter->run()
#7 {main}
in APPPATH\Views\errors\html\error_exception.php on line 182.
 1 [internal function]: CodeIgniter\Debug\Exceptions->shutdownHandler()
INFO - 2025-09-30 03:02:52 --> Session: Class initialized using 'CodeIgniter\Session\Handlers\FileHandler' driver.
CRITICAL - 2025-09-30 03:02:52 --> CodeIgniter\View\Exceptions\ViewException: Invalid file: "relatorios_empresa/agendamentos.php"
in SYSTEMPATH\Exceptions\FrameworkException.php on line 39.
 1 SYSTEMPATH\View\View.php(216): CodeIgniter\Exceptions\FrameworkException::forInvalidFile('relatorios_empresa/agendamentos.php')
 2 SYSTEMPATH\Common.php(1178): CodeIgniter\View\View->render('relatorios_empresa/agendamentos', [], true)
 3 APPPATH\Controllers\RelatoriosEmpresa.php(725): view('relatorios_empresa/agendamentos', [...])
 4 SYSTEMPATH\CodeIgniter.php(941): App\Controllers\RelatoriosEmpresa->agendamentos()
 5 SYSTEMPATH\CodeIgniter.php(502): CodeIgniter\CodeIgniter->runController(Object(App\Controllers\RelatoriosEmpresa))
 6 SYSTEMPATH\CodeIgniter.php(361): CodeIgniter\CodeIgniter->handleRequest(null, Object(Config\Cache), false)
 7 FCPATH\index.php(79): CodeIgniter\CodeIgniter->run()
CRITICAL - 2025-09-30 03:02:52 --> ErrorException: Uncaught TypeError: htmlspecialchars(): Argument #1 ($string) must be of type string, resource given in C:\xampp\htdocs\erp.local\app\Views\errors\html\error_exception.php:182
Stack trace:
#0 C:\xampp\htdocs\erp.local\app\Views\errors\html\error_exception.php(182): htmlspecialchars(Resource id #42, 8, 'UTF-8')
#1 C:\xampp\htdocs\erp.local\system\Debug\BaseExceptionHandler.php(258): include('C:\\xampp\\htdocs...')
#2 C:\xampp\htdocs\erp.local\system\Debug\BaseExceptionHandler.php(261): CodeIgniter\Debug\BaseExceptionHandler->CodeIgniter\Debug\{closure}()
#3 C:\xampp\htdocs\erp.local\system\Debug\ExceptionHandler.php(112): CodeIgniter\Debug\BaseExceptionHandler->render(Object(CodeIgniter\View\Exceptions\ViewException), 500, 'C:\\xampp\\htdocs...')
#4 C:\xampp\htdocs\erp.local\system\Debug\Exceptions.php(156): CodeIgniter\Debug\ExceptionHandler->handle(Object(CodeIgniter\View\Exceptions\ViewException), Object(CodeIgniter\HTTP\IncomingRequest), Object(CodeIgniter\HTTP\Response), 500, 1)
#5 [internal function]: CodeIgniter\Debug\Exceptions->exceptionHandler(Object(CodeIgniter\View\Exceptions\ViewException))
#6 {main}
  thrown
【Previous Exception】
CodeIgniter\View\Exceptions\ViewException
Invalid file: "relatorios_empresa/agendamentos.php"
#0 C:\xampp\htdocs\erp.local\system\View\View.php(216): CodeIgniter\Exceptions\FrameworkException::forInvalidFile('relatorios_empr...')
#1 C:\xampp\htdocs\erp.local\system\Common.php(1178): CodeIgniter\View\View->render('relatorios_empr...', Array, true)
#2 C:\xampp\htdocs\erp.local\app\Controllers\RelatoriosEmpresa.php(725): view('relatorios_empr...', Array)
#3 C:\xampp\htdocs\erp.local\system\CodeIgniter.php(941): App\Controllers\RelatoriosEmpresa->agendamentos()
#4 C:\xampp\htdocs\erp.local\system\CodeIgniter.php(502): CodeIgniter\CodeIgniter->runController(Object(App\Controllers\RelatoriosEmpresa))
#5 C:\xampp\htdocs\erp.local\system\CodeIgniter.php(361): CodeIgniter\CodeIgniter->handleRequest(NULL, Object(Config\Cache), false)
#6 C:\xampp\htdocs\erp.local\public\index.php(79): CodeIgniter\CodeIgniter->run()
#7 {main}
in APPPATH\Views\errors\html\error_exception.php on line 182.
 1 [internal function]: CodeIgniter\Debug\Exceptions->shutdownHandler()
INFO - 2025-09-30 03:02:53 --> Session: Class initialized using 'CodeIgniter\Session\Handlers\FileHandler' driver.
CRITICAL - 2025-09-30 03:02:53 --> CodeIgniter\View\Exceptions\ViewException: Invalid file: "relatorios_empresa/customizar.php"
in SYSTEMPATH\Exceptions\FrameworkException.php on line 39.
 1 SYSTEMPATH\View\View.php(216): CodeIgniter\Exceptions\FrameworkException::forInvalidFile('relatorios_empresa/customizar.php')
 2 SYSTEMPATH\Common.php(1178): CodeIgniter\View\View->render('relatorios_empresa/customizar', [], true)
 3 APPPATH\Controllers\RelatoriosEmpresa.php(838): view('relatorios_empresa/customizar', [...])
 4 SYSTEMPATH\CodeIgniter.php(941): App\Controllers\RelatoriosEmpresa->customizarDashboard()
 5 SYSTEMPATH\CodeIgniter.php(502): CodeIgniter\CodeIgniter->runController(Object(App\Controllers\RelatoriosEmpresa))
 6 SYSTEMPATH\CodeIgniter.php(361): CodeIgniter\CodeIgniter->handleRequest(null, Object(Config\Cache), false)
 7 FCPATH\index.php(79): CodeIgniter\CodeIgniter->run()
CRITICAL - 2025-09-30 03:02:53 --> ErrorException: Uncaught TypeError: htmlspecialchars(): Argument #1 ($string) must be of type string, resource given in C:\xampp\htdocs\erp.local\app\Views\errors\html\error_exception.php:182
Stack trace:
#0 C:\xampp\htdocs\erp.local\app\Views\errors\html\error_exception.php(182): htmlspecialchars(Resource id #42, 8, 'UTF-8')
#1 C:\xampp\htdocs\erp.local\system\Debug\BaseExceptionHandler.php(258): include('C:\\xampp\\htdocs...')
#2 C:\xampp\htdocs\erp.local\system\Debug\BaseExceptionHandler.php(261): CodeIgniter\Debug\BaseExceptionHandler->CodeIgniter\Debug\{closure}()
#3 C:\xampp\htdocs\erp.local\system\Debug\ExceptionHandler.php(112): CodeIgniter\Debug\BaseExceptionHandler->render(Object(CodeIgniter\View\Exceptions\ViewException), 500, 'C:\\xampp\\htdocs...')
#4 C:\xampp\htdocs\erp.local\system\Debug\Exceptions.php(156): CodeIgniter\Debug\ExceptionHandler->handle(Object(CodeIgniter\View\Exceptions\ViewException), Object(CodeIgniter\HTTP\IncomingRequest), Object(CodeIgniter\HTTP\Response), 500, 1)
#5 [internal function]: CodeIgniter\Debug\Exceptions->exceptionHandler(Object(CodeIgniter\View\Exceptions\ViewException))
#6 {main}
  thrown
【Previous Exception】
CodeIgniter\View\Exceptions\ViewException
Invalid file: "relatorios_empresa/customizar.php"
#0 C:\xampp\htdocs\erp.local\system\View\View.php(216): CodeIgniter\Exceptions\FrameworkException::forInvalidFile('relatorios_empr...')
#1 C:\xampp\htdocs\erp.local\system\Common.php(1178): CodeIgniter\View\View->render('relatorios_empr...', Array, true)
#2 C:\xampp\htdocs\erp.local\app\Controllers\RelatoriosEmpresa.php(838): view('relatorios_empr...', Array)
#3 C:\xampp\htdocs\erp.local\system\CodeIgniter.php(941): App\Controllers\RelatoriosEmpresa->customizarDashboard()
#4 C:\xampp\htdocs\erp.local\system\CodeIgniter.php(502): CodeIgniter\CodeIgniter->runController(Object(App\Controllers\RelatoriosEmpresa))
#5 C:\xampp\htdocs\erp.local\system\CodeIgniter.php(361): CodeIgniter\CodeIgniter->handleRequest(NULL, Object(Config\Cache), false)
#6 C:\xampp\htdocs\erp.local\public\index.php(79): CodeIgniter\CodeIgniter->run()
#7 {main}
in APPPATH\Views\errors\html\error_exception.php on line 182.
 1 [internal function]: CodeIgniter\Debug\Exceptions->shutdownHandler()
INFO - 2025-09-30 03:05:20 --> Session: Class initialized using 'CodeIgniter\Session\Handlers\FileHandler' driver.
INFO - 2025-09-30 03:05:25 --> Session: Class initialized using 'CodeIgniter\Session\Handlers\FileHandler' driver.
ERROR - 2025-09-30 03:05:25 --> mysqli_sql_exception: Unknown column 'clientes.documento' in 'field list' in C:\xampp\htdocs\erp.local\system\Database\MySQLi\Connection.php:306
Stack trace:
#0 C:\xampp\htdocs\erp.local\system\Database\MySQLi\Connection.php(306): mysqli->query('SELECT `pos_sal...', 0)
#1 C:\xampp\htdocs\erp.local\system\Database\BaseConnection.php(693): CodeIgniter\Database\MySQLi\Connection->execute('SELECT `pos_sal...')
#2 C:\xampp\htdocs\erp.local\system\Database\BaseConnection.php(607): CodeIgniter\Database\BaseConnection->simpleQuery('SELECT `pos_sal...')
#3 C:\xampp\htdocs\erp.local\system\Database\BaseBuilder.php(1616): CodeIgniter\Database\BaseConnection->query('SELECT `pos_sal...', Array, false)
#4 C:\xampp\htdocs\erp.local\app\Controllers\RelatoriosEmpresa.php(282): CodeIgniter\Database\BaseBuilder->get()
#5 C:\xampp\htdocs\erp.local\app\Controllers\RelatoriosEmpresa.php(108): App\Controllers\RelatoriosEmpresa->getVendasComFiltros(Array)
#6 C:\xampp\htdocs\erp.local\system\CodeIgniter.php(941): App\Controllers\RelatoriosEmpresa->vendas()
#7 C:\xampp\htdocs\erp.local\system\CodeIgniter.php(502): CodeIgniter\CodeIgniter->runController(Object(App\Controllers\RelatoriosEmpresa))
#8 C:\xampp\htdocs\erp.local\system\CodeIgniter.php(361): CodeIgniter\CodeIgniter->handleRequest(NULL, Object(Config\Cache), false)
#9 C:\xampp\htdocs\erp.local\public\index.php(79): CodeIgniter\CodeIgniter->run()
#10 {main}
CRITICAL - 2025-09-30 03:05:25 --> CodeIgniter\Database\Exceptions\DatabaseException: Unknown column 'clientes.documento' in 'field list'
in SYSTEMPATH\Database\BaseConnection.php on line 647.
 1 SYSTEMPATH\Database\BaseBuilder.php(1616): CodeIgniter\Database\BaseConnection->query('SELECT `pos_sales`.*, `clientes`.`nome` as `cliente_nome`, `clientes`.`documento` as `cliente_documento`
FROM `pos_sales`
LEFT JOIN `clientes` ON `clientes`.`id_cliente` = `pos_sales`.`id_cliente`
WHERE `pos_sales`.`id_empresa` = :pos_sales.id_empresa:
ORDER BY `pos_sales`.`created_at` DESC', [...], false)
 2 APPPATH\Controllers\RelatoriosEmpresa.php(282): CodeIgniter\Database\BaseBuilder->get()
 3 APPPATH\Controllers\RelatoriosEmpresa.php(108): App\Controllers\RelatoriosEmpresa->getVendasComFiltros([])
 4 SYSTEMPATH\CodeIgniter.php(941): App\Controllers\RelatoriosEmpresa->vendas()
 5 SYSTEMPATH\CodeIgniter.php(502): CodeIgniter\CodeIgniter->runController(Object(App\Controllers\RelatoriosEmpresa))
 6 SYSTEMPATH\CodeIgniter.php(361): CodeIgniter\CodeIgniter->handleRequest(null, Object(Config\Cache), false)
 7 FCPATH\index.php(79): CodeIgniter\CodeIgniter->run()
CRITICAL - 2025-09-30 03:05:25 --> [Caused by] CodeIgniter\Database\Exceptions\DatabaseException: Unknown column 'clientes.documento' in 'field list'
in SYSTEMPATH\Database\MySQLi\Connection.php on line 311.
 1 SYSTEMPATH\Database\BaseConnection.php(693): CodeIgniter\Database\MySQLi\Connection->execute('SELECT `pos_sales`.*, `clientes`.`nome` as `cliente_nome`, `clientes`.`documento` as `cliente_documento`
FROM `pos_sales`
LEFT JOIN `clientes` ON `clientes`.`id_cliente` = `pos_sales`.`id_cliente`
WHERE `pos_sales`.`id_empresa` = \'3\'
ORDER BY `pos_sales`.`created_at` DESC')
 2 SYSTEMPATH\Database\BaseConnection.php(607): CodeIgniter\Database\BaseConnection->simpleQuery('SELECT `pos_sales`.*, `clientes`.`nome` as `cliente_nome`, `clientes`.`documento` as `cliente_documento`
FROM `pos_sales`
LEFT JOIN `clientes` ON `clientes`.`id_cliente` = `pos_sales`.`id_cliente`
WHERE `pos_sales`.`id_empresa` = \'3\'
ORDER BY `pos_sales`.`created_at` DESC')
 3 SYSTEMPATH\Database\BaseBuilder.php(1616): CodeIgniter\Database\BaseConnection->query('SELECT `pos_sales`.*, `clientes`.`nome` as `cliente_nome`, `clientes`.`documento` as `cliente_documento`
FROM `pos_sales`
LEFT JOIN `clientes` ON `clientes`.`id_cliente` = `pos_sales`.`id_cliente`
WHERE `pos_sales`.`id_empresa` = :pos_sales.id_empresa:
ORDER BY `pos_sales`.`created_at` DESC', [...], false)
 4 APPPATH\Controllers\RelatoriosEmpresa.php(282): CodeIgniter\Database\BaseBuilder->get()
 5 APPPATH\Controllers\RelatoriosEmpresa.php(108): App\Controllers\RelatoriosEmpresa->getVendasComFiltros([])
 6 SYSTEMPATH\CodeIgniter.php(941): App\Controllers\RelatoriosEmpresa->vendas()
 7 SYSTEMPATH\CodeIgniter.php(502): CodeIgniter\CodeIgniter->runController(Object(App\Controllers\RelatoriosEmpresa))
 8 SYSTEMPATH\CodeIgniter.php(361): CodeIgniter\CodeIgniter->handleRequest(null, Object(Config\Cache), false)
 9 FCPATH\index.php(79): CodeIgniter\CodeIgniter->run()
CRITICAL - 2025-09-30 03:05:25 --> [Caused by] mysqli_sql_exception: Unknown column 'clientes.documento' in 'field list'
in SYSTEMPATH\Database\MySQLi\Connection.php on line 306.
 1 SYSTEMPATH\Database\MySQLi\Connection.php(306): mysqli->query('SELECT `pos_sales`.*, `clientes`.`nome` as `cliente_nome`, `clientes`.`documento` as `cliente_documento`
FROM `pos_sales`
LEFT JOIN `clientes` ON `clientes`.`id_cliente` = `pos_sales`.`id_cliente`
WHERE `pos_sales`.`id_empresa` = \'3\'
ORDER BY `pos_sales`.`created_at` DESC', 0)
 2 SYSTEMPATH\Database\BaseConnection.php(693): CodeIgniter\Database\MySQLi\Connection->execute('SELECT `pos_sales`.*, `clientes`.`nome` as `cliente_nome`, `clientes`.`documento` as `cliente_documento`
FROM `pos_sales`
LEFT JOIN `clientes` ON `clientes`.`id_cliente` = `pos_sales`.`id_cliente`
WHERE `pos_sales`.`id_empresa` = \'3\'
ORDER BY `pos_sales`.`created_at` DESC')
 3 SYSTEMPATH\Database\BaseConnection.php(607): CodeIgniter\Database\BaseConnection->simpleQuery('SELECT `pos_sales`.*, `clientes`.`nome` as `cliente_nome`, `clientes`.`documento` as `cliente_documento`
FROM `pos_sales`
LEFT JOIN `clientes` ON `clientes`.`id_cliente` = `pos_sales`.`id_cliente`
WHERE `pos_sales`.`id_empresa` = \'3\'
ORDER BY `pos_sales`.`created_at` DESC')
 4 SYSTEMPATH\Database\BaseBuilder.php(1616): CodeIgniter\Database\BaseConnection->query('SELECT `pos_sales`.*, `clientes`.`nome` as `cliente_nome`, `clientes`.`documento` as `cliente_documento`
FROM `pos_sales`
LEFT JOIN `clientes` ON `clientes`.`id_cliente` = `pos_sales`.`id_cliente`
WHERE `pos_sales`.`id_empresa` = :pos_sales.id_empresa:
ORDER BY `pos_sales`.`created_at` DESC', [...], false)
 5 APPPATH\Controllers\RelatoriosEmpresa.php(282): CodeIgniter\Database\BaseBuilder->get()
 6 APPPATH\Controllers\RelatoriosEmpresa.php(108): App\Controllers\RelatoriosEmpresa->getVendasComFiltros([])
 7 SYSTEMPATH\CodeIgniter.php(941): App\Controllers\RelatoriosEmpresa->vendas()
 8 SYSTEMPATH\CodeIgniter.php(502): CodeIgniter\CodeIgniter->runController(Object(App\Controllers\RelatoriosEmpresa))
 9 SYSTEMPATH\CodeIgniter.php(361): CodeIgniter\CodeIgniter->handleRequest(null, Object(Config\Cache), false)
10 FCPATH\index.php(79): CodeIgniter\CodeIgniter->run()
CRITICAL - 2025-09-30 03:05:25 --> ErrorException: Uncaught TypeError: htmlspecialchars(): Argument #1 ($string) must be of type string, resource given in C:\xampp\htdocs\erp.local\app\Views\errors\html\error_exception.php:182
Stack trace:
#0 C:\xampp\htdocs\erp.local\app\Views\errors\html\error_exception.php(182): htmlspecialchars(Resource id #42, 8, 'UTF-8')
#1 C:\xampp\htdocs\erp.local\system\Debug\BaseExceptionHandler.php(258): include('C:\\xampp\\htdocs...')
#2 C:\xampp\htdocs\erp.local\system\Debug\BaseExceptionHandler.php(261): CodeIgniter\Debug\BaseExceptionHandler->CodeIgniter\Debug\{closure}()
#3 C:\xampp\htdocs\erp.local\system\Debug\ExceptionHandler.php(112): CodeIgniter\Debug\BaseExceptionHandler->render(Object(CodeIgniter\Database\Exceptions\DatabaseException), 500, 'C:\\xampp\\htdocs...')
#4 C:\xampp\htdocs\erp.local\system\Debug\Exceptions.php(156): CodeIgniter\Debug\ExceptionHandler->handle(Object(CodeIgniter\Database\Exceptions\DatabaseException), Object(CodeIgniter\HTTP\IncomingRequest), Object(CodeIgniter\HTTP\Response), 500, 8)
#5 [internal function]: CodeIgniter\Debug\Exceptions->exceptionHandler(Object(CodeIgniter\Database\Exceptions\DatabaseException))
#6 {main}
  thrown
【Previous Exception】
CodeIgniter\Database\Exceptions\DatabaseException
Unknown column 'clientes.documento' in 'field list'
#0 C:\xampp\htdocs\erp.local\system\Database\BaseBuilder.php(1616): CodeIgniter\Database\BaseConnection->query('SELECT `pos_sal...', Array, false)
#1 C:\xampp\htdocs\erp.local\app\Controllers\RelatoriosEmpresa.php(282): CodeIgniter\Database\BaseBuilder->get()
#2 C:\xampp\htdocs\erp.local\app\Controllers\RelatoriosEmpresa.php(108): App\Controllers\RelatoriosEmpresa->getVendasComFiltros(Array)
#3 C:\xampp\htdocs\erp.local\system\CodeIgniter.php(941): App\Controllers\RelatoriosEmpresa->vendas()
#4 C:\xampp\htdocs\erp.local\system\CodeIgniter.php(502): CodeIgniter\CodeIgniter->runController(Object(App\Controllers\RelatoriosEmpresa))
#5 C:\xampp\htdocs\erp.local\system\CodeIgniter.php(361): CodeIgniter\CodeIgniter->handleRequest(NULL, Object(Config\Cache), false)
#6 C:\xampp\htdocs\erp.local\public\index.php(79): CodeIgniter\CodeIgniter->run()
#7 {main}
in APPPATH\Views\errors\html\error_exception.php on line 182.
 1 [internal function]: CodeIgniter\Debug\Exceptions->shutdownHandler()
INFO - 2025-09-30 03:05:27 --> Session: Class initialized using 'CodeIgniter\Session\Handlers\FileHandler' driver.
INFO - 2025-09-30 03:05:28 --> Session: Class initialized using 'CodeIgniter\Session\Handlers\FileHandler' driver.
INFO - 2025-09-30 03:05:29 --> Session: Class initialized using 'CodeIgniter\Session\Handlers\FileHandler' driver.
INFO - 2025-09-30 03:05:31 --> Session: Class initialized using 'CodeIgniter\Session\Handlers\FileHandler' driver.
INFO - 2025-09-30 03:05:32 --> Session: Class initialized using 'CodeIgniter\Session\Handlers\FileHandler' driver.
ERROR - 2025-09-30 03:05:32 --> mysqli_sql_exception: You have an error in your SQL syntax; check the manual that corresponds to your MariaDB server version for the right syntax to use near 'ASC, "%Y-%m") ASC' at line 7 in C:\xampp\htdocs\erp.local\system\Database\MySQLi\Connection.php:306
Stack trace:
#0 C:\xampp\htdocs\erp.local\system\Database\MySQLi\Connection.php(306): mysqli->query('SELECT DATE_FOR...', 0)
#1 C:\xampp\htdocs\erp.local\system\Database\BaseConnection.php(693): CodeIgniter\Database\MySQLi\Connection->execute('SELECT DATE_FOR...')
#2 C:\xampp\htdocs\erp.local\system\Database\BaseConnection.php(607): CodeIgniter\Database\BaseConnection->simpleQuery('SELECT DATE_FOR...')
#3 C:\xampp\htdocs\erp.local\system\Database\BaseBuilder.php(1616): CodeIgniter\Database\BaseConnection->query('SELECT DATE_FOR...', Array, false)
#4 C:\xampp\htdocs\erp.local\app\Controllers\RelatoriosEmpresa.php(563): CodeIgniter\Database\BaseBuilder->get()
#5 C:\xampp\htdocs\erp.local\app\Controllers\RelatoriosEmpresa.php(521): App\Controllers\RelatoriosEmpresa->getEvolucaoTemporal('month')
#6 C:\xampp\htdocs\erp.local\system\CodeIgniter.php(941): App\Controllers\RelatoriosEmpresa->evolucao()
#7 C:\xampp\htdocs\erp.local\system\CodeIgniter.php(502): CodeIgniter\CodeIgniter->runController(Object(App\Controllers\RelatoriosEmpresa))
#8 C:\xampp\htdocs\erp.local\system\CodeIgniter.php(361): CodeIgniter\CodeIgniter->handleRequest(NULL, Object(Config\Cache), false)
#9 C:\xampp\htdocs\erp.local\public\index.php(79): CodeIgniter\CodeIgniter->run()
#10 {main}
CRITICAL - 2025-09-30 03:05:32 --> CodeIgniter\Database\Exceptions\DatabaseException: You have an error in your SQL syntax; check the manual that corresponds to your MariaDB server version for the right syntax to use near 'ASC, "%Y-%m") ASC' at line 7
in SYSTEMPATH\Database\BaseConnection.php on line 647.
 1 SYSTEMPATH\Database\BaseBuilder.php(1616): CodeIgniter\Database\BaseConnection->query('SELECT DATE_FORMAT(created_at, "%Y-%m") as periodo, COUNT(*) as quantidade, SUM(total) as valor
FROM `pos_sales`
WHERE `id_empresa` = :id_empresa:
AND `status` = :status:
AND `created_at` >= :created_at:
GROUP BY DATE_FORMAT(created_at, "%Y-%m")
ORDER BY DATE_FORMAT(created_at ASC, "%Y-%m") ASC', [...], false)
 2 APPPATH\Controllers\RelatoriosEmpresa.php(563): CodeIgniter\Database\BaseBuilder->get()
 3 APPPATH\Controllers\RelatoriosEmpresa.php(521): App\Controllers\RelatoriosEmpresa->getEvolucaoTemporal('month')
 4 SYSTEMPATH\CodeIgniter.php(941): App\Controllers\RelatoriosEmpresa->evolucao()
 5 SYSTEMPATH\CodeIgniter.php(502): CodeIgniter\CodeIgniter->runController(Object(App\Controllers\RelatoriosEmpresa))
 6 SYSTEMPATH\CodeIgniter.php(361): CodeIgniter\CodeIgniter->handleRequest(null, Object(Config\Cache), false)
 7 FCPATH\index.php(79): CodeIgniter\CodeIgniter->run()
CRITICAL - 2025-09-30 03:05:32 --> [Caused by] CodeIgniter\Database\Exceptions\DatabaseException: You have an error in your SQL syntax; check the manual that corresponds to your MariaDB server version for the right syntax to use near 'ASC, "%Y-%m") ASC' at line 7
in SYSTEMPATH\Database\MySQLi\Connection.php on line 311.
 1 SYSTEMPATH\Database\BaseConnection.php(693): CodeIgniter\Database\MySQLi\Connection->execute('SELECT DATE_FORMAT(created_at, "%Y-%m") as periodo, COUNT(*) as quantidade, SUM(total) as valor
FROM `pos_sales`
WHERE `id_empresa` = \'3\'
AND `status` = \'finalized\'
AND `created_at` >= \'2024-09-30\'
GROUP BY DATE_FORMAT(created_at, "%Y-%m")
ORDER BY DATE_FORMAT(created_at ASC, "%Y-%m") ASC')
 2 SYSTEMPATH\Database\BaseConnection.php(607): CodeIgniter\Database\BaseConnection->simpleQuery('SELECT DATE_FORMAT(created_at, "%Y-%m") as periodo, COUNT(*) as quantidade, SUM(total) as valor
FROM `pos_sales`
WHERE `id_empresa` = \'3\'
AND `status` = \'finalized\'
AND `created_at` >= \'2024-09-30\'
GROUP BY DATE_FORMAT(created_at, "%Y-%m")
ORDER BY DATE_FORMAT(created_at ASC, "%Y-%m") ASC')
 3 SYSTEMPATH\Database\BaseBuilder.php(1616): CodeIgniter\Database\BaseConnection->query('SELECT DATE_FORMAT(created_at, "%Y-%m") as periodo, COUNT(*) as quantidade, SUM(total) as valor
FROM `pos_sales`
WHERE `id_empresa` = :id_empresa:
AND `status` = :status:
AND `created_at` >= :created_at:
GROUP BY DATE_FORMAT(created_at, "%Y-%m")
ORDER BY DATE_FORMAT(created_at ASC, "%Y-%m") ASC', [...], false)
 4 APPPATH\Controllers\RelatoriosEmpresa.php(563): CodeIgniter\Database\BaseBuilder->get()
 5 APPPATH\Controllers\RelatoriosEmpresa.php(521): App\Controllers\RelatoriosEmpresa->getEvolucaoTemporal('month')
 6 SYSTEMPATH\CodeIgniter.php(941): App\Controllers\RelatoriosEmpresa->evolucao()
 7 SYSTEMPATH\CodeIgniter.php(502): CodeIgniter\CodeIgniter->runController(Object(App\Controllers\RelatoriosEmpresa))
 8 SYSTEMPATH\CodeIgniter.php(361): CodeIgniter\CodeIgniter->handleRequest(null, Object(Config\Cache), false)
 9 FCPATH\index.php(79): CodeIgniter\CodeIgniter->run()
CRITICAL - 2025-09-30 03:05:32 --> [Caused by] mysqli_sql_exception: You have an error in your SQL syntax; check the manual that corresponds to your MariaDB server version for the right syntax to use near 'ASC, "%Y-%m") ASC' at line 7
in SYSTEMPATH\Database\MySQLi\Connection.php on line 306.
 1 SYSTEMPATH\Database\MySQLi\Connection.php(306): mysqli->query('SELECT DATE_FORMAT(created_at, "%Y-%m") as periodo, COUNT(*) as quantidade, SUM(total) as valor
FROM `pos_sales`
WHERE `id_empresa` = \'3\'
AND `status` = \'finalized\'
AND `created_at` >= \'2024-09-30\'
GROUP BY DATE_FORMAT(created_at, "%Y-%m")
ORDER BY DATE_FORMAT(created_at ASC, "%Y-%m") ASC', 0)
 2 SYSTEMPATH\Database\BaseConnection.php(693): CodeIgniter\Database\MySQLi\Connection->execute('SELECT DATE_FORMAT(created_at, "%Y-%m") as periodo, COUNT(*) as quantidade, SUM(total) as valor
FROM `pos_sales`
WHERE `id_empresa` = \'3\'
AND `status` = \'finalized\'
AND `created_at` >= \'2024-09-30\'
GROUP BY DATE_FORMAT(created_at, "%Y-%m")
ORDER BY DATE_FORMAT(created_at ASC, "%Y-%m") ASC')
 3 SYSTEMPATH\Database\BaseConnection.php(607): CodeIgniter\Database\BaseConnection->simpleQuery('SELECT DATE_FORMAT(created_at, "%Y-%m") as periodo, COUNT(*) as quantidade, SUM(total) as valor
FROM `pos_sales`
WHERE `id_empresa` = \'3\'
AND `status` = \'finalized\'
AND `created_at` >= \'2024-09-30\'
GROUP BY DATE_FORMAT(created_at, "%Y-%m")
ORDER BY DATE_FORMAT(created_at ASC, "%Y-%m") ASC')
 4 SYSTEMPATH\Database\BaseBuilder.php(1616): CodeIgniter\Database\BaseConnection->query('SELECT DATE_FORMAT(created_at, "%Y-%m") as periodo, COUNT(*) as quantidade, SUM(total) as valor
FROM `pos_sales`
WHERE `id_empresa` = :id_empresa:
AND `status` = :status:
AND `created_at` >= :created_at:
GROUP BY DATE_FORMAT(created_at, "%Y-%m")
ORDER BY DATE_FORMAT(created_at ASC, "%Y-%m") ASC', [...], false)
 5 APPPATH\Controllers\RelatoriosEmpresa.php(563): CodeIgniter\Database\BaseBuilder->get()
 6 APPPATH\Controllers\RelatoriosEmpresa.php(521): App\Controllers\RelatoriosEmpresa->getEvolucaoTemporal('month')
 7 SYSTEMPATH\CodeIgniter.php(941): App\Controllers\RelatoriosEmpresa->evolucao()
 8 SYSTEMPATH\CodeIgniter.php(502): CodeIgniter\CodeIgniter->runController(Object(App\Controllers\RelatoriosEmpresa))
 9 SYSTEMPATH\CodeIgniter.php(361): CodeIgniter\CodeIgniter->handleRequest(null, Object(Config\Cache), false)
10 FCPATH\index.php(79): CodeIgniter\CodeIgniter->run()
CRITICAL - 2025-09-30 03:05:32 --> ErrorException: Uncaught TypeError: htmlspecialchars(): Argument #1 ($string) must be of type string, resource given in C:\xampp\htdocs\erp.local\app\Views\errors\html\error_exception.php:182
Stack trace:
#0 C:\xampp\htdocs\erp.local\app\Views\errors\html\error_exception.php(182): htmlspecialchars(Resource id #42, 8, 'UTF-8')
#1 C:\xampp\htdocs\erp.local\system\Debug\BaseExceptionHandler.php(258): include('C:\\xampp\\htdocs...')
#2 C:\xampp\htdocs\erp.local\system\Debug\BaseExceptionHandler.php(261): CodeIgniter\Debug\BaseExceptionHandler->CodeIgniter\Debug\{closure}()
#3 C:\xampp\htdocs\erp.local\system\Debug\ExceptionHandler.php(112): CodeIgniter\Debug\BaseExceptionHandler->render(Object(CodeIgniter\Database\Exceptions\DatabaseException), 500, 'C:\\xampp\\htdocs...')
#4 C:\xampp\htdocs\erp.local\system\Debug\Exceptions.php(156): CodeIgniter\Debug\ExceptionHandler->handle(Object(CodeIgniter\Database\Exceptions\DatabaseException), Object(CodeIgniter\HTTP\IncomingRequest), Object(CodeIgniter\HTTP\Response), 500, 8)
#5 [internal function]: CodeIgniter\Debug\Exceptions->exceptionHandler(Object(CodeIgniter\Database\Exceptions\DatabaseException))
#6 {main}
  thrown
【Previous Exception】
CodeIgniter\Database\Exceptions\DatabaseException
You have an error in your SQL syntax; check the manual that corresponds to your MariaDB server version for the right syntax to use near 'ASC, "%Y-%m") ASC' at line 7
#0 C:\xampp\htdocs\erp.local\system\Database\BaseBuilder.php(1616): CodeIgniter\Database\BaseConnection->query('SELECT DATE_FOR...', Array, false)
#1 C:\xampp\htdocs\erp.local\app\Controllers\RelatoriosEmpresa.php(563): CodeIgniter\Database\BaseBuilder->get()
#2 C:\xampp\htdocs\erp.local\app\Controllers\RelatoriosEmpresa.php(521): App\Controllers\RelatoriosEmpresa->getEvolucaoTemporal('month')
#3 C:\xampp\htdocs\erp.local\system\CodeIgniter.php(941): App\Controllers\RelatoriosEmpresa->evolucao()
#4 C:\xampp\htdocs\erp.local\system\CodeIgniter.php(502): CodeIgniter\CodeIgniter->runController(Object(App\Controllers\RelatoriosEmpresa))
#5 C:\xampp\htdocs\erp.local\system\CodeIgniter.php(361): CodeIgniter\CodeIgniter->handleRequest(NULL, Object(Config\Cache), false)
#6 C:\xampp\htdocs\erp.local\public\index.php(79): CodeIgniter\CodeIgniter->run()
#7 {main}
in APPPATH\Views\errors\html\error_exception.php on line 182.
 1 [internal function]: CodeIgniter\Debug\Exceptions->shutdownHandler()
INFO - 2025-09-30 03:05:34 --> Session: Class initialized using 'CodeIgniter\Session\Handlers\FileHandler' driver.
ERROR - 2025-09-30 03:05:34 --> mysqli_sql_exception: Unknown column 'clientes.documento' in 'field list' in C:\xampp\htdocs\erp.local\system\Database\MySQLi\Connection.php:306
Stack trace:
#0 C:\xampp\htdocs\erp.local\system\Database\MySQLi\Connection.php(306): mysqli->query('SELECT `pos_sal...', 0)
#1 C:\xampp\htdocs\erp.local\system\Database\BaseConnection.php(693): CodeIgniter\Database\MySQLi\Connection->execute('SELECT `pos_sal...')
#2 C:\xampp\htdocs\erp.local\system\Database\BaseConnection.php(607): CodeIgniter\Database\BaseConnection->simpleQuery('SELECT `pos_sal...')
#3 C:\xampp\htdocs\erp.local\system\Database\BaseBuilder.php(1616): CodeIgniter\Database\BaseConnection->query('SELECT `pos_sal...', Array, false)
#4 C:\xampp\htdocs\erp.local\app\Controllers\RelatoriosEmpresa.php(621): CodeIgniter\Database\BaseBuilder->get()
#5 C:\xampp\htdocs\erp.local\app\Controllers\RelatoriosEmpresa.php(591): App\Controllers\RelatoriosEmpresa->getClientesMaisFrequentes(Array)
#6 C:\xampp\htdocs\erp.local\system\CodeIgniter.php(941): App\Controllers\RelatoriosEmpresa->clientes()
#7 C:\xampp\htdocs\erp.local\system\CodeIgniter.php(502): CodeIgniter\CodeIgniter->runController(Object(App\Controllers\RelatoriosEmpresa))
#8 C:\xampp\htdocs\erp.local\system\CodeIgniter.php(361): CodeIgniter\CodeIgniter->handleRequest(NULL, Object(Config\Cache), false)
#9 C:\xampp\htdocs\erp.local\public\index.php(79): CodeIgniter\CodeIgniter->run()
#10 {main}
CRITICAL - 2025-09-30 03:05:34 --> CodeIgniter\Database\Exceptions\DatabaseException: Unknown column 'clientes.documento' in 'field list'
in SYSTEMPATH\Database\BaseConnection.php on line 647.
 1 SYSTEMPATH\Database\BaseBuilder.php(1616): CodeIgniter\Database\BaseConnection->query('SELECT `pos_sales`.`id_cliente`, `clientes`.`nome`, `clientes`.`documento`, `clientes`.`email`, `clientes`.`telefone`, COUNT(*) as total_compras, SUM(pos_sales.total) as total_gasto, AVG(pos_sales.total) as ticket_medio, MAX(pos_sales.created_at) as ultima_compra
FROM `pos_sales`
JOIN `clientes` ON `clientes`.`id_cliente` = `pos_sales`.`id_cliente`
WHERE `pos_sales`.`id_empresa` = :pos_sales.id_empresa:
AND `pos_sales`.`status` = :pos_sales.status:
AND `pos_sales`.`id_cliente` IS NOT NULL
GROUP BY `pos_sales`.`id_cliente`
ORDER BY `total_compras` DESC
 LIMIT 50', [...], false)
 2 APPPATH\Controllers\RelatoriosEmpresa.php(621): CodeIgniter\Database\BaseBuilder->get()
 3 APPPATH\Controllers\RelatoriosEmpresa.php(591): App\Controllers\RelatoriosEmpresa->getClientesMaisFrequentes([])
 4 SYSTEMPATH\CodeIgniter.php(941): App\Controllers\RelatoriosEmpresa->clientes()
 5 SYSTEMPATH\CodeIgniter.php(502): CodeIgniter\CodeIgniter->runController(Object(App\Controllers\RelatoriosEmpresa))
 6 SYSTEMPATH\CodeIgniter.php(361): CodeIgniter\CodeIgniter->handleRequest(null, Object(Config\Cache), false)
 7 FCPATH\index.php(79): CodeIgniter\CodeIgniter->run()
CRITICAL - 2025-09-30 03:05:34 --> [Caused by] CodeIgniter\Database\Exceptions\DatabaseException: Unknown column 'clientes.documento' in 'field list'
in SYSTEMPATH\Database\MySQLi\Connection.php on line 311.
 1 SYSTEMPATH\Database\BaseConnection.php(693): CodeIgniter\Database\MySQLi\Connection->execute('SELECT `pos_sales`.`id_cliente`, `clientes`.`nome`, `clientes`.`documento`, `clientes`.`email`, `clientes`.`telefone`, COUNT(*) as total_compras, SUM(pos_sales.total) as total_gasto, AVG(pos_sales.total) as ticket_medio, MAX(pos_sales.created_at) as ultima_compra
FROM `pos_sales`
JOIN `clientes` ON `clientes`.`id_cliente` = `pos_sales`.`id_cliente`
WHERE `pos_sales`.`id_empresa` = \'3\'
AND `pos_sales`.`status` = \'finalized\'
AND `pos_sales`.`id_cliente` IS NOT NULL
GROUP BY `pos_sales`.`id_cliente`
ORDER BY `total_compras` DESC
 LIMIT 50')
 2 SYSTEMPATH\Database\BaseConnection.php(607): CodeIgniter\Database\BaseConnection->simpleQuery('SELECT `pos_sales`.`id_cliente`, `clientes`.`nome`, `clientes`.`documento`, `clientes`.`email`, `clientes`.`telefone`, COUNT(*) as total_compras, SUM(pos_sales.total) as total_gasto, AVG(pos_sales.total) as ticket_medio, MAX(pos_sales.created_at) as ultima_compra
FROM `pos_sales`
JOIN `clientes` ON `clientes`.`id_cliente` = `pos_sales`.`id_cliente`
WHERE `pos_sales`.`id_empresa` = \'3\'
AND `pos_sales`.`status` = \'finalized\'
AND `pos_sales`.`id_cliente` IS NOT NULL
GROUP BY `pos_sales`.`id_cliente`
ORDER BY `total_compras` DESC
 LIMIT 50')
 3 SYSTEMPATH\Database\BaseBuilder.php(1616): CodeIgniter\Database\BaseConnection->query('SELECT `pos_sales`.`id_cliente`, `clientes`.`nome`, `clientes`.`documento`, `clientes`.`email`, `clientes`.`telefone`, COUNT(*) as total_compras, SUM(pos_sales.total) as total_gasto, AVG(pos_sales.total) as ticket_medio, MAX(pos_sales.created_at) as ultima_compra
FROM `pos_sales`
JOIN `clientes` ON `clientes`.`id_cliente` = `pos_sales`.`id_cliente`
WHERE `pos_sales`.`id_empresa` = :pos_sales.id_empresa:
AND `pos_sales`.`status` = :pos_sales.status:
AND `pos_sales`.`id_cliente` IS NOT NULL
GROUP BY `pos_sales`.`id_cliente`
ORDER BY `total_compras` DESC
 LIMIT 50', [...], false)
 4 APPPATH\Controllers\RelatoriosEmpresa.php(621): CodeIgniter\Database\BaseBuilder->get()
 5 APPPATH\Controllers\RelatoriosEmpresa.php(591): App\Controllers\RelatoriosEmpresa->getClientesMaisFrequentes([])
 6 SYSTEMPATH\CodeIgniter.php(941): App\Controllers\RelatoriosEmpresa->clientes()
 7 SYSTEMPATH\CodeIgniter.php(502): CodeIgniter\CodeIgniter->runController(Object(App\Controllers\RelatoriosEmpresa))
 8 SYSTEMPATH\CodeIgniter.php(361): CodeIgniter\CodeIgniter->handleRequest(null, Object(Config\Cache), false)
 9 FCPATH\index.php(79): CodeIgniter\CodeIgniter->run()
CRITICAL - 2025-09-30 03:05:34 --> [Caused by] mysqli_sql_exception: Unknown column 'clientes.documento' in 'field list'
in SYSTEMPATH\Database\MySQLi\Connection.php on line 306.
 1 SYSTEMPATH\Database\MySQLi\Connection.php(306): mysqli->query('SELECT `pos_sales`.`id_cliente`, `clientes`.`nome`, `clientes`.`documento`, `clientes`.`email`, `clientes`.`telefone`, COUNT(*) as total_compras, SUM(pos_sales.total) as total_gasto, AVG(pos_sales.total) as ticket_medio, MAX(pos_sales.created_at) as ultima_compra
FROM `pos_sales`
JOIN `clientes` ON `clientes`.`id_cliente` = `pos_sales`.`id_cliente`
WHERE `pos_sales`.`id_empresa` = \'3\'
AND `pos_sales`.`status` = \'finalized\'
AND `pos_sales`.`id_cliente` IS NOT NULL
GROUP BY `pos_sales`.`id_cliente`
ORDER BY `total_compras` DESC
 LIMIT 50', 0)
 2 SYSTEMPATH\Database\BaseConnection.php(693): CodeIgniter\Database\MySQLi\Connection->execute('SELECT `pos_sales`.`id_cliente`, `clientes`.`nome`, `clientes`.`documento`, `clientes`.`email`, `clientes`.`telefone`, COUNT(*) as total_compras, SUM(pos_sales.total) as total_gasto, AVG(pos_sales.total) as ticket_medio, MAX(pos_sales.created_at) as ultima_compra
FROM `pos_sales`
JOIN `clientes` ON `clientes`.`id_cliente` = `pos_sales`.`id_cliente`
WHERE `pos_sales`.`id_empresa` = \'3\'
AND `pos_sales`.`status` = \'finalized\'
AND `pos_sales`.`id_cliente` IS NOT NULL
GROUP BY `pos_sales`.`id_cliente`
ORDER BY `total_compras` DESC
 LIMIT 50')
 3 SYSTEMPATH\Database\BaseConnection.php(607): CodeIgniter\Database\BaseConnection->simpleQuery('SELECT `pos_sales`.`id_cliente`, `clientes`.`nome`, `clientes`.`documento`, `clientes`.`email`, `clientes`.`telefone`, COUNT(*) as total_compras, SUM(pos_sales.total) as total_gasto, AVG(pos_sales.total) as ticket_medio, MAX(pos_sales.created_at) as ultima_compra
FROM `pos_sales`
JOIN `clientes` ON `clientes`.`id_cliente` = `pos_sales`.`id_cliente`
WHERE `pos_sales`.`id_empresa` = \'3\'
AND `pos_sales`.`status` = \'finalized\'
AND `pos_sales`.`id_cliente` IS NOT NULL
GROUP BY `pos_sales`.`id_cliente`
ORDER BY `total_compras` DESC
 LIMIT 50')
 4 SYSTEMPATH\Database\BaseBuilder.php(1616): CodeIgniter\Database\BaseConnection->query('SELECT `pos_sales`.`id_cliente`, `clientes`.`nome`, `clientes`.`documento`, `clientes`.`email`, `clientes`.`telefone`, COUNT(*) as total_compras, SUM(pos_sales.total) as total_gasto, AVG(pos_sales.total) as ticket_medio, MAX(pos_sales.created_at) as ultima_compra
FROM `pos_sales`
JOIN `clientes` ON `clientes`.`id_cliente` = `pos_sales`.`id_cliente`
WHERE `pos_sales`.`id_empresa` = :pos_sales.id_empresa:
AND `pos_sales`.`status` = :pos_sales.status:
AND `pos_sales`.`id_cliente` IS NOT NULL
GROUP BY `pos_sales`.`id_cliente`
ORDER BY `total_compras` DESC
 LIMIT 50', [...], false)
 5 APPPATH\Controllers\RelatoriosEmpresa.php(621): CodeIgniter\Database\BaseBuilder->get()
 6 APPPATH\Controllers\RelatoriosEmpresa.php(591): App\Controllers\RelatoriosEmpresa->getClientesMaisFrequentes([])
 7 SYSTEMPATH\CodeIgniter.php(941): App\Controllers\RelatoriosEmpresa->clientes()
 8 SYSTEMPATH\CodeIgniter.php(502): CodeIgniter\CodeIgniter->runController(Object(App\Controllers\RelatoriosEmpresa))
 9 SYSTEMPATH\CodeIgniter.php(361): CodeIgniter\CodeIgniter->handleRequest(null, Object(Config\Cache), false)
10 FCPATH\index.php(79): CodeIgniter\CodeIgniter->run()
CRITICAL - 2025-09-30 03:05:34 --> ErrorException: Uncaught TypeError: htmlspecialchars(): Argument #1 ($string) must be of type string, resource given in C:\xampp\htdocs\erp.local\app\Views\errors\html\error_exception.php:182
Stack trace:
#0 C:\xampp\htdocs\erp.local\app\Views\errors\html\error_exception.php(182): htmlspecialchars(Resource id #42, 8, 'UTF-8')
#1 C:\xampp\htdocs\erp.local\system\Debug\BaseExceptionHandler.php(258): include('C:\\xampp\\htdocs...')
#2 C:\xampp\htdocs\erp.local\system\Debug\BaseExceptionHandler.php(261): CodeIgniter\Debug\BaseExceptionHandler->CodeIgniter\Debug\{closure}()
#3 C:\xampp\htdocs\erp.local\system\Debug\ExceptionHandler.php(112): CodeIgniter\Debug\BaseExceptionHandler->render(Object(CodeIgniter\Database\Exceptions\DatabaseException), 500, 'C:\\xampp\\htdocs...')
#4 C:\xampp\htdocs\erp.local\system\Debug\Exceptions.php(156): CodeIgniter\Debug\ExceptionHandler->handle(Object(CodeIgniter\Database\Exceptions\DatabaseException), Object(CodeIgniter\HTTP\IncomingRequest), Object(CodeIgniter\HTTP\Response), 500, 8)
#5 [internal function]: CodeIgniter\Debug\Exceptions->exceptionHandler(Object(CodeIgniter\Database\Exceptions\DatabaseException))
#6 {main}
  thrown
【Previous Exception】
CodeIgniter\Database\Exceptions\DatabaseException
Unknown column 'clientes.documento' in 'field list'
#0 C:\xampp\htdocs\erp.local\system\Database\BaseBuilder.php(1616): CodeIgniter\Database\BaseConnection->query('SELECT `pos_sal...', Array, false)
#1 C:\xampp\htdocs\erp.local\app\Controllers\RelatoriosEmpresa.php(621): CodeIgniter\Database\BaseBuilder->get()
#2 C:\xampp\htdocs\erp.local\app\Controllers\RelatoriosEmpresa.php(591): App\Controllers\RelatoriosEmpresa->getClientesMaisFrequentes(Array)
#3 C:\xampp\htdocs\erp.local\system\CodeIgniter.php(941): App\Controllers\RelatoriosEmpresa->clientes()
#4 C:\xampp\htdocs\erp.local\system\CodeIgniter.php(502): CodeIgniter\CodeIgniter->runController(Object(App\Controllers\RelatoriosEmpresa))
#5 C:\xampp\htdocs\erp.local\system\CodeIgniter.php(361): CodeIgniter\CodeIgniter->handleRequest(NULL, Object(Config\Cache), false)
#6 C:\xampp\htdocs\erp.local\public\index.php(79): CodeIgniter\CodeIgniter->run()
#7 {main}
in APPPATH\Views\errors\html\error_exception.php on line 182.
 1 [internal function]: CodeIgniter\Debug\Exceptions->shutdownHandler()
INFO - 2025-09-30 03:05:35 --> Session: Class initialized using 'CodeIgniter\Session\Handlers\FileHandler' driver.
INFO - 2025-09-30 03:05:37 --> Session: Class initialized using 'CodeIgniter\Session\Handlers\FileHandler' driver.
INFO - 2025-09-30 03:05:39 --> Session: Class initialized using 'CodeIgniter\Session\Handlers\FileHandler' driver.
INFO - 2025-09-30 03:05:43 --> Session: Class initialized using 'CodeIgniter\Session\Handlers\FileHandler' driver.
INFO - 2025-09-30 03:15:31 --> Session: Class initialized using 'CodeIgniter\Session\Handlers\FileHandler' driver.
CRITICAL - 2025-09-30 03:15:31 --> ErrorException: Cannot redeclare App\Controllers\RelatoriosEmpresa::exportarVendasExcel()
in APPPATH\Controllers\RelatoriosEmpresa.php on line 888.
 1 [internal function]: CodeIgniter\Debug\Exceptions->shutdownHandler()
INFO - 2025-09-30 03:15:35 --> Session: Class initialized using 'CodeIgniter\Session\Handlers\FileHandler' driver.
INFO - 2025-09-30 03:15:37 --> Session: Class initialized using 'CodeIgniter\Session\Handlers\FileHandler' driver.
CRITICAL - 2025-09-30 03:15:37 --> ErrorException: Cannot redeclare App\Controllers\RelatoriosEmpresa::exportarVendasExcel()
in APPPATH\Controllers\RelatoriosEmpresa.php on line 888.
 1 [internal function]: CodeIgniter\Debug\Exceptions->shutdownHandler()
DEBUG - 2025-09-30 03:18:37 --> Session: Initialization under CLI aborted.
INFO - 2025-09-30 03:32:42 --> Session: Class initialized using 'CodeIgniter\Session\Handlers\FileHandler' driver.
CRITICAL - 2025-09-30 03:32:42 --> ErrorException: Cannot redeclare App\Controllers\RelatoriosEmpresa::exportarVendasExcel()
in APPPATH\Controllers\RelatoriosEmpresa.php on line 888.
 1 [internal function]: CodeIgniter\Debug\Exceptions->shutdownHandler()
INFO - 2025-09-30 03:34:08 --> Session: Class initialized using 'CodeIgniter\Session\Handlers\FileHandler' driver.
INFO - 2025-09-30 03:34:19 --> Session: Class initialized using 'CodeIgniter\Session\Handlers\FileHandler' driver.
ERROR - 2025-09-30 03:34:19 --> mysqli_sql_exception: You have an error in your SQL syntax; check the manual that corresponds to your MariaDB server version for the right syntax to use near '.`tipo = 2 THEN clientes`.`cnpj ELSE "" END` as `cliente_documento`
FROM `pos...' at line 1 in C:\xampp\htdocs\erp.local\system\Database\MySQLi\Connection.php:306
Stack trace:
#0 C:\xampp\htdocs\erp.local\system\Database\MySQLi\Connection.php(306): mysqli->query('SELECT `pos_sal...', 0)
#1 C:\xampp\htdocs\erp.local\system\Database\BaseConnection.php(693): CodeIgniter\Database\MySQLi\Connection->execute('SELECT `pos_sal...')
#2 C:\xampp\htdocs\erp.local\system\Database\BaseConnection.php(607): CodeIgniter\Database\BaseConnection->simpleQuery('SELECT `pos_sal...')
#3 C:\xampp\htdocs\erp.local\system\Database\BaseBuilder.php(1616): CodeIgniter\Database\BaseConnection->query('SELECT `pos_sal...', Array, false)
#4 C:\xampp\htdocs\erp.local\app\Controllers\RelatoriosEmpresa.php(287): CodeIgniter\Database\BaseBuilder->get()
#5 C:\xampp\htdocs\erp.local\app\Controllers\RelatoriosEmpresa.php(108): App\Controllers\RelatoriosEmpresa->getVendasComFiltros(Array)
#6 C:\xampp\htdocs\erp.local\system\CodeIgniter.php(941): App\Controllers\RelatoriosEmpresa->vendas()
#7 C:\xampp\htdocs\erp.local\system\CodeIgniter.php(502): CodeIgniter\CodeIgniter->runController(Object(App\Controllers\RelatoriosEmpresa))
#8 C:\xampp\htdocs\erp.local\system\CodeIgniter.php(361): CodeIgniter\CodeIgniter->handleRequest(NULL, Object(Config\Cache), false)
#9 C:\xampp\htdocs\erp.local\public\index.php(79): CodeIgniter\CodeIgniter->run()
#10 {main}
CRITICAL - 2025-09-30 03:34:19 --> CodeIgniter\Database\Exceptions\DatabaseException: You have an error in your SQL syntax; check the manual that corresponds to your MariaDB server version for the right syntax to use near '.`tipo = 2 THEN clientes`.`cnpj ELSE "" END` as `cliente_documento`
FROM `pos...' at line 1
in SYSTEMPATH\Database\BaseConnection.php on line 647.
 1 SYSTEMPATH\Database\BaseBuilder.php(1616): CodeIgniter\Database\BaseConnection->query('SELECT `pos_sales`.*, `clientes`.`nome` as `cliente_nome`, `CASE WHEN clientes`.`tipo = 1 THEN clientes`.`cpf WHEN clientes`.`tipo = 2 THEN clientes`.`cnpj ELSE "" END` as `cliente_documento`
FROM `pos_sales`
LEFT JOIN `clientes` ON `clientes`.`id_cliente` = `pos_sales`.`id_cliente`
WHERE `pos_sales`.`id_empresa` = :pos_sales.id_empresa:
ORDER BY `pos_sales`.`created_at` DESC', [...], false)
 2 APPPATH\Controllers\RelatoriosEmpresa.php(287): CodeIgniter\Database\BaseBuilder->get()
 3 APPPATH\Controllers\RelatoriosEmpresa.php(108): App\Controllers\RelatoriosEmpresa->getVendasComFiltros([])
 4 SYSTEMPATH\CodeIgniter.php(941): App\Controllers\RelatoriosEmpresa->vendas()
 5 SYSTEMPATH\CodeIgniter.php(502): CodeIgniter\CodeIgniter->runController(Object(App\Controllers\RelatoriosEmpresa))
 6 SYSTEMPATH\CodeIgniter.php(361): CodeIgniter\CodeIgniter->handleRequest(null, Object(Config\Cache), false)
 7 FCPATH\index.php(79): CodeIgniter\CodeIgniter->run()
CRITICAL - 2025-09-30 03:34:19 --> [Caused by] CodeIgniter\Database\Exceptions\DatabaseException: You have an error in your SQL syntax; check the manual that corresponds to your MariaDB server version for the right syntax to use near '.`tipo = 2 THEN clientes`.`cnpj ELSE "" END` as `cliente_documento`
FROM `pos...' at line 1
in SYSTEMPATH\Database\MySQLi\Connection.php on line 311.
 1 SYSTEMPATH\Database\BaseConnection.php(693): CodeIgniter\Database\MySQLi\Connection->execute('SELECT `pos_sales`.*, `clientes`.`nome` as `cliente_nome`, `CASE WHEN clientes`.`tipo = 1 THEN clientes`.`cpf WHEN clientes`.`tipo = 2 THEN clientes`.`cnpj ELSE "" END` as `cliente_documento`
FROM `pos_sales`
LEFT JOIN `clientes` ON `clientes`.`id_cliente` = `pos_sales`.`id_cliente`
WHERE `pos_sales`.`id_empresa` = \'3\'
ORDER BY `pos_sales`.`created_at` DESC')
 2 SYSTEMPATH\Database\BaseConnection.php(607): CodeIgniter\Database\BaseConnection->simpleQuery('SELECT `pos_sales`.*, `clientes`.`nome` as `cliente_nome`, `CASE WHEN clientes`.`tipo = 1 THEN clientes`.`cpf WHEN clientes`.`tipo = 2 THEN clientes`.`cnpj ELSE "" END` as `cliente_documento`
FROM `pos_sales`
LEFT JOIN `clientes` ON `clientes`.`id_cliente` = `pos_sales`.`id_cliente`
WHERE `pos_sales`.`id_empresa` = \'3\'
ORDER BY `pos_sales`.`created_at` DESC')
 3 SYSTEMPATH\Database\BaseBuilder.php(1616): CodeIgniter\Database\BaseConnection->query('SELECT `pos_sales`.*, `clientes`.`nome` as `cliente_nome`, `CASE WHEN clientes`.`tipo = 1 THEN clientes`.`cpf WHEN clientes`.`tipo = 2 THEN clientes`.`cnpj ELSE "" END` as `cliente_documento`
FROM `pos_sales`
LEFT JOIN `clientes` ON `clientes`.`id_cliente` = `pos_sales`.`id_cliente`
WHERE `pos_sales`.`id_empresa` = :pos_sales.id_empresa:
ORDER BY `pos_sales`.`created_at` DESC', [...], false)
 4 APPPATH\Controllers\RelatoriosEmpresa.php(287): CodeIgniter\Database\BaseBuilder->get()
 5 APPPATH\Controllers\RelatoriosEmpresa.php(108): App\Controllers\RelatoriosEmpresa->getVendasComFiltros([])
 6 SYSTEMPATH\CodeIgniter.php(941): App\Controllers\RelatoriosEmpresa->vendas()
 7 SYSTEMPATH\CodeIgniter.php(502): CodeIgniter\CodeIgniter->runController(Object(App\Controllers\RelatoriosEmpresa))
 8 SYSTEMPATH\CodeIgniter.php(361): CodeIgniter\CodeIgniter->handleRequest(null, Object(Config\Cache), false)
 9 FCPATH\index.php(79): CodeIgniter\CodeIgniter->run()
CRITICAL - 2025-09-30 03:34:19 --> [Caused by] mysqli_sql_exception: You have an error in your SQL syntax; check the manual that corresponds to your MariaDB server version for the right syntax to use near '.`tipo = 2 THEN clientes`.`cnpj ELSE "" END` as `cliente_documento`
FROM `pos...' at line 1
in SYSTEMPATH\Database\MySQLi\Connection.php on line 306.
 1 SYSTEMPATH\Database\MySQLi\Connection.php(306): mysqli->query('SELECT `pos_sales`.*, `clientes`.`nome` as `cliente_nome`, `CASE WHEN clientes`.`tipo = 1 THEN clientes`.`cpf WHEN clientes`.`tipo = 2 THEN clientes`.`cnpj ELSE "" END` as `cliente_documento`
FROM `pos_sales`
LEFT JOIN `clientes` ON `clientes`.`id_cliente` = `pos_sales`.`id_cliente`
WHERE `pos_sales`.`id_empresa` = \'3\'
ORDER BY `pos_sales`.`created_at` DESC', 0)
 2 SYSTEMPATH\Database\BaseConnection.php(693): CodeIgniter\Database\MySQLi\Connection->execute('SELECT `pos_sales`.*, `clientes`.`nome` as `cliente_nome`, `CASE WHEN clientes`.`tipo = 1 THEN clientes`.`cpf WHEN clientes`.`tipo = 2 THEN clientes`.`cnpj ELSE "" END` as `cliente_documento`
FROM `pos_sales`
LEFT JOIN `clientes` ON `clientes`.`id_cliente` = `pos_sales`.`id_cliente`
WHERE `pos_sales`.`id_empresa` = \'3\'
ORDER BY `pos_sales`.`created_at` DESC')
 3 SYSTEMPATH\Database\BaseConnection.php(607): CodeIgniter\Database\BaseConnection->simpleQuery('SELECT `pos_sales`.*, `clientes`.`nome` as `cliente_nome`, `CASE WHEN clientes`.`tipo = 1 THEN clientes`.`cpf WHEN clientes`.`tipo = 2 THEN clientes`.`cnpj ELSE "" END` as `cliente_documento`
FROM `pos_sales`
LEFT JOIN `clientes` ON `clientes`.`id_cliente` = `pos_sales`.`id_cliente`
WHERE `pos_sales`.`id_empresa` = \'3\'
ORDER BY `pos_sales`.`created_at` DESC')
 4 SYSTEMPATH\Database\BaseBuilder.php(1616): CodeIgniter\Database\BaseConnection->query('SELECT `pos_sales`.*, `clientes`.`nome` as `cliente_nome`, `CASE WHEN clientes`.`tipo = 1 THEN clientes`.`cpf WHEN clientes`.`tipo = 2 THEN clientes`.`cnpj ELSE "" END` as `cliente_documento`
FROM `pos_sales`
LEFT JOIN `clientes` ON `clientes`.`id_cliente` = `pos_sales`.`id_cliente`
WHERE `pos_sales`.`id_empresa` = :pos_sales.id_empresa:
ORDER BY `pos_sales`.`created_at` DESC', [...], false)
 5 APPPATH\Controllers\RelatoriosEmpresa.php(287): CodeIgniter\Database\BaseBuilder->get()
 6 APPPATH\Controllers\RelatoriosEmpresa.php(108): App\Controllers\RelatoriosEmpresa->getVendasComFiltros([])
 7 SYSTEMPATH\CodeIgniter.php(941): App\Controllers\RelatoriosEmpresa->vendas()
 8 SYSTEMPATH\CodeIgniter.php(502): CodeIgniter\CodeIgniter->runController(Object(App\Controllers\RelatoriosEmpresa))
 9 SYSTEMPATH\CodeIgniter.php(361): CodeIgniter\CodeIgniter->handleRequest(null, Object(Config\Cache), false)
10 FCPATH\index.php(79): CodeIgniter\CodeIgniter->run()
CRITICAL - 2025-09-30 03:34:19 --> ErrorException: Uncaught TypeError: htmlspecialchars(): Argument #1 ($string) must be of type string, resource given in C:\xampp\htdocs\erp.local\app\Views\errors\html\error_exception.php:182
Stack trace:
#0 C:\xampp\htdocs\erp.local\app\Views\errors\html\error_exception.php(182): htmlspecialchars(Resource id #42, 8, 'UTF-8')
#1 C:\xampp\htdocs\erp.local\system\Debug\BaseExceptionHandler.php(258): include('C:\\xampp\\htdocs...')
#2 C:\xampp\htdocs\erp.local\system\Debug\BaseExceptionHandler.php(261): CodeIgniter\Debug\BaseExceptionHandler->CodeIgniter\Debug\{closure}()
#3 C:\xampp\htdocs\erp.local\system\Debug\ExceptionHandler.php(112): CodeIgniter\Debug\BaseExceptionHandler->render(Object(CodeIgniter\Database\Exceptions\DatabaseException), 500, 'C:\\xampp\\htdocs...')
#4 C:\xampp\htdocs\erp.local\system\Debug\Exceptions.php(156): CodeIgniter\Debug\ExceptionHandler->handle(Object(CodeIgniter\Database\Exceptions\DatabaseException), Object(CodeIgniter\HTTP\IncomingRequest), Object(CodeIgniter\HTTP\Response), 500, 8)
#5 [internal function]: CodeIgniter\Debug\Exceptions->exceptionHandler(Object(CodeIgniter\Database\Exceptions\DatabaseException))
#6 {main}
  thrown
【Previous Exception】
CodeIgniter\Database\Exceptions\DatabaseException
You have an error in your SQL syntax; check the manual that corresponds to your MariaDB server version for the right syntax to use near '.`tipo = 2 THEN clientes`.`cnpj ELSE "" END` as `cliente_documento`
FROM `pos...' at line 1
#0 C:\xampp\htdocs\erp.local\system\Database\BaseBuilder.php(1616): CodeIgniter\Database\BaseConnection->query('SELECT `pos_sal...', Array, false)
#1 C:\xampp\htdocs\erp.local\app\Controllers\RelatoriosEmpresa.php(287): CodeIgniter\Database\BaseBuilder->get()
#2 C:\xampp\htdocs\erp.local\app\Controllers\RelatoriosEmpresa.php(108): App\Controllers\RelatoriosEmpresa->getVendasComFiltros(Array)
#3 C:\xampp\htdocs\erp.local\system\CodeIgniter.php(941): App\Controllers\RelatoriosEmpresa->vendas()
#4 C:\xampp\htdocs\erp.local\system\CodeIgniter.php(502): CodeIgniter\CodeIgniter->runController(Object(App\Controllers\RelatoriosEmpresa))
#5 C:\xampp\htdocs\erp.local\system\CodeIgniter.php(361): CodeIgniter\CodeIgniter->handleRequest(NULL, Object(Config\Cache), false)
#6 C:\xampp\htdocs\erp.local\public\index.php(79): CodeIgniter\CodeIgniter->run()
#7 {main}
in APPPATH\Views\errors\html\error_exception.php on line 182.
 1 [internal function]: CodeIgniter\Debug\Exceptions->shutdownHandler()
INFO - 2025-09-30 03:34:24 --> Session: Class initialized using 'CodeIgniter\Session\Handlers\FileHandler' driver.
INFO - 2025-09-30 03:34:26 --> Session: Class initialized using 'CodeIgniter\Session\Handlers\FileHandler' driver.
INFO - 2025-09-30 03:34:30 --> Session: Class initialized using 'CodeIgniter\Session\Handlers\FileHandler' driver.
INFO - 2025-09-30 03:34:39 --> Session: Class initialized using 'CodeIgniter\Session\Handlers\FileHandler' driver.
INFO - 2025-09-30 03:34:45 --> Session: Class initialized using 'CodeIgniter\Session\Handlers\FileHandler' driver.
INFO - 2025-09-30 03:34:52 --> Session: Class initialized using 'CodeIgniter\Session\Handlers\FileHandler' driver.
INFO - 2025-09-30 03:35:09 --> Session: Class initialized using 'CodeIgniter\Session\Handlers\FileHandler' driver.
INFO - 2025-09-30 03:35:16 --> Session: Class initialized using 'CodeIgniter\Session\Handlers\FileHandler' driver.
INFO - 2025-09-30 03:35:34 --> Session: Class initialized using 'CodeIgniter\Session\Handlers\FileHandler' driver.
ERROR - 2025-09-30 03:35:34 --> mysqli_sql_exception: You have an error in your SQL syntax; check the manual that corresponds to your MariaDB server version for the right syntax to use near '.`tipo = 2 THEN clientes`.`cnpj ELSE "" END` as `documento`, `clientes`.`fone...' at line 1 in C:\xampp\htdocs\erp.local\system\Database\MySQLi\Connection.php:306
Stack trace:
#0 C:\xampp\htdocs\erp.local\system\Database\MySQLi\Connection.php(306): mysqli->query('SELECT `pos_sal...', 0)
#1 C:\xampp\htdocs\erp.local\system\Database\BaseConnection.php(693): CodeIgniter\Database\MySQLi\Connection->execute('SELECT `pos_sal...')
#2 C:\xampp\htdocs\erp.local\system\Database\BaseConnection.php(607): CodeIgniter\Database\BaseConnection->simpleQuery('SELECT `pos_sal...')
#3 C:\xampp\htdocs\erp.local\system\Database\BaseBuilder.php(1616): CodeIgniter\Database\BaseConnection->query('SELECT `pos_sal...', Array, false)
#4 C:\xampp\htdocs\erp.local\app\Controllers\RelatoriosEmpresa.php(610): CodeIgniter\Database\BaseBuilder->get()
#5 C:\xampp\htdocs\erp.local\app\Controllers\RelatoriosEmpresa.php(574): App\Controllers\RelatoriosEmpresa->getClientesMaisFrequentes(Array)
#6 C:\xampp\htdocs\erp.local\system\CodeIgniter.php(941): App\Controllers\RelatoriosEmpresa->clientes()
#7 C:\xampp\htdocs\erp.local\system\CodeIgniter.php(502): CodeIgniter\CodeIgniter->runController(Object(App\Controllers\RelatoriosEmpresa))
#8 C:\xampp\htdocs\erp.local\system\CodeIgniter.php(361): CodeIgniter\CodeIgniter->handleRequest(NULL, Object(Config\Cache), false)
#9 C:\xampp\htdocs\erp.local\public\index.php(79): CodeIgniter\CodeIgniter->run()
#10 {main}
CRITICAL - 2025-09-30 03:35:34 --> CodeIgniter\Database\Exceptions\DatabaseException: You have an error in your SQL syntax; check the manual that corresponds to your MariaDB server version for the right syntax to use near '.`tipo = 2 THEN clientes`.`cnpj ELSE "" END` as `documento`, `clientes`.`fone...' at line 1
in SYSTEMPATH\Database\BaseConnection.php on line 647.
 1 SYSTEMPATH\Database\BaseBuilder.php(1616): CodeIgniter\Database\BaseConnection->query('SELECT `pos_sales`.`id_cliente`, `clientes`.`nome`, `CASE WHEN clientes`.`tipo = 1 THEN clientes`.`cpf WHEN clientes`.`tipo = 2 THEN clientes`.`cnpj ELSE "" END` as `documento`, `clientes`.`fone` as `telefone`, COUNT(*) as total_compras, SUM(pos_sales.total) as total_gasto, AVG(pos_sales.total) as ticket_medio, MAX(pos_sales.created_at) as ultima_compra
FROM `pos_sales`
JOIN `clientes` ON `clientes`.`id_cliente` = `pos_sales`.`id_cliente`
WHERE `pos_sales`.`id_empresa` = :pos_sales.id_empresa:
AND `pos_sales`.`status` = :pos_sales.status:
AND `pos_sales`.`id_cliente` IS NOT NULL
GROUP BY `pos_sales`.`id_cliente`
ORDER BY `total_compras` DESC
 LIMIT 50', [...], false)
 2 APPPATH\Controllers\RelatoriosEmpresa.php(610): CodeIgniter\Database\BaseBuilder->get()
 3 APPPATH\Controllers\RelatoriosEmpresa.php(574): App\Controllers\RelatoriosEmpresa->getClientesMaisFrequentes([])
 4 SYSTEMPATH\CodeIgniter.php(941): App\Controllers\RelatoriosEmpresa->clientes()
 5 SYSTEMPATH\CodeIgniter.php(502): CodeIgniter\CodeIgniter->runController(Object(App\Controllers\RelatoriosEmpresa))
 6 SYSTEMPATH\CodeIgniter.php(361): CodeIgniter\CodeIgniter->handleRequest(null, Object(Config\Cache), false)
 7 FCPATH\index.php(79): CodeIgniter\CodeIgniter->run()
CRITICAL - 2025-09-30 03:35:34 --> [Caused by] CodeIgniter\Database\Exceptions\DatabaseException: You have an error in your SQL syntax; check the manual that corresponds to your MariaDB server version for the right syntax to use near '.`tipo = 2 THEN clientes`.`cnpj ELSE "" END` as `documento`, `clientes`.`fone...' at line 1
in SYSTEMPATH\Database\MySQLi\Connection.php on line 311.
 1 SYSTEMPATH\Database\BaseConnection.php(693): CodeIgniter\Database\MySQLi\Connection->execute('SELECT `pos_sales`.`id_cliente`, `clientes`.`nome`, `CASE WHEN clientes`.`tipo = 1 THEN clientes`.`cpf WHEN clientes`.`tipo = 2 THEN clientes`.`cnpj ELSE "" END` as `documento`, `clientes`.`fone` as `telefone`, COUNT(*) as total_compras, SUM(pos_sales.total) as total_gasto, AVG(pos_sales.total) as ticket_medio, MAX(pos_sales.created_at) as ultima_compra
FROM `pos_sales`
JOIN `clientes` ON `clientes`.`id_cliente` = `pos_sales`.`id_cliente`
WHERE `pos_sales`.`id_empresa` = \'3\'
AND `pos_sales`.`status` = \'finalized\'
AND `pos_sales`.`id_cliente` IS NOT NULL
GROUP BY `pos_sales`.`id_cliente`
ORDER BY `total_compras` DESC
 LIMIT 50')
 2 SYSTEMPATH\Database\BaseConnection.php(607): CodeIgniter\Database\BaseConnection->simpleQuery('SELECT `pos_sales`.`id_cliente`, `clientes`.`nome`, `CASE WHEN clientes`.`tipo = 1 THEN clientes`.`cpf WHEN clientes`.`tipo = 2 THEN clientes`.`cnpj ELSE "" END` as `documento`, `clientes`.`fone` as `telefone`, COUNT(*) as total_compras, SUM(pos_sales.total) as total_gasto, AVG(pos_sales.total) as ticket_medio, MAX(pos_sales.created_at) as ultima_compra
FROM `pos_sales`
JOIN `clientes` ON `clientes`.`id_cliente` = `pos_sales`.`id_cliente`
WHERE `pos_sales`.`id_empresa` = \'3\'
AND `pos_sales`.`status` = \'finalized\'
AND `pos_sales`.`id_cliente` IS NOT NULL
GROUP BY `pos_sales`.`id_cliente`
ORDER BY `total_compras` DESC
 LIMIT 50')
 3 SYSTEMPATH\Database\BaseBuilder.php(1616): CodeIgniter\Database\BaseConnection->query('SELECT `pos_sales`.`id_cliente`, `clientes`.`nome`, `CASE WHEN clientes`.`tipo = 1 THEN clientes`.`cpf WHEN clientes`.`tipo = 2 THEN clientes`.`cnpj ELSE "" END` as `documento`, `clientes`.`fone` as `telefone`, COUNT(*) as total_compras, SUM(pos_sales.total) as total_gasto, AVG(pos_sales.total) as ticket_medio, MAX(pos_sales.created_at) as ultima_compra
FROM `pos_sales`
JOIN `clientes` ON `clientes`.`id_cliente` = `pos_sales`.`id_cliente`
WHERE `pos_sales`.`id_empresa` = :pos_sales.id_empresa:
AND `pos_sales`.`status` = :pos_sales.status:
AND `pos_sales`.`id_cliente` IS NOT NULL
GROUP BY `pos_sales`.`id_cliente`
ORDER BY `total_compras` DESC
 LIMIT 50', [...], false)
 4 APPPATH\Controllers\RelatoriosEmpresa.php(610): CodeIgniter\Database\BaseBuilder->get()
 5 APPPATH\Controllers\RelatoriosEmpresa.php(574): App\Controllers\RelatoriosEmpresa->getClientesMaisFrequentes([])
 6 SYSTEMPATH\CodeIgniter.php(941): App\Controllers\RelatoriosEmpresa->clientes()
 7 SYSTEMPATH\CodeIgniter.php(502): CodeIgniter\CodeIgniter->runController(Object(App\Controllers\RelatoriosEmpresa))
 8 SYSTEMPATH\CodeIgniter.php(361): CodeIgniter\CodeIgniter->handleRequest(null, Object(Config\Cache), false)
 9 FCPATH\index.php(79): CodeIgniter\CodeIgniter->run()
CRITICAL - 2025-09-30 03:35:34 --> [Caused by] mysqli_sql_exception: You have an error in your SQL syntax; check the manual that corresponds to your MariaDB server version for the right syntax to use near '.`tipo = 2 THEN clientes`.`cnpj ELSE "" END` as `documento`, `clientes`.`fone...' at line 1
in SYSTEMPATH\Database\MySQLi\Connection.php on line 306.
 1 SYSTEMPATH\Database\MySQLi\Connection.php(306): mysqli->query('SELECT `pos_sales`.`id_cliente`, `clientes`.`nome`, `CASE WHEN clientes`.`tipo = 1 THEN clientes`.`cpf WHEN clientes`.`tipo = 2 THEN clientes`.`cnpj ELSE "" END` as `documento`, `clientes`.`fone` as `telefone`, COUNT(*) as total_compras, SUM(pos_sales.total) as total_gasto, AVG(pos_sales.total) as ticket_medio, MAX(pos_sales.created_at) as ultima_compra
FROM `pos_sales`
JOIN `clientes` ON `clientes`.`id_cliente` = `pos_sales`.`id_cliente`
WHERE `pos_sales`.`id_empresa` = \'3\'
AND `pos_sales`.`status` = \'finalized\'
AND `pos_sales`.`id_cliente` IS NOT NULL
GROUP BY `pos_sales`.`id_cliente`
ORDER BY `total_compras` DESC
 LIMIT 50', 0)
 2 SYSTEMPATH\Database\BaseConnection.php(693): CodeIgniter\Database\MySQLi\Connection->execute('SELECT `pos_sales`.`id_cliente`, `clientes`.`nome`, `CASE WHEN clientes`.`tipo = 1 THEN clientes`.`cpf WHEN clientes`.`tipo = 2 THEN clientes`.`cnpj ELSE "" END` as `documento`, `clientes`.`fone` as `telefone`, COUNT(*) as total_compras, SUM(pos_sales.total) as total_gasto, AVG(pos_sales.total) as ticket_medio, MAX(pos_sales.created_at) as ultima_compra
FROM `pos_sales`
JOIN `clientes` ON `clientes`.`id_cliente` = `pos_sales`.`id_cliente`
WHERE `pos_sales`.`id_empresa` = \'3\'
AND `pos_sales`.`status` = \'finalized\'
AND `pos_sales`.`id_cliente` IS NOT NULL
GROUP BY `pos_sales`.`id_cliente`
ORDER BY `total_compras` DESC
 LIMIT 50')
 3 SYSTEMPATH\Database\BaseConnection.php(607): CodeIgniter\Database\BaseConnection->simpleQuery('SELECT `pos_sales`.`id_cliente`, `clientes`.`nome`, `CASE WHEN clientes`.`tipo = 1 THEN clientes`.`cpf WHEN clientes`.`tipo = 2 THEN clientes`.`cnpj ELSE "" END` as `documento`, `clientes`.`fone` as `telefone`, COUNT(*) as total_compras, SUM(pos_sales.total) as total_gasto, AVG(pos_sales.total) as ticket_medio, MAX(pos_sales.created_at) as ultima_compra
FROM `pos_sales`
JOIN `clientes` ON `clientes`.`id_cliente` = `pos_sales`.`id_cliente`
WHERE `pos_sales`.`id_empresa` = \'3\'
AND `pos_sales`.`status` = \'finalized\'
AND `pos_sales`.`id_cliente` IS NOT NULL
GROUP BY `pos_sales`.`id_cliente`
ORDER BY `total_compras` DESC
 LIMIT 50')
 4 SYSTEMPATH\Database\BaseBuilder.php(1616): CodeIgniter\Database\BaseConnection->query('SELECT `pos_sales`.`id_cliente`, `clientes`.`nome`, `CASE WHEN clientes`.`tipo = 1 THEN clientes`.`cpf WHEN clientes`.`tipo = 2 THEN clientes`.`cnpj ELSE "" END` as `documento`, `clientes`.`fone` as `telefone`, COUNT(*) as total_compras, SUM(pos_sales.total) as total_gasto, AVG(pos_sales.total) as ticket_medio, MAX(pos_sales.created_at) as ultima_compra
FROM `pos_sales`
JOIN `clientes` ON `clientes`.`id_cliente` = `pos_sales`.`id_cliente`
WHERE `pos_sales`.`id_empresa` = :pos_sales.id_empresa:
AND `pos_sales`.`status` = :pos_sales.status:
AND `pos_sales`.`id_cliente` IS NOT NULL
GROUP BY `pos_sales`.`id_cliente`
ORDER BY `total_compras` DESC
 LIMIT 50', [...], false)
 5 APPPATH\Controllers\RelatoriosEmpresa.php(610): CodeIgniter\Database\BaseBuilder->get()
 6 APPPATH\Controllers\RelatoriosEmpresa.php(574): App\Controllers\RelatoriosEmpresa->getClientesMaisFrequentes([])
 7 SYSTEMPATH\CodeIgniter.php(941): App\Controllers\RelatoriosEmpresa->clientes()
 8 SYSTEMPATH\CodeIgniter.php(502): CodeIgniter\CodeIgniter->runController(Object(App\Controllers\RelatoriosEmpresa))
 9 SYSTEMPATH\CodeIgniter.php(361): CodeIgniter\CodeIgniter->handleRequest(null, Object(Config\Cache), false)
10 FCPATH\index.php(79): CodeIgniter\CodeIgniter->run()
CRITICAL - 2025-09-30 03:35:34 --> ErrorException: Uncaught TypeError: htmlspecialchars(): Argument #1 ($string) must be of type string, resource given in C:\xampp\htdocs\erp.local\app\Views\errors\html\error_exception.php:182
Stack trace:
#0 C:\xampp\htdocs\erp.local\app\Views\errors\html\error_exception.php(182): htmlspecialchars(Resource id #42, 8, 'UTF-8')
#1 C:\xampp\htdocs\erp.local\system\Debug\BaseExceptionHandler.php(258): include('C:\\xampp\\htdocs...')
#2 C:\xampp\htdocs\erp.local\system\Debug\BaseExceptionHandler.php(261): CodeIgniter\Debug\BaseExceptionHandler->CodeIgniter\Debug\{closure}()
#3 C:\xampp\htdocs\erp.local\system\Debug\ExceptionHandler.php(112): CodeIgniter\Debug\BaseExceptionHandler->render(Object(CodeIgniter\Database\Exceptions\DatabaseException), 500, 'C:\\xampp\\htdocs...')
#4 C:\xampp\htdocs\erp.local\system\Debug\Exceptions.php(156): CodeIgniter\Debug\ExceptionHandler->handle(Object(CodeIgniter\Database\Exceptions\DatabaseException), Object(CodeIgniter\HTTP\IncomingRequest), Object(CodeIgniter\HTTP\Response), 500, 8)
#5 [internal function]: CodeIgniter\Debug\Exceptions->exceptionHandler(Object(CodeIgniter\Database\Exceptions\DatabaseException))
#6 {main}
  thrown
【Previous Exception】
CodeIgniter\Database\Exceptions\DatabaseException
You have an error in your SQL syntax; check the manual that corresponds to your MariaDB server version for the right syntax to use near '.`tipo = 2 THEN clientes`.`cnpj ELSE "" END` as `documento`, `clientes`.`fone...' at line 1
#0 C:\xampp\htdocs\erp.local\system\Database\BaseBuilder.php(1616): CodeIgniter\Database\BaseConnection->query('SELECT `pos_sal...', Array, false)
#1 C:\xampp\htdocs\erp.local\app\Controllers\RelatoriosEmpresa.php(610): CodeIgniter\Database\BaseBuilder->get()
#2 C:\xampp\htdocs\erp.local\app\Controllers\RelatoriosEmpresa.php(574): App\Controllers\RelatoriosEmpresa->getClientesMaisFrequentes(Array)
#3 C:\xampp\htdocs\erp.local\system\CodeIgniter.php(941): App\Controllers\RelatoriosEmpresa->clientes()
#4 C:\xampp\htdocs\erp.local\system\CodeIgniter.php(502): CodeIgniter\CodeIgniter->runController(Object(App\Controllers\RelatoriosEmpresa))
#5 C:\xampp\htdocs\erp.local\system\CodeIgniter.php(361): CodeIgniter\CodeIgniter->handleRequest(NULL, Object(Config\Cache), false)
#6 C:\xampp\htdocs\erp.local\public\index.php(79): CodeIgniter\CodeIgniter->run()
#7 {main}
in APPPATH\Views\errors\html\error_exception.php on line 182.
 1 [internal function]: CodeIgniter\Debug\Exceptions->shutdownHandler()
INFO - 2025-09-30 03:35:36 --> Session: Class initialized using 'CodeIgniter\Session\Handlers\FileHandler' driver.
INFO - 2025-09-30 03:35:38 --> Session: Class initialized using 'CodeIgniter\Session\Handlers\FileHandler' driver.
INFO - 2025-09-30 03:35:57 --> Session: Class initialized using 'CodeIgniter\Session\Handlers\FileHandler' driver.
INFO - 2025-09-30 03:35:57 --> Session: Class initialized using 'CodeIgniter\Session\Handlers\FileHandler' driver.
WARNING - 2025-09-30 03:35:57 --> [DEPRECATED] strtotime(): Passing null to parameter #1 ($datetime) of type string is deprecated in APPPATH\Views\relatorios_empresa\agendamentos.php on line 78.
 1 APPPATH\Views\relatorios_empresa\agendamentos.php(78): strtotime(null)
 2 SYSTEMPATH\View\View.php(228): include('C:\\xampp\\htdocs\\erp.local\\app\\Views\\relatorios_empresa\\agendamentos.php')
 3 SYSTEMPATH\View\View.php(231): CodeIgniter\View\View->CodeIgniter\View\{closure}()
 4 SYSTEMPATH\Common.php(1178): CodeIgniter\View\View->render('relatorios_empresa/agendamentos', [], true)
 5 APPPATH\Controllers\RelatoriosEmpresa.php(714): view('relatorios_empresa/agendamentos', [...])
 6 SYSTEMPATH\CodeIgniter.php(941): App\Controllers\RelatoriosEmpresa->agendamentos()
 7 SYSTEMPATH\CodeIgniter.php(502): CodeIgniter\CodeIgniter->runController(Object(App\Controllers\RelatoriosEmpresa))
 8 SYSTEMPATH\CodeIgniter.php(361): CodeIgniter\CodeIgniter->handleRequest(null, Object(Config\Cache), false)
 9 FCPATH\index.php(79): CodeIgniter\CodeIgniter->run()
CRITICAL - 2025-09-30 03:35:57 --> ErrorException: Undefined array key "id"
in APPPATH\Views\relatorios_empresa\agendamentos.php on line 87.
 1 APPPATH\Views\relatorios_empresa\agendamentos.php(87): CodeIgniter\Debug\Exceptions->errorHandler(2, 'Undefined array key "id"', 'C:\\xampp\\htdocs\\erp.local\\app\\Views\\relatorios_empresa\\agendamentos.php', 87)
 2 SYSTEMPATH\View\View.php(228): include('C:\\xampp\\htdocs\\erp.local\\app\\Views\\relatorios_empresa\\agendamentos.php')
 3 SYSTEMPATH\View\View.php(231): CodeIgniter\View\View->CodeIgniter\View\{closure}()
 4 SYSTEMPATH\Common.php(1178): CodeIgniter\View\View->render('relatorios_empresa/agendamentos', [], true)
 5 APPPATH\Controllers\RelatoriosEmpresa.php(714): view('relatorios_empresa/agendamentos', [...])
 6 SYSTEMPATH\CodeIgniter.php(941): App\Controllers\RelatoriosEmpresa->agendamentos()
 7 SYSTEMPATH\CodeIgniter.php(502): CodeIgniter\CodeIgniter->runController(Object(App\Controllers\RelatoriosEmpresa))
 8 SYSTEMPATH\CodeIgniter.php(361): CodeIgniter\CodeIgniter->handleRequest(null, Object(Config\Cache), false)
 9 FCPATH\index.php(79): CodeIgniter\CodeIgniter->run()
CRITICAL - 2025-09-30 03:35:57 --> ErrorException: Uncaught TypeError: htmlspecialchars(): Argument #1 ($string) must be of type string, resource given in C:\xampp\htdocs\erp.local\app\Views\errors\html\error_exception.php:182
Stack trace:
#0 C:\xampp\htdocs\erp.local\app\Views\errors\html\error_exception.php(182): htmlspecialchars(Resource id #42, 8, 'UTF-8')
#1 C:\xampp\htdocs\erp.local\system\Debug\BaseExceptionHandler.php(258): include('C:\\xampp\\htdocs...')
#2 C:\xampp\htdocs\erp.local\system\Debug\BaseExceptionHandler.php(261): CodeIgniter\Debug\BaseExceptionHandler->CodeIgniter\Debug\{closure}()
#3 C:\xampp\htdocs\erp.local\system\Debug\ExceptionHandler.php(112): CodeIgniter\Debug\BaseExceptionHandler->render(Object(ErrorException), 500, 'C:\\xampp\\htdocs...')
#4 C:\xampp\htdocs\erp.local\system\Debug\Exceptions.php(156): CodeIgniter\Debug\ExceptionHandler->handle(Object(ErrorException), Object(CodeIgniter\HTTP\IncomingRequest), Object(CodeIgniter\HTTP\Response), 500, 1)
#5 [internal function]: CodeIgniter\Debug\Exceptions->exceptionHandler(Object(ErrorException))
#6 {main}
  thrown
【Previous Exception】
ErrorException
Undefined array key "id"
#0 C:\xampp\htdocs\erp.local\app\Views\relatorios_empresa\agendamentos.php(87): CodeIgniter\Debug\Exceptions->errorHandler(2, 'Undefined array...', 'C:\\xampp\\htdocs...', 87)
#1 C:\xampp\htdocs\erp.local\system\View\View.php(228): include('C:\\xampp\\htdocs...')
#2 C:\xampp\htdocs\erp.local\system\View\View.php(231): CodeIgniter\View\View->CodeIgniter\View\{closure}()
#3 C:\xampp\htdocs\erp.local\system\Common.php(1178): CodeIgniter\View\View->render('relatorios_empr...', Array, true)
#4 C:\xampp\htdocs\erp.local\app\Controllers\RelatoriosEmpresa.php(714): view('relatorios_empr...', Array)
#5 C:\xampp\htdocs\erp.local\system\CodeIgniter.php(941): App\Controllers\RelatoriosEmpresa->agendamentos()
#6 C:\xampp\htdocs\erp.local\system\CodeIgniter.php(502): CodeIgniter\CodeIgniter->runController(Object(App\Controllers\RelatoriosEmpresa))
#7 C:\xampp\htdocs\erp.local\system\CodeIgniter.php(361): CodeIgniter\CodeIgniter->handleRequest(NULL, Object(Config\Cache), false)
#8 C:\xampp\htdocs\erp.local\public\index.php(79): CodeIgniter\CodeIgniter->run()
#9 {main}
in APPPATH\Views\errors\html\error_exception.php on line 182.
 1 [internal function]: CodeIgniter\Debug\Exceptions->shutdownHandler()
INFO - 2025-09-30 03:36:04 --> Session: Class initialized using 'CodeIgniter\Session\Handlers\FileHandler' driver.
INFO - 2025-09-30 03:36:15 --> Session: Class initialized using 'CodeIgniter\Session\Handlers\FileHandler' driver.
INFO - 2025-09-30 03:36:15 --> Session: Class initialized using 'CodeIgniter\Session\Handlers\FileHandler' driver.
INFO - 2025-09-30 03:36:20 --> Session: Class initialized using 'CodeIgniter\Session\Handlers\FileHandler' driver.
CRITICAL - 2025-09-30 03:36:20 --> TypeError: in_array(): Argument #2 ($haystack) must be of type array, string given
in APPPATH\Views\relatorios_empresa\customizar.php on line 34.
 1 APPPATH\Views\relatorios_empresa\customizar.php(34): in_array('vendas', '["vendas","produtos","clientes"]')
 2 SYSTEMPATH\View\View.php(228): include('C:\\xampp\\htdocs\\erp.local\\app\\Views\\relatorios_empresa\\customizar.php')
 3 SYSTEMPATH\View\View.php(231): CodeIgniter\View\View->CodeIgniter\View\{closure}()
 4 SYSTEMPATH\Common.php(1178): CodeIgniter\View\View->render('relatorios_empresa/customizar', [], true)
 5 APPPATH\Controllers\RelatoriosEmpresa.php(860): view('relatorios_empresa/customizar', [...])
 6 SYSTEMPATH\CodeIgniter.php(941): App\Controllers\RelatoriosEmpresa->customizarDashboard()
 7 SYSTEMPATH\CodeIgniter.php(502): CodeIgniter\CodeIgniter->runController(Object(App\Controllers\RelatoriosEmpresa))
 8 SYSTEMPATH\CodeIgniter.php(361): CodeIgniter\CodeIgniter->handleRequest(null, Object(Config\Cache), false)
 9 FCPATH\index.php(79): CodeIgniter\CodeIgniter->run()
CRITICAL - 2025-09-30 03:36:20 --> ErrorException: Uncaught TypeError: htmlspecialchars(): Argument #1 ($string) must be of type string, resource given in C:\xampp\htdocs\erp.local\app\Views\errors\html\error_exception.php:182
Stack trace:
#0 C:\xampp\htdocs\erp.local\app\Views\errors\html\error_exception.php(182): htmlspecialchars(Resource id #42, 8, 'UTF-8')
#1 C:\xampp\htdocs\erp.local\system\Debug\BaseExceptionHandler.php(258): include('C:\\xampp\\htdocs...')
#2 C:\xampp\htdocs\erp.local\system\Debug\BaseExceptionHandler.php(261): CodeIgniter\Debug\BaseExceptionHandler->CodeIgniter\Debug\{closure}()
#3 C:\xampp\htdocs\erp.local\system\Debug\ExceptionHandler.php(112): CodeIgniter\Debug\BaseExceptionHandler->render(Object(TypeError), 500, 'C:\\xampp\\htdocs...')
#4 C:\xampp\htdocs\erp.local\system\Debug\Exceptions.php(156): CodeIgniter\Debug\ExceptionHandler->handle(Object(TypeError), Object(CodeIgniter\HTTP\IncomingRequest), Object(CodeIgniter\HTTP\Response), 500, 1)
#5 [internal function]: CodeIgniter\Debug\Exceptions->exceptionHandler(Object(TypeError))
#6 {main}
  thrown
【Previous Exception】
TypeError
in_array(): Argument #2 ($haystack) must be of type array, string given
#0 C:\xampp\htdocs\erp.local\app\Views\relatorios_empresa\customizar.php(34): in_array('vendas', '["vendas","prod...')
#1 C:\xampp\htdocs\erp.local\system\View\View.php(228): include('C:\\xampp\\htdocs...')
#2 C:\xampp\htdocs\erp.local\system\View\View.php(231): CodeIgniter\View\View->CodeIgniter\View\{closure}()
#3 C:\xampp\htdocs\erp.local\system\Common.php(1178): CodeIgniter\View\View->render('relatorios_empr...', Array, true)
#4 C:\xampp\htdocs\erp.local\app\Controllers\RelatoriosEmpresa.php(860): view('relatorios_empr...', Array)
#5 C:\xampp\htdocs\erp.local\system\CodeIgniter.php(941): App\Controllers\RelatoriosEmpresa->customizarDashboard()
#6 C:\xampp\htdocs\erp.local\system\CodeIgniter.php(502): CodeIgniter\CodeIgniter->runController(Object(App\Controllers\RelatoriosEmpresa))
#7 C:\xampp\htdocs\erp.local\system\CodeIgniter.php(361): CodeIgniter\CodeIgniter->handleRequest(NULL, Object(Config\Cache), false)
#8 C:\xampp\htdocs\erp.local\public\index.php(79): CodeIgniter\CodeIgniter->run()
#9 {main}
in APPPATH\Views\errors\html\error_exception.php on line 182.
 1 [internal function]: CodeIgniter\Debug\Exceptions->shutdownHandler()
INFO - 2025-09-30 03:41:34 --> Session: Class initialized using 'CodeIgniter\Session\Handlers\FileHandler' driver.
INFO - 2025-09-30 03:41:37 --> Session: Class initialized using 'CodeIgniter\Session\Handlers\FileHandler' driver.
INFO - 2025-09-30 03:41:37 --> Session: Class initialized using 'CodeIgniter\Session\Handlers\FileHandler' driver.
INFO - 2025-09-30 03:41:41 --> Session: Class initialized using 'CodeIgniter\Session\Handlers\FileHandler' driver.
INFO - 2025-09-30 03:41:50 --> Session: Class initialized using 'CodeIgniter\Session\Handlers\FileHandler' driver.
INFO - 2025-09-30 03:41:50 --> Session: Class initialized using 'CodeIgniter\Session\Handlers\FileHandler' driver.
INFO - 2025-09-30 03:41:56 --> Session: Class initialized using 'CodeIgniter\Session\Handlers\FileHandler' driver.
INFO - 2025-09-30 03:42:00 --> Session: Class initialized using 'CodeIgniter\Session\Handlers\FileHandler' driver.
INFO - 2025-09-30 03:42:00 --> Session: Class initialized using 'CodeIgniter\Session\Handlers\FileHandler' driver.
INFO - 2025-09-30 03:42:06 --> Session: Class initialized using 'CodeIgniter\Session\Handlers\FileHandler' driver.
WARNING - 2025-09-30 03:42:06 --> [DEPRECATED] strtotime(): Passing null to parameter #1 ($datetime) of type string is deprecated in APPPATH\Views\relatorios_empresa\agendamentos.php on line 78.
 1 APPPATH\Views\relatorios_empresa\agendamentos.php(78): strtotime(null)
 2 SYSTEMPATH\View\View.php(228): include('C:\\xampp\\htdocs\\erp.local\\app\\Views\\relatorios_empresa\\agendamentos.php')
 3 SYSTEMPATH\View\View.php(231): CodeIgniter\View\View->CodeIgniter\View\{closure}()
 4 SYSTEMPATH\Common.php(1178): CodeIgniter\View\View->render('relatorios_empresa/agendamentos', [], true)
 5 APPPATH\Controllers\RelatoriosEmpresa.php(714): view('relatorios_empresa/agendamentos', [...])
 6 SYSTEMPATH\CodeIgniter.php(941): App\Controllers\RelatoriosEmpresa->agendamentos()
 7 SYSTEMPATH\CodeIgniter.php(502): CodeIgniter\CodeIgniter->runController(Object(App\Controllers\RelatoriosEmpresa))
 8 SYSTEMPATH\CodeIgniter.php(361): CodeIgniter\CodeIgniter->handleRequest(null, Object(Config\Cache), false)
 9 FCPATH\index.php(79): CodeIgniter\CodeIgniter->run()
INFO - 2025-09-30 03:42:08 --> Session: Class initialized using 'CodeIgniter\Session\Handlers\FileHandler' driver.
WARNING - 2025-09-30 03:42:08 --> [DEPRECATED] strtotime(): Passing null to parameter #1 ($datetime) of type string is deprecated in APPPATH\Views\relatorios_empresa\agendamentos.php on line 78.
 1 APPPATH\Views\relatorios_empresa\agendamentos.php(78): strtotime(null)
 2 SYSTEMPATH\View\View.php(228): include('C:\\xampp\\htdocs\\erp.local\\app\\Views\\relatorios_empresa\\agendamentos.php')
 3 SYSTEMPATH\View\View.php(231): CodeIgniter\View\View->CodeIgniter\View\{closure}()
 4 SYSTEMPATH\Common.php(1178): CodeIgniter\View\View->render('relatorios_empresa/agendamentos', [], true)
 5 APPPATH\Controllers\RelatoriosEmpresa.php(714): view('relatorios_empresa/agendamentos', [...])
 6 SYSTEMPATH\CodeIgniter.php(941): App\Controllers\RelatoriosEmpresa->agendamentos()
 7 SYSTEMPATH\CodeIgniter.php(502): CodeIgniter\CodeIgniter->runController(Object(App\Controllers\RelatoriosEmpresa))
 8 SYSTEMPATH\CodeIgniter.php(361): CodeIgniter\CodeIgniter->handleRequest(null, Object(Config\Cache), false)
 9 FCPATH\index.php(79): CodeIgniter\CodeIgniter->run()
INFO - 2025-09-30 03:42:14 --> Session: Class initialized using 'CodeIgniter\Session\Handlers\FileHandler' driver.
INFO - 2025-09-30 03:42:14 --> Session: Class initialized using 'CodeIgniter\Session\Handlers\FileHandler' driver.
INFO - 2025-09-30 03:42:37 --> Session: Class initialized using 'CodeIgniter\Session\Handlers\FileHandler' driver.
INFO - 2025-09-30 03:42:37 --> Session: Class initialized using 'CodeIgniter\Session\Handlers\FileHandler' driver.
WARNING - 2025-09-30 03:42:37 --> [DEPRECATED] strtotime(): Passing null to parameter #1 ($datetime) of type string is deprecated in APPPATH\Views\relatorios_empresa\agendamentos.php on line 78.
 1 APPPATH\Views\relatorios_empresa\agendamentos.php(78): strtotime(null)
 2 SYSTEMPATH\View\View.php(228): include('C:\\xampp\\htdocs\\erp.local\\app\\Views\\relatorios_empresa\\agendamentos.php')
 3 SYSTEMPATH\View\View.php(231): CodeIgniter\View\View->CodeIgniter\View\{closure}()
 4 SYSTEMPATH\Common.php(1178): CodeIgniter\View\View->render('relatorios_empresa/agendamentos', [], true)
 5 APPPATH\Controllers\RelatoriosEmpresa.php(714): view('relatorios_empresa/agendamentos', [...])
 6 SYSTEMPATH\CodeIgniter.php(941): App\Controllers\RelatoriosEmpresa->agendamentos()
 7 SYSTEMPATH\CodeIgniter.php(502): CodeIgniter\CodeIgniter->runController(Object(App\Controllers\RelatoriosEmpresa))
 8 SYSTEMPATH\CodeIgniter.php(361): CodeIgniter\CodeIgniter->handleRequest(null, Object(Config\Cache), false)
 9 FCPATH\index.php(79): CodeIgniter\CodeIgniter->run()
INFO - 2025-09-30 03:43:10 --> Session: Class initialized using 'CodeIgniter\Session\Handlers\FileHandler' driver.
WARNING - 2025-09-30 03:43:10 --> [DEPRECATED] strtotime(): Passing null to parameter #1 ($datetime) of type string is deprecated in APPPATH\Views\relatorios_empresa\agendamentos.php on line 78.
 1 APPPATH\Views\relatorios_empresa\agendamentos.php(78): strtotime(null)
 2 SYSTEMPATH\View\View.php(228): include('C:\\xampp\\htdocs\\erp.local\\app\\Views\\relatorios_empresa\\agendamentos.php')
 3 SYSTEMPATH\View\View.php(231): CodeIgniter\View\View->CodeIgniter\View\{closure}()
 4 SYSTEMPATH\Common.php(1178): CodeIgniter\View\View->render('relatorios_empresa/agendamentos', [], true)
 5 APPPATH\Controllers\RelatoriosEmpresa.php(714): view('relatorios_empresa/agendamentos', [...])
 6 SYSTEMPATH\CodeIgniter.php(941): App\Controllers\RelatoriosEmpresa->agendamentos()
 7 SYSTEMPATH\CodeIgniter.php(502): CodeIgniter\CodeIgniter->runController(Object(App\Controllers\RelatoriosEmpresa))
 8 SYSTEMPATH\CodeIgniter.php(361): CodeIgniter\CodeIgniter->handleRequest(null, Object(Config\Cache), false)
 9 FCPATH\index.php(79): CodeIgniter\CodeIgniter->run()
INFO - 2025-09-30 03:43:15 --> Session: Class initialized using 'CodeIgniter\Session\Handlers\FileHandler' driver.
INFO - 2025-09-30 03:43:27 --> Session: Class initialized using 'CodeIgniter\Session\Handlers\FileHandler' driver.
CRITICAL - 2025-09-30 03:43:27 --> Error: Class "TCPDF" not found
in APPPATH\Controllers\RelatoriosEmpresa.php on line 941.
 1 SYSTEMPATH\CodeIgniter.php(941): App\Controllers\RelatoriosEmpresa->exportarVendasPDF()
 2 SYSTEMPATH\CodeIgniter.php(502): CodeIgniter\CodeIgniter->runController(Object(App\Controllers\RelatoriosEmpresa))
 3 SYSTEMPATH\CodeIgniter.php(361): CodeIgniter\CodeIgniter->handleRequest(null, Object(Config\Cache), false)
 4 FCPATH\index.php(79): CodeIgniter\CodeIgniter->run()
CRITICAL - 2025-09-30 03:43:27 --> ErrorException: Uncaught TypeError: htmlspecialchars(): Argument #1 ($string) must be of type string, resource given in C:\xampp\htdocs\erp.local\app\Views\errors\html\error_exception.php:182
Stack trace:
#0 C:\xampp\htdocs\erp.local\app\Views\errors\html\error_exception.php(182): htmlspecialchars(Resource id #42, 8, 'UTF-8')
#1 C:\xampp\htdocs\erp.local\system\Debug\BaseExceptionHandler.php(258): include('C:\\xampp\\htdocs...')
#2 C:\xampp\htdocs\erp.local\system\Debug\BaseExceptionHandler.php(261): CodeIgniter\Debug\BaseExceptionHandler->CodeIgniter\Debug\{closure}()
#3 C:\xampp\htdocs\erp.local\system\Debug\ExceptionHandler.php(112): CodeIgniter\Debug\BaseExceptionHandler->render(Object(Error), 500, 'C:\\xampp\\htdocs...')
#4 C:\xampp\htdocs\erp.local\system\Debug\Exceptions.php(156): CodeIgniter\Debug\ExceptionHandler->handle(Object(Error), Object(CodeIgniter\HTTP\IncomingRequest), Object(CodeIgniter\HTTP\Response), 500, 1)
#5 [internal function]: CodeIgniter\Debug\Exceptions->exceptionHandler(Object(Error))
#6 {main}
  thrown
【Previous Exception】
Error
Class "TCPDF" not found
#0 C:\xampp\htdocs\erp.local\system\CodeIgniter.php(941): App\Controllers\RelatoriosEmpresa->exportarVendasPDF()
#1 C:\xampp\htdocs\erp.local\system\CodeIgniter.php(502): CodeIgniter\CodeIgniter->runController(Object(App\Controllers\RelatoriosEmpresa))
#2 C:\xampp\htdocs\erp.local\system\CodeIgniter.php(361): CodeIgniter\CodeIgniter->handleRequest(NULL, Object(Config\Cache), false)
#3 C:\xampp\htdocs\erp.local\public\index.php(79): CodeIgniter\CodeIgniter->run()
#4 {main}
in APPPATH\Views\errors\html\error_exception.php on line 182.
 1 [internal function]: CodeIgniter\Debug\Exceptions->shutdownHandler()
INFO - 2025-09-30 03:43:32 --> Session: Class initialized using 'CodeIgniter\Session\Handlers\FileHandler' driver.
CRITICAL - 2025-09-30 03:43:32 --> Error: Class "PhpOffice\PhpSpreadsheet\Spreadsheet" not found
in APPPATH\Controllers\RelatoriosEmpresa.php on line 883.
 1 SYSTEMPATH\CodeIgniter.php(941): App\Controllers\RelatoriosEmpresa->exportarVendasExcel()
 2 SYSTEMPATH\CodeIgniter.php(502): CodeIgniter\CodeIgniter->runController(Object(App\Controllers\RelatoriosEmpresa))
 3 SYSTEMPATH\CodeIgniter.php(361): CodeIgniter\CodeIgniter->handleRequest(null, Object(Config\Cache), false)
 4 FCPATH\index.php(79): CodeIgniter\CodeIgniter->run()
CRITICAL - 2025-09-30 03:43:32 --> ErrorException: Uncaught TypeError: htmlspecialchars(): Argument #1 ($string) must be of type string, resource given in C:\xampp\htdocs\erp.local\app\Views\errors\html\error_exception.php:182
Stack trace:
#0 C:\xampp\htdocs\erp.local\app\Views\errors\html\error_exception.php(182): htmlspecialchars(Resource id #42, 8, 'UTF-8')
#1 C:\xampp\htdocs\erp.local\system\Debug\BaseExceptionHandler.php(258): include('C:\\xampp\\htdocs...')
#2 C:\xampp\htdocs\erp.local\system\Debug\BaseExceptionHandler.php(261): CodeIgniter\Debug\BaseExceptionHandler->CodeIgniter\Debug\{closure}()
#3 C:\xampp\htdocs\erp.local\system\Debug\ExceptionHandler.php(112): CodeIgniter\Debug\BaseExceptionHandler->render(Object(Error), 500, 'C:\\xampp\\htdocs...')
#4 C:\xampp\htdocs\erp.local\system\Debug\Exceptions.php(156): CodeIgniter\Debug\ExceptionHandler->handle(Object(Error), Object(CodeIgniter\HTTP\IncomingRequest), Object(CodeIgniter\HTTP\Response), 500, 1)
#5 [internal function]: CodeIgniter\Debug\Exceptions->exceptionHandler(Object(Error))
#6 {main}
  thrown
【Previous Exception】
Error
Class "PhpOffice\PhpSpreadsheet\Spreadsheet" not found
#0 C:\xampp\htdocs\erp.local\system\CodeIgniter.php(941): App\Controllers\RelatoriosEmpresa->exportarVendasExcel()
#1 C:\xampp\htdocs\erp.local\system\CodeIgniter.php(502): CodeIgniter\CodeIgniter->runController(Object(App\Controllers\RelatoriosEmpresa))
#2 C:\xampp\htdocs\erp.local\system\CodeIgniter.php(361): CodeIgniter\CodeIgniter->handleRequest(NULL, Object(Config\Cache), false)
#3 C:\xampp\htdocs\erp.local\public\index.php(79): CodeIgniter\CodeIgniter->run()
#4 {main}
in APPPATH\Views\errors\html\error_exception.php on line 182.
 1 [internal function]: CodeIgniter\Debug\Exceptions->shutdownHandler()
INFO - 2025-09-30 03:43:56 --> Session: Class initialized using 'CodeIgniter\Session\Handlers\FileHandler' driver.
INFO - 2025-09-30 03:44:00 --> Session: Class initialized using 'CodeIgniter\Session\Handlers\FileHandler' driver.
INFO - 2025-09-30 03:44:06 --> Session: Class initialized using 'CodeIgniter\Session\Handlers\FileHandler' driver.
INFO - 2025-09-30 03:44:10 --> Session: Class initialized using 'CodeIgniter\Session\Handlers\FileHandler' driver.
INFO - 2025-09-30 03:44:12 --> Session: Class initialized using 'CodeIgniter\Session\Handlers\FileHandler' driver.
INFO - 2025-09-30 03:44:14 --> Session: Class initialized using 'CodeIgniter\Session\Handlers\FileHandler' driver.
INFO - 2025-09-30 03:44:16 --> Session: Class initialized using 'CodeIgniter\Session\Handlers\FileHandler' driver.
INFO - 2025-09-30 03:44:18 --> Session: Class initialized using 'CodeIgniter\Session\Handlers\FileHandler' driver.
INFO - 2025-09-30 03:44:20 --> Session: Class initialized using 'CodeIgniter\Session\Handlers\FileHandler' driver.
INFO - 2025-09-30 03:44:32 --> Session: Class initialized using 'CodeIgniter\Session\Handlers\FileHandler' driver.
INFO - 2025-09-30 03:44:35 --> Session: Class initialized using 'CodeIgniter\Session\Handlers\FileHandler' driver.
INFO - 2025-09-30 03:44:35 --> Session: Class initialized using 'CodeIgniter\Session\Handlers\FileHandler' driver.
INFO - 2025-09-30 03:44:39 --> Session: Class initialized using 'CodeIgniter\Session\Handlers\FileHandler' driver.
INFO - 2025-09-30 03:44:40 --> Session: Class initialized using 'CodeIgniter\Session\Handlers\FileHandler' driver.
INFO - 2025-09-30 03:44:42 --> Session: Class initialized using 'CodeIgniter\Session\Handlers\FileHandler' driver.
INFO - 2025-09-30 03:44:43 --> Session: Class initialized using 'CodeIgniter\Session\Handlers\FileHandler' driver.
INFO - 2025-09-30 03:45:44 --> Session: Class initialized using 'CodeIgniter\Session\Handlers\FileHandler' driver.
INFO - 2025-09-30 03:45:44 --> Session: Class initialized using 'CodeIgniter\Session\Handlers\FileHandler' driver.
INFO - 2025-09-30 03:45:49 --> Session: Class initialized using 'CodeIgniter\Session\Handlers\FileHandler' driver.
INFO - 2025-09-30 03:45:49 --> Session: Class initialized using 'CodeIgniter\Session\Handlers\FileHandler' driver.
INFO - 2025-09-30 03:45:52 --> Session: Class initialized using 'CodeIgniter\Session\Handlers\FileHandler' driver.
INFO - 2025-09-30 03:45:52 --> Session: Class initialized using 'CodeIgniter\Session\Handlers\FileHandler' driver.
INFO - 2025-09-30 03:45:54 --> Session: Class initialized using 'CodeIgniter\Session\Handlers\FileHandler' driver.
INFO - 2025-09-30 03:45:54 --> Session: Class initialized using 'CodeIgniter\Session\Handlers\FileHandler' driver.
INFO - 2025-09-30 03:45:58 --> Session: Class initialized using 'CodeIgniter\Session\Handlers\FileHandler' driver.
INFO - 2025-09-30 03:46:01 --> Session: Class initialized using 'CodeIgniter\Session\Handlers\FileHandler' driver.
DEBUG - 2025-09-30 03:46:01 --> LoginPDV - Dados salvos na sessão: {"id_login":"6","id_empresa":"3","id_contador":"1","usuario":"lucas","nome_completo":"Lucas","tipo":4,"status":"ativo","xFant":"Stage","xApp":"PDV System"}
DEBUG - 2025-09-30 03:46:01 --> LoginPDV - Verificação imediata da sessão tipo: 4
INFO - 2025-09-30 03:46:03 --> Session: Class initialized using 'CodeIgniter\Session\Handlers\FileHandler' driver.
DEBUG - 2025-09-30 03:46:03 --> === PdvAccessFilter INÍCIO === URI: /index.php/pdv
INFO - 2025-09-30 03:46:03 --> Session: Class initialized using 'CodeIgniter\Session\Handlers\FileHandler' driver.
DEBUG - 2025-09-30 03:46:03 --> PdvAccessFilter - Dados da sessão:
DEBUG - 2025-09-30 03:46:03 -->   - tipo: 4
DEBUG - 2025-09-30 03:46:03 -->   - id_empresa: 3
DEBUG - 2025-09-30 03:46:03 -->   - id_contador: 1
DEBUG - 2025-09-30 03:46:03 -->   - usuario: lucas
DEBUG - 2025-09-30 03:46:03 -->   - session_id: 7bsm09qhpai9c7tm69btvr3a3er8fv9t
DEBUG - 2025-09-30 03:46:03 --> PdvAccessFilter - Validação de acesso:
DEBUG - 2025-09-30 03:46:03 -->   - tipos permitidos: [1,3,4]
DEBUG - 2025-09-30 03:46:03 -->   - tipo do usuário: 4 (válido: SIM)
DEBUG - 2025-09-30 03:46:03 -->   - id_empresa: 3 (válido: SIM)
DEBUG - 2025-09-30 03:46:03 -->   - wants JSON: NÃO
DEBUG - 2025-09-30 03:46:03 --> PdvAccessFilter - Verificando empresa no banco...
DEBUG - 2025-09-30 03:46:03 --> PdvAccessFilter - Empresa encontrada: Stage (ID: 3)
DEBUG - 2025-09-30 03:46:03 --> === PdvAccessFilter SUCESSO === Acesso liberado para lucas
DEBUG - 2025-09-30 03:46:03 --> === PDV Controller INÍCIO ===
DEBUG - 2025-09-30 03:46:03 --> PDV Controller - Dados da sessão:
DEBUG - 2025-09-30 03:46:03 -->   - tipo: 4
DEBUG - 2025-09-30 03:46:03 -->   - status: ativo
DEBUG - 2025-09-30 03:46:03 -->   - usuario: lucas
DEBUG - 2025-09-30 03:46:03 -->   - id_empresa: 3
DEBUG - 2025-09-30 03:46:03 -->   - id_contador: 1
DEBUG - 2025-09-30 03:46:03 --> PDV Controller - Permissões OK, carregando dados...
DEBUG - 2025-09-30 03:46:03 --> PDV Controller - Dados preparados:
DEBUG - 2025-09-30 03:46:03 -->   - Total de itens: 0
DEBUG - 2025-09-30 03:46:03 -->   - Total geral: R$ 0,00
DEBUG - 2025-09-30 03:46:03 --> === PDV Controller SUCESSO === Renderizando view
INFO - 2025-09-30 03:46:04 --> Session: Class initialized using 'CodeIgniter\Session\Handlers\FileHandler' driver.
INFO - 2025-09-30 03:46:04 --> Session: Class initialized using 'CodeIgniter\Session\Handlers\FileHandler' driver.
INFO - 2025-09-30 03:46:04 --> Session: Class initialized using 'CodeIgniter\Session\Handlers\FileHandler' driver.
INFO - 2025-09-30 03:46:04 --> Session: Class initialized using 'CodeIgniter\Session\Handlers\FileHandler' driver.
INFO - 2025-09-30 03:46:11 --> Session: Class initialized using 'CodeIgniter\Session\Handlers\FileHandler' driver.
INFO - 2025-09-30 03:46:18 --> Session: Class initialized using 'CodeIgniter\Session\Handlers\FileHandler' driver.
INFO - 2025-09-30 03:46:21 --> Session: Class initialized using 'CodeIgniter\Session\Handlers\FileHandler' driver.
INFO - 2025-09-30 03:46:23 --> Session: Class initialized using 'CodeIgniter\Session\Handlers\FileHandler' driver.
INFO - 2025-09-30 03:46:26 --> Session: Class initialized using 'CodeIgniter\Session\Handlers\FileHandler' driver.
INFO - 2025-09-30 03:46:29 --> Session: Class initialized using 'CodeIgniter\Session\Handlers\FileHandler' driver.
INFO - 2025-09-30 03:46:36 --> Session: Class initialized using 'CodeIgniter\Session\Handlers\FileHandler' driver.
INFO - 2025-09-30 03:46:37 --> Session: Class initialized using 'CodeIgniter\Session\Handlers\FileHandler' driver.
INFO - 2025-09-30 03:50:26 --> Session: Class initialized using 'CodeIgniter\Session\Handlers\FileHandler' driver.
INFO - 2025-09-30 04:01:18 --> Session: Class initialized using 'CodeIgniter\Session\Handlers\FileHandler' driver.
INFO - 2025-09-30 04:01:18 --> Session: Class initialized using 'CodeIgniter\Session\Handlers\FileHandler' driver.
INFO - 2025-09-30 04:01:20 --> Session: Class initialized using 'CodeIgniter\Session\Handlers\FileHandler' driver.
INFO - 2025-09-30 04:01:24 --> Session: Class initialized using 'CodeIgniter\Session\Handlers\FileHandler' driver.
INFO - 2025-09-30 04:01:26 --> Session: Class initialized using 'CodeIgniter\Session\Handlers\FileHandler' driver.
INFO - 2025-09-30 04:01:30 --> Session: Class initialized using 'CodeIgniter\Session\Handlers\FileHandler' driver.
INFO - 2025-09-30 04:01:32 --> Session: Class initialized using 'CodeIgniter\Session\Handlers\FileHandler' driver.
INFO - 2025-09-30 04:01:35 --> Session: Class initialized using 'CodeIgniter\Session\Handlers\FileHandler' driver.
INFO - 2025-09-30 04:01:37 --> Session: Class initialized using 'CodeIgniter\Session\Handlers\FileHandler' driver.
INFO - 2025-09-30 04:01:39 --> Session: Class initialized using 'CodeIgniter\Session\Handlers\FileHandler' driver.
INFO - 2025-09-30 04:01:40 --> Session: Class initialized using 'CodeIgniter\Session\Handlers\FileHandler' driver.
INFO - 2025-09-30 04:01:41 --> Session: Class initialized using 'CodeIgniter\Session\Handlers\FileHandler' driver.
INFO - 2025-09-30 04:01:56 --> Session: Class initialized using 'CodeIgniter\Session\Handlers\FileHandler' driver.
INFO - 2025-09-30 04:01:58 --> Session: Class initialized using 'CodeIgniter\Session\Handlers\FileHandler' driver.
INFO - 2025-09-30 04:02:00 --> Session: Class initialized using 'CodeIgniter\Session\Handlers\FileHandler' driver.
INFO - 2025-09-30 04:02:01 --> Session: Class initialized using 'CodeIgniter\Session\Handlers\FileHandler' driver.
CRITICAL - 2025-09-30 04:02:01 --> ErrorException: Undefined array key "id_sale"
in APPPATH\Controllers\RelatoriosEmpresa.php on line 924.
 1 APPPATH\Controllers\RelatoriosEmpresa.php(924): CodeIgniter\Debug\Exceptions->errorHandler(2, 'Undefined array key "id_sale"', 'C:\\xampp\\htdocs\\erp.local\\app\\Controllers\\RelatoriosEmpresa.php', 924)
 2 SYSTEMPATH\CodeIgniter.php(941): App\Controllers\RelatoriosEmpresa->exportarVendasExcel()
 3 SYSTEMPATH\CodeIgniter.php(502): CodeIgniter\CodeIgniter->runController(Object(App\Controllers\RelatoriosEmpresa))
 4 SYSTEMPATH\CodeIgniter.php(361): CodeIgniter\CodeIgniter->handleRequest(null, Object(Config\Cache), false)
 5 FCPATH\index.php(79): CodeIgniter\CodeIgniter->run()
CRITICAL - 2025-09-30 04:02:01 --> ErrorException: Uncaught TypeError: htmlspecialchars(): Argument #1 ($string) must be of type string, resource given in C:\xampp\htdocs\erp.local\app\Views\errors\html\error_exception.php:182
Stack trace:
#0 C:\xampp\htdocs\erp.local\app\Views\errors\html\error_exception.php(182): htmlspecialchars(Resource id #44, 8, 'UTF-8')
#1 C:\xampp\htdocs\erp.local\system\Debug\BaseExceptionHandler.php(258): include('C:\\xampp\\htdocs...')
#2 C:\xampp\htdocs\erp.local\system\Debug\BaseExceptionHandler.php(261): CodeIgniter\Debug\BaseExceptionHandler->CodeIgniter\Debug\{closure}()
#3 C:\xampp\htdocs\erp.local\system\Debug\ExceptionHandler.php(112): CodeIgniter\Debug\BaseExceptionHandler->render(Object(ErrorException), 500, 'C:\\xampp\\htdocs...')
#4 C:\xampp\htdocs\erp.local\system\Debug\Exceptions.php(156): CodeIgniter\Debug\ExceptionHandler->handle(Object(ErrorException), Object(CodeIgniter\HTTP\IncomingRequest), Object(CodeIgniter\HTTP\Response), 500, 1)
#5 [internal function]: CodeIgniter\Debug\Exceptions->exceptionHandler(Object(ErrorException))
#6 {main}
  thrown
【Previous Exception】
ErrorException
Undefined array key "id_sale"
#0 C:\xampp\htdocs\erp.local\app\Controllers\RelatoriosEmpresa.php(924): CodeIgniter\Debug\Exceptions->errorHandler(2, 'Undefined array...', 'C:\\xampp\\htdocs...', 924)
#1 C:\xampp\htdocs\erp.local\system\CodeIgniter.php(941): App\Controllers\RelatoriosEmpresa->exportarVendasExcel()
#2 C:\xampp\htdocs\erp.local\system\CodeIgniter.php(502): CodeIgniter\CodeIgniter->runController(Object(App\Controllers\RelatoriosEmpresa))
#3 C:\xampp\htdocs\erp.local\system\CodeIgniter.php(361): CodeIgniter\CodeIgniter->handleRequest(NULL, Object(Config\Cache), false)
#4 C:\xampp\htdocs\erp.local\public\index.php(79): CodeIgniter\CodeIgniter->run()
#5 {main}
in APPPATH\Views\errors\html\error_exception.php on line 182.
 1 [internal function]: CodeIgniter\Debug\Exceptions->shutdownHandler()
INFO - 2025-09-30 04:02:08 --> Session: Class initialized using 'CodeIgniter\Session\Handlers\FileHandler' driver.
CRITICAL - 2025-09-30 04:02:09 --> ErrorException: Undefined array key "id_sale"
in APPPATH\Controllers\RelatoriosEmpresa.php on line 1007.
 1 APPPATH\Controllers\RelatoriosEmpresa.php(1007): CodeIgniter\Debug\Exceptions->errorHandler(2, 'Undefined array key "id_sale"', 'C:\\xampp\\htdocs\\erp.local\\app\\Controllers\\RelatoriosEmpresa.php', 1007)
 2 SYSTEMPATH\CodeIgniter.php(941): App\Controllers\RelatoriosEmpresa->exportarVendasPDF()
 3 SYSTEMPATH\CodeIgniter.php(502): CodeIgniter\CodeIgniter->runController(Object(App\Controllers\RelatoriosEmpresa))
 4 SYSTEMPATH\CodeIgniter.php(361): CodeIgniter\CodeIgniter->handleRequest(null, Object(Config\Cache), false)
 5 FCPATH\index.php(79): CodeIgniter\CodeIgniter->run()
CRITICAL - 2025-09-30 04:02:09 --> ErrorException: Uncaught TypeError: htmlspecialchars(): Argument #1 ($string) must be of type string, resource given in C:\xampp\htdocs\erp.local\app\Views\errors\html\error_exception.php:182
Stack trace:
#0 C:\xampp\htdocs\erp.local\app\Views\errors\html\error_exception.php(182): htmlspecialchars(Resource id #44, 8, 'UTF-8')
#1 C:\xampp\htdocs\erp.local\system\Debug\BaseExceptionHandler.php(258): include('C:\\xampp\\htdocs...')
#2 C:\xampp\htdocs\erp.local\system\Debug\BaseExceptionHandler.php(261): CodeIgniter\Debug\BaseExceptionHandler->CodeIgniter\Debug\{closure}()
#3 C:\xampp\htdocs\erp.local\system\Debug\ExceptionHandler.php(112): CodeIgniter\Debug\BaseExceptionHandler->render(Object(ErrorException), 500, 'C:\\xampp\\htdocs...')
#4 C:\xampp\htdocs\erp.local\system\Debug\Exceptions.php(156): CodeIgniter\Debug\ExceptionHandler->handle(Object(ErrorException), Object(CodeIgniter\HTTP\IncomingRequest), Object(CodeIgniter\HTTP\Response), 500, 1)
#5 [internal function]: CodeIgniter\Debug\Exceptions->exceptionHandler(Object(ErrorException))
#6 {main}
  thrown
【Previous Exception】
ErrorException
Undefined array key "id_sale"
#0 C:\xampp\htdocs\erp.local\app\Controllers\RelatoriosEmpresa.php(1007): CodeIgniter\Debug\Exceptions->errorHandler(2, 'Undefined array...', 'C:\\xampp\\htdocs...', 1007)
#1 C:\xampp\htdocs\erp.local\system\CodeIgniter.php(941): App\Controllers\RelatoriosEmpresa->exportarVendasPDF()
#2 C:\xampp\htdocs\erp.local\system\CodeIgniter.php(502): CodeIgniter\CodeIgniter->runController(Object(App\Controllers\RelatoriosEmpresa))
#3 C:\xampp\htdocs\erp.local\system\CodeIgniter.php(361): CodeIgniter\CodeIgniter->handleRequest(NULL, Object(Config\Cache), false)
#4 C:\xampp\htdocs\erp.local\public\index.php(79): CodeIgniter\CodeIgniter->run()
#5 {main}
in APPPATH\Views\errors\html\error_exception.php on line 182.
 1 [internal function]: CodeIgniter\Debug\Exceptions->shutdownHandler()
INFO - 2025-09-30 04:02:13 --> Session: Class initialized using 'CodeIgniter\Session\Handlers\FileHandler' driver.
CRITICAL - 2025-09-30 04:02:13 --> ErrorException: Undefined array key "id_sale"
in APPPATH\Controllers\RelatoriosEmpresa.php on line 924.
 1 APPPATH\Controllers\RelatoriosEmpresa.php(924): CodeIgniter\Debug\Exceptions->errorHandler(2, 'Undefined array key "id_sale"', 'C:\\xampp\\htdocs\\erp.local\\app\\Controllers\\RelatoriosEmpresa.php', 924)
 2 SYSTEMPATH\CodeIgniter.php(941): App\Controllers\RelatoriosEmpresa->exportarVendasExcel()
 3 SYSTEMPATH\CodeIgniter.php(502): CodeIgniter\CodeIgniter->runController(Object(App\Controllers\RelatoriosEmpresa))
 4 SYSTEMPATH\CodeIgniter.php(361): CodeIgniter\CodeIgniter->handleRequest(null, Object(Config\Cache), false)
 5 FCPATH\index.php(79): CodeIgniter\CodeIgniter->run()
CRITICAL - 2025-09-30 04:02:13 --> ErrorException: Uncaught TypeError: htmlspecialchars(): Argument #1 ($string) must be of type string, resource given in C:\xampp\htdocs\erp.local\app\Views\errors\html\error_exception.php:182
Stack trace:
#0 C:\xampp\htdocs\erp.local\app\Views\errors\html\error_exception.php(182): htmlspecialchars(Resource id #44, 8, 'UTF-8')
#1 C:\xampp\htdocs\erp.local\system\Debug\BaseExceptionHandler.php(258): include('C:\\xampp\\htdocs...')
#2 C:\xampp\htdocs\erp.local\system\Debug\BaseExceptionHandler.php(261): CodeIgniter\Debug\BaseExceptionHandler->CodeIgniter\Debug\{closure}()
#3 C:\xampp\htdocs\erp.local\system\Debug\ExceptionHandler.php(112): CodeIgniter\Debug\BaseExceptionHandler->render(Object(ErrorException), 500, 'C:\\xampp\\htdocs...')
#4 C:\xampp\htdocs\erp.local\system\Debug\Exceptions.php(156): CodeIgniter\Debug\ExceptionHandler->handle(Object(ErrorException), Object(CodeIgniter\HTTP\IncomingRequest), Object(CodeIgniter\HTTP\Response), 500, 1)
#5 [internal function]: CodeIgniter\Debug\Exceptions->exceptionHandler(Object(ErrorException))
#6 {main}
  thrown
【Previous Exception】
ErrorException
Undefined array key "id_sale"
#0 C:\xampp\htdocs\erp.local\app\Controllers\RelatoriosEmpresa.php(924): CodeIgniter\Debug\Exceptions->errorHandler(2, 'Undefined array...', 'C:\\xampp\\htdocs...', 924)
#1 C:\xampp\htdocs\erp.local\system\CodeIgniter.php(941): App\Controllers\RelatoriosEmpresa->exportarVendasExcel()
#2 C:\xampp\htdocs\erp.local\system\CodeIgniter.php(502): CodeIgniter\CodeIgniter->runController(Object(App\Controllers\RelatoriosEmpresa))
#3 C:\xampp\htdocs\erp.local\system\CodeIgniter.php(361): CodeIgniter\CodeIgniter->handleRequest(NULL, Object(Config\Cache), false)
#4 C:\xampp\htdocs\erp.local\public\index.php(79): CodeIgniter\CodeIgniter->run()
#5 {main}
in APPPATH\Views\errors\html\error_exception.php on line 182.
 1 [internal function]: CodeIgniter\Debug\Exceptions->shutdownHandler()
INFO - 2025-09-30 04:03:05 --> Session: Class initialized using 'CodeIgniter\Session\Handlers\FileHandler' driver.
INFO - 2025-09-30 04:03:09 --> Session: Class initialized using 'CodeIgniter\Session\Handlers\FileHandler' driver.
INFO - 2025-09-30 04:03:09 --> Session: Class initialized using 'CodeIgniter\Session\Handlers\FileHandler' driver.
INFO - 2025-09-30 04:03:11 --> Session: Class initialized using 'CodeIgniter\Session\Handlers\FileHandler' driver.
INFO - 2025-09-30 04:03:13 --> Session: Class initialized using 'CodeIgniter\Session\Handlers\FileHandler' driver.
INFO - 2025-09-30 04:03:19 --> Session: Class initialized using 'CodeIgniter\Session\Handlers\FileHandler' driver.
INFO - 2025-09-30 04:03:19 --> Session: Class initialized using 'CodeIgniter\Session\Handlers\FileHandler' driver.
INFO - 2025-09-30 04:03:22 --> Session: Class initialized using 'CodeIgniter\Session\Handlers\FileHandler' driver.
INFO - 2025-09-30 04:03:31 --> Session: Class initialized using 'CodeIgniter\Session\Handlers\FileHandler' driver.
INFO - 2025-09-30 04:03:31 --> Session: Class initialized using 'CodeIgniter\Session\Handlers\FileHandler' driver.
INFO - 2025-09-30 04:03:37 --> Session: Class initialized using 'CodeIgniter\Session\Handlers\FileHandler' driver.
INFO - 2025-09-30 04:03:38 --> Session: Class initialized using 'CodeIgniter\Session\Handlers\FileHandler' driver.
INFO - 2025-09-30 04:03:39 --> Session: Class initialized using 'CodeIgniter\Session\Handlers\FileHandler' driver.
INFO - 2025-09-30 04:03:41 --> Session: Class initialized using 'CodeIgniter\Session\Handlers\FileHandler' driver.
CRITICAL - 2025-09-30 04:03:41 --> ErrorException: Undefined array key "id_sale"
in APPPATH\Controllers\RelatoriosEmpresa.php on line 924.
 1 APPPATH\Controllers\RelatoriosEmpresa.php(924): CodeIgniter\Debug\Exceptions->errorHandler(2, 'Undefined array key "id_sale"', 'C:\\xampp\\htdocs\\erp.local\\app\\Controllers\\RelatoriosEmpresa.php', 924)
 2 SYSTEMPATH\CodeIgniter.php(941): App\Controllers\RelatoriosEmpresa->exportarVendasExcel()
 3 SYSTEMPATH\CodeIgniter.php(502): CodeIgniter\CodeIgniter->runController(Object(App\Controllers\RelatoriosEmpresa))
 4 SYSTEMPATH\CodeIgniter.php(361): CodeIgniter\CodeIgniter->handleRequest(null, Object(Config\Cache), false)
 5 FCPATH\index.php(79): CodeIgniter\CodeIgniter->run()
CRITICAL - 2025-09-30 04:03:41 --> ErrorException: Uncaught TypeError: htmlspecialchars(): Argument #1 ($string) must be of type string, resource given in C:\xampp\htdocs\erp.local\app\Views\errors\html\error_exception.php:182
Stack trace:
#0 C:\xampp\htdocs\erp.local\app\Views\errors\html\error_exception.php(182): htmlspecialchars(Resource id #44, 8, 'UTF-8')
#1 C:\xampp\htdocs\erp.local\system\Debug\BaseExceptionHandler.php(258): include('C:\\xampp\\htdocs...')
#2 C:\xampp\htdocs\erp.local\system\Debug\BaseExceptionHandler.php(261): CodeIgniter\Debug\BaseExceptionHandler->CodeIgniter\Debug\{closure}()
#3 C:\xampp\htdocs\erp.local\system\Debug\ExceptionHandler.php(112): CodeIgniter\Debug\BaseExceptionHandler->render(Object(ErrorException), 500, 'C:\\xampp\\htdocs...')
#4 C:\xampp\htdocs\erp.local\system\Debug\Exceptions.php(156): CodeIgniter\Debug\ExceptionHandler->handle(Object(ErrorException), Object(CodeIgniter\HTTP\IncomingRequest), Object(CodeIgniter\HTTP\Response), 500, 1)
#5 [internal function]: CodeIgniter\Debug\Exceptions->exceptionHandler(Object(ErrorException))
#6 {main}
  thrown
【Previous Exception】
ErrorException
Undefined array key "id_sale"
#0 C:\xampp\htdocs\erp.local\app\Controllers\RelatoriosEmpresa.php(924): CodeIgniter\Debug\Exceptions->errorHandler(2, 'Undefined array...', 'C:\\xampp\\htdocs...', 924)
#1 C:\xampp\htdocs\erp.local\system\CodeIgniter.php(941): App\Controllers\RelatoriosEmpresa->exportarVendasExcel()
#2 C:\xampp\htdocs\erp.local\system\CodeIgniter.php(502): CodeIgniter\CodeIgniter->runController(Object(App\Controllers\RelatoriosEmpresa))
#3 C:\xampp\htdocs\erp.local\system\CodeIgniter.php(361): CodeIgniter\CodeIgniter->handleRequest(NULL, Object(Config\Cache), false)
#4 C:\xampp\htdocs\erp.local\public\index.php(79): CodeIgniter\CodeIgniter->run()
#5 {main}
in APPPATH\Views\errors\html\error_exception.php on line 182.
 1 [internal function]: CodeIgniter\Debug\Exceptions->shutdownHandler()
INFO - 2025-09-30 04:03:46 --> Session: Class initialized using 'CodeIgniter\Session\Handlers\FileHandler' driver.
CRITICAL - 2025-09-30 04:03:46 --> ErrorException: Undefined array key "id_sale"
in APPPATH\Controllers\RelatoriosEmpresa.php on line 1007.
 1 APPPATH\Controllers\RelatoriosEmpresa.php(1007): CodeIgniter\Debug\Exceptions->errorHandler(2, 'Undefined array key "id_sale"', 'C:\\xampp\\htdocs\\erp.local\\app\\Controllers\\RelatoriosEmpresa.php', 1007)
 2 SYSTEMPATH\CodeIgniter.php(941): App\Controllers\RelatoriosEmpresa->exportarVendasPDF()
 3 SYSTEMPATH\CodeIgniter.php(502): CodeIgniter\CodeIgniter->runController(Object(App\Controllers\RelatoriosEmpresa))
 4 SYSTEMPATH\CodeIgniter.php(361): CodeIgniter\CodeIgniter->handleRequest(null, Object(Config\Cache), false)
 5 FCPATH\index.php(79): CodeIgniter\CodeIgniter->run()
CRITICAL - 2025-09-30 04:03:46 --> ErrorException: Uncaught TypeError: htmlspecialchars(): Argument #1 ($string) must be of type string, resource given in C:\xampp\htdocs\erp.local\app\Views\errors\html\error_exception.php:182
Stack trace:
#0 C:\xampp\htdocs\erp.local\app\Views\errors\html\error_exception.php(182): htmlspecialchars(Resource id #44, 8, 'UTF-8')
#1 C:\xampp\htdocs\erp.local\system\Debug\BaseExceptionHandler.php(258): include('C:\\xampp\\htdocs...')
#2 C:\xampp\htdocs\erp.local\system\Debug\BaseExceptionHandler.php(261): CodeIgniter\Debug\BaseExceptionHandler->CodeIgniter\Debug\{closure}()
#3 C:\xampp\htdocs\erp.local\system\Debug\ExceptionHandler.php(112): CodeIgniter\Debug\BaseExceptionHandler->render(Object(ErrorException), 500, 'C:\\xampp\\htdocs...')
#4 C:\xampp\htdocs\erp.local\system\Debug\Exceptions.php(156): CodeIgniter\Debug\ExceptionHandler->handle(Object(ErrorException), Object(CodeIgniter\HTTP\IncomingRequest), Object(CodeIgniter\HTTP\Response), 500, 1)
#5 [internal function]: CodeIgniter\Debug\Exceptions->exceptionHandler(Object(ErrorException))
#6 {main}
  thrown
【Previous Exception】
ErrorException
Undefined array key "id_sale"
#0 C:\xampp\htdocs\erp.local\app\Controllers\RelatoriosEmpresa.php(1007): CodeIgniter\Debug\Exceptions->errorHandler(2, 'Undefined array...', 'C:\\xampp\\htdocs...', 1007)
#1 C:\xampp\htdocs\erp.local\system\CodeIgniter.php(941): App\Controllers\RelatoriosEmpresa->exportarVendasPDF()
#2 C:\xampp\htdocs\erp.local\system\CodeIgniter.php(502): CodeIgniter\CodeIgniter->runController(Object(App\Controllers\RelatoriosEmpresa))
#3 C:\xampp\htdocs\erp.local\system\CodeIgniter.php(361): CodeIgniter\CodeIgniter->handleRequest(NULL, Object(Config\Cache), false)
#4 C:\xampp\htdocs\erp.local\public\index.php(79): CodeIgniter\CodeIgniter->run()
#5 {main}
in APPPATH\Views\errors\html\error_exception.php on line 182.
 1 [internal function]: CodeIgniter\Debug\Exceptions->shutdownHandler()
INFO - 2025-09-30 04:03:55 --> Session: Class initialized using 'CodeIgniter\Session\Handlers\FileHandler' driver.
INFO - 2025-09-30 04:04:08 --> Session: Class initialized using 'CodeIgniter\Session\Handlers\FileHandler' driver.
INFO - 2025-09-30 04:04:16 --> Session: Class initialized using 'CodeIgniter\Session\Handlers\FileHandler' driver.
INFO - 2025-09-30 04:04:16 --> Session: Class initialized using 'CodeIgniter\Session\Handlers\FileHandler' driver.
INFO - 2025-09-30 04:04:29 --> Session: Class initialized using 'CodeIgniter\Session\Handlers\FileHandler' driver.
