INFO - 2025-09-24 00:33:38 --> Session: Class initialized using 'CodeIgniter\Session\Handlers\FileHandler' driver.
INFO - 2025-09-24 00:33:40 --> Session: Class initialized using 'CodeIgniter\Session\Handlers\FileHandler' driver.
INFO - 2025-09-24 00:33:40 --> Session: Class initialized using 'CodeIgniter\Session\Handlers\FileHandler' driver.
CRITICAL - 2025-09-24 00:33:41 --> ErrorException: unlink(C:\xampp\htdocs\erp.local\writable\debugbar/debugbar_1758601102.549719.json): No such file or directory
in SYSTEMPATH\Debug\Toolbar\Collectors\History.php on line 80.
 1 [internal function]: CodeIgniter\Debug\Exceptions->errorHandler(2, 'unlink(C:\\xampp\\htdocs\\erp.local\\writable\\debugbar/debugbar_1758601102.549719.json): No such file or directory', 'C:\\xampp\\htdocs\\erp.local\\system\\Debug\\Toolbar\\Collectors\\History.php', 80)
 2 SYSTEMPATH\Debug\Toolbar\Collectors\History.php(80): unlink('C:\\xampp\\htdocs\\erp.local\\writable\\debugbar/debugbar_1758601102.549719.json')
 3 SYSTEMPATH\Debug\Toolbar.php(496): CodeIgniter\Debug\Toolbar\Collectors\History->setFiles('1758674020.783692', 20)
 4 SYSTEMPATH\Debug\Toolbar.php(475): CodeIgniter\Debug\Toolbar->format([...], 'html')
 5 APPPATH\Config\Events.php(48): CodeIgniter\Debug\Toolbar->respond()
 6 SYSTEMPATH\Events\Events.php(154): CodeIgniter\Events\Events::Config\{closure}()
 7 SYSTEMPATH\CodeIgniter.php(442): CodeIgniter\Events\Events::trigger('pre_system')
 8 SYSTEMPATH\CodeIgniter.php(361): CodeIgniter\CodeIgniter->handleRequest(null, Object(Config\Cache), false)
 9 FCPATH\index.php(79): CodeIgniter\CodeIgniter->run()
INFO - 2025-09-24 00:33:55 --> Session: Class initialized using 'CodeIgniter\Session\Handlers\FileHandler' driver.
INFO - 2025-09-24 00:33:56 --> Session: Class initialized using 'CodeIgniter\Session\Handlers\FileHandler' driver.
INFO - 2025-09-24 00:34:01 --> Session: Class initialized using 'CodeIgniter\Session\Handlers\FileHandler' driver.
INFO - 2025-09-24 00:34:01 --> Session: Class initialized using 'CodeIgniter\Session\Handlers\FileHandler' driver.
INFO - 2025-09-24 00:34:04 --> Session: Class initialized using 'CodeIgniter\Session\Handlers\FileHandler' driver.
INFO - 2025-09-24 00:34:04 --> Session: Class initialized using 'CodeIgniter\Session\Handlers\FileHandler' driver.
INFO - 2025-09-24 00:34:05 --> Session: Class initialized using 'CodeIgniter\Session\Handlers\FileHandler' driver.
INFO - 2025-09-24 00:34:05 --> Session: Class initialized using 'CodeIgniter\Session\Handlers\FileHandler' driver.
INFO - 2025-09-24 00:34:05 --> Session: Class initialized using 'CodeIgniter\Session\Handlers\FileHandler' driver.
ERROR - 2025-09-24 00:34:08 --> mysqli_sql_exception: Unknown column 'id_pos_sale_item' in 'order clause' in C:\xampp\htdocs\erp.local\system\Database\MySQLi\Connection.php:306
Stack trace:
#0 C:\xampp\htdocs\erp.local\system\Database\MySQLi\Connection.php(306): mysqli->query('SELECT *\nFROM `...', 0)
#1 C:\xampp\htdocs\erp.local\system\Database\BaseConnection.php(693): CodeIgniter\Database\MySQLi\Connection->execute('SELECT *\nFROM `...')
#2 C:\xampp\htdocs\erp.local\system\Database\BaseConnection.php(607): CodeIgniter\Database\BaseConnection->simpleQuery('SELECT *\nFROM `...')
#3 C:\xampp\htdocs\erp.local\system\Database\BaseBuilder.php(1616): CodeIgniter\Database\BaseConnection->query('SELECT *\nFROM `...', Array, false)
#4 C:\xampp\htdocs\erp.local\system\Model.php(242): CodeIgniter\Database\BaseBuilder->get()
#5 C:\xampp\htdocs\erp.local\system\BaseModel.php(638): CodeIgniter\Model->doFindAll(0, 0)
#6 C:\xampp\htdocs\erp.local\app\Controllers\Api\Pos.php(424): CodeIgniter\BaseModel->findAll()
#7 C:\xampp\htdocs\erp.local\system\CodeIgniter.php(941): App\Controllers\Api\Pos->items('2')
#8 C:\xampp\htdocs\erp.local\system\CodeIgniter.php(502): CodeIgniter\CodeIgniter->runController(Object(App\Controllers\Api\Pos))
#9 C:\xampp\htdocs\erp.local\system\CodeIgniter.php(361): CodeIgniter\CodeIgniter->handleRequest(NULL, Object(Config\Cache), false)
#10 C:\xampp\htdocs\erp.local\public\index.php(79): CodeIgniter\CodeIgniter->run()
#11 {main}
CRITICAL - 2025-09-24 00:34:08 --> CodeIgniter\Database\Exceptions\DatabaseException: Unknown column 'id_pos_sale_item' in 'order clause'
in SYSTEMPATH\Database\BaseConnection.php on line 647.
 1 SYSTEMPATH\Database\BaseBuilder.php(1616): CodeIgniter\Database\BaseConnection->query('SELECT *
FROM `pos_sale_items`
WHERE `id_pos_sale` = :id_pos_sale:
ORDER BY `id_pos_sale_item` ASC', [...], false)
 2 SYSTEMPATH\Model.php(242): CodeIgniter\Database\BaseBuilder->get()
 3 SYSTEMPATH\BaseModel.php(638): CodeIgniter\Model->doFindAll(0, 0)
 4 APPPATH\Controllers\Api\Pos.php(424): CodeIgniter\BaseModel->findAll()
 5 SYSTEMPATH\CodeIgniter.php(941): App\Controllers\Api\Pos->items('2')
 6 SYSTEMPATH\CodeIgniter.php(502): CodeIgniter\CodeIgniter->runController(Object(App\Controllers\Api\Pos))
 7 SYSTEMPATH\CodeIgniter.php(361): CodeIgniter\CodeIgniter->handleRequest(null, Object(Config\Cache), false)
 8 FCPATH\index.php(79): CodeIgniter\CodeIgniter->run()
CRITICAL - 2025-09-24 00:34:08 --> [Caused by] CodeIgniter\Database\Exceptions\DatabaseException: Unknown column 'id_pos_sale_item' in 'order clause'
in SYSTEMPATH\Database\MySQLi\Connection.php on line 311.
 1 SYSTEMPATH\Database\BaseConnection.php(693): CodeIgniter\Database\MySQLi\Connection->execute('SELECT *
FROM `pos_sale_items`
WHERE `id_pos_sale` = 2
ORDER BY `id_pos_sale_item` ASC')
 2 SYSTEMPATH\Database\BaseConnection.php(607): CodeIgniter\Database\BaseConnection->simpleQuery('SELECT *
FROM `pos_sale_items`
WHERE `id_pos_sale` = 2
ORDER BY `id_pos_sale_item` ASC')
 3 SYSTEMPATH\Database\BaseBuilder.php(1616): CodeIgniter\Database\BaseConnection->query('SELECT *
FROM `pos_sale_items`
WHERE `id_pos_sale` = :id_pos_sale:
ORDER BY `id_pos_sale_item` ASC', [...], false)
 4 SYSTEMPATH\Model.php(242): CodeIgniter\Database\BaseBuilder->get()
 5 SYSTEMPATH\BaseModel.php(638): CodeIgniter\Model->doFindAll(0, 0)
 6 APPPATH\Controllers\Api\Pos.php(424): CodeIgniter\BaseModel->findAll()
 7 SYSTEMPATH\CodeIgniter.php(941): App\Controllers\Api\Pos->items('2')
 8 SYSTEMPATH\CodeIgniter.php(502): CodeIgniter\CodeIgniter->runController(Object(App\Controllers\Api\Pos))
 9 SYSTEMPATH\CodeIgniter.php(361): CodeIgniter\CodeIgniter->handleRequest(null, Object(Config\Cache), false)
10 FCPATH\index.php(79): CodeIgniter\CodeIgniter->run()
CRITICAL - 2025-09-24 00:34:08 --> [Caused by] mysqli_sql_exception: Unknown column 'id_pos_sale_item' in 'order clause'
in SYSTEMPATH\Database\MySQLi\Connection.php on line 306.
 1 SYSTEMPATH\Database\MySQLi\Connection.php(306): mysqli->query('SELECT *
FROM `pos_sale_items`
WHERE `id_pos_sale` = 2
ORDER BY `id_pos_sale_item` ASC', 0)
 2 SYSTEMPATH\Database\BaseConnection.php(693): CodeIgniter\Database\MySQLi\Connection->execute('SELECT *
FROM `pos_sale_items`
WHERE `id_pos_sale` = 2
ORDER BY `id_pos_sale_item` ASC')
 3 SYSTEMPATH\Database\BaseConnection.php(607): CodeIgniter\Database\BaseConnection->simpleQuery('SELECT *
FROM `pos_sale_items`
WHERE `id_pos_sale` = 2
ORDER BY `id_pos_sale_item` ASC')
 4 SYSTEMPATH\Database\BaseBuilder.php(1616): CodeIgniter\Database\BaseConnection->query('SELECT *
FROM `pos_sale_items`
WHERE `id_pos_sale` = :id_pos_sale:
ORDER BY `id_pos_sale_item` ASC', [...], false)
 5 SYSTEMPATH\Model.php(242): CodeIgniter\Database\BaseBuilder->get()
 6 SYSTEMPATH\BaseModel.php(638): CodeIgniter\Model->doFindAll(0, 0)
 7 APPPATH\Controllers\Api\Pos.php(424): CodeIgniter\BaseModel->findAll()
 8 SYSTEMPATH\CodeIgniter.php(941): App\Controllers\Api\Pos->items('2')
 9 SYSTEMPATH\CodeIgniter.php(502): CodeIgniter\CodeIgniter->runController(Object(App\Controllers\Api\Pos))
10 SYSTEMPATH\CodeIgniter.php(361): CodeIgniter\CodeIgniter->handleRequest(null, Object(Config\Cache), false)
11 FCPATH\index.php(79): CodeIgniter\CodeIgniter->run()
ERROR - 2025-09-24 00:34:49 --> mysqli_sql_exception: Unknown column 'id_pos_sale_item' in 'order clause' in C:\xampp\htdocs\erp.local\system\Database\MySQLi\Connection.php:306
Stack trace:
#0 C:\xampp\htdocs\erp.local\system\Database\MySQLi\Connection.php(306): mysqli->query('SELECT *\nFROM `...', 0)
#1 C:\xampp\htdocs\erp.local\system\Database\BaseConnection.php(693): CodeIgniter\Database\MySQLi\Connection->execute('SELECT *\nFROM `...')
#2 C:\xampp\htdocs\erp.local\system\Database\BaseConnection.php(607): CodeIgniter\Database\BaseConnection->simpleQuery('SELECT *\nFROM `...')
#3 C:\xampp\htdocs\erp.local\system\Database\BaseBuilder.php(1616): CodeIgniter\Database\BaseConnection->query('SELECT *\nFROM `...', Array, false)
#4 C:\xampp\htdocs\erp.local\system\Model.php(242): CodeIgniter\Database\BaseBuilder->get()
#5 C:\xampp\htdocs\erp.local\system\BaseModel.php(638): CodeIgniter\Model->doFindAll(0, 0)
#6 C:\xampp\htdocs\erp.local\app\Controllers\Api\Pos.php(424): CodeIgniter\BaseModel->findAll()
#7 C:\xampp\htdocs\erp.local\system\CodeIgniter.php(941): App\Controllers\Api\Pos->items('2')
#8 C:\xampp\htdocs\erp.local\system\CodeIgniter.php(502): CodeIgniter\CodeIgniter->runController(Object(App\Controllers\Api\Pos))
#9 C:\xampp\htdocs\erp.local\system\CodeIgniter.php(361): CodeIgniter\CodeIgniter->handleRequest(NULL, Object(Config\Cache), false)
#10 C:\xampp\htdocs\erp.local\public\index.php(79): CodeIgniter\CodeIgniter->run()
#11 {main}
CRITICAL - 2025-09-24 00:34:49 --> CodeIgniter\Database\Exceptions\DatabaseException: Unknown column 'id_pos_sale_item' in 'order clause'
in SYSTEMPATH\Database\BaseConnection.php on line 647.
 1 SYSTEMPATH\Database\BaseBuilder.php(1616): CodeIgniter\Database\BaseConnection->query('SELECT *
FROM `pos_sale_items`
WHERE `id_pos_sale` = :id_pos_sale:
ORDER BY `id_pos_sale_item` ASC', [...], false)
 2 SYSTEMPATH\Model.php(242): CodeIgniter\Database\BaseBuilder->get()
 3 SYSTEMPATH\BaseModel.php(638): CodeIgniter\Model->doFindAll(0, 0)
 4 APPPATH\Controllers\Api\Pos.php(424): CodeIgniter\BaseModel->findAll()
 5 SYSTEMPATH\CodeIgniter.php(941): App\Controllers\Api\Pos->items('2')
 6 SYSTEMPATH\CodeIgniter.php(502): CodeIgniter\CodeIgniter->runController(Object(App\Controllers\Api\Pos))
 7 SYSTEMPATH\CodeIgniter.php(361): CodeIgniter\CodeIgniter->handleRequest(null, Object(Config\Cache), false)
 8 FCPATH\index.php(79): CodeIgniter\CodeIgniter->run()
CRITICAL - 2025-09-24 00:34:49 --> [Caused by] CodeIgniter\Database\Exceptions\DatabaseException: Unknown column 'id_pos_sale_item' in 'order clause'
in SYSTEMPATH\Database\MySQLi\Connection.php on line 311.
 1 SYSTEMPATH\Database\BaseConnection.php(693): CodeIgniter\Database\MySQLi\Connection->execute('SELECT *
FROM `pos_sale_items`
WHERE `id_pos_sale` = 2
ORDER BY `id_pos_sale_item` ASC')
 2 SYSTEMPATH\Database\BaseConnection.php(607): CodeIgniter\Database\BaseConnection->simpleQuery('SELECT *
FROM `pos_sale_items`
WHERE `id_pos_sale` = 2
ORDER BY `id_pos_sale_item` ASC')
 3 SYSTEMPATH\Database\BaseBuilder.php(1616): CodeIgniter\Database\BaseConnection->query('SELECT *
FROM `pos_sale_items`
WHERE `id_pos_sale` = :id_pos_sale:
ORDER BY `id_pos_sale_item` ASC', [...], false)
 4 SYSTEMPATH\Model.php(242): CodeIgniter\Database\BaseBuilder->get()
 5 SYSTEMPATH\BaseModel.php(638): CodeIgniter\Model->doFindAll(0, 0)
 6 APPPATH\Controllers\Api\Pos.php(424): CodeIgniter\BaseModel->findAll()
 7 SYSTEMPATH\CodeIgniter.php(941): App\Controllers\Api\Pos->items('2')
 8 SYSTEMPATH\CodeIgniter.php(502): CodeIgniter\CodeIgniter->runController(Object(App\Controllers\Api\Pos))
 9 SYSTEMPATH\CodeIgniter.php(361): CodeIgniter\CodeIgniter->handleRequest(null, Object(Config\Cache), false)
10 FCPATH\index.php(79): CodeIgniter\CodeIgniter->run()
CRITICAL - 2025-09-24 00:34:49 --> [Caused by] mysqli_sql_exception: Unknown column 'id_pos_sale_item' in 'order clause'
in SYSTEMPATH\Database\MySQLi\Connection.php on line 306.
 1 SYSTEMPATH\Database\MySQLi\Connection.php(306): mysqli->query('SELECT *
FROM `pos_sale_items`
WHERE `id_pos_sale` = 2
ORDER BY `id_pos_sale_item` ASC', 0)
 2 SYSTEMPATH\Database\BaseConnection.php(693): CodeIgniter\Database\MySQLi\Connection->execute('SELECT *
FROM `pos_sale_items`
WHERE `id_pos_sale` = 2
ORDER BY `id_pos_sale_item` ASC')
 3 SYSTEMPATH\Database\BaseConnection.php(607): CodeIgniter\Database\BaseConnection->simpleQuery('SELECT *
FROM `pos_sale_items`
WHERE `id_pos_sale` = 2
ORDER BY `id_pos_sale_item` ASC')
 4 SYSTEMPATH\Database\BaseBuilder.php(1616): CodeIgniter\Database\BaseConnection->query('SELECT *
FROM `pos_sale_items`
WHERE `id_pos_sale` = :id_pos_sale:
ORDER BY `id_pos_sale_item` ASC', [...], false)
 5 SYSTEMPATH\Model.php(242): CodeIgniter\Database\BaseBuilder->get()
 6 SYSTEMPATH\BaseModel.php(638): CodeIgniter\Model->doFindAll(0, 0)
 7 APPPATH\Controllers\Api\Pos.php(424): CodeIgniter\BaseModel->findAll()
 8 SYSTEMPATH\CodeIgniter.php(941): App\Controllers\Api\Pos->items('2')
 9 SYSTEMPATH\CodeIgniter.php(502): CodeIgniter\CodeIgniter->runController(Object(App\Controllers\Api\Pos))
10 SYSTEMPATH\CodeIgniter.php(361): CodeIgniter\CodeIgniter->handleRequest(null, Object(Config\Cache), false)
11 FCPATH\index.php(79): CodeIgniter\CodeIgniter->run()
INFO - 2025-09-24 00:43:35 --> Session: Class initialized using 'CodeIgniter\Session\Handlers\FileHandler' driver.
INFO - 2025-09-24 00:43:36 --> Session: Class initialized using 'CodeIgniter\Session\Handlers\FileHandler' driver.
INFO - 2025-09-24 00:43:36 --> Session: Class initialized using 'CodeIgniter\Session\Handlers\FileHandler' driver.
INFO - 2025-09-24 00:43:36 --> Session: Class initialized using 'CodeIgniter\Session\Handlers\FileHandler' driver.
INFO - 2025-09-24 00:43:36 --> Session: Class initialized using 'CodeIgniter\Session\Handlers\FileHandler' driver.
ERROR - 2025-09-24 00:43:40 --> mysqli_sql_exception: Unknown column 'id_pos_sale_item' in 'order clause' in C:\xampp\htdocs\erp.local\system\Database\MySQLi\Connection.php:306
Stack trace:
#0 C:\xampp\htdocs\erp.local\system\Database\MySQLi\Connection.php(306): mysqli->query('SELECT *\nFROM `...', 0)
#1 C:\xampp\htdocs\erp.local\system\Database\BaseConnection.php(693): CodeIgniter\Database\MySQLi\Connection->execute('SELECT *\nFROM `...')
#2 C:\xampp\htdocs\erp.local\system\Database\BaseConnection.php(607): CodeIgniter\Database\BaseConnection->simpleQuery('SELECT *\nFROM `...')
#3 C:\xampp\htdocs\erp.local\system\Database\BaseBuilder.php(1616): CodeIgniter\Database\BaseConnection->query('SELECT *\nFROM `...', Array, false)
#4 C:\xampp\htdocs\erp.local\system\Model.php(242): CodeIgniter\Database\BaseBuilder->get()
#5 C:\xampp\htdocs\erp.local\system\BaseModel.php(638): CodeIgniter\Model->doFindAll(0, 0)
#6 C:\xampp\htdocs\erp.local\app\Controllers\Api\Pos.php(424): CodeIgniter\BaseModel->findAll()
#7 C:\xampp\htdocs\erp.local\system\CodeIgniter.php(941): App\Controllers\Api\Pos->items('2')
#8 C:\xampp\htdocs\erp.local\system\CodeIgniter.php(502): CodeIgniter\CodeIgniter->runController(Object(App\Controllers\Api\Pos))
#9 C:\xampp\htdocs\erp.local\system\CodeIgniter.php(361): CodeIgniter\CodeIgniter->handleRequest(NULL, Object(Config\Cache), false)
#10 C:\xampp\htdocs\erp.local\public\index.php(79): CodeIgniter\CodeIgniter->run()
#11 {main}
CRITICAL - 2025-09-24 00:43:40 --> CodeIgniter\Database\Exceptions\DatabaseException: Unknown column 'id_pos_sale_item' in 'order clause'
in SYSTEMPATH\Database\BaseConnection.php on line 647.
 1 SYSTEMPATH\Database\BaseBuilder.php(1616): CodeIgniter\Database\BaseConnection->query('SELECT *
FROM `pos_sale_items`
WHERE `id_pos_sale` = :id_pos_sale:
ORDER BY `id_pos_sale_item` ASC', [...], false)
 2 SYSTEMPATH\Model.php(242): CodeIgniter\Database\BaseBuilder->get()
 3 SYSTEMPATH\BaseModel.php(638): CodeIgniter\Model->doFindAll(0, 0)
 4 APPPATH\Controllers\Api\Pos.php(424): CodeIgniter\BaseModel->findAll()
 5 SYSTEMPATH\CodeIgniter.php(941): App\Controllers\Api\Pos->items('2')
 6 SYSTEMPATH\CodeIgniter.php(502): CodeIgniter\CodeIgniter->runController(Object(App\Controllers\Api\Pos))
 7 SYSTEMPATH\CodeIgniter.php(361): CodeIgniter\CodeIgniter->handleRequest(null, Object(Config\Cache), false)
 8 FCPATH\index.php(79): CodeIgniter\CodeIgniter->run()
CRITICAL - 2025-09-24 00:43:40 --> [Caused by] CodeIgniter\Database\Exceptions\DatabaseException: Unknown column 'id_pos_sale_item' in 'order clause'
in SYSTEMPATH\Database\MySQLi\Connection.php on line 311.
 1 SYSTEMPATH\Database\BaseConnection.php(693): CodeIgniter\Database\MySQLi\Connection->execute('SELECT *
FROM `pos_sale_items`
WHERE `id_pos_sale` = 2
ORDER BY `id_pos_sale_item` ASC')
 2 SYSTEMPATH\Database\BaseConnection.php(607): CodeIgniter\Database\BaseConnection->simpleQuery('SELECT *
FROM `pos_sale_items`
WHERE `id_pos_sale` = 2
ORDER BY `id_pos_sale_item` ASC')
 3 SYSTEMPATH\Database\BaseBuilder.php(1616): CodeIgniter\Database\BaseConnection->query('SELECT *
FROM `pos_sale_items`
WHERE `id_pos_sale` = :id_pos_sale:
ORDER BY `id_pos_sale_item` ASC', [...], false)
 4 SYSTEMPATH\Model.php(242): CodeIgniter\Database\BaseBuilder->get()
 5 SYSTEMPATH\BaseModel.php(638): CodeIgniter\Model->doFindAll(0, 0)
 6 APPPATH\Controllers\Api\Pos.php(424): CodeIgniter\BaseModel->findAll()
 7 SYSTEMPATH\CodeIgniter.php(941): App\Controllers\Api\Pos->items('2')
 8 SYSTEMPATH\CodeIgniter.php(502): CodeIgniter\CodeIgniter->runController(Object(App\Controllers\Api\Pos))
 9 SYSTEMPATH\CodeIgniter.php(361): CodeIgniter\CodeIgniter->handleRequest(null, Object(Config\Cache), false)
10 FCPATH\index.php(79): CodeIgniter\CodeIgniter->run()
CRITICAL - 2025-09-24 00:43:40 --> [Caused by] mysqli_sql_exception: Unknown column 'id_pos_sale_item' in 'order clause'
in SYSTEMPATH\Database\MySQLi\Connection.php on line 306.
 1 SYSTEMPATH\Database\MySQLi\Connection.php(306): mysqli->query('SELECT *
FROM `pos_sale_items`
WHERE `id_pos_sale` = 2
ORDER BY `id_pos_sale_item` ASC', 0)
 2 SYSTEMPATH\Database\BaseConnection.php(693): CodeIgniter\Database\MySQLi\Connection->execute('SELECT *
FROM `pos_sale_items`
WHERE `id_pos_sale` = 2
ORDER BY `id_pos_sale_item` ASC')
 3 SYSTEMPATH\Database\BaseConnection.php(607): CodeIgniter\Database\BaseConnection->simpleQuery('SELECT *
FROM `pos_sale_items`
WHERE `id_pos_sale` = 2
ORDER BY `id_pos_sale_item` ASC')
 4 SYSTEMPATH\Database\BaseBuilder.php(1616): CodeIgniter\Database\BaseConnection->query('SELECT *
FROM `pos_sale_items`
WHERE `id_pos_sale` = :id_pos_sale:
ORDER BY `id_pos_sale_item` ASC', [...], false)
 5 SYSTEMPATH\Model.php(242): CodeIgniter\Database\BaseBuilder->get()
 6 SYSTEMPATH\BaseModel.php(638): CodeIgniter\Model->doFindAll(0, 0)
 7 APPPATH\Controllers\Api\Pos.php(424): CodeIgniter\BaseModel->findAll()
 8 SYSTEMPATH\CodeIgniter.php(941): App\Controllers\Api\Pos->items('2')
 9 SYSTEMPATH\CodeIgniter.php(502): CodeIgniter\CodeIgniter->runController(Object(App\Controllers\Api\Pos))
10 SYSTEMPATH\CodeIgniter.php(361): CodeIgniter\CodeIgniter->handleRequest(null, Object(Config\Cache), false)
11 FCPATH\index.php(79): CodeIgniter\CodeIgniter->run()
ERROR - 2025-09-24 00:46:22 --> mysqli_sql_exception: Unknown column 'id_pos_sale_item' in 'order clause' in C:\xampp\htdocs\erp.local\system\Database\MySQLi\Connection.php:306
Stack trace:
#0 C:\xampp\htdocs\erp.local\system\Database\MySQLi\Connection.php(306): mysqli->query('SELECT *\nFROM `...', 0)
#1 C:\xampp\htdocs\erp.local\system\Database\BaseConnection.php(693): CodeIgniter\Database\MySQLi\Connection->execute('SELECT *\nFROM `...')
#2 C:\xampp\htdocs\erp.local\system\Database\BaseConnection.php(607): CodeIgniter\Database\BaseConnection->simpleQuery('SELECT *\nFROM `...')
#3 C:\xampp\htdocs\erp.local\system\Database\BaseBuilder.php(1616): CodeIgniter\Database\BaseConnection->query('SELECT *\nFROM `...', Array, false)
#4 C:\xampp\htdocs\erp.local\system\Model.php(242): CodeIgniter\Database\BaseBuilder->get()
#5 C:\xampp\htdocs\erp.local\system\BaseModel.php(638): CodeIgniter\Model->doFindAll(0, 0)
#6 C:\xampp\htdocs\erp.local\app\Controllers\Api\Pos.php(424): CodeIgniter\BaseModel->findAll()
#7 C:\xampp\htdocs\erp.local\system\CodeIgniter.php(941): App\Controllers\Api\Pos->items('2')
#8 C:\xampp\htdocs\erp.local\system\CodeIgniter.php(502): CodeIgniter\CodeIgniter->runController(Object(App\Controllers\Api\Pos))
#9 C:\xampp\htdocs\erp.local\system\CodeIgniter.php(361): CodeIgniter\CodeIgniter->handleRequest(NULL, Object(Config\Cache), false)
#10 C:\xampp\htdocs\erp.local\public\index.php(79): CodeIgniter\CodeIgniter->run()
#11 {main}
CRITICAL - 2025-09-24 00:46:22 --> CodeIgniter\Database\Exceptions\DatabaseException: Unknown column 'id_pos_sale_item' in 'order clause'
in SYSTEMPATH\Database\BaseConnection.php on line 647.
 1 SYSTEMPATH\Database\BaseBuilder.php(1616): CodeIgniter\Database\BaseConnection->query('SELECT *
FROM `pos_sale_items`
WHERE `id_pos_sale` = :id_pos_sale:
ORDER BY `id_pos_sale_item` ASC', [...], false)
 2 SYSTEMPATH\Model.php(242): CodeIgniter\Database\BaseBuilder->get()
 3 SYSTEMPATH\BaseModel.php(638): CodeIgniter\Model->doFindAll(0, 0)
 4 APPPATH\Controllers\Api\Pos.php(424): CodeIgniter\BaseModel->findAll()
 5 SYSTEMPATH\CodeIgniter.php(941): App\Controllers\Api\Pos->items('2')
 6 SYSTEMPATH\CodeIgniter.php(502): CodeIgniter\CodeIgniter->runController(Object(App\Controllers\Api\Pos))
 7 SYSTEMPATH\CodeIgniter.php(361): CodeIgniter\CodeIgniter->handleRequest(null, Object(Config\Cache), false)
 8 FCPATH\index.php(79): CodeIgniter\CodeIgniter->run()
CRITICAL - 2025-09-24 00:46:22 --> [Caused by] CodeIgniter\Database\Exceptions\DatabaseException: Unknown column 'id_pos_sale_item' in 'order clause'
in SYSTEMPATH\Database\MySQLi\Connection.php on line 311.
 1 SYSTEMPATH\Database\BaseConnection.php(693): CodeIgniter\Database\MySQLi\Connection->execute('SELECT *
FROM `pos_sale_items`
WHERE `id_pos_sale` = 2
ORDER BY `id_pos_sale_item` ASC')
 2 SYSTEMPATH\Database\BaseConnection.php(607): CodeIgniter\Database\BaseConnection->simpleQuery('SELECT *
FROM `pos_sale_items`
WHERE `id_pos_sale` = 2
ORDER BY `id_pos_sale_item` ASC')
 3 SYSTEMPATH\Database\BaseBuilder.php(1616): CodeIgniter\Database\BaseConnection->query('SELECT *
FROM `pos_sale_items`
WHERE `id_pos_sale` = :id_pos_sale:
ORDER BY `id_pos_sale_item` ASC', [...], false)
 4 SYSTEMPATH\Model.php(242): CodeIgniter\Database\BaseBuilder->get()
 5 SYSTEMPATH\BaseModel.php(638): CodeIgniter\Model->doFindAll(0, 0)
 6 APPPATH\Controllers\Api\Pos.php(424): CodeIgniter\BaseModel->findAll()
 7 SYSTEMPATH\CodeIgniter.php(941): App\Controllers\Api\Pos->items('2')
 8 SYSTEMPATH\CodeIgniter.php(502): CodeIgniter\CodeIgniter->runController(Object(App\Controllers\Api\Pos))
 9 SYSTEMPATH\CodeIgniter.php(361): CodeIgniter\CodeIgniter->handleRequest(null, Object(Config\Cache), false)
10 FCPATH\index.php(79): CodeIgniter\CodeIgniter->run()
CRITICAL - 2025-09-24 00:46:22 --> [Caused by] mysqli_sql_exception: Unknown column 'id_pos_sale_item' in 'order clause'
in SYSTEMPATH\Database\MySQLi\Connection.php on line 306.
 1 SYSTEMPATH\Database\MySQLi\Connection.php(306): mysqli->query('SELECT *
FROM `pos_sale_items`
WHERE `id_pos_sale` = 2
ORDER BY `id_pos_sale_item` ASC', 0)
 2 SYSTEMPATH\Database\BaseConnection.php(693): CodeIgniter\Database\MySQLi\Connection->execute('SELECT *
FROM `pos_sale_items`
WHERE `id_pos_sale` = 2
ORDER BY `id_pos_sale_item` ASC')
 3 SYSTEMPATH\Database\BaseConnection.php(607): CodeIgniter\Database\BaseConnection->simpleQuery('SELECT *
FROM `pos_sale_items`
WHERE `id_pos_sale` = 2
ORDER BY `id_pos_sale_item` ASC')
 4 SYSTEMPATH\Database\BaseBuilder.php(1616): CodeIgniter\Database\BaseConnection->query('SELECT *
FROM `pos_sale_items`
WHERE `id_pos_sale` = :id_pos_sale:
ORDER BY `id_pos_sale_item` ASC', [...], false)
 5 SYSTEMPATH\Model.php(242): CodeIgniter\Database\BaseBuilder->get()
 6 SYSTEMPATH\BaseModel.php(638): CodeIgniter\Model->doFindAll(0, 0)
 7 APPPATH\Controllers\Api\Pos.php(424): CodeIgniter\BaseModel->findAll()
 8 SYSTEMPATH\CodeIgniter.php(941): App\Controllers\Api\Pos->items('2')
 9 SYSTEMPATH\CodeIgniter.php(502): CodeIgniter\CodeIgniter->runController(Object(App\Controllers\Api\Pos))
10 SYSTEMPATH\CodeIgniter.php(361): CodeIgniter\CodeIgniter->handleRequest(null, Object(Config\Cache), false)
11 FCPATH\index.php(79): CodeIgniter\CodeIgniter->run()
INFO - 2025-09-24 00:46:26 --> Session: Class initialized using 'CodeIgniter\Session\Handlers\FileHandler' driver.
INFO - 2025-09-24 00:46:26 --> Session: Class initialized using 'CodeIgniter\Session\Handlers\FileHandler' driver.
INFO - 2025-09-24 00:46:26 --> Session: Class initialized using 'CodeIgniter\Session\Handlers\FileHandler' driver.
INFO - 2025-09-24 00:46:26 --> Session: Class initialized using 'CodeIgniter\Session\Handlers\FileHandler' driver.
INFO - 2025-09-24 00:46:26 --> Session: Class initialized using 'CodeIgniter\Session\Handlers\FileHandler' driver.
INFO - 2025-09-24 00:46:31 --> Session: Class initialized using 'CodeIgniter\Session\Handlers\FileHandler' driver.
INFO - 2025-09-24 00:46:31 --> Session: Class initialized using 'CodeIgniter\Session\Handlers\FileHandler' driver.
INFO - 2025-09-24 00:46:31 --> Session: Class initialized using 'CodeIgniter\Session\Handlers\FileHandler' driver.
INFO - 2025-09-24 00:46:31 --> Session: Class initialized using 'CodeIgniter\Session\Handlers\FileHandler' driver.
INFO - 2025-09-24 00:46:31 --> Session: Class initialized using 'CodeIgniter\Session\Handlers\FileHandler' driver.
ERROR - 2025-09-24 00:46:33 --> mysqli_sql_exception: Unknown column 'id_pos_sale_item' in 'order clause' in C:\xampp\htdocs\erp.local\system\Database\MySQLi\Connection.php:306
Stack trace:
#0 C:\xampp\htdocs\erp.local\system\Database\MySQLi\Connection.php(306): mysqli->query('SELECT *\nFROM `...', 0)
#1 C:\xampp\htdocs\erp.local\system\Database\BaseConnection.php(693): CodeIgniter\Database\MySQLi\Connection->execute('SELECT *\nFROM `...')
#2 C:\xampp\htdocs\erp.local\system\Database\BaseConnection.php(607): CodeIgniter\Database\BaseConnection->simpleQuery('SELECT *\nFROM `...')
#3 C:\xampp\htdocs\erp.local\system\Database\BaseBuilder.php(1616): CodeIgniter\Database\BaseConnection->query('SELECT *\nFROM `...', Array, false)
#4 C:\xampp\htdocs\erp.local\system\Model.php(242): CodeIgniter\Database\BaseBuilder->get()
#5 C:\xampp\htdocs\erp.local\system\BaseModel.php(638): CodeIgniter\Model->doFindAll(0, 0)
#6 C:\xampp\htdocs\erp.local\app\Controllers\Api\Pos.php(424): CodeIgniter\BaseModel->findAll()
#7 C:\xampp\htdocs\erp.local\system\CodeIgniter.php(941): App\Controllers\Api\Pos->items('3')
#8 C:\xampp\htdocs\erp.local\system\CodeIgniter.php(502): CodeIgniter\CodeIgniter->runController(Object(App\Controllers\Api\Pos))
#9 C:\xampp\htdocs\erp.local\system\CodeIgniter.php(361): CodeIgniter\CodeIgniter->handleRequest(NULL, Object(Config\Cache), false)
#10 C:\xampp\htdocs\erp.local\public\index.php(79): CodeIgniter\CodeIgniter->run()
#11 {main}
CRITICAL - 2025-09-24 00:46:33 --> CodeIgniter\Database\Exceptions\DatabaseException: Unknown column 'id_pos_sale_item' in 'order clause'
in SYSTEMPATH\Database\BaseConnection.php on line 647.
 1 SYSTEMPATH\Database\BaseBuilder.php(1616): CodeIgniter\Database\BaseConnection->query('SELECT *
FROM `pos_sale_items`
WHERE `id_pos_sale` = :id_pos_sale:
ORDER BY `id_pos_sale_item` ASC', [...], false)
 2 SYSTEMPATH\Model.php(242): CodeIgniter\Database\BaseBuilder->get()
 3 SYSTEMPATH\BaseModel.php(638): CodeIgniter\Model->doFindAll(0, 0)
 4 APPPATH\Controllers\Api\Pos.php(424): CodeIgniter\BaseModel->findAll()
 5 SYSTEMPATH\CodeIgniter.php(941): App\Controllers\Api\Pos->items('3')
 6 SYSTEMPATH\CodeIgniter.php(502): CodeIgniter\CodeIgniter->runController(Object(App\Controllers\Api\Pos))
 7 SYSTEMPATH\CodeIgniter.php(361): CodeIgniter\CodeIgniter->handleRequest(null, Object(Config\Cache), false)
 8 FCPATH\index.php(79): CodeIgniter\CodeIgniter->run()
CRITICAL - 2025-09-24 00:46:33 --> [Caused by] CodeIgniter\Database\Exceptions\DatabaseException: Unknown column 'id_pos_sale_item' in 'order clause'
in SYSTEMPATH\Database\MySQLi\Connection.php on line 311.
 1 SYSTEMPATH\Database\BaseConnection.php(693): CodeIgniter\Database\MySQLi\Connection->execute('SELECT *
FROM `pos_sale_items`
WHERE `id_pos_sale` = 3
ORDER BY `id_pos_sale_item` ASC')
 2 SYSTEMPATH\Database\BaseConnection.php(607): CodeIgniter\Database\BaseConnection->simpleQuery('SELECT *
FROM `pos_sale_items`
WHERE `id_pos_sale` = 3
ORDER BY `id_pos_sale_item` ASC')
 3 SYSTEMPATH\Database\BaseBuilder.php(1616): CodeIgniter\Database\BaseConnection->query('SELECT *
FROM `pos_sale_items`
WHERE `id_pos_sale` = :id_pos_sale:
ORDER BY `id_pos_sale_item` ASC', [...], false)
 4 SYSTEMPATH\Model.php(242): CodeIgniter\Database\BaseBuilder->get()
 5 SYSTEMPATH\BaseModel.php(638): CodeIgniter\Model->doFindAll(0, 0)
 6 APPPATH\Controllers\Api\Pos.php(424): CodeIgniter\BaseModel->findAll()
 7 SYSTEMPATH\CodeIgniter.php(941): App\Controllers\Api\Pos->items('3')
 8 SYSTEMPATH\CodeIgniter.php(502): CodeIgniter\CodeIgniter->runController(Object(App\Controllers\Api\Pos))
 9 SYSTEMPATH\CodeIgniter.php(361): CodeIgniter\CodeIgniter->handleRequest(null, Object(Config\Cache), false)
10 FCPATH\index.php(79): CodeIgniter\CodeIgniter->run()
CRITICAL - 2025-09-24 00:46:33 --> [Caused by] mysqli_sql_exception: Unknown column 'id_pos_sale_item' in 'order clause'
in SYSTEMPATH\Database\MySQLi\Connection.php on line 306.
 1 SYSTEMPATH\Database\MySQLi\Connection.php(306): mysqli->query('SELECT *
FROM `pos_sale_items`
WHERE `id_pos_sale` = 3
ORDER BY `id_pos_sale_item` ASC', 0)
 2 SYSTEMPATH\Database\BaseConnection.php(693): CodeIgniter\Database\MySQLi\Connection->execute('SELECT *
FROM `pos_sale_items`
WHERE `id_pos_sale` = 3
ORDER BY `id_pos_sale_item` ASC')
 3 SYSTEMPATH\Database\BaseConnection.php(607): CodeIgniter\Database\BaseConnection->simpleQuery('SELECT *
FROM `pos_sale_items`
WHERE `id_pos_sale` = 3
ORDER BY `id_pos_sale_item` ASC')
 4 SYSTEMPATH\Database\BaseBuilder.php(1616): CodeIgniter\Database\BaseConnection->query('SELECT *
FROM `pos_sale_items`
WHERE `id_pos_sale` = :id_pos_sale:
ORDER BY `id_pos_sale_item` ASC', [...], false)
 5 SYSTEMPATH\Model.php(242): CodeIgniter\Database\BaseBuilder->get()
 6 SYSTEMPATH\BaseModel.php(638): CodeIgniter\Model->doFindAll(0, 0)
 7 APPPATH\Controllers\Api\Pos.php(424): CodeIgniter\BaseModel->findAll()
 8 SYSTEMPATH\CodeIgniter.php(941): App\Controllers\Api\Pos->items('3')
 9 SYSTEMPATH\CodeIgniter.php(502): CodeIgniter\CodeIgniter->runController(Object(App\Controllers\Api\Pos))
10 SYSTEMPATH\CodeIgniter.php(361): CodeIgniter\CodeIgniter->handleRequest(null, Object(Config\Cache), false)
11 FCPATH\index.php(79): CodeIgniter\CodeIgniter->run()
ERROR - 2025-09-24 00:47:24 --> mysqli_sql_exception: Unknown column 'id_pos_sale_item' in 'order clause' in C:\xampp\htdocs\erp.local\system\Database\MySQLi\Connection.php:306
Stack trace:
#0 C:\xampp\htdocs\erp.local\system\Database\MySQLi\Connection.php(306): mysqli->query('SELECT *\nFROM `...', 0)
#1 C:\xampp\htdocs\erp.local\system\Database\BaseConnection.php(693): CodeIgniter\Database\MySQLi\Connection->execute('SELECT *\nFROM `...')
#2 C:\xampp\htdocs\erp.local\system\Database\BaseConnection.php(607): CodeIgniter\Database\BaseConnection->simpleQuery('SELECT *\nFROM `...')
#3 C:\xampp\htdocs\erp.local\system\Database\BaseBuilder.php(1616): CodeIgniter\Database\BaseConnection->query('SELECT *\nFROM `...', Array, false)
#4 C:\xampp\htdocs\erp.local\system\Model.php(242): CodeIgniter\Database\BaseBuilder->get()
#5 C:\xampp\htdocs\erp.local\system\BaseModel.php(638): CodeIgniter\Model->doFindAll(0, 0)
#6 C:\xampp\htdocs\erp.local\app\Controllers\Api\Pos.php(424): CodeIgniter\BaseModel->findAll()
#7 C:\xampp\htdocs\erp.local\system\CodeIgniter.php(941): App\Controllers\Api\Pos->items('2')
#8 C:\xampp\htdocs\erp.local\system\CodeIgniter.php(502): CodeIgniter\CodeIgniter->runController(Object(App\Controllers\Api\Pos))
#9 C:\xampp\htdocs\erp.local\system\CodeIgniter.php(361): CodeIgniter\CodeIgniter->handleRequest(NULL, Object(Config\Cache), false)
#10 C:\xampp\htdocs\erp.local\public\index.php(79): CodeIgniter\CodeIgniter->run()
#11 {main}
CRITICAL - 2025-09-24 00:47:24 --> CodeIgniter\Database\Exceptions\DatabaseException: Unknown column 'id_pos_sale_item' in 'order clause'
in SYSTEMPATH\Database\BaseConnection.php on line 647.
 1 SYSTEMPATH\Database\BaseBuilder.php(1616): CodeIgniter\Database\BaseConnection->query('SELECT *
FROM `pos_sale_items`
WHERE `id_pos_sale` = :id_pos_sale:
ORDER BY `id_pos_sale_item` ASC', [...], false)
 2 SYSTEMPATH\Model.php(242): CodeIgniter\Database\BaseBuilder->get()
 3 SYSTEMPATH\BaseModel.php(638): CodeIgniter\Model->doFindAll(0, 0)
 4 APPPATH\Controllers\Api\Pos.php(424): CodeIgniter\BaseModel->findAll()
 5 SYSTEMPATH\CodeIgniter.php(941): App\Controllers\Api\Pos->items('2')
 6 SYSTEMPATH\CodeIgniter.php(502): CodeIgniter\CodeIgniter->runController(Object(App\Controllers\Api\Pos))
 7 SYSTEMPATH\CodeIgniter.php(361): CodeIgniter\CodeIgniter->handleRequest(null, Object(Config\Cache), false)
 8 FCPATH\index.php(79): CodeIgniter\CodeIgniter->run()
CRITICAL - 2025-09-24 00:47:24 --> [Caused by] CodeIgniter\Database\Exceptions\DatabaseException: Unknown column 'id_pos_sale_item' in 'order clause'
in SYSTEMPATH\Database\MySQLi\Connection.php on line 311.
 1 SYSTEMPATH\Database\BaseConnection.php(693): CodeIgniter\Database\MySQLi\Connection->execute('SELECT *
FROM `pos_sale_items`
WHERE `id_pos_sale` = 2
ORDER BY `id_pos_sale_item` ASC')
 2 SYSTEMPATH\Database\BaseConnection.php(607): CodeIgniter\Database\BaseConnection->simpleQuery('SELECT *
FROM `pos_sale_items`
WHERE `id_pos_sale` = 2
ORDER BY `id_pos_sale_item` ASC')
 3 SYSTEMPATH\Database\BaseBuilder.php(1616): CodeIgniter\Database\BaseConnection->query('SELECT *
FROM `pos_sale_items`
WHERE `id_pos_sale` = :id_pos_sale:
ORDER BY `id_pos_sale_item` ASC', [...], false)
 4 SYSTEMPATH\Model.php(242): CodeIgniter\Database\BaseBuilder->get()
 5 SYSTEMPATH\BaseModel.php(638): CodeIgniter\Model->doFindAll(0, 0)
 6 APPPATH\Controllers\Api\Pos.php(424): CodeIgniter\BaseModel->findAll()
 7 SYSTEMPATH\CodeIgniter.php(941): App\Controllers\Api\Pos->items('2')
 8 SYSTEMPATH\CodeIgniter.php(502): CodeIgniter\CodeIgniter->runController(Object(App\Controllers\Api\Pos))
 9 SYSTEMPATH\CodeIgniter.php(361): CodeIgniter\CodeIgniter->handleRequest(null, Object(Config\Cache), false)
10 FCPATH\index.php(79): CodeIgniter\CodeIgniter->run()
CRITICAL - 2025-09-24 00:47:24 --> [Caused by] mysqli_sql_exception: Unknown column 'id_pos_sale_item' in 'order clause'
in SYSTEMPATH\Database\MySQLi\Connection.php on line 306.
 1 SYSTEMPATH\Database\MySQLi\Connection.php(306): mysqli->query('SELECT *
FROM `pos_sale_items`
WHERE `id_pos_sale` = 2
ORDER BY `id_pos_sale_item` ASC', 0)
 2 SYSTEMPATH\Database\BaseConnection.php(693): CodeIgniter\Database\MySQLi\Connection->execute('SELECT *
FROM `pos_sale_items`
WHERE `id_pos_sale` = 2
ORDER BY `id_pos_sale_item` ASC')
 3 SYSTEMPATH\Database\BaseConnection.php(607): CodeIgniter\Database\BaseConnection->simpleQuery('SELECT *
FROM `pos_sale_items`
WHERE `id_pos_sale` = 2
ORDER BY `id_pos_sale_item` ASC')
 4 SYSTEMPATH\Database\BaseBuilder.php(1616): CodeIgniter\Database\BaseConnection->query('SELECT *
FROM `pos_sale_items`
WHERE `id_pos_sale` = :id_pos_sale:
ORDER BY `id_pos_sale_item` ASC', [...], false)
 5 SYSTEMPATH\Model.php(242): CodeIgniter\Database\BaseBuilder->get()
 6 SYSTEMPATH\BaseModel.php(638): CodeIgniter\Model->doFindAll(0, 0)
 7 APPPATH\Controllers\Api\Pos.php(424): CodeIgniter\BaseModel->findAll()
 8 SYSTEMPATH\CodeIgniter.php(941): App\Controllers\Api\Pos->items('2')
 9 SYSTEMPATH\CodeIgniter.php(502): CodeIgniter\CodeIgniter->runController(Object(App\Controllers\Api\Pos))
10 SYSTEMPATH\CodeIgniter.php(361): CodeIgniter\CodeIgniter->handleRequest(null, Object(Config\Cache), false)
11 FCPATH\index.php(79): CodeIgniter\CodeIgniter->run()
INFO - 2025-09-24 00:50:06 --> Session: Class initialized using 'CodeIgniter\Session\Handlers\FileHandler' driver.
INFO - 2025-09-24 00:50:06 --> Session: Class initialized using 'CodeIgniter\Session\Handlers\FileHandler' driver.
INFO - 2025-09-24 00:50:06 --> Session: Class initialized using 'CodeIgniter\Session\Handlers\FileHandler' driver.
INFO - 2025-09-24 00:50:06 --> Session: Class initialized using 'CodeIgniter\Session\Handlers\FileHandler' driver.
INFO - 2025-09-24 00:50:07 --> Session: Class initialized using 'CodeIgniter\Session\Handlers\FileHandler' driver.
ERROR - 2025-09-24 00:50:08 --> mysqli_sql_exception: Unknown column 'id_pos_sale_item' in 'order clause' in C:\xampp\htdocs\erp.local\system\Database\MySQLi\Connection.php:306
Stack trace:
#0 C:\xampp\htdocs\erp.local\system\Database\MySQLi\Connection.php(306): mysqli->query('SELECT *\nFROM `...', 0)
#1 C:\xampp\htdocs\erp.local\system\Database\BaseConnection.php(693): CodeIgniter\Database\MySQLi\Connection->execute('SELECT *\nFROM `...')
#2 C:\xampp\htdocs\erp.local\system\Database\BaseConnection.php(607): CodeIgniter\Database\BaseConnection->simpleQuery('SELECT *\nFROM `...')
#3 C:\xampp\htdocs\erp.local\system\Database\BaseBuilder.php(1616): CodeIgniter\Database\BaseConnection->query('SELECT *\nFROM `...', Array, false)
#4 C:\xampp\htdocs\erp.local\system\Model.php(242): CodeIgniter\Database\BaseBuilder->get()
#5 C:\xampp\htdocs\erp.local\system\BaseModel.php(638): CodeIgniter\Model->doFindAll(0, 0)
#6 C:\xampp\htdocs\erp.local\app\Controllers\Api\Pos.php(424): CodeIgniter\BaseModel->findAll()
#7 C:\xampp\htdocs\erp.local\system\CodeIgniter.php(941): App\Controllers\Api\Pos->items('2')
#8 C:\xampp\htdocs\erp.local\system\CodeIgniter.php(502): CodeIgniter\CodeIgniter->runController(Object(App\Controllers\Api\Pos))
#9 C:\xampp\htdocs\erp.local\system\CodeIgniter.php(361): CodeIgniter\CodeIgniter->handleRequest(NULL, Object(Config\Cache), false)
#10 C:\xampp\htdocs\erp.local\public\index.php(79): CodeIgniter\CodeIgniter->run()
#11 {main}
CRITICAL - 2025-09-24 00:50:08 --> CodeIgniter\Database\Exceptions\DatabaseException: Unknown column 'id_pos_sale_item' in 'order clause'
in SYSTEMPATH\Database\BaseConnection.php on line 647.
 1 SYSTEMPATH\Database\BaseBuilder.php(1616): CodeIgniter\Database\BaseConnection->query('SELECT *
FROM `pos_sale_items`
WHERE `id_pos_sale` = :id_pos_sale:
ORDER BY `id_pos_sale_item` ASC', [...], false)
 2 SYSTEMPATH\Model.php(242): CodeIgniter\Database\BaseBuilder->get()
 3 SYSTEMPATH\BaseModel.php(638): CodeIgniter\Model->doFindAll(0, 0)
 4 APPPATH\Controllers\Api\Pos.php(424): CodeIgniter\BaseModel->findAll()
 5 SYSTEMPATH\CodeIgniter.php(941): App\Controllers\Api\Pos->items('2')
 6 SYSTEMPATH\CodeIgniter.php(502): CodeIgniter\CodeIgniter->runController(Object(App\Controllers\Api\Pos))
 7 SYSTEMPATH\CodeIgniter.php(361): CodeIgniter\CodeIgniter->handleRequest(null, Object(Config\Cache), false)
 8 FCPATH\index.php(79): CodeIgniter\CodeIgniter->run()
CRITICAL - 2025-09-24 00:50:08 --> [Caused by] CodeIgniter\Database\Exceptions\DatabaseException: Unknown column 'id_pos_sale_item' in 'order clause'
in SYSTEMPATH\Database\MySQLi\Connection.php on line 311.
 1 SYSTEMPATH\Database\BaseConnection.php(693): CodeIgniter\Database\MySQLi\Connection->execute('SELECT *
FROM `pos_sale_items`
WHERE `id_pos_sale` = 2
ORDER BY `id_pos_sale_item` ASC')
 2 SYSTEMPATH\Database\BaseConnection.php(607): CodeIgniter\Database\BaseConnection->simpleQuery('SELECT *
FROM `pos_sale_items`
WHERE `id_pos_sale` = 2
ORDER BY `id_pos_sale_item` ASC')
 3 SYSTEMPATH\Database\BaseBuilder.php(1616): CodeIgniter\Database\BaseConnection->query('SELECT *
FROM `pos_sale_items`
WHERE `id_pos_sale` = :id_pos_sale:
ORDER BY `id_pos_sale_item` ASC', [...], false)
 4 SYSTEMPATH\Model.php(242): CodeIgniter\Database\BaseBuilder->get()
 5 SYSTEMPATH\BaseModel.php(638): CodeIgniter\Model->doFindAll(0, 0)
 6 APPPATH\Controllers\Api\Pos.php(424): CodeIgniter\BaseModel->findAll()
 7 SYSTEMPATH\CodeIgniter.php(941): App\Controllers\Api\Pos->items('2')
 8 SYSTEMPATH\CodeIgniter.php(502): CodeIgniter\CodeIgniter->runController(Object(App\Controllers\Api\Pos))
 9 SYSTEMPATH\CodeIgniter.php(361): CodeIgniter\CodeIgniter->handleRequest(null, Object(Config\Cache), false)
10 FCPATH\index.php(79): CodeIgniter\CodeIgniter->run()
CRITICAL - 2025-09-24 00:50:08 --> [Caused by] mysqli_sql_exception: Unknown column 'id_pos_sale_item' in 'order clause'
in SYSTEMPATH\Database\MySQLi\Connection.php on line 306.
 1 SYSTEMPATH\Database\MySQLi\Connection.php(306): mysqli->query('SELECT *
FROM `pos_sale_items`
WHERE `id_pos_sale` = 2
ORDER BY `id_pos_sale_item` ASC', 0)
 2 SYSTEMPATH\Database\BaseConnection.php(693): CodeIgniter\Database\MySQLi\Connection->execute('SELECT *
FROM `pos_sale_items`
WHERE `id_pos_sale` = 2
ORDER BY `id_pos_sale_item` ASC')
 3 SYSTEMPATH\Database\BaseConnection.php(607): CodeIgniter\Database\BaseConnection->simpleQuery('SELECT *
FROM `pos_sale_items`
WHERE `id_pos_sale` = 2
ORDER BY `id_pos_sale_item` ASC')
 4 SYSTEMPATH\Database\BaseBuilder.php(1616): CodeIgniter\Database\BaseConnection->query('SELECT *
FROM `pos_sale_items`
WHERE `id_pos_sale` = :id_pos_sale:
ORDER BY `id_pos_sale_item` ASC', [...], false)
 5 SYSTEMPATH\Model.php(242): CodeIgniter\Database\BaseBuilder->get()
 6 SYSTEMPATH\BaseModel.php(638): CodeIgniter\Model->doFindAll(0, 0)
 7 APPPATH\Controllers\Api\Pos.php(424): CodeIgniter\BaseModel->findAll()
 8 SYSTEMPATH\CodeIgniter.php(941): App\Controllers\Api\Pos->items('2')
 9 SYSTEMPATH\CodeIgniter.php(502): CodeIgniter\CodeIgniter->runController(Object(App\Controllers\Api\Pos))
10 SYSTEMPATH\CodeIgniter.php(361): CodeIgniter\CodeIgniter->handleRequest(null, Object(Config\Cache), false)
11 FCPATH\index.php(79): CodeIgniter\CodeIgniter->run()
INFO - 2025-09-24 00:50:47 --> Session: Class initialized using 'CodeIgniter\Session\Handlers\FileHandler' driver.
INFO - 2025-09-24 00:50:47 --> Session: Class initialized using 'CodeIgniter\Session\Handlers\FileHandler' driver.
INFO - 2025-09-24 00:50:47 --> Session: Class initialized using 'CodeIgniter\Session\Handlers\FileHandler' driver.
INFO - 2025-09-24 00:50:47 --> Session: Class initialized using 'CodeIgniter\Session\Handlers\FileHandler' driver.
INFO - 2025-09-24 00:50:47 --> Session: Class initialized using 'CodeIgniter\Session\Handlers\FileHandler' driver.
ERROR - 2025-09-24 00:50:50 --> mysqli_sql_exception: Unknown column 'id_pos_sale_item' in 'order clause' in C:\xampp\htdocs\erp.local\system\Database\MySQLi\Connection.php:306
Stack trace:
#0 C:\xampp\htdocs\erp.local\system\Database\MySQLi\Connection.php(306): mysqli->query('SELECT *\nFROM `...', 0)
#1 C:\xampp\htdocs\erp.local\system\Database\BaseConnection.php(693): CodeIgniter\Database\MySQLi\Connection->execute('SELECT *\nFROM `...')
#2 C:\xampp\htdocs\erp.local\system\Database\BaseConnection.php(607): CodeIgniter\Database\BaseConnection->simpleQuery('SELECT *\nFROM `...')
#3 C:\xampp\htdocs\erp.local\system\Database\BaseBuilder.php(1616): CodeIgniter\Database\BaseConnection->query('SELECT *\nFROM `...', Array, false)
#4 C:\xampp\htdocs\erp.local\system\Model.php(242): CodeIgniter\Database\BaseBuilder->get()
#5 C:\xampp\htdocs\erp.local\system\BaseModel.php(638): CodeIgniter\Model->doFindAll(0, 0)
#6 C:\xampp\htdocs\erp.local\app\Controllers\Api\Pos.php(424): CodeIgniter\BaseModel->findAll()
#7 C:\xampp\htdocs\erp.local\system\CodeIgniter.php(941): App\Controllers\Api\Pos->items('2')
#8 C:\xampp\htdocs\erp.local\system\CodeIgniter.php(502): CodeIgniter\CodeIgniter->runController(Object(App\Controllers\Api\Pos))
#9 C:\xampp\htdocs\erp.local\system\CodeIgniter.php(361): CodeIgniter\CodeIgniter->handleRequest(NULL, Object(Config\Cache), false)
#10 C:\xampp\htdocs\erp.local\public\index.php(79): CodeIgniter\CodeIgniter->run()
#11 {main}
CRITICAL - 2025-09-24 00:50:50 --> CodeIgniter\Database\Exceptions\DatabaseException: Unknown column 'id_pos_sale_item' in 'order clause'
in SYSTEMPATH\Database\BaseConnection.php on line 647.
 1 SYSTEMPATH\Database\BaseBuilder.php(1616): CodeIgniter\Database\BaseConnection->query('SELECT *
FROM `pos_sale_items`
WHERE `id_pos_sale` = :id_pos_sale:
ORDER BY `id_pos_sale_item` ASC', [...], false)
 2 SYSTEMPATH\Model.php(242): CodeIgniter\Database\BaseBuilder->get()
 3 SYSTEMPATH\BaseModel.php(638): CodeIgniter\Model->doFindAll(0, 0)
 4 APPPATH\Controllers\Api\Pos.php(424): CodeIgniter\BaseModel->findAll()
 5 SYSTEMPATH\CodeIgniter.php(941): App\Controllers\Api\Pos->items('2')
 6 SYSTEMPATH\CodeIgniter.php(502): CodeIgniter\CodeIgniter->runController(Object(App\Controllers\Api\Pos))
 7 SYSTEMPATH\CodeIgniter.php(361): CodeIgniter\CodeIgniter->handleRequest(null, Object(Config\Cache), false)
 8 FCPATH\index.php(79): CodeIgniter\CodeIgniter->run()
CRITICAL - 2025-09-24 00:50:50 --> [Caused by] CodeIgniter\Database\Exceptions\DatabaseException: Unknown column 'id_pos_sale_item' in 'order clause'
in SYSTEMPATH\Database\MySQLi\Connection.php on line 311.
 1 SYSTEMPATH\Database\BaseConnection.php(693): CodeIgniter\Database\MySQLi\Connection->execute('SELECT *
FROM `pos_sale_items`
WHERE `id_pos_sale` = 2
ORDER BY `id_pos_sale_item` ASC')
 2 SYSTEMPATH\Database\BaseConnection.php(607): CodeIgniter\Database\BaseConnection->simpleQuery('SELECT *
FROM `pos_sale_items`
WHERE `id_pos_sale` = 2
ORDER BY `id_pos_sale_item` ASC')
 3 SYSTEMPATH\Database\BaseBuilder.php(1616): CodeIgniter\Database\BaseConnection->query('SELECT *
FROM `pos_sale_items`
WHERE `id_pos_sale` = :id_pos_sale:
ORDER BY `id_pos_sale_item` ASC', [...], false)
 4 SYSTEMPATH\Model.php(242): CodeIgniter\Database\BaseBuilder->get()
 5 SYSTEMPATH\BaseModel.php(638): CodeIgniter\Model->doFindAll(0, 0)
 6 APPPATH\Controllers\Api\Pos.php(424): CodeIgniter\BaseModel->findAll()
 7 SYSTEMPATH\CodeIgniter.php(941): App\Controllers\Api\Pos->items('2')
 8 SYSTEMPATH\CodeIgniter.php(502): CodeIgniter\CodeIgniter->runController(Object(App\Controllers\Api\Pos))
 9 SYSTEMPATH\CodeIgniter.php(361): CodeIgniter\CodeIgniter->handleRequest(null, Object(Config\Cache), false)
10 FCPATH\index.php(79): CodeIgniter\CodeIgniter->run()
CRITICAL - 2025-09-24 00:50:50 --> [Caused by] mysqli_sql_exception: Unknown column 'id_pos_sale_item' in 'order clause'
in SYSTEMPATH\Database\MySQLi\Connection.php on line 306.
 1 SYSTEMPATH\Database\MySQLi\Connection.php(306): mysqli->query('SELECT *
FROM `pos_sale_items`
WHERE `id_pos_sale` = 2
ORDER BY `id_pos_sale_item` ASC', 0)
 2 SYSTEMPATH\Database\BaseConnection.php(693): CodeIgniter\Database\MySQLi\Connection->execute('SELECT *
FROM `pos_sale_items`
WHERE `id_pos_sale` = 2
ORDER BY `id_pos_sale_item` ASC')
 3 SYSTEMPATH\Database\BaseConnection.php(607): CodeIgniter\Database\BaseConnection->simpleQuery('SELECT *
FROM `pos_sale_items`
WHERE `id_pos_sale` = 2
ORDER BY `id_pos_sale_item` ASC')
 4 SYSTEMPATH\Database\BaseBuilder.php(1616): CodeIgniter\Database\BaseConnection->query('SELECT *
FROM `pos_sale_items`
WHERE `id_pos_sale` = :id_pos_sale:
ORDER BY `id_pos_sale_item` ASC', [...], false)
 5 SYSTEMPATH\Model.php(242): CodeIgniter\Database\BaseBuilder->get()
 6 SYSTEMPATH\BaseModel.php(638): CodeIgniter\Model->doFindAll(0, 0)
 7 APPPATH\Controllers\Api\Pos.php(424): CodeIgniter\BaseModel->findAll()
 8 SYSTEMPATH\CodeIgniter.php(941): App\Controllers\Api\Pos->items('2')
 9 SYSTEMPATH\CodeIgniter.php(502): CodeIgniter\CodeIgniter->runController(Object(App\Controllers\Api\Pos))
10 SYSTEMPATH\CodeIgniter.php(361): CodeIgniter\CodeIgniter->handleRequest(null, Object(Config\Cache), false)
11 FCPATH\index.php(79): CodeIgniter\CodeIgniter->run()
ERROR - 2025-09-24 00:50:52 --> mysqli_sql_exception: Unknown column 'id_pos_sale_item' in 'order clause' in C:\xampp\htdocs\erp.local\system\Database\MySQLi\Connection.php:306
Stack trace:
#0 C:\xampp\htdocs\erp.local\system\Database\MySQLi\Connection.php(306): mysqli->query('SELECT *\nFROM `...', 0)
#1 C:\xampp\htdocs\erp.local\system\Database\BaseConnection.php(693): CodeIgniter\Database\MySQLi\Connection->execute('SELECT *\nFROM `...')
#2 C:\xampp\htdocs\erp.local\system\Database\BaseConnection.php(607): CodeIgniter\Database\BaseConnection->simpleQuery('SELECT *\nFROM `...')
#3 C:\xampp\htdocs\erp.local\system\Database\BaseBuilder.php(1616): CodeIgniter\Database\BaseConnection->query('SELECT *\nFROM `...', Array, false)
#4 C:\xampp\htdocs\erp.local\system\Model.php(242): CodeIgniter\Database\BaseBuilder->get()
#5 C:\xampp\htdocs\erp.local\system\BaseModel.php(638): CodeIgniter\Model->doFindAll(0, 0)
#6 C:\xampp\htdocs\erp.local\app\Controllers\Api\Pos.php(424): CodeIgniter\BaseModel->findAll()
#7 C:\xampp\htdocs\erp.local\system\CodeIgniter.php(941): App\Controllers\Api\Pos->items('2')
#8 C:\xampp\htdocs\erp.local\system\CodeIgniter.php(502): CodeIgniter\CodeIgniter->runController(Object(App\Controllers\Api\Pos))
#9 C:\xampp\htdocs\erp.local\system\CodeIgniter.php(361): CodeIgniter\CodeIgniter->handleRequest(NULL, Object(Config\Cache), false)
#10 C:\xampp\htdocs\erp.local\public\index.php(79): CodeIgniter\CodeIgniter->run()
#11 {main}
CRITICAL - 2025-09-24 00:50:52 --> CodeIgniter\Database\Exceptions\DatabaseException: Unknown column 'id_pos_sale_item' in 'order clause'
in SYSTEMPATH\Database\BaseConnection.php on line 647.
 1 SYSTEMPATH\Database\BaseBuilder.php(1616): CodeIgniter\Database\BaseConnection->query('SELECT *
FROM `pos_sale_items`
WHERE `id_pos_sale` = :id_pos_sale:
ORDER BY `id_pos_sale_item` ASC', [...], false)
 2 SYSTEMPATH\Model.php(242): CodeIgniter\Database\BaseBuilder->get()
 3 SYSTEMPATH\BaseModel.php(638): CodeIgniter\Model->doFindAll(0, 0)
 4 APPPATH\Controllers\Api\Pos.php(424): CodeIgniter\BaseModel->findAll()
 5 SYSTEMPATH\CodeIgniter.php(941): App\Controllers\Api\Pos->items('2')
 6 SYSTEMPATH\CodeIgniter.php(502): CodeIgniter\CodeIgniter->runController(Object(App\Controllers\Api\Pos))
 7 SYSTEMPATH\CodeIgniter.php(361): CodeIgniter\CodeIgniter->handleRequest(null, Object(Config\Cache), false)
 8 FCPATH\index.php(79): CodeIgniter\CodeIgniter->run()
CRITICAL - 2025-09-24 00:50:52 --> [Caused by] CodeIgniter\Database\Exceptions\DatabaseException: Unknown column 'id_pos_sale_item' in 'order clause'
in SYSTEMPATH\Database\MySQLi\Connection.php on line 311.
 1 SYSTEMPATH\Database\BaseConnection.php(693): CodeIgniter\Database\MySQLi\Connection->execute('SELECT *
FROM `pos_sale_items`
WHERE `id_pos_sale` = 2
ORDER BY `id_pos_sale_item` ASC')
 2 SYSTEMPATH\Database\BaseConnection.php(607): CodeIgniter\Database\BaseConnection->simpleQuery('SELECT *
FROM `pos_sale_items`
WHERE `id_pos_sale` = 2
ORDER BY `id_pos_sale_item` ASC')
 3 SYSTEMPATH\Database\BaseBuilder.php(1616): CodeIgniter\Database\BaseConnection->query('SELECT *
FROM `pos_sale_items`
WHERE `id_pos_sale` = :id_pos_sale:
ORDER BY `id_pos_sale_item` ASC', [...], false)
 4 SYSTEMPATH\Model.php(242): CodeIgniter\Database\BaseBuilder->get()
 5 SYSTEMPATH\BaseModel.php(638): CodeIgniter\Model->doFindAll(0, 0)
 6 APPPATH\Controllers\Api\Pos.php(424): CodeIgniter\BaseModel->findAll()
 7 SYSTEMPATH\CodeIgniter.php(941): App\Controllers\Api\Pos->items('2')
 8 SYSTEMPATH\CodeIgniter.php(502): CodeIgniter\CodeIgniter->runController(Object(App\Controllers\Api\Pos))
 9 SYSTEMPATH\CodeIgniter.php(361): CodeIgniter\CodeIgniter->handleRequest(null, Object(Config\Cache), false)
10 FCPATH\index.php(79): CodeIgniter\CodeIgniter->run()
CRITICAL - 2025-09-24 00:50:52 --> [Caused by] mysqli_sql_exception: Unknown column 'id_pos_sale_item' in 'order clause'
in SYSTEMPATH\Database\MySQLi\Connection.php on line 306.
 1 SYSTEMPATH\Database\MySQLi\Connection.php(306): mysqli->query('SELECT *
FROM `pos_sale_items`
WHERE `id_pos_sale` = 2
ORDER BY `id_pos_sale_item` ASC', 0)
 2 SYSTEMPATH\Database\BaseConnection.php(693): CodeIgniter\Database\MySQLi\Connection->execute('SELECT *
FROM `pos_sale_items`
WHERE `id_pos_sale` = 2
ORDER BY `id_pos_sale_item` ASC')
 3 SYSTEMPATH\Database\BaseConnection.php(607): CodeIgniter\Database\BaseConnection->simpleQuery('SELECT *
FROM `pos_sale_items`
WHERE `id_pos_sale` = 2
ORDER BY `id_pos_sale_item` ASC')
 4 SYSTEMPATH\Database\BaseBuilder.php(1616): CodeIgniter\Database\BaseConnection->query('SELECT *
FROM `pos_sale_items`
WHERE `id_pos_sale` = :id_pos_sale:
ORDER BY `id_pos_sale_item` ASC', [...], false)
 5 SYSTEMPATH\Model.php(242): CodeIgniter\Database\BaseBuilder->get()
 6 SYSTEMPATH\BaseModel.php(638): CodeIgniter\Model->doFindAll(0, 0)
 7 APPPATH\Controllers\Api\Pos.php(424): CodeIgniter\BaseModel->findAll()
 8 SYSTEMPATH\CodeIgniter.php(941): App\Controllers\Api\Pos->items('2')
 9 SYSTEMPATH\CodeIgniter.php(502): CodeIgniter\CodeIgniter->runController(Object(App\Controllers\Api\Pos))
10 SYSTEMPATH\CodeIgniter.php(361): CodeIgniter\CodeIgniter->handleRequest(null, Object(Config\Cache), false)
11 FCPATH\index.php(79): CodeIgniter\CodeIgniter->run()
ERROR - 2025-09-24 00:53:38 --> mysqli_sql_exception: Unknown column 'id_pos_sale_item' in 'order clause' in C:\xampp\htdocs\erp.local\system\Database\MySQLi\Connection.php:306
Stack trace:
#0 C:\xampp\htdocs\erp.local\system\Database\MySQLi\Connection.php(306): mysqli->query('SELECT *\nFROM `...', 0)
#1 C:\xampp\htdocs\erp.local\system\Database\BaseConnection.php(693): CodeIgniter\Database\MySQLi\Connection->execute('SELECT *\nFROM `...')
#2 C:\xampp\htdocs\erp.local\system\Database\BaseConnection.php(607): CodeIgniter\Database\BaseConnection->simpleQuery('SELECT *\nFROM `...')
#3 C:\xampp\htdocs\erp.local\system\Database\BaseBuilder.php(1616): CodeIgniter\Database\BaseConnection->query('SELECT *\nFROM `...', Array, false)
#4 C:\xampp\htdocs\erp.local\system\Model.php(242): CodeIgniter\Database\BaseBuilder->get()
#5 C:\xampp\htdocs\erp.local\system\BaseModel.php(638): CodeIgniter\Model->doFindAll(0, 0)
#6 C:\xampp\htdocs\erp.local\app\Controllers\Api\Pos.php(424): CodeIgniter\BaseModel->findAll()
#7 C:\xampp\htdocs\erp.local\system\CodeIgniter.php(941): App\Controllers\Api\Pos->items('2')
#8 C:\xampp\htdocs\erp.local\system\CodeIgniter.php(502): CodeIgniter\CodeIgniter->runController(Object(App\Controllers\Api\Pos))
#9 C:\xampp\htdocs\erp.local\system\CodeIgniter.php(361): CodeIgniter\CodeIgniter->handleRequest(NULL, Object(Config\Cache), false)
#10 C:\xampp\htdocs\erp.local\public\index.php(79): CodeIgniter\CodeIgniter->run()
#11 {main}
CRITICAL - 2025-09-24 00:53:38 --> CodeIgniter\Database\Exceptions\DatabaseException: Unknown column 'id_pos_sale_item' in 'order clause'
in SYSTEMPATH\Database\BaseConnection.php on line 647.
 1 SYSTEMPATH\Database\BaseBuilder.php(1616): CodeIgniter\Database\BaseConnection->query('SELECT *
FROM `pos_sale_items`
WHERE `id_pos_sale` = :id_pos_sale:
ORDER BY `id_pos_sale_item` ASC', [...], false)
 2 SYSTEMPATH\Model.php(242): CodeIgniter\Database\BaseBuilder->get()
 3 SYSTEMPATH\BaseModel.php(638): CodeIgniter\Model->doFindAll(0, 0)
 4 APPPATH\Controllers\Api\Pos.php(424): CodeIgniter\BaseModel->findAll()
 5 SYSTEMPATH\CodeIgniter.php(941): App\Controllers\Api\Pos->items('2')
 6 SYSTEMPATH\CodeIgniter.php(502): CodeIgniter\CodeIgniter->runController(Object(App\Controllers\Api\Pos))
 7 SYSTEMPATH\CodeIgniter.php(361): CodeIgniter\CodeIgniter->handleRequest(null, Object(Config\Cache), false)
 8 FCPATH\index.php(79): CodeIgniter\CodeIgniter->run()
CRITICAL - 2025-09-24 00:53:38 --> [Caused by] CodeIgniter\Database\Exceptions\DatabaseException: Unknown column 'id_pos_sale_item' in 'order clause'
in SYSTEMPATH\Database\MySQLi\Connection.php on line 311.
 1 SYSTEMPATH\Database\BaseConnection.php(693): CodeIgniter\Database\MySQLi\Connection->execute('SELECT *
FROM `pos_sale_items`
WHERE `id_pos_sale` = 2
ORDER BY `id_pos_sale_item` ASC')
 2 SYSTEMPATH\Database\BaseConnection.php(607): CodeIgniter\Database\BaseConnection->simpleQuery('SELECT *
FROM `pos_sale_items`
WHERE `id_pos_sale` = 2
ORDER BY `id_pos_sale_item` ASC')
 3 SYSTEMPATH\Database\BaseBuilder.php(1616): CodeIgniter\Database\BaseConnection->query('SELECT *
FROM `pos_sale_items`
WHERE `id_pos_sale` = :id_pos_sale:
ORDER BY `id_pos_sale_item` ASC', [...], false)
 4 SYSTEMPATH\Model.php(242): CodeIgniter\Database\BaseBuilder->get()
 5 SYSTEMPATH\BaseModel.php(638): CodeIgniter\Model->doFindAll(0, 0)
 6 APPPATH\Controllers\Api\Pos.php(424): CodeIgniter\BaseModel->findAll()
 7 SYSTEMPATH\CodeIgniter.php(941): App\Controllers\Api\Pos->items('2')
 8 SYSTEMPATH\CodeIgniter.php(502): CodeIgniter\CodeIgniter->runController(Object(App\Controllers\Api\Pos))
 9 SYSTEMPATH\CodeIgniter.php(361): CodeIgniter\CodeIgniter->handleRequest(null, Object(Config\Cache), false)
10 FCPATH\index.php(79): CodeIgniter\CodeIgniter->run()
CRITICAL - 2025-09-24 00:53:38 --> [Caused by] mysqli_sql_exception: Unknown column 'id_pos_sale_item' in 'order clause'
in SYSTEMPATH\Database\MySQLi\Connection.php on line 306.
 1 SYSTEMPATH\Database\MySQLi\Connection.php(306): mysqli->query('SELECT *
FROM `pos_sale_items`
WHERE `id_pos_sale` = 2
ORDER BY `id_pos_sale_item` ASC', 0)
 2 SYSTEMPATH\Database\BaseConnection.php(693): CodeIgniter\Database\MySQLi\Connection->execute('SELECT *
FROM `pos_sale_items`
WHERE `id_pos_sale` = 2
ORDER BY `id_pos_sale_item` ASC')
 3 SYSTEMPATH\Database\BaseConnection.php(607): CodeIgniter\Database\BaseConnection->simpleQuery('SELECT *
FROM `pos_sale_items`
WHERE `id_pos_sale` = 2
ORDER BY `id_pos_sale_item` ASC')
 4 SYSTEMPATH\Database\BaseBuilder.php(1616): CodeIgniter\Database\BaseConnection->query('SELECT *
FROM `pos_sale_items`
WHERE `id_pos_sale` = :id_pos_sale:
ORDER BY `id_pos_sale_item` ASC', [...], false)
 5 SYSTEMPATH\Model.php(242): CodeIgniter\Database\BaseBuilder->get()
 6 SYSTEMPATH\BaseModel.php(638): CodeIgniter\Model->doFindAll(0, 0)
 7 APPPATH\Controllers\Api\Pos.php(424): CodeIgniter\BaseModel->findAll()
 8 SYSTEMPATH\CodeIgniter.php(941): App\Controllers\Api\Pos->items('2')
 9 SYSTEMPATH\CodeIgniter.php(502): CodeIgniter\CodeIgniter->runController(Object(App\Controllers\Api\Pos))
10 SYSTEMPATH\CodeIgniter.php(361): CodeIgniter\CodeIgniter->handleRequest(null, Object(Config\Cache), false)
11 FCPATH\index.php(79): CodeIgniter\CodeIgniter->run()
INFO - 2025-09-24 00:53:41 --> Session: Class initialized using 'CodeIgniter\Session\Handlers\FileHandler' driver.
INFO - 2025-09-24 00:53:41 --> Session: Class initialized using 'CodeIgniter\Session\Handlers\FileHandler' driver.
INFO - 2025-09-24 00:53:41 --> Session: Class initialized using 'CodeIgniter\Session\Handlers\FileHandler' driver.
INFO - 2025-09-24 00:53:41 --> Session: Class initialized using 'CodeIgniter\Session\Handlers\FileHandler' driver.
INFO - 2025-09-24 00:53:41 --> Session: Class initialized using 'CodeIgniter\Session\Handlers\FileHandler' driver.
ERROR - 2025-09-24 00:53:44 --> mysqli_sql_exception: Unknown column 'id_pos_sale_item' in 'order clause' in C:\xampp\htdocs\erp.local\system\Database\MySQLi\Connection.php:306
Stack trace:
#0 C:\xampp\htdocs\erp.local\system\Database\MySQLi\Connection.php(306): mysqli->query('SELECT *\nFROM `...', 0)
#1 C:\xampp\htdocs\erp.local\system\Database\BaseConnection.php(693): CodeIgniter\Database\MySQLi\Connection->execute('SELECT *\nFROM `...')
#2 C:\xampp\htdocs\erp.local\system\Database\BaseConnection.php(607): CodeIgniter\Database\BaseConnection->simpleQuery('SELECT *\nFROM `...')
#3 C:\xampp\htdocs\erp.local\system\Database\BaseBuilder.php(1616): CodeIgniter\Database\BaseConnection->query('SELECT *\nFROM `...', Array, false)
#4 C:\xampp\htdocs\erp.local\system\Model.php(242): CodeIgniter\Database\BaseBuilder->get()
#5 C:\xampp\htdocs\erp.local\system\BaseModel.php(638): CodeIgniter\Model->doFindAll(0, 0)
#6 C:\xampp\htdocs\erp.local\app\Controllers\Api\Pos.php(424): CodeIgniter\BaseModel->findAll()
#7 C:\xampp\htdocs\erp.local\system\CodeIgniter.php(941): App\Controllers\Api\Pos->items('1')
#8 C:\xampp\htdocs\erp.local\system\CodeIgniter.php(502): CodeIgniter\CodeIgniter->runController(Object(App\Controllers\Api\Pos))
#9 C:\xampp\htdocs\erp.local\system\CodeIgniter.php(361): CodeIgniter\CodeIgniter->handleRequest(NULL, Object(Config\Cache), false)
#10 C:\xampp\htdocs\erp.local\public\index.php(79): CodeIgniter\CodeIgniter->run()
#11 {main}
CRITICAL - 2025-09-24 00:53:44 --> CodeIgniter\Database\Exceptions\DatabaseException: Unknown column 'id_pos_sale_item' in 'order clause'
in SYSTEMPATH\Database\BaseConnection.php on line 647.
 1 SYSTEMPATH\Database\BaseBuilder.php(1616): CodeIgniter\Database\BaseConnection->query('SELECT *
FROM `pos_sale_items`
WHERE `id_pos_sale` = :id_pos_sale:
ORDER BY `id_pos_sale_item` ASC', [...], false)
 2 SYSTEMPATH\Model.php(242): CodeIgniter\Database\BaseBuilder->get()
 3 SYSTEMPATH\BaseModel.php(638): CodeIgniter\Model->doFindAll(0, 0)
 4 APPPATH\Controllers\Api\Pos.php(424): CodeIgniter\BaseModel->findAll()
 5 SYSTEMPATH\CodeIgniter.php(941): App\Controllers\Api\Pos->items('1')
 6 SYSTEMPATH\CodeIgniter.php(502): CodeIgniter\CodeIgniter->runController(Object(App\Controllers\Api\Pos))
 7 SYSTEMPATH\CodeIgniter.php(361): CodeIgniter\CodeIgniter->handleRequest(null, Object(Config\Cache), false)
 8 FCPATH\index.php(79): CodeIgniter\CodeIgniter->run()
CRITICAL - 2025-09-24 00:53:44 --> [Caused by] CodeIgniter\Database\Exceptions\DatabaseException: Unknown column 'id_pos_sale_item' in 'order clause'
in SYSTEMPATH\Database\MySQLi\Connection.php on line 311.
 1 SYSTEMPATH\Database\BaseConnection.php(693): CodeIgniter\Database\MySQLi\Connection->execute('SELECT *
FROM `pos_sale_items`
WHERE `id_pos_sale` = 1
ORDER BY `id_pos_sale_item` ASC')
 2 SYSTEMPATH\Database\BaseConnection.php(607): CodeIgniter\Database\BaseConnection->simpleQuery('SELECT *
FROM `pos_sale_items`
WHERE `id_pos_sale` = 1
ORDER BY `id_pos_sale_item` ASC')
 3 SYSTEMPATH\Database\BaseBuilder.php(1616): CodeIgniter\Database\BaseConnection->query('SELECT *
FROM `pos_sale_items`
WHERE `id_pos_sale` = :id_pos_sale:
ORDER BY `id_pos_sale_item` ASC', [...], false)
 4 SYSTEMPATH\Model.php(242): CodeIgniter\Database\BaseBuilder->get()
 5 SYSTEMPATH\BaseModel.php(638): CodeIgniter\Model->doFindAll(0, 0)
 6 APPPATH\Controllers\Api\Pos.php(424): CodeIgniter\BaseModel->findAll()
 7 SYSTEMPATH\CodeIgniter.php(941): App\Controllers\Api\Pos->items('1')
 8 SYSTEMPATH\CodeIgniter.php(502): CodeIgniter\CodeIgniter->runController(Object(App\Controllers\Api\Pos))
 9 SYSTEMPATH\CodeIgniter.php(361): CodeIgniter\CodeIgniter->handleRequest(null, Object(Config\Cache), false)
10 FCPATH\index.php(79): CodeIgniter\CodeIgniter->run()
CRITICAL - 2025-09-24 00:53:44 --> [Caused by] mysqli_sql_exception: Unknown column 'id_pos_sale_item' in 'order clause'
in SYSTEMPATH\Database\MySQLi\Connection.php on line 306.
 1 SYSTEMPATH\Database\MySQLi\Connection.php(306): mysqli->query('SELECT *
FROM `pos_sale_items`
WHERE `id_pos_sale` = 1
ORDER BY `id_pos_sale_item` ASC', 0)
 2 SYSTEMPATH\Database\BaseConnection.php(693): CodeIgniter\Database\MySQLi\Connection->execute('SELECT *
FROM `pos_sale_items`
WHERE `id_pos_sale` = 1
ORDER BY `id_pos_sale_item` ASC')
 3 SYSTEMPATH\Database\BaseConnection.php(607): CodeIgniter\Database\BaseConnection->simpleQuery('SELECT *
FROM `pos_sale_items`
WHERE `id_pos_sale` = 1
ORDER BY `id_pos_sale_item` ASC')
 4 SYSTEMPATH\Database\BaseBuilder.php(1616): CodeIgniter\Database\BaseConnection->query('SELECT *
FROM `pos_sale_items`
WHERE `id_pos_sale` = :id_pos_sale:
ORDER BY `id_pos_sale_item` ASC', [...], false)
 5 SYSTEMPATH\Model.php(242): CodeIgniter\Database\BaseBuilder->get()
 6 SYSTEMPATH\BaseModel.php(638): CodeIgniter\Model->doFindAll(0, 0)
 7 APPPATH\Controllers\Api\Pos.php(424): CodeIgniter\BaseModel->findAll()
 8 SYSTEMPATH\CodeIgniter.php(941): App\Controllers\Api\Pos->items('1')
 9 SYSTEMPATH\CodeIgniter.php(502): CodeIgniter\CodeIgniter->runController(Object(App\Controllers\Api\Pos))
10 SYSTEMPATH\CodeIgniter.php(361): CodeIgniter\CodeIgniter->handleRequest(null, Object(Config\Cache), false)
11 FCPATH\index.php(79): CodeIgniter\CodeIgniter->run()
ERROR - 2025-09-24 00:53:52 --> mysqli_sql_exception: Unknown column 'id_pos_sale_item' in 'order clause' in C:\xampp\htdocs\erp.local\system\Database\MySQLi\Connection.php:306
Stack trace:
#0 C:\xampp\htdocs\erp.local\system\Database\MySQLi\Connection.php(306): mysqli->query('SELECT *\nFROM `...', 0)
#1 C:\xampp\htdocs\erp.local\system\Database\BaseConnection.php(693): CodeIgniter\Database\MySQLi\Connection->execute('SELECT *\nFROM `...')
#2 C:\xampp\htdocs\erp.local\system\Database\BaseConnection.php(607): CodeIgniter\Database\BaseConnection->simpleQuery('SELECT *\nFROM `...')
#3 C:\xampp\htdocs\erp.local\system\Database\BaseBuilder.php(1616): CodeIgniter\Database\BaseConnection->query('SELECT *\nFROM `...', Array, false)
#4 C:\xampp\htdocs\erp.local\system\Model.php(242): CodeIgniter\Database\BaseBuilder->get()
#5 C:\xampp\htdocs\erp.local\system\BaseModel.php(638): CodeIgniter\Model->doFindAll(0, 0)
#6 C:\xampp\htdocs\erp.local\app\Controllers\Api\Pos.php(424): CodeIgniter\BaseModel->findAll()
#7 C:\xampp\htdocs\erp.local\system\CodeIgniter.php(941): App\Controllers\Api\Pos->items('2')
#8 C:\xampp\htdocs\erp.local\system\CodeIgniter.php(502): CodeIgniter\CodeIgniter->runController(Object(App\Controllers\Api\Pos))
#9 C:\xampp\htdocs\erp.local\system\CodeIgniter.php(361): CodeIgniter\CodeIgniter->handleRequest(NULL, Object(Config\Cache), false)
#10 C:\xampp\htdocs\erp.local\public\index.php(79): CodeIgniter\CodeIgniter->run()
#11 {main}
CRITICAL - 2025-09-24 00:53:52 --> CodeIgniter\Database\Exceptions\DatabaseException: Unknown column 'id_pos_sale_item' in 'order clause'
in SYSTEMPATH\Database\BaseConnection.php on line 647.
 1 SYSTEMPATH\Database\BaseBuilder.php(1616): CodeIgniter\Database\BaseConnection->query('SELECT *
FROM `pos_sale_items`
WHERE `id_pos_sale` = :id_pos_sale:
ORDER BY `id_pos_sale_item` ASC', [...], false)
 2 SYSTEMPATH\Model.php(242): CodeIgniter\Database\BaseBuilder->get()
 3 SYSTEMPATH\BaseModel.php(638): CodeIgniter\Model->doFindAll(0, 0)
 4 APPPATH\Controllers\Api\Pos.php(424): CodeIgniter\BaseModel->findAll()
 5 SYSTEMPATH\CodeIgniter.php(941): App\Controllers\Api\Pos->items('2')
 6 SYSTEMPATH\CodeIgniter.php(502): CodeIgniter\CodeIgniter->runController(Object(App\Controllers\Api\Pos))
 7 SYSTEMPATH\CodeIgniter.php(361): CodeIgniter\CodeIgniter->handleRequest(null, Object(Config\Cache), false)
 8 FCPATH\index.php(79): CodeIgniter\CodeIgniter->run()
CRITICAL - 2025-09-24 00:53:52 --> [Caused by] CodeIgniter\Database\Exceptions\DatabaseException: Unknown column 'id_pos_sale_item' in 'order clause'
in SYSTEMPATH\Database\MySQLi\Connection.php on line 311.
 1 SYSTEMPATH\Database\BaseConnection.php(693): CodeIgniter\Database\MySQLi\Connection->execute('SELECT *
FROM `pos_sale_items`
WHERE `id_pos_sale` = 2
ORDER BY `id_pos_sale_item` ASC')
 2 SYSTEMPATH\Database\BaseConnection.php(607): CodeIgniter\Database\BaseConnection->simpleQuery('SELECT *
FROM `pos_sale_items`
WHERE `id_pos_sale` = 2
ORDER BY `id_pos_sale_item` ASC')
 3 SYSTEMPATH\Database\BaseBuilder.php(1616): CodeIgniter\Database\BaseConnection->query('SELECT *
FROM `pos_sale_items`
WHERE `id_pos_sale` = :id_pos_sale:
ORDER BY `id_pos_sale_item` ASC', [...], false)
 4 SYSTEMPATH\Model.php(242): CodeIgniter\Database\BaseBuilder->get()
 5 SYSTEMPATH\BaseModel.php(638): CodeIgniter\Model->doFindAll(0, 0)
 6 APPPATH\Controllers\Api\Pos.php(424): CodeIgniter\BaseModel->findAll()
 7 SYSTEMPATH\CodeIgniter.php(941): App\Controllers\Api\Pos->items('2')
 8 SYSTEMPATH\CodeIgniter.php(502): CodeIgniter\CodeIgniter->runController(Object(App\Controllers\Api\Pos))
 9 SYSTEMPATH\CodeIgniter.php(361): CodeIgniter\CodeIgniter->handleRequest(null, Object(Config\Cache), false)
10 FCPATH\index.php(79): CodeIgniter\CodeIgniter->run()
CRITICAL - 2025-09-24 00:53:52 --> [Caused by] mysqli_sql_exception: Unknown column 'id_pos_sale_item' in 'order clause'
in SYSTEMPATH\Database\MySQLi\Connection.php on line 306.
 1 SYSTEMPATH\Database\MySQLi\Connection.php(306): mysqli->query('SELECT *
FROM `pos_sale_items`
WHERE `id_pos_sale` = 2
ORDER BY `id_pos_sale_item` ASC', 0)
 2 SYSTEMPATH\Database\BaseConnection.php(693): CodeIgniter\Database\MySQLi\Connection->execute('SELECT *
FROM `pos_sale_items`
WHERE `id_pos_sale` = 2
ORDER BY `id_pos_sale_item` ASC')
 3 SYSTEMPATH\Database\BaseConnection.php(607): CodeIgniter\Database\BaseConnection->simpleQuery('SELECT *
FROM `pos_sale_items`
WHERE `id_pos_sale` = 2
ORDER BY `id_pos_sale_item` ASC')
 4 SYSTEMPATH\Database\BaseBuilder.php(1616): CodeIgniter\Database\BaseConnection->query('SELECT *
FROM `pos_sale_items`
WHERE `id_pos_sale` = :id_pos_sale:
ORDER BY `id_pos_sale_item` ASC', [...], false)
 5 SYSTEMPATH\Model.php(242): CodeIgniter\Database\BaseBuilder->get()
 6 SYSTEMPATH\BaseModel.php(638): CodeIgniter\Model->doFindAll(0, 0)
 7 APPPATH\Controllers\Api\Pos.php(424): CodeIgniter\BaseModel->findAll()
 8 SYSTEMPATH\CodeIgniter.php(941): App\Controllers\Api\Pos->items('2')
 9 SYSTEMPATH\CodeIgniter.php(502): CodeIgniter\CodeIgniter->runController(Object(App\Controllers\Api\Pos))
10 SYSTEMPATH\CodeIgniter.php(361): CodeIgniter\CodeIgniter->handleRequest(null, Object(Config\Cache), false)
11 FCPATH\index.php(79): CodeIgniter\CodeIgniter->run()
ERROR - 2025-09-24 00:54:04 --> mysqli_sql_exception: Unknown column 'id_pos_sale_item' in 'order clause' in C:\xampp\htdocs\erp.local\system\Database\MySQLi\Connection.php:306
Stack trace:
#0 C:\xampp\htdocs\erp.local\system\Database\MySQLi\Connection.php(306): mysqli->query('SELECT *\nFROM `...', 0)
#1 C:\xampp\htdocs\erp.local\system\Database\BaseConnection.php(693): CodeIgniter\Database\MySQLi\Connection->execute('SELECT *\nFROM `...')
#2 C:\xampp\htdocs\erp.local\system\Database\BaseConnection.php(607): CodeIgniter\Database\BaseConnection->simpleQuery('SELECT *\nFROM `...')
#3 C:\xampp\htdocs\erp.local\system\Database\BaseBuilder.php(1616): CodeIgniter\Database\BaseConnection->query('SELECT *\nFROM `...', Array, false)
#4 C:\xampp\htdocs\erp.local\system\Model.php(242): CodeIgniter\Database\BaseBuilder->get()
#5 C:\xampp\htdocs\erp.local\system\BaseModel.php(638): CodeIgniter\Model->doFindAll(0, 0)
#6 C:\xampp\htdocs\erp.local\app\Controllers\Api\Pos.php(424): CodeIgniter\BaseModel->findAll()
#7 C:\xampp\htdocs\erp.local\system\CodeIgniter.php(941): App\Controllers\Api\Pos->items('2')
#8 C:\xampp\htdocs\erp.local\system\CodeIgniter.php(502): CodeIgniter\CodeIgniter->runController(Object(App\Controllers\Api\Pos))
#9 C:\xampp\htdocs\erp.local\system\CodeIgniter.php(361): CodeIgniter\CodeIgniter->handleRequest(NULL, Object(Config\Cache), false)
#10 C:\xampp\htdocs\erp.local\public\index.php(79): CodeIgniter\CodeIgniter->run()
#11 {main}
CRITICAL - 2025-09-24 00:54:04 --> CodeIgniter\Database\Exceptions\DatabaseException: Unknown column 'id_pos_sale_item' in 'order clause'
in SYSTEMPATH\Database\BaseConnection.php on line 647.
 1 SYSTEMPATH\Database\BaseBuilder.php(1616): CodeIgniter\Database\BaseConnection->query('SELECT *
FROM `pos_sale_items`
WHERE `id_pos_sale` = :id_pos_sale:
ORDER BY `id_pos_sale_item` ASC', [...], false)
 2 SYSTEMPATH\Model.php(242): CodeIgniter\Database\BaseBuilder->get()
 3 SYSTEMPATH\BaseModel.php(638): CodeIgniter\Model->doFindAll(0, 0)
 4 APPPATH\Controllers\Api\Pos.php(424): CodeIgniter\BaseModel->findAll()
 5 SYSTEMPATH\CodeIgniter.php(941): App\Controllers\Api\Pos->items('2')
 6 SYSTEMPATH\CodeIgniter.php(502): CodeIgniter\CodeIgniter->runController(Object(App\Controllers\Api\Pos))
 7 SYSTEMPATH\CodeIgniter.php(361): CodeIgniter\CodeIgniter->handleRequest(null, Object(Config\Cache), false)
 8 FCPATH\index.php(79): CodeIgniter\CodeIgniter->run()
CRITICAL - 2025-09-24 00:54:04 --> [Caused by] CodeIgniter\Database\Exceptions\DatabaseException: Unknown column 'id_pos_sale_item' in 'order clause'
in SYSTEMPATH\Database\MySQLi\Connection.php on line 311.
 1 SYSTEMPATH\Database\BaseConnection.php(693): CodeIgniter\Database\MySQLi\Connection->execute('SELECT *
FROM `pos_sale_items`
WHERE `id_pos_sale` = 2
ORDER BY `id_pos_sale_item` ASC')
 2 SYSTEMPATH\Database\BaseConnection.php(607): CodeIgniter\Database\BaseConnection->simpleQuery('SELECT *
FROM `pos_sale_items`
WHERE `id_pos_sale` = 2
ORDER BY `id_pos_sale_item` ASC')
 3 SYSTEMPATH\Database\BaseBuilder.php(1616): CodeIgniter\Database\BaseConnection->query('SELECT *
FROM `pos_sale_items`
WHERE `id_pos_sale` = :id_pos_sale:
ORDER BY `id_pos_sale_item` ASC', [...], false)
 4 SYSTEMPATH\Model.php(242): CodeIgniter\Database\BaseBuilder->get()
 5 SYSTEMPATH\BaseModel.php(638): CodeIgniter\Model->doFindAll(0, 0)
 6 APPPATH\Controllers\Api\Pos.php(424): CodeIgniter\BaseModel->findAll()
 7 SYSTEMPATH\CodeIgniter.php(941): App\Controllers\Api\Pos->items('2')
 8 SYSTEMPATH\CodeIgniter.php(502): CodeIgniter\CodeIgniter->runController(Object(App\Controllers\Api\Pos))
 9 SYSTEMPATH\CodeIgniter.php(361): CodeIgniter\CodeIgniter->handleRequest(null, Object(Config\Cache), false)
10 FCPATH\index.php(79): CodeIgniter\CodeIgniter->run()
CRITICAL - 2025-09-24 00:54:04 --> [Caused by] mysqli_sql_exception: Unknown column 'id_pos_sale_item' in 'order clause'
in SYSTEMPATH\Database\MySQLi\Connection.php on line 306.
 1 SYSTEMPATH\Database\MySQLi\Connection.php(306): mysqli->query('SELECT *
FROM `pos_sale_items`
WHERE `id_pos_sale` = 2
ORDER BY `id_pos_sale_item` ASC', 0)
 2 SYSTEMPATH\Database\BaseConnection.php(693): CodeIgniter\Database\MySQLi\Connection->execute('SELECT *
FROM `pos_sale_items`
WHERE `id_pos_sale` = 2
ORDER BY `id_pos_sale_item` ASC')
 3 SYSTEMPATH\Database\BaseConnection.php(607): CodeIgniter\Database\BaseConnection->simpleQuery('SELECT *
FROM `pos_sale_items`
WHERE `id_pos_sale` = 2
ORDER BY `id_pos_sale_item` ASC')
 4 SYSTEMPATH\Database\BaseBuilder.php(1616): CodeIgniter\Database\BaseConnection->query('SELECT *
FROM `pos_sale_items`
WHERE `id_pos_sale` = :id_pos_sale:
ORDER BY `id_pos_sale_item` ASC', [...], false)
 5 SYSTEMPATH\Model.php(242): CodeIgniter\Database\BaseBuilder->get()
 6 SYSTEMPATH\BaseModel.php(638): CodeIgniter\Model->doFindAll(0, 0)
 7 APPPATH\Controllers\Api\Pos.php(424): CodeIgniter\BaseModel->findAll()
 8 SYSTEMPATH\CodeIgniter.php(941): App\Controllers\Api\Pos->items('2')
 9 SYSTEMPATH\CodeIgniter.php(502): CodeIgniter\CodeIgniter->runController(Object(App\Controllers\Api\Pos))
10 SYSTEMPATH\CodeIgniter.php(361): CodeIgniter\CodeIgniter->handleRequest(null, Object(Config\Cache), false)
11 FCPATH\index.php(79): CodeIgniter\CodeIgniter->run()
INFO - 2025-09-24 01:07:55 --> Session: Class initialized using 'CodeIgniter\Session\Handlers\FileHandler' driver.
INFO - 2025-09-24 01:07:55 --> Session: Class initialized using 'CodeIgniter\Session\Handlers\FileHandler' driver.
INFO - 2025-09-24 01:07:55 --> Session: Class initialized using 'CodeIgniter\Session\Handlers\FileHandler' driver.
INFO - 2025-09-24 01:07:55 --> Session: Class initialized using 'CodeIgniter\Session\Handlers\FileHandler' driver.
INFO - 2025-09-24 01:07:55 --> Session: Class initialized using 'CodeIgniter\Session\Handlers\FileHandler' driver.
ERROR - 2025-09-24 01:07:58 --> mysqli_sql_exception: Unknown column 'id_pos_sale_item' in 'order clause' in C:\xampp\htdocs\erp.local\system\Database\MySQLi\Connection.php:306
Stack trace:
#0 C:\xampp\htdocs\erp.local\system\Database\MySQLi\Connection.php(306): mysqli->query('SELECT *\nFROM `...', 0)
#1 C:\xampp\htdocs\erp.local\system\Database\BaseConnection.php(693): CodeIgniter\Database\MySQLi\Connection->execute('SELECT *\nFROM `...')
#2 C:\xampp\htdocs\erp.local\system\Database\BaseConnection.php(607): CodeIgniter\Database\BaseConnection->simpleQuery('SELECT *\nFROM `...')
#3 C:\xampp\htdocs\erp.local\system\Database\BaseBuilder.php(1616): CodeIgniter\Database\BaseConnection->query('SELECT *\nFROM `...', Array, false)
#4 C:\xampp\htdocs\erp.local\system\Model.php(242): CodeIgniter\Database\BaseBuilder->get()
#5 C:\xampp\htdocs\erp.local\system\BaseModel.php(638): CodeIgniter\Model->doFindAll(0, 0)
#6 C:\xampp\htdocs\erp.local\app\Controllers\Api\Pos.php(424): CodeIgniter\BaseModel->findAll()
#7 C:\xampp\htdocs\erp.local\system\CodeIgniter.php(941): App\Controllers\Api\Pos->items('2')
#8 C:\xampp\htdocs\erp.local\system\CodeIgniter.php(502): CodeIgniter\CodeIgniter->runController(Object(App\Controllers\Api\Pos))
#9 C:\xampp\htdocs\erp.local\system\CodeIgniter.php(361): CodeIgniter\CodeIgniter->handleRequest(NULL, Object(Config\Cache), false)
#10 C:\xampp\htdocs\erp.local\public\index.php(79): CodeIgniter\CodeIgniter->run()
#11 {main}
CRITICAL - 2025-09-24 01:07:58 --> CodeIgniter\Database\Exceptions\DatabaseException: Unknown column 'id_pos_sale_item' in 'order clause'
in SYSTEMPATH\Database\BaseConnection.php on line 647.
 1 SYSTEMPATH\Database\BaseBuilder.php(1616): CodeIgniter\Database\BaseConnection->query('SELECT *
FROM `pos_sale_items`
WHERE `id_pos_sale` = :id_pos_sale:
ORDER BY `id_pos_sale_item` ASC', [...], false)
 2 SYSTEMPATH\Model.php(242): CodeIgniter\Database\BaseBuilder->get()
 3 SYSTEMPATH\BaseModel.php(638): CodeIgniter\Model->doFindAll(0, 0)
 4 APPPATH\Controllers\Api\Pos.php(424): CodeIgniter\BaseModel->findAll()
 5 SYSTEMPATH\CodeIgniter.php(941): App\Controllers\Api\Pos->items('2')
 6 SYSTEMPATH\CodeIgniter.php(502): CodeIgniter\CodeIgniter->runController(Object(App\Controllers\Api\Pos))
 7 SYSTEMPATH\CodeIgniter.php(361): CodeIgniter\CodeIgniter->handleRequest(null, Object(Config\Cache), false)
 8 FCPATH\index.php(79): CodeIgniter\CodeIgniter->run()
CRITICAL - 2025-09-24 01:07:58 --> [Caused by] CodeIgniter\Database\Exceptions\DatabaseException: Unknown column 'id_pos_sale_item' in 'order clause'
in SYSTEMPATH\Database\MySQLi\Connection.php on line 311.
 1 SYSTEMPATH\Database\BaseConnection.php(693): CodeIgniter\Database\MySQLi\Connection->execute('SELECT *
FROM `pos_sale_items`
WHERE `id_pos_sale` = 2
ORDER BY `id_pos_sale_item` ASC')
 2 SYSTEMPATH\Database\BaseConnection.php(607): CodeIgniter\Database\BaseConnection->simpleQuery('SELECT *
FROM `pos_sale_items`
WHERE `id_pos_sale` = 2
ORDER BY `id_pos_sale_item` ASC')
 3 SYSTEMPATH\Database\BaseBuilder.php(1616): CodeIgniter\Database\BaseConnection->query('SELECT *
FROM `pos_sale_items`
WHERE `id_pos_sale` = :id_pos_sale:
ORDER BY `id_pos_sale_item` ASC', [...], false)
 4 SYSTEMPATH\Model.php(242): CodeIgniter\Database\BaseBuilder->get()
 5 SYSTEMPATH\BaseModel.php(638): CodeIgniter\Model->doFindAll(0, 0)
 6 APPPATH\Controllers\Api\Pos.php(424): CodeIgniter\BaseModel->findAll()
 7 SYSTEMPATH\CodeIgniter.php(941): App\Controllers\Api\Pos->items('2')
 8 SYSTEMPATH\CodeIgniter.php(502): CodeIgniter\CodeIgniter->runController(Object(App\Controllers\Api\Pos))
 9 SYSTEMPATH\CodeIgniter.php(361): CodeIgniter\CodeIgniter->handleRequest(null, Object(Config\Cache), false)
10 FCPATH\index.php(79): CodeIgniter\CodeIgniter->run()
CRITICAL - 2025-09-24 01:07:58 --> [Caused by] mysqli_sql_exception: Unknown column 'id_pos_sale_item' in 'order clause'
in SYSTEMPATH\Database\MySQLi\Connection.php on line 306.
 1 SYSTEMPATH\Database\MySQLi\Connection.php(306): mysqli->query('SELECT *
FROM `pos_sale_items`
WHERE `id_pos_sale` = 2
ORDER BY `id_pos_sale_item` ASC', 0)
 2 SYSTEMPATH\Database\BaseConnection.php(693): CodeIgniter\Database\MySQLi\Connection->execute('SELECT *
FROM `pos_sale_items`
WHERE `id_pos_sale` = 2
ORDER BY `id_pos_sale_item` ASC')
 3 SYSTEMPATH\Database\BaseConnection.php(607): CodeIgniter\Database\BaseConnection->simpleQuery('SELECT *
FROM `pos_sale_items`
WHERE `id_pos_sale` = 2
ORDER BY `id_pos_sale_item` ASC')
 4 SYSTEMPATH\Database\BaseBuilder.php(1616): CodeIgniter\Database\BaseConnection->query('SELECT *
FROM `pos_sale_items`
WHERE `id_pos_sale` = :id_pos_sale:
ORDER BY `id_pos_sale_item` ASC', [...], false)
 5 SYSTEMPATH\Model.php(242): CodeIgniter\Database\BaseBuilder->get()
 6 SYSTEMPATH\BaseModel.php(638): CodeIgniter\Model->doFindAll(0, 0)
 7 APPPATH\Controllers\Api\Pos.php(424): CodeIgniter\BaseModel->findAll()
 8 SYSTEMPATH\CodeIgniter.php(941): App\Controllers\Api\Pos->items('2')
 9 SYSTEMPATH\CodeIgniter.php(502): CodeIgniter\CodeIgniter->runController(Object(App\Controllers\Api\Pos))
10 SYSTEMPATH\CodeIgniter.php(361): CodeIgniter\CodeIgniter->handleRequest(null, Object(Config\Cache), false)
11 FCPATH\index.php(79): CodeIgniter\CodeIgniter->run()
ERROR - 2025-09-24 01:11:26 --> mysqli_sql_exception: Unknown column 'id_pos_sale_item' in 'order clause' in C:\xampp\htdocs\erp.local\system\Database\MySQLi\Connection.php:306
Stack trace:
#0 C:\xampp\htdocs\erp.local\system\Database\MySQLi\Connection.php(306): mysqli->query('SELECT *\nFROM `...', 0)
#1 C:\xampp\htdocs\erp.local\system\Database\BaseConnection.php(693): CodeIgniter\Database\MySQLi\Connection->execute('SELECT *\nFROM `...')
#2 C:\xampp\htdocs\erp.local\system\Database\BaseConnection.php(607): CodeIgniter\Database\BaseConnection->simpleQuery('SELECT *\nFROM `...')
#3 C:\xampp\htdocs\erp.local\system\Database\BaseBuilder.php(1616): CodeIgniter\Database\BaseConnection->query('SELECT *\nFROM `...', Array, false)
#4 C:\xampp\htdocs\erp.local\system\Model.php(242): CodeIgniter\Database\BaseBuilder->get()
#5 C:\xampp\htdocs\erp.local\system\BaseModel.php(638): CodeIgniter\Model->doFindAll(0, 0)
#6 C:\xampp\htdocs\erp.local\app\Controllers\Api\Pos.php(440): CodeIgniter\BaseModel->findAll()
#7 C:\xampp\htdocs\erp.local\system\CodeIgniter.php(941): App\Controllers\Api\Pos->items('2')
#8 C:\xampp\htdocs\erp.local\system\CodeIgniter.php(502): CodeIgniter\CodeIgniter->runController(Object(App\Controllers\Api\Pos))
#9 C:\xampp\htdocs\erp.local\system\CodeIgniter.php(361): CodeIgniter\CodeIgniter->handleRequest(NULL, Object(Config\Cache), false)
#10 C:\xampp\htdocs\erp.local\public\index.php(79): CodeIgniter\CodeIgniter->run()
#11 {main}
CRITICAL - 2025-09-24 01:11:26 --> CodeIgniter\Database\Exceptions\DatabaseException: Unknown column 'id_pos_sale_item' in 'order clause'
in SYSTEMPATH\Database\BaseConnection.php on line 647.
 1 SYSTEMPATH\Database\BaseBuilder.php(1616): CodeIgniter\Database\BaseConnection->query('SELECT *
FROM `pos_sale_items`
WHERE `id_pos_sale` = :id_pos_sale:
ORDER BY `id_pos_sale_item` ASC', [...], false)
 2 SYSTEMPATH\Model.php(242): CodeIgniter\Database\BaseBuilder->get()
 3 SYSTEMPATH\BaseModel.php(638): CodeIgniter\Model->doFindAll(0, 0)
 4 APPPATH\Controllers\Api\Pos.php(440): CodeIgniter\BaseModel->findAll()
 5 SYSTEMPATH\CodeIgniter.php(941): App\Controllers\Api\Pos->items('2')
 6 SYSTEMPATH\CodeIgniter.php(502): CodeIgniter\CodeIgniter->runController(Object(App\Controllers\Api\Pos))
 7 SYSTEMPATH\CodeIgniter.php(361): CodeIgniter\CodeIgniter->handleRequest(null, Object(Config\Cache), false)
 8 FCPATH\index.php(79): CodeIgniter\CodeIgniter->run()
CRITICAL - 2025-09-24 01:11:26 --> [Caused by] CodeIgniter\Database\Exceptions\DatabaseException: Unknown column 'id_pos_sale_item' in 'order clause'
in SYSTEMPATH\Database\MySQLi\Connection.php on line 311.
 1 SYSTEMPATH\Database\BaseConnection.php(693): CodeIgniter\Database\MySQLi\Connection->execute('SELECT *
FROM `pos_sale_items`
WHERE `id_pos_sale` = 2
ORDER BY `id_pos_sale_item` ASC')
 2 SYSTEMPATH\Database\BaseConnection.php(607): CodeIgniter\Database\BaseConnection->simpleQuery('SELECT *
FROM `pos_sale_items`
WHERE `id_pos_sale` = 2
ORDER BY `id_pos_sale_item` ASC')
 3 SYSTEMPATH\Database\BaseBuilder.php(1616): CodeIgniter\Database\BaseConnection->query('SELECT *
FROM `pos_sale_items`
WHERE `id_pos_sale` = :id_pos_sale:
ORDER BY `id_pos_sale_item` ASC', [...], false)
 4 SYSTEMPATH\Model.php(242): CodeIgniter\Database\BaseBuilder->get()
 5 SYSTEMPATH\BaseModel.php(638): CodeIgniter\Model->doFindAll(0, 0)
 6 APPPATH\Controllers\Api\Pos.php(440): CodeIgniter\BaseModel->findAll()
 7 SYSTEMPATH\CodeIgniter.php(941): App\Controllers\Api\Pos->items('2')
 8 SYSTEMPATH\CodeIgniter.php(502): CodeIgniter\CodeIgniter->runController(Object(App\Controllers\Api\Pos))
 9 SYSTEMPATH\CodeIgniter.php(361): CodeIgniter\CodeIgniter->handleRequest(null, Object(Config\Cache), false)
10 FCPATH\index.php(79): CodeIgniter\CodeIgniter->run()
CRITICAL - 2025-09-24 01:11:26 --> [Caused by] mysqli_sql_exception: Unknown column 'id_pos_sale_item' in 'order clause'
in SYSTEMPATH\Database\MySQLi\Connection.php on line 306.
 1 SYSTEMPATH\Database\MySQLi\Connection.php(306): mysqli->query('SELECT *
FROM `pos_sale_items`
WHERE `id_pos_sale` = 2
ORDER BY `id_pos_sale_item` ASC', 0)
 2 SYSTEMPATH\Database\BaseConnection.php(693): CodeIgniter\Database\MySQLi\Connection->execute('SELECT *
FROM `pos_sale_items`
WHERE `id_pos_sale` = 2
ORDER BY `id_pos_sale_item` ASC')
 3 SYSTEMPATH\Database\BaseConnection.php(607): CodeIgniter\Database\BaseConnection->simpleQuery('SELECT *
FROM `pos_sale_items`
WHERE `id_pos_sale` = 2
ORDER BY `id_pos_sale_item` ASC')
 4 SYSTEMPATH\Database\BaseBuilder.php(1616): CodeIgniter\Database\BaseConnection->query('SELECT *
FROM `pos_sale_items`
WHERE `id_pos_sale` = :id_pos_sale:
ORDER BY `id_pos_sale_item` ASC', [...], false)
 5 SYSTEMPATH\Model.php(242): CodeIgniter\Database\BaseBuilder->get()
 6 SYSTEMPATH\BaseModel.php(638): CodeIgniter\Model->doFindAll(0, 0)
 7 APPPATH\Controllers\Api\Pos.php(440): CodeIgniter\BaseModel->findAll()
 8 SYSTEMPATH\CodeIgniter.php(941): App\Controllers\Api\Pos->items('2')
 9 SYSTEMPATH\CodeIgniter.php(502): CodeIgniter\CodeIgniter->runController(Object(App\Controllers\Api\Pos))
10 SYSTEMPATH\CodeIgniter.php(361): CodeIgniter\CodeIgniter->handleRequest(null, Object(Config\Cache), false)
11 FCPATH\index.php(79): CodeIgniter\CodeIgniter->run()
INFO - 2025-09-24 01:11:28 --> Session: Class initialized using 'CodeIgniter\Session\Handlers\FileHandler' driver.
INFO - 2025-09-24 01:11:28 --> Session: Class initialized using 'CodeIgniter\Session\Handlers\FileHandler' driver.
INFO - 2025-09-24 01:11:28 --> Session: Class initialized using 'CodeIgniter\Session\Handlers\FileHandler' driver.
INFO - 2025-09-24 01:11:28 --> Session: Class initialized using 'CodeIgniter\Session\Handlers\FileHandler' driver.
INFO - 2025-09-24 01:11:28 --> Session: Class initialized using 'CodeIgniter\Session\Handlers\FileHandler' driver.
ERROR - 2025-09-24 01:11:31 --> mysqli_sql_exception: Unknown column 'id_pos_sale_item' in 'order clause' in C:\xampp\htdocs\erp.local\system\Database\MySQLi\Connection.php:306
Stack trace:
#0 C:\xampp\htdocs\erp.local\system\Database\MySQLi\Connection.php(306): mysqli->query('SELECT *\nFROM `...', 0)
#1 C:\xampp\htdocs\erp.local\system\Database\BaseConnection.php(693): CodeIgniter\Database\MySQLi\Connection->execute('SELECT *\nFROM `...')
#2 C:\xampp\htdocs\erp.local\system\Database\BaseConnection.php(607): CodeIgniter\Database\BaseConnection->simpleQuery('SELECT *\nFROM `...')
#3 C:\xampp\htdocs\erp.local\system\Database\BaseBuilder.php(1616): CodeIgniter\Database\BaseConnection->query('SELECT *\nFROM `...', Array, false)
#4 C:\xampp\htdocs\erp.local\system\Model.php(242): CodeIgniter\Database\BaseBuilder->get()
#5 C:\xampp\htdocs\erp.local\system\BaseModel.php(638): CodeIgniter\Model->doFindAll(0, 0)
#6 C:\xampp\htdocs\erp.local\app\Controllers\Api\Pos.php(440): CodeIgniter\BaseModel->findAll()
#7 C:\xampp\htdocs\erp.local\system\CodeIgniter.php(941): App\Controllers\Api\Pos->items('1')
#8 C:\xampp\htdocs\erp.local\system\CodeIgniter.php(502): CodeIgniter\CodeIgniter->runController(Object(App\Controllers\Api\Pos))
#9 C:\xampp\htdocs\erp.local\system\CodeIgniter.php(361): CodeIgniter\CodeIgniter->handleRequest(NULL, Object(Config\Cache), false)
#10 C:\xampp\htdocs\erp.local\public\index.php(79): CodeIgniter\CodeIgniter->run()
#11 {main}
CRITICAL - 2025-09-24 01:11:31 --> CodeIgniter\Database\Exceptions\DatabaseException: Unknown column 'id_pos_sale_item' in 'order clause'
in SYSTEMPATH\Database\BaseConnection.php on line 647.
 1 SYSTEMPATH\Database\BaseBuilder.php(1616): CodeIgniter\Database\BaseConnection->query('SELECT *
FROM `pos_sale_items`
WHERE `id_pos_sale` = :id_pos_sale:
ORDER BY `id_pos_sale_item` ASC', [...], false)
 2 SYSTEMPATH\Model.php(242): CodeIgniter\Database\BaseBuilder->get()
 3 SYSTEMPATH\BaseModel.php(638): CodeIgniter\Model->doFindAll(0, 0)
 4 APPPATH\Controllers\Api\Pos.php(440): CodeIgniter\BaseModel->findAll()
 5 SYSTEMPATH\CodeIgniter.php(941): App\Controllers\Api\Pos->items('1')
 6 SYSTEMPATH\CodeIgniter.php(502): CodeIgniter\CodeIgniter->runController(Object(App\Controllers\Api\Pos))
 7 SYSTEMPATH\CodeIgniter.php(361): CodeIgniter\CodeIgniter->handleRequest(null, Object(Config\Cache), false)
 8 FCPATH\index.php(79): CodeIgniter\CodeIgniter->run()
CRITICAL - 2025-09-24 01:11:31 --> [Caused by] CodeIgniter\Database\Exceptions\DatabaseException: Unknown column 'id_pos_sale_item' in 'order clause'
in SYSTEMPATH\Database\MySQLi\Connection.php on line 311.
 1 SYSTEMPATH\Database\BaseConnection.php(693): CodeIgniter\Database\MySQLi\Connection->execute('SELECT *
FROM `pos_sale_items`
WHERE `id_pos_sale` = 1
ORDER BY `id_pos_sale_item` ASC')
 2 SYSTEMPATH\Database\BaseConnection.php(607): CodeIgniter\Database\BaseConnection->simpleQuery('SELECT *
FROM `pos_sale_items`
WHERE `id_pos_sale` = 1
ORDER BY `id_pos_sale_item` ASC')
 3 SYSTEMPATH\Database\BaseBuilder.php(1616): CodeIgniter\Database\BaseConnection->query('SELECT *
FROM `pos_sale_items`
WHERE `id_pos_sale` = :id_pos_sale:
ORDER BY `id_pos_sale_item` ASC', [...], false)
 4 SYSTEMPATH\Model.php(242): CodeIgniter\Database\BaseBuilder->get()
 5 SYSTEMPATH\BaseModel.php(638): CodeIgniter\Model->doFindAll(0, 0)
 6 APPPATH\Controllers\Api\Pos.php(440): CodeIgniter\BaseModel->findAll()
 7 SYSTEMPATH\CodeIgniter.php(941): App\Controllers\Api\Pos->items('1')
 8 SYSTEMPATH\CodeIgniter.php(502): CodeIgniter\CodeIgniter->runController(Object(App\Controllers\Api\Pos))
 9 SYSTEMPATH\CodeIgniter.php(361): CodeIgniter\CodeIgniter->handleRequest(null, Object(Config\Cache), false)
10 FCPATH\index.php(79): CodeIgniter\CodeIgniter->run()
CRITICAL - 2025-09-24 01:11:31 --> [Caused by] mysqli_sql_exception: Unknown column 'id_pos_sale_item' in 'order clause'
in SYSTEMPATH\Database\MySQLi\Connection.php on line 306.
 1 SYSTEMPATH\Database\MySQLi\Connection.php(306): mysqli->query('SELECT *
FROM `pos_sale_items`
WHERE `id_pos_sale` = 1
ORDER BY `id_pos_sale_item` ASC', 0)
 2 SYSTEMPATH\Database\BaseConnection.php(693): CodeIgniter\Database\MySQLi\Connection->execute('SELECT *
FROM `pos_sale_items`
WHERE `id_pos_sale` = 1
ORDER BY `id_pos_sale_item` ASC')
 3 SYSTEMPATH\Database\BaseConnection.php(607): CodeIgniter\Database\BaseConnection->simpleQuery('SELECT *
FROM `pos_sale_items`
WHERE `id_pos_sale` = 1
ORDER BY `id_pos_sale_item` ASC')
 4 SYSTEMPATH\Database\BaseBuilder.php(1616): CodeIgniter\Database\BaseConnection->query('SELECT *
FROM `pos_sale_items`
WHERE `id_pos_sale` = :id_pos_sale:
ORDER BY `id_pos_sale_item` ASC', [...], false)
 5 SYSTEMPATH\Model.php(242): CodeIgniter\Database\BaseBuilder->get()
 6 SYSTEMPATH\BaseModel.php(638): CodeIgniter\Model->doFindAll(0, 0)
 7 APPPATH\Controllers\Api\Pos.php(440): CodeIgniter\BaseModel->findAll()
 8 SYSTEMPATH\CodeIgniter.php(941): App\Controllers\Api\Pos->items('1')
 9 SYSTEMPATH\CodeIgniter.php(502): CodeIgniter\CodeIgniter->runController(Object(App\Controllers\Api\Pos))
10 SYSTEMPATH\CodeIgniter.php(361): CodeIgniter\CodeIgniter->handleRequest(null, Object(Config\Cache), false)
11 FCPATH\index.php(79): CodeIgniter\CodeIgniter->run()
INFO - 2025-09-24 01:17:14 --> Session: Class initialized using 'CodeIgniter\Session\Handlers\FileHandler' driver.
INFO - 2025-09-24 01:17:38 --> Session: Class initialized using 'CodeIgniter\Session\Handlers\FileHandler' driver.
INFO - 2025-09-24 01:22:28 --> Session: Class initialized using 'CodeIgniter\Session\Handlers\FileHandler' driver.
INFO - 2025-09-24 01:22:28 --> Session: Class initialized using 'CodeIgniter\Session\Handlers\FileHandler' driver.
INFO - 2025-09-24 01:22:28 --> Session: Class initialized using 'CodeIgniter\Session\Handlers\FileHandler' driver.
INFO - 2025-09-24 01:22:28 --> Session: Class initialized using 'CodeIgniter\Session\Handlers\FileHandler' driver.
INFO - 2025-09-24 01:22:28 --> Session: Class initialized using 'CodeIgniter\Session\Handlers\FileHandler' driver.
INFO - 2025-09-24 01:30:00 --> Session: Class initialized using 'CodeIgniter\Session\Handlers\FileHandler' driver.
INFO - 2025-09-24 01:30:01 --> Session: Class initialized using 'CodeIgniter\Session\Handlers\FileHandler' driver.
INFO - 2025-09-24 01:30:01 --> Session: Class initialized using 'CodeIgniter\Session\Handlers\FileHandler' driver.
INFO - 2025-09-24 01:30:01 --> Session: Class initialized using 'CodeIgniter\Session\Handlers\FileHandler' driver.
INFO - 2025-09-24 01:30:01 --> Session: Class initialized using 'CodeIgniter\Session\Handlers\FileHandler' driver.
INFO - 2025-09-24 01:30:03 --> Session: Class initialized using 'CodeIgniter\Session\Handlers\FileHandler' driver.
INFO - 2025-09-24 01:30:03 --> Session: Class initialized using 'CodeIgniter\Session\Handlers\FileHandler' driver.
INFO - 2025-09-24 01:30:03 --> Session: Class initialized using 'CodeIgniter\Session\Handlers\FileHandler' driver.
INFO - 2025-09-24 01:30:03 --> Session: Class initialized using 'CodeIgniter\Session\Handlers\FileHandler' driver.
INFO - 2025-09-24 01:30:03 --> Session: Class initialized using 'CodeIgniter\Session\Handlers\FileHandler' driver.
INFO - 2025-09-24 01:30:04 --> Session: Class initialized using 'CodeIgniter\Session\Handlers\FileHandler' driver.
INFO - 2025-09-24 01:30:04 --> Session: Class initialized using 'CodeIgniter\Session\Handlers\FileHandler' driver.
INFO - 2025-09-24 01:30:04 --> Session: Class initialized using 'CodeIgniter\Session\Handlers\FileHandler' driver.
INFO - 2025-09-24 01:30:04 --> Session: Class initialized using 'CodeIgniter\Session\Handlers\FileHandler' driver.
INFO - 2025-09-24 01:30:04 --> Session: Class initialized using 'CodeIgniter\Session\Handlers\FileHandler' driver.
INFO - 2025-09-24 01:30:04 --> Session: Class initialized using 'CodeIgniter\Session\Handlers\FileHandler' driver.
INFO - 2025-09-24 01:30:05 --> Session: Class initialized using 'CodeIgniter\Session\Handlers\FileHandler' driver.
INFO - 2025-09-24 01:30:05 --> Session: Class initialized using 'CodeIgniter\Session\Handlers\FileHandler' driver.
INFO - 2025-09-24 01:30:05 --> Session: Class initialized using 'CodeIgniter\Session\Handlers\FileHandler' driver.
INFO - 2025-09-24 01:30:05 --> Session: Class initialized using 'CodeIgniter\Session\Handlers\FileHandler' driver.
INFO - 2025-09-24 01:30:06 --> Session: Class initialized using 'CodeIgniter\Session\Handlers\FileHandler' driver.
INFO - 2025-09-24 01:30:06 --> Session: Class initialized using 'CodeIgniter\Session\Handlers\FileHandler' driver.
INFO - 2025-09-24 01:30:06 --> Session: Class initialized using 'CodeIgniter\Session\Handlers\FileHandler' driver.
INFO - 2025-09-24 01:30:06 --> Session: Class initialized using 'CodeIgniter\Session\Handlers\FileHandler' driver.
INFO - 2025-09-24 01:30:06 --> Session: Class initialized using 'CodeIgniter\Session\Handlers\FileHandler' driver.
ERROR - 2025-09-24 01:30:09 --> mysqli_sql_exception: Unknown column 'id_pos_sale_item' in 'order clause' in C:\xampp\htdocs\erp.local\system\Database\MySQLi\Connection.php:306
Stack trace:
#0 C:\xampp\htdocs\erp.local\system\Database\MySQLi\Connection.php(306): mysqli->query('SELECT *\nFROM `...', 0)
#1 C:\xampp\htdocs\erp.local\system\Database\BaseConnection.php(693): CodeIgniter\Database\MySQLi\Connection->execute('SELECT *\nFROM `...')
#2 C:\xampp\htdocs\erp.local\system\Database\BaseConnection.php(607): CodeIgniter\Database\BaseConnection->simpleQuery('SELECT *\nFROM `...')
#3 C:\xampp\htdocs\erp.local\system\Database\BaseBuilder.php(1616): CodeIgniter\Database\BaseConnection->query('SELECT *\nFROM `...', Array, false)
#4 C:\xampp\htdocs\erp.local\system\Model.php(242): CodeIgniter\Database\BaseBuilder->get()
#5 C:\xampp\htdocs\erp.local\system\BaseModel.php(638): CodeIgniter\Model->doFindAll(0, 0)
#6 C:\xampp\htdocs\erp.local\app\Controllers\Api\Pos.php(440): CodeIgniter\BaseModel->findAll()
#7 C:\xampp\htdocs\erp.local\system\CodeIgniter.php(941): App\Controllers\Api\Pos->items('2')
#8 C:\xampp\htdocs\erp.local\system\CodeIgniter.php(502): CodeIgniter\CodeIgniter->runController(Object(App\Controllers\Api\Pos))
#9 C:\xampp\htdocs\erp.local\system\CodeIgniter.php(361): CodeIgniter\CodeIgniter->handleRequest(NULL, Object(Config\Cache), false)
#10 C:\xampp\htdocs\erp.local\public\index.php(79): CodeIgniter\CodeIgniter->run()
#11 {main}
CRITICAL - 2025-09-24 01:30:09 --> CodeIgniter\Database\Exceptions\DatabaseException: Unknown column 'id_pos_sale_item' in 'order clause'
in SYSTEMPATH\Database\BaseConnection.php on line 647.
 1 SYSTEMPATH\Database\BaseBuilder.php(1616): CodeIgniter\Database\BaseConnection->query('SELECT *
FROM `pos_sale_items`
WHERE `id_pos_sale` = :id_pos_sale:
ORDER BY `id_pos_sale_item` ASC', [...], false)
 2 SYSTEMPATH\Model.php(242): CodeIgniter\Database\BaseBuilder->get()
 3 SYSTEMPATH\BaseModel.php(638): CodeIgniter\Model->doFindAll(0, 0)
 4 APPPATH\Controllers\Api\Pos.php(440): CodeIgniter\BaseModel->findAll()
 5 SYSTEMPATH\CodeIgniter.php(941): App\Controllers\Api\Pos->items('2')
 6 SYSTEMPATH\CodeIgniter.php(502): CodeIgniter\CodeIgniter->runController(Object(App\Controllers\Api\Pos))
 7 SYSTEMPATH\CodeIgniter.php(361): CodeIgniter\CodeIgniter->handleRequest(null, Object(Config\Cache), false)
 8 FCPATH\index.php(79): CodeIgniter\CodeIgniter->run()
CRITICAL - 2025-09-24 01:30:09 --> [Caused by] CodeIgniter\Database\Exceptions\DatabaseException: Unknown column 'id_pos_sale_item' in 'order clause'
in SYSTEMPATH\Database\MySQLi\Connection.php on line 311.
 1 SYSTEMPATH\Database\BaseConnection.php(693): CodeIgniter\Database\MySQLi\Connection->execute('SELECT *
FROM `pos_sale_items`
WHERE `id_pos_sale` = 2
ORDER BY `id_pos_sale_item` ASC')
 2 SYSTEMPATH\Database\BaseConnection.php(607): CodeIgniter\Database\BaseConnection->simpleQuery('SELECT *
FROM `pos_sale_items`
WHERE `id_pos_sale` = 2
ORDER BY `id_pos_sale_item` ASC')
 3 SYSTEMPATH\Database\BaseBuilder.php(1616): CodeIgniter\Database\BaseConnection->query('SELECT *
FROM `pos_sale_items`
WHERE `id_pos_sale` = :id_pos_sale:
ORDER BY `id_pos_sale_item` ASC', [...], false)
 4 SYSTEMPATH\Model.php(242): CodeIgniter\Database\BaseBuilder->get()
 5 SYSTEMPATH\BaseModel.php(638): CodeIgniter\Model->doFindAll(0, 0)
 6 APPPATH\Controllers\Api\Pos.php(440): CodeIgniter\BaseModel->findAll()
 7 SYSTEMPATH\CodeIgniter.php(941): App\Controllers\Api\Pos->items('2')
 8 SYSTEMPATH\CodeIgniter.php(502): CodeIgniter\CodeIgniter->runController(Object(App\Controllers\Api\Pos))
 9 SYSTEMPATH\CodeIgniter.php(361): CodeIgniter\CodeIgniter->handleRequest(null, Object(Config\Cache), false)
10 FCPATH\index.php(79): CodeIgniter\CodeIgniter->run()
CRITICAL - 2025-09-24 01:30:09 --> [Caused by] mysqli_sql_exception: Unknown column 'id_pos_sale_item' in 'order clause'
in SYSTEMPATH\Database\MySQLi\Connection.php on line 306.
 1 SYSTEMPATH\Database\MySQLi\Connection.php(306): mysqli->query('SELECT *
FROM `pos_sale_items`
WHERE `id_pos_sale` = 2
ORDER BY `id_pos_sale_item` ASC', 0)
 2 SYSTEMPATH\Database\BaseConnection.php(693): CodeIgniter\Database\MySQLi\Connection->execute('SELECT *
FROM `pos_sale_items`
WHERE `id_pos_sale` = 2
ORDER BY `id_pos_sale_item` ASC')
 3 SYSTEMPATH\Database\BaseConnection.php(607): CodeIgniter\Database\BaseConnection->simpleQuery('SELECT *
FROM `pos_sale_items`
WHERE `id_pos_sale` = 2
ORDER BY `id_pos_sale_item` ASC')
 4 SYSTEMPATH\Database\BaseBuilder.php(1616): CodeIgniter\Database\BaseConnection->query('SELECT *
FROM `pos_sale_items`
WHERE `id_pos_sale` = :id_pos_sale:
ORDER BY `id_pos_sale_item` ASC', [...], false)
 5 SYSTEMPATH\Model.php(242): CodeIgniter\Database\BaseBuilder->get()
 6 SYSTEMPATH\BaseModel.php(638): CodeIgniter\Model->doFindAll(0, 0)
 7 APPPATH\Controllers\Api\Pos.php(440): CodeIgniter\BaseModel->findAll()
 8 SYSTEMPATH\CodeIgniter.php(941): App\Controllers\Api\Pos->items('2')
 9 SYSTEMPATH\CodeIgniter.php(502): CodeIgniter\CodeIgniter->runController(Object(App\Controllers\Api\Pos))
10 SYSTEMPATH\CodeIgniter.php(361): CodeIgniter\CodeIgniter->handleRequest(null, Object(Config\Cache), false)
11 FCPATH\index.php(79): CodeIgniter\CodeIgniter->run()
ERROR - 2025-09-24 01:30:11 --> mysqli_sql_exception: Unknown column 'id_pos_sale_item' in 'order clause' in C:\xampp\htdocs\erp.local\system\Database\MySQLi\Connection.php:306
Stack trace:
#0 C:\xampp\htdocs\erp.local\system\Database\MySQLi\Connection.php(306): mysqli->query('SELECT *\nFROM `...', 0)
#1 C:\xampp\htdocs\erp.local\system\Database\BaseConnection.php(693): CodeIgniter\Database\MySQLi\Connection->execute('SELECT *\nFROM `...')
#2 C:\xampp\htdocs\erp.local\system\Database\BaseConnection.php(607): CodeIgniter\Database\BaseConnection->simpleQuery('SELECT *\nFROM `...')
#3 C:\xampp\htdocs\erp.local\system\Database\BaseBuilder.php(1616): CodeIgniter\Database\BaseConnection->query('SELECT *\nFROM `...', Array, false)
#4 C:\xampp\htdocs\erp.local\system\Model.php(242): CodeIgniter\Database\BaseBuilder->get()
#5 C:\xampp\htdocs\erp.local\system\BaseModel.php(638): CodeIgniter\Model->doFindAll(0, 0)
#6 C:\xampp\htdocs\erp.local\app\Controllers\Api\Pos.php(462): CodeIgniter\BaseModel->findAll()
#7 C:\xampp\htdocs\erp.local\system\CodeIgniter.php(941): App\Controllers\Api\Pos->receiptNonFiscal('2')
#8 C:\xampp\htdocs\erp.local\system\CodeIgniter.php(502): CodeIgniter\CodeIgniter->runController(Object(App\Controllers\Api\Pos))
#9 C:\xampp\htdocs\erp.local\system\CodeIgniter.php(361): CodeIgniter\CodeIgniter->handleRequest(NULL, Object(Config\Cache), false)
#10 C:\xampp\htdocs\erp.local\public\index.php(79): CodeIgniter\CodeIgniter->run()
#11 {main}
INFO - 2025-09-24 01:32:52 --> Session: Class initialized using 'CodeIgniter\Session\Handlers\FileHandler' driver.
INFO - 2025-09-24 01:32:53 --> Session: Class initialized using 'CodeIgniter\Session\Handlers\FileHandler' driver.
INFO - 2025-09-24 01:32:53 --> Session: Class initialized using 'CodeIgniter\Session\Handlers\FileHandler' driver.
INFO - 2025-09-24 01:32:53 --> Session: Class initialized using 'CodeIgniter\Session\Handlers\FileHandler' driver.
INFO - 2025-09-24 01:32:53 --> Session: Class initialized using 'CodeIgniter\Session\Handlers\FileHandler' driver.
ERROR - 2025-09-24 01:32:55 --> mysqli_sql_exception: Unknown column 'id_pos_sale_item' in 'order clause' in C:\xampp\htdocs\erp.local\system\Database\MySQLi\Connection.php:306
Stack trace:
#0 C:\xampp\htdocs\erp.local\system\Database\MySQLi\Connection.php(306): mysqli->query('SELECT *\nFROM `...', 0)
#1 C:\xampp\htdocs\erp.local\system\Database\BaseConnection.php(693): CodeIgniter\Database\MySQLi\Connection->execute('SELECT *\nFROM `...')
#2 C:\xampp\htdocs\erp.local\system\Database\BaseConnection.php(607): CodeIgniter\Database\BaseConnection->simpleQuery('SELECT *\nFROM `...')
#3 C:\xampp\htdocs\erp.local\system\Database\BaseBuilder.php(1616): CodeIgniter\Database\BaseConnection->query('SELECT *\nFROM `...', Array, false)
#4 C:\xampp\htdocs\erp.local\system\Model.php(242): CodeIgniter\Database\BaseBuilder->get()
#5 C:\xampp\htdocs\erp.local\system\BaseModel.php(638): CodeIgniter\Model->doFindAll(0, 0)
#6 C:\xampp\htdocs\erp.local\app\Controllers\Api\Pos.php(440): CodeIgniter\BaseModel->findAll()
#7 C:\xampp\htdocs\erp.local\system\CodeIgniter.php(941): App\Controllers\Api\Pos->items('2')
#8 C:\xampp\htdocs\erp.local\system\CodeIgniter.php(502): CodeIgniter\CodeIgniter->runController(Object(App\Controllers\Api\Pos))
#9 C:\xampp\htdocs\erp.local\system\CodeIgniter.php(361): CodeIgniter\CodeIgniter->handleRequest(NULL, Object(Config\Cache), false)
#10 C:\xampp\htdocs\erp.local\public\index.php(79): CodeIgniter\CodeIgniter->run()
#11 {main}
CRITICAL - 2025-09-24 01:32:55 --> CodeIgniter\Database\Exceptions\DatabaseException: Unknown column 'id_pos_sale_item' in 'order clause'
in SYSTEMPATH\Database\BaseConnection.php on line 647.
 1 SYSTEMPATH\Database\BaseBuilder.php(1616): CodeIgniter\Database\BaseConnection->query('SELECT *
FROM `pos_sale_items`
WHERE `id_pos_sale` = :id_pos_sale:
ORDER BY `id_pos_sale_item` ASC', [...], false)
 2 SYSTEMPATH\Model.php(242): CodeIgniter\Database\BaseBuilder->get()
 3 SYSTEMPATH\BaseModel.php(638): CodeIgniter\Model->doFindAll(0, 0)
 4 APPPATH\Controllers\Api\Pos.php(440): CodeIgniter\BaseModel->findAll()
 5 SYSTEMPATH\CodeIgniter.php(941): App\Controllers\Api\Pos->items('2')
 6 SYSTEMPATH\CodeIgniter.php(502): CodeIgniter\CodeIgniter->runController(Object(App\Controllers\Api\Pos))
 7 SYSTEMPATH\CodeIgniter.php(361): CodeIgniter\CodeIgniter->handleRequest(null, Object(Config\Cache), false)
 8 FCPATH\index.php(79): CodeIgniter\CodeIgniter->run()
CRITICAL - 2025-09-24 01:32:55 --> [Caused by] CodeIgniter\Database\Exceptions\DatabaseException: Unknown column 'id_pos_sale_item' in 'order clause'
in SYSTEMPATH\Database\MySQLi\Connection.php on line 311.
 1 SYSTEMPATH\Database\BaseConnection.php(693): CodeIgniter\Database\MySQLi\Connection->execute('SELECT *
FROM `pos_sale_items`
WHERE `id_pos_sale` = 2
ORDER BY `id_pos_sale_item` ASC')
 2 SYSTEMPATH\Database\BaseConnection.php(607): CodeIgniter\Database\BaseConnection->simpleQuery('SELECT *
FROM `pos_sale_items`
WHERE `id_pos_sale` = 2
ORDER BY `id_pos_sale_item` ASC')
 3 SYSTEMPATH\Database\BaseBuilder.php(1616): CodeIgniter\Database\BaseConnection->query('SELECT *
FROM `pos_sale_items`
WHERE `id_pos_sale` = :id_pos_sale:
ORDER BY `id_pos_sale_item` ASC', [...], false)
 4 SYSTEMPATH\Model.php(242): CodeIgniter\Database\BaseBuilder->get()
 5 SYSTEMPATH\BaseModel.php(638): CodeIgniter\Model->doFindAll(0, 0)
 6 APPPATH\Controllers\Api\Pos.php(440): CodeIgniter\BaseModel->findAll()
 7 SYSTEMPATH\CodeIgniter.php(941): App\Controllers\Api\Pos->items('2')
 8 SYSTEMPATH\CodeIgniter.php(502): CodeIgniter\CodeIgniter->runController(Object(App\Controllers\Api\Pos))
 9 SYSTEMPATH\CodeIgniter.php(361): CodeIgniter\CodeIgniter->handleRequest(null, Object(Config\Cache), false)
10 FCPATH\index.php(79): CodeIgniter\CodeIgniter->run()
CRITICAL - 2025-09-24 01:32:55 --> [Caused by] mysqli_sql_exception: Unknown column 'id_pos_sale_item' in 'order clause'
in SYSTEMPATH\Database\MySQLi\Connection.php on line 306.
 1 SYSTEMPATH\Database\MySQLi\Connection.php(306): mysqli->query('SELECT *
FROM `pos_sale_items`
WHERE `id_pos_sale` = 2
ORDER BY `id_pos_sale_item` ASC', 0)
 2 SYSTEMPATH\Database\BaseConnection.php(693): CodeIgniter\Database\MySQLi\Connection->execute('SELECT *
FROM `pos_sale_items`
WHERE `id_pos_sale` = 2
ORDER BY `id_pos_sale_item` ASC')
 3 SYSTEMPATH\Database\BaseConnection.php(607): CodeIgniter\Database\BaseConnection->simpleQuery('SELECT *
FROM `pos_sale_items`
WHERE `id_pos_sale` = 2
ORDER BY `id_pos_sale_item` ASC')
 4 SYSTEMPATH\Database\BaseBuilder.php(1616): CodeIgniter\Database\BaseConnection->query('SELECT *
FROM `pos_sale_items`
WHERE `id_pos_sale` = :id_pos_sale:
ORDER BY `id_pos_sale_item` ASC', [...], false)
 5 SYSTEMPATH\Model.php(242): CodeIgniter\Database\BaseBuilder->get()
 6 SYSTEMPATH\BaseModel.php(638): CodeIgniter\Model->doFindAll(0, 0)
 7 APPPATH\Controllers\Api\Pos.php(440): CodeIgniter\BaseModel->findAll()
 8 SYSTEMPATH\CodeIgniter.php(941): App\Controllers\Api\Pos->items('2')
 9 SYSTEMPATH\CodeIgniter.php(502): CodeIgniter\CodeIgniter->runController(Object(App\Controllers\Api\Pos))
10 SYSTEMPATH\CodeIgniter.php(361): CodeIgniter\CodeIgniter->handleRequest(null, Object(Config\Cache), false)
11 FCPATH\index.php(79): CodeIgniter\CodeIgniter->run()
ERROR - 2025-09-24 01:32:56 --> mysqli_sql_exception: Unknown column 'id_pos_sale_item' in 'order clause' in C:\xampp\htdocs\erp.local\system\Database\MySQLi\Connection.php:306
Stack trace:
#0 C:\xampp\htdocs\erp.local\system\Database\MySQLi\Connection.php(306): mysqli->query('SELECT *\nFROM `...', 0)
#1 C:\xampp\htdocs\erp.local\system\Database\BaseConnection.php(693): CodeIgniter\Database\MySQLi\Connection->execute('SELECT *\nFROM `...')
#2 C:\xampp\htdocs\erp.local\system\Database\BaseConnection.php(607): CodeIgniter\Database\BaseConnection->simpleQuery('SELECT *\nFROM `...')
#3 C:\xampp\htdocs\erp.local\system\Database\BaseBuilder.php(1616): CodeIgniter\Database\BaseConnection->query('SELECT *\nFROM `...', Array, false)
#4 C:\xampp\htdocs\erp.local\system\Model.php(242): CodeIgniter\Database\BaseBuilder->get()
#5 C:\xampp\htdocs\erp.local\system\BaseModel.php(638): CodeIgniter\Model->doFindAll(0, 0)
#6 C:\xampp\htdocs\erp.local\app\Controllers\Api\Pos.php(462): CodeIgniter\BaseModel->findAll()
#7 C:\xampp\htdocs\erp.local\system\CodeIgniter.php(941): App\Controllers\Api\Pos->receiptNonFiscal('2')
#8 C:\xampp\htdocs\erp.local\system\CodeIgniter.php(502): CodeIgniter\CodeIgniter->runController(Object(App\Controllers\Api\Pos))
#9 C:\xampp\htdocs\erp.local\system\CodeIgniter.php(361): CodeIgniter\CodeIgniter->handleRequest(NULL, Object(Config\Cache), false)
#10 C:\xampp\htdocs\erp.local\public\index.php(79): CodeIgniter\CodeIgniter->run()
#11 {main}
INFO - 2025-09-24 01:33:03 --> Session: Class initialized using 'CodeIgniter\Session\Handlers\FileHandler' driver.
INFO - 2025-09-24 01:33:10 --> Session: Class initialized using 'CodeIgniter\Session\Handlers\FileHandler' driver.
INFO - 2025-09-24 01:33:12 --> Session: Class initialized using 'CodeIgniter\Session\Handlers\FileHandler' driver.
INFO - 2025-09-24 01:33:14 --> Session: Class initialized using 'CodeIgniter\Session\Handlers\FileHandler' driver.
INFO - 2025-09-24 01:33:14 --> Session: Class initialized using 'CodeIgniter\Session\Handlers\FileHandler' driver.
INFO - 2025-09-24 01:33:14 --> Session: Class initialized using 'CodeIgniter\Session\Handlers\FileHandler' driver.
INFO - 2025-09-24 01:33:15 --> Session: Class initialized using 'CodeIgniter\Session\Handlers\FileHandler' driver.
INFO - 2025-09-24 01:33:15 --> Session: Class initialized using 'CodeIgniter\Session\Handlers\FileHandler' driver.
INFO - 2025-09-24 01:33:17 --> Session: Class initialized using 'CodeIgniter\Session\Handlers\FileHandler' driver.
INFO - 2025-09-24 01:33:17 --> Session: Class initialized using 'CodeIgniter\Session\Handlers\FileHandler' driver.
INFO - 2025-09-24 01:33:17 --> Session: Class initialized using 'CodeIgniter\Session\Handlers\FileHandler' driver.
INFO - 2025-09-24 01:33:17 --> Session: Class initialized using 'CodeIgniter\Session\Handlers\FileHandler' driver.
INFO - 2025-09-24 01:33:20 --> Session: Class initialized using 'CodeIgniter\Session\Handlers\FileHandler' driver.
INFO - 2025-09-24 01:33:20 --> Session: Class initialized using 'CodeIgniter\Session\Handlers\FileHandler' driver.
INFO - 2025-09-24 01:33:21 --> Session: Class initialized using 'CodeIgniter\Session\Handlers\FileHandler' driver.
INFO - 2025-09-24 01:33:21 --> Session: Class initialized using 'CodeIgniter\Session\Handlers\FileHandler' driver.
INFO - 2025-09-24 01:33:23 --> Session: Class initialized using 'CodeIgniter\Session\Handlers\FileHandler' driver.
INFO - 2025-09-24 01:33:23 --> Session: Class initialized using 'CodeIgniter\Session\Handlers\FileHandler' driver.
ERROR - 2025-09-24 01:33:23 --> mysqli_sql_exception: Unknown column 'id_pos_sale_item' in 'order clause' in C:\xampp\htdocs\erp.local\system\Database\MySQLi\Connection.php:306
Stack trace:
#0 C:\xampp\htdocs\erp.local\system\Database\MySQLi\Connection.php(306): mysqli->query('SELECT *\nFROM `...', 0)
#1 C:\xampp\htdocs\erp.local\system\Database\BaseConnection.php(693): CodeIgniter\Database\MySQLi\Connection->execute('SELECT *\nFROM `...')
#2 C:\xampp\htdocs\erp.local\system\Database\BaseConnection.php(607): CodeIgniter\Database\BaseConnection->simpleQuery('SELECT *\nFROM `...')
#3 C:\xampp\htdocs\erp.local\system\Database\BaseBuilder.php(1616): CodeIgniter\Database\BaseConnection->query('SELECT *\nFROM `...', Array, false)
#4 C:\xampp\htdocs\erp.local\system\Model.php(242): CodeIgniter\Database\BaseBuilder->get()
#5 C:\xampp\htdocs\erp.local\system\BaseModel.php(638): CodeIgniter\Model->doFindAll(0, 0)
#6 C:\xampp\htdocs\erp.local\app\Controllers\Api\Pos.php(440): CodeIgniter\BaseModel->findAll()
#7 C:\xampp\htdocs\erp.local\system\CodeIgniter.php(941): App\Controllers\Api\Pos->items('3')
#8 C:\xampp\htdocs\erp.local\system\CodeIgniter.php(502): CodeIgniter\CodeIgniter->runController(Object(App\Controllers\Api\Pos))
#9 C:\xampp\htdocs\erp.local\system\CodeIgniter.php(361): CodeIgniter\CodeIgniter->handleRequest(NULL, Object(Config\Cache), false)
#10 C:\xampp\htdocs\erp.local\public\index.php(79): CodeIgniter\CodeIgniter->run()
#11 {main}
CRITICAL - 2025-09-24 01:33:23 --> CodeIgniter\Database\Exceptions\DatabaseException: Unknown column 'id_pos_sale_item' in 'order clause'
in SYSTEMPATH\Database\BaseConnection.php on line 647.
 1 SYSTEMPATH\Database\BaseBuilder.php(1616): CodeIgniter\Database\BaseConnection->query('SELECT *
FROM `pos_sale_items`
WHERE `id_pos_sale` = :id_pos_sale:
ORDER BY `id_pos_sale_item` ASC', [...], false)
 2 SYSTEMPATH\Model.php(242): CodeIgniter\Database\BaseBuilder->get()
 3 SYSTEMPATH\BaseModel.php(638): CodeIgniter\Model->doFindAll(0, 0)
 4 APPPATH\Controllers\Api\Pos.php(440): CodeIgniter\BaseModel->findAll()
 5 SYSTEMPATH\CodeIgniter.php(941): App\Controllers\Api\Pos->items('3')
 6 SYSTEMPATH\CodeIgniter.php(502): CodeIgniter\CodeIgniter->runController(Object(App\Controllers\Api\Pos))
 7 SYSTEMPATH\CodeIgniter.php(361): CodeIgniter\CodeIgniter->handleRequest(null, Object(Config\Cache), false)
 8 FCPATH\index.php(79): CodeIgniter\CodeIgniter->run()
CRITICAL - 2025-09-24 01:33:23 --> [Caused by] CodeIgniter\Database\Exceptions\DatabaseException: Unknown column 'id_pos_sale_item' in 'order clause'
in SYSTEMPATH\Database\MySQLi\Connection.php on line 311.
 1 SYSTEMPATH\Database\BaseConnection.php(693): CodeIgniter\Database\MySQLi\Connection->execute('SELECT *
FROM `pos_sale_items`
WHERE `id_pos_sale` = 3
ORDER BY `id_pos_sale_item` ASC')
 2 SYSTEMPATH\Database\BaseConnection.php(607): CodeIgniter\Database\BaseConnection->simpleQuery('SELECT *
FROM `pos_sale_items`
WHERE `id_pos_sale` = 3
ORDER BY `id_pos_sale_item` ASC')
 3 SYSTEMPATH\Database\BaseBuilder.php(1616): CodeIgniter\Database\BaseConnection->query('SELECT *
FROM `pos_sale_items`
WHERE `id_pos_sale` = :id_pos_sale:
ORDER BY `id_pos_sale_item` ASC', [...], false)
 4 SYSTEMPATH\Model.php(242): CodeIgniter\Database\BaseBuilder->get()
 5 SYSTEMPATH\BaseModel.php(638): CodeIgniter\Model->doFindAll(0, 0)
 6 APPPATH\Controllers\Api\Pos.php(440): CodeIgniter\BaseModel->findAll()
 7 SYSTEMPATH\CodeIgniter.php(941): App\Controllers\Api\Pos->items('3')
 8 SYSTEMPATH\CodeIgniter.php(502): CodeIgniter\CodeIgniter->runController(Object(App\Controllers\Api\Pos))
 9 SYSTEMPATH\CodeIgniter.php(361): CodeIgniter\CodeIgniter->handleRequest(null, Object(Config\Cache), false)
10 FCPATH\index.php(79): CodeIgniter\CodeIgniter->run()
CRITICAL - 2025-09-24 01:33:23 --> [Caused by] mysqli_sql_exception: Unknown column 'id_pos_sale_item' in 'order clause'
in SYSTEMPATH\Database\MySQLi\Connection.php on line 306.
 1 SYSTEMPATH\Database\MySQLi\Connection.php(306): mysqli->query('SELECT *
FROM `pos_sale_items`
WHERE `id_pos_sale` = 3
ORDER BY `id_pos_sale_item` ASC', 0)
 2 SYSTEMPATH\Database\BaseConnection.php(693): CodeIgniter\Database\MySQLi\Connection->execute('SELECT *
FROM `pos_sale_items`
WHERE `id_pos_sale` = 3
ORDER BY `id_pos_sale_item` ASC')
 3 SYSTEMPATH\Database\BaseConnection.php(607): CodeIgniter\Database\BaseConnection->simpleQuery('SELECT *
FROM `pos_sale_items`
WHERE `id_pos_sale` = 3
ORDER BY `id_pos_sale_item` ASC')
 4 SYSTEMPATH\Database\BaseBuilder.php(1616): CodeIgniter\Database\BaseConnection->query('SELECT *
FROM `pos_sale_items`
WHERE `id_pos_sale` = :id_pos_sale:
ORDER BY `id_pos_sale_item` ASC', [...], false)
 5 SYSTEMPATH\Model.php(242): CodeIgniter\Database\BaseBuilder->get()
 6 SYSTEMPATH\BaseModel.php(638): CodeIgniter\Model->doFindAll(0, 0)
 7 APPPATH\Controllers\Api\Pos.php(440): CodeIgniter\BaseModel->findAll()
 8 SYSTEMPATH\CodeIgniter.php(941): App\Controllers\Api\Pos->items('3')
 9 SYSTEMPATH\CodeIgniter.php(502): CodeIgniter\CodeIgniter->runController(Object(App\Controllers\Api\Pos))
10 SYSTEMPATH\CodeIgniter.php(361): CodeIgniter\CodeIgniter->handleRequest(null, Object(Config\Cache), false)
11 FCPATH\index.php(79): CodeIgniter\CodeIgniter->run()
INFO - 2025-09-24 01:33:23 --> Session: Class initialized using 'CodeIgniter\Session\Handlers\FileHandler' driver.
ERROR - 2025-09-24 01:33:30 --> mysqli_sql_exception: Unknown column 'id_pos_sale_item' in 'order clause' in C:\xampp\htdocs\erp.local\system\Database\MySQLi\Connection.php:306
Stack trace:
#0 C:\xampp\htdocs\erp.local\system\Database\MySQLi\Connection.php(306): mysqli->query('SELECT *\nFROM `...', 0)
#1 C:\xampp\htdocs\erp.local\system\Database\BaseConnection.php(693): CodeIgniter\Database\MySQLi\Connection->execute('SELECT *\nFROM `...')
#2 C:\xampp\htdocs\erp.local\system\Database\BaseConnection.php(607): CodeIgniter\Database\BaseConnection->simpleQuery('SELECT *\nFROM `...')
#3 C:\xampp\htdocs\erp.local\system\Database\BaseBuilder.php(1616): CodeIgniter\Database\BaseConnection->query('SELECT *\nFROM `...', Array, false)
#4 C:\xampp\htdocs\erp.local\system\Model.php(242): CodeIgniter\Database\BaseBuilder->get()
#5 C:\xampp\htdocs\erp.local\system\BaseModel.php(638): CodeIgniter\Model->doFindAll(0, 0)
#6 C:\xampp\htdocs\erp.local\app\Controllers\Api\Pos.php(440): CodeIgniter\BaseModel->findAll()
#7 C:\xampp\htdocs\erp.local\system\CodeIgniter.php(941): App\Controllers\Api\Pos->items('3')
#8 C:\xampp\htdocs\erp.local\system\CodeIgniter.php(502): CodeIgniter\CodeIgniter->runController(Object(App\Controllers\Api\Pos))
#9 C:\xampp\htdocs\erp.local\system\CodeIgniter.php(361): CodeIgniter\CodeIgniter->handleRequest(NULL, Object(Config\Cache), false)
#10 C:\xampp\htdocs\erp.local\public\index.php(79): CodeIgniter\CodeIgniter->run()
#11 {main}
CRITICAL - 2025-09-24 01:33:30 --> CodeIgniter\Database\Exceptions\DatabaseException: Unknown column 'id_pos_sale_item' in 'order clause'
in SYSTEMPATH\Database\BaseConnection.php on line 647.
 1 SYSTEMPATH\Database\BaseBuilder.php(1616): CodeIgniter\Database\BaseConnection->query('SELECT *
FROM `pos_sale_items`
WHERE `id_pos_sale` = :id_pos_sale:
ORDER BY `id_pos_sale_item` ASC', [...], false)
 2 SYSTEMPATH\Model.php(242): CodeIgniter\Database\BaseBuilder->get()
 3 SYSTEMPATH\BaseModel.php(638): CodeIgniter\Model->doFindAll(0, 0)
 4 APPPATH\Controllers\Api\Pos.php(440): CodeIgniter\BaseModel->findAll()
 5 SYSTEMPATH\CodeIgniter.php(941): App\Controllers\Api\Pos->items('3')
 6 SYSTEMPATH\CodeIgniter.php(502): CodeIgniter\CodeIgniter->runController(Object(App\Controllers\Api\Pos))
 7 SYSTEMPATH\CodeIgniter.php(361): CodeIgniter\CodeIgniter->handleRequest(null, Object(Config\Cache), false)
 8 FCPATH\index.php(79): CodeIgniter\CodeIgniter->run()
CRITICAL - 2025-09-24 01:33:30 --> [Caused by] CodeIgniter\Database\Exceptions\DatabaseException: Unknown column 'id_pos_sale_item' in 'order clause'
in SYSTEMPATH\Database\MySQLi\Connection.php on line 311.
 1 SYSTEMPATH\Database\BaseConnection.php(693): CodeIgniter\Database\MySQLi\Connection->execute('SELECT *
FROM `pos_sale_items`
WHERE `id_pos_sale` = 3
ORDER BY `id_pos_sale_item` ASC')
 2 SYSTEMPATH\Database\BaseConnection.php(607): CodeIgniter\Database\BaseConnection->simpleQuery('SELECT *
FROM `pos_sale_items`
WHERE `id_pos_sale` = 3
ORDER BY `id_pos_sale_item` ASC')
 3 SYSTEMPATH\Database\BaseBuilder.php(1616): CodeIgniter\Database\BaseConnection->query('SELECT *
FROM `pos_sale_items`
WHERE `id_pos_sale` = :id_pos_sale:
ORDER BY `id_pos_sale_item` ASC', [...], false)
 4 SYSTEMPATH\Model.php(242): CodeIgniter\Database\BaseBuilder->get()
 5 SYSTEMPATH\BaseModel.php(638): CodeIgniter\Model->doFindAll(0, 0)
 6 APPPATH\Controllers\Api\Pos.php(440): CodeIgniter\BaseModel->findAll()
 7 SYSTEMPATH\CodeIgniter.php(941): App\Controllers\Api\Pos->items('3')
 8 SYSTEMPATH\CodeIgniter.php(502): CodeIgniter\CodeIgniter->runController(Object(App\Controllers\Api\Pos))
 9 SYSTEMPATH\CodeIgniter.php(361): CodeIgniter\CodeIgniter->handleRequest(null, Object(Config\Cache), false)
10 FCPATH\index.php(79): CodeIgniter\CodeIgniter->run()
CRITICAL - 2025-09-24 01:33:30 --> [Caused by] mysqli_sql_exception: Unknown column 'id_pos_sale_item' in 'order clause'
in SYSTEMPATH\Database\MySQLi\Connection.php on line 306.
 1 SYSTEMPATH\Database\MySQLi\Connection.php(306): mysqli->query('SELECT *
FROM `pos_sale_items`
WHERE `id_pos_sale` = 3
ORDER BY `id_pos_sale_item` ASC', 0)
 2 SYSTEMPATH\Database\BaseConnection.php(693): CodeIgniter\Database\MySQLi\Connection->execute('SELECT *
FROM `pos_sale_items`
WHERE `id_pos_sale` = 3
ORDER BY `id_pos_sale_item` ASC')
 3 SYSTEMPATH\Database\BaseConnection.php(607): CodeIgniter\Database\BaseConnection->simpleQuery('SELECT *
FROM `pos_sale_items`
WHERE `id_pos_sale` = 3
ORDER BY `id_pos_sale_item` ASC')
 4 SYSTEMPATH\Database\BaseBuilder.php(1616): CodeIgniter\Database\BaseConnection->query('SELECT *
FROM `pos_sale_items`
WHERE `id_pos_sale` = :id_pos_sale:
ORDER BY `id_pos_sale_item` ASC', [...], false)
 5 SYSTEMPATH\Model.php(242): CodeIgniter\Database\BaseBuilder->get()
 6 SYSTEMPATH\BaseModel.php(638): CodeIgniter\Model->doFindAll(0, 0)
 7 APPPATH\Controllers\Api\Pos.php(440): CodeIgniter\BaseModel->findAll()
 8 SYSTEMPATH\CodeIgniter.php(941): App\Controllers\Api\Pos->items('3')
 9 SYSTEMPATH\CodeIgniter.php(502): CodeIgniter\CodeIgniter->runController(Object(App\Controllers\Api\Pos))
10 SYSTEMPATH\CodeIgniter.php(361): CodeIgniter\CodeIgniter->handleRequest(null, Object(Config\Cache), false)
11 FCPATH\index.php(79): CodeIgniter\CodeIgniter->run()
ERROR - 2025-09-24 01:33:31 --> mysqli_sql_exception: Unknown column 'id_pos_sale_item' in 'order clause' in C:\xampp\htdocs\erp.local\system\Database\MySQLi\Connection.php:306
Stack trace:
#0 C:\xampp\htdocs\erp.local\system\Database\MySQLi\Connection.php(306): mysqli->query('SELECT *\nFROM `...', 0)
#1 C:\xampp\htdocs\erp.local\system\Database\BaseConnection.php(693): CodeIgniter\Database\MySQLi\Connection->execute('SELECT *\nFROM `...')
#2 C:\xampp\htdocs\erp.local\system\Database\BaseConnection.php(607): CodeIgniter\Database\BaseConnection->simpleQuery('SELECT *\nFROM `...')
#3 C:\xampp\htdocs\erp.local\system\Database\BaseBuilder.php(1616): CodeIgniter\Database\BaseConnection->query('SELECT *\nFROM `...', Array, false)
#4 C:\xampp\htdocs\erp.local\system\Model.php(242): CodeIgniter\Database\BaseBuilder->get()
#5 C:\xampp\htdocs\erp.local\system\BaseModel.php(638): CodeIgniter\Model->doFindAll(0, 0)
#6 C:\xampp\htdocs\erp.local\app\Controllers\Api\Pos.php(462): CodeIgniter\BaseModel->findAll()
#7 C:\xampp\htdocs\erp.local\system\CodeIgniter.php(941): App\Controllers\Api\Pos->receiptNonFiscal('3')
#8 C:\xampp\htdocs\erp.local\system\CodeIgniter.php(502): CodeIgniter\CodeIgniter->runController(Object(App\Controllers\Api\Pos))
#9 C:\xampp\htdocs\erp.local\system\CodeIgniter.php(361): CodeIgniter\CodeIgniter->handleRequest(NULL, Object(Config\Cache), false)
#10 C:\xampp\htdocs\erp.local\public\index.php(79): CodeIgniter\CodeIgniter->run()
#11 {main}
ERROR - 2025-09-24 01:33:44 --> mysqli_sql_exception: Unknown column 'id_pos_sale_item' in 'order clause' in C:\xampp\htdocs\erp.local\system\Database\MySQLi\Connection.php:306
Stack trace:
#0 C:\xampp\htdocs\erp.local\system\Database\MySQLi\Connection.php(306): mysqli->query('SELECT *\nFROM `...', 0)
#1 C:\xampp\htdocs\erp.local\system\Database\BaseConnection.php(693): CodeIgniter\Database\MySQLi\Connection->execute('SELECT *\nFROM `...')
#2 C:\xampp\htdocs\erp.local\system\Database\BaseConnection.php(607): CodeIgniter\Database\BaseConnection->simpleQuery('SELECT *\nFROM `...')
#3 C:\xampp\htdocs\erp.local\system\Database\BaseBuilder.php(1616): CodeIgniter\Database\BaseConnection->query('SELECT *\nFROM `...', Array, false)
#4 C:\xampp\htdocs\erp.local\system\Model.php(242): CodeIgniter\Database\BaseBuilder->get()
#5 C:\xampp\htdocs\erp.local\system\BaseModel.php(638): CodeIgniter\Model->doFindAll(0, 0)
#6 C:\xampp\htdocs\erp.local\app\Controllers\Api\Pos.php(462): CodeIgniter\BaseModel->findAll()
#7 C:\xampp\htdocs\erp.local\system\CodeIgniter.php(941): App\Controllers\Api\Pos->receiptNonFiscal('3')
#8 C:\xampp\htdocs\erp.local\system\CodeIgniter.php(502): CodeIgniter\CodeIgniter->runController(Object(App\Controllers\Api\Pos))
#9 C:\xampp\htdocs\erp.local\system\CodeIgniter.php(361): CodeIgniter\CodeIgniter->handleRequest(NULL, Object(Config\Cache), false)
#10 C:\xampp\htdocs\erp.local\public\index.php(79): CodeIgniter\CodeIgniter->run()
#11 {main}
ERROR - 2025-09-24 01:34:18 --> mysqli_sql_exception: Unknown column 'id_pos_sale_item' in 'order clause' in C:\xampp\htdocs\erp.local\system\Database\MySQLi\Connection.php:306
Stack trace:
#0 C:\xampp\htdocs\erp.local\system\Database\MySQLi\Connection.php(306): mysqli->query('SELECT *\nFROM `...', 0)
#1 C:\xampp\htdocs\erp.local\system\Database\BaseConnection.php(693): CodeIgniter\Database\MySQLi\Connection->execute('SELECT *\nFROM `...')
#2 C:\xampp\htdocs\erp.local\system\Database\BaseConnection.php(607): CodeIgniter\Database\BaseConnection->simpleQuery('SELECT *\nFROM `...')
#3 C:\xampp\htdocs\erp.local\system\Database\BaseBuilder.php(1616): CodeIgniter\Database\BaseConnection->query('SELECT *\nFROM `...', Array, false)
#4 C:\xampp\htdocs\erp.local\system\Model.php(242): CodeIgniter\Database\BaseBuilder->get()
#5 C:\xampp\htdocs\erp.local\system\BaseModel.php(638): CodeIgniter\Model->doFindAll(0, 0)
#6 C:\xampp\htdocs\erp.local\app\Controllers\Api\Pos.php(462): CodeIgniter\BaseModel->findAll()
#7 C:\xampp\htdocs\erp.local\system\CodeIgniter.php(941): App\Controllers\Api\Pos->receiptNonFiscal('3')
#8 C:\xampp\htdocs\erp.local\system\CodeIgniter.php(502): CodeIgniter\CodeIgniter->runController(Object(App\Controllers\Api\Pos))
#9 C:\xampp\htdocs\erp.local\system\CodeIgniter.php(361): CodeIgniter\CodeIgniter->handleRequest(NULL, Object(Config\Cache), false)
#10 C:\xampp\htdocs\erp.local\public\index.php(79): CodeIgniter\CodeIgniter->run()
#11 {main}
INFO - 2025-09-24 01:38:31 --> Session: Class initialized using 'CodeIgniter\Session\Handlers\FileHandler' driver.
INFO - 2025-09-24 01:38:31 --> Session: Class initialized using 'CodeIgniter\Session\Handlers\FileHandler' driver.
INFO - 2025-09-24 01:38:31 --> Session: Class initialized using 'CodeIgniter\Session\Handlers\FileHandler' driver.
INFO - 2025-09-24 01:38:31 --> Session: Class initialized using 'CodeIgniter\Session\Handlers\FileHandler' driver.
INFO - 2025-09-24 01:38:31 --> Session: Class initialized using 'CodeIgniter\Session\Handlers\FileHandler' driver.
ERROR - 2025-09-24 01:38:42 --> mysqli_sql_exception: Unknown column 'id_pos_sale_item' in 'order clause' in C:\xampp\htdocs\erp.local\system\Database\MySQLi\Connection.php:306
Stack trace:
#0 C:\xampp\htdocs\erp.local\system\Database\MySQLi\Connection.php(306): mysqli->query('SELECT *\nFROM `...', 0)
#1 C:\xampp\htdocs\erp.local\system\Database\BaseConnection.php(693): CodeIgniter\Database\MySQLi\Connection->execute('SELECT *\nFROM `...')
#2 C:\xampp\htdocs\erp.local\system\Database\BaseConnection.php(607): CodeIgniter\Database\BaseConnection->simpleQuery('SELECT *\nFROM `...')
#3 C:\xampp\htdocs\erp.local\system\Database\BaseBuilder.php(1616): CodeIgniter\Database\BaseConnection->query('SELECT *\nFROM `...', Array, false)
#4 C:\xampp\htdocs\erp.local\system\Model.php(242): CodeIgniter\Database\BaseBuilder->get()
#5 C:\xampp\htdocs\erp.local\system\BaseModel.php(638): CodeIgniter\Model->doFindAll(0, 0)
#6 C:\xampp\htdocs\erp.local\app\Controllers\Api\Pos.php(462): CodeIgniter\BaseModel->findAll()
#7 C:\xampp\htdocs\erp.local\system\CodeIgniter.php(941): App\Controllers\Api\Pos->receiptNonFiscal('3')
#8 C:\xampp\htdocs\erp.local\system\CodeIgniter.php(502): CodeIgniter\CodeIgniter->runController(Object(App\Controllers\Api\Pos))
#9 C:\xampp\htdocs\erp.local\system\CodeIgniter.php(361): CodeIgniter\CodeIgniter->handleRequest(NULL, Object(Config\Cache), false)
#10 C:\xampp\htdocs\erp.local\public\index.php(79): CodeIgniter\CodeIgniter->run()
#11 {main}
INFO - 2025-09-24 01:38:53 --> Session: Class initialized using 'CodeIgniter\Session\Handlers\FileHandler' driver.
INFO - 2025-09-24 01:38:53 --> Session: Class initialized using 'CodeIgniter\Session\Handlers\FileHandler' driver.
INFO - 2025-09-24 01:38:53 --> Session: Class initialized using 'CodeIgniter\Session\Handlers\FileHandler' driver.
INFO - 2025-09-24 01:38:53 --> Session: Class initialized using 'CodeIgniter\Session\Handlers\FileHandler' driver.
INFO - 2025-09-24 01:38:53 --> Session: Class initialized using 'CodeIgniter\Session\Handlers\FileHandler' driver.
ERROR - 2025-09-24 01:38:58 --> mysqli_sql_exception: Unknown column 'id_pos_sale_item' in 'order clause' in C:\xampp\htdocs\erp.local\system\Database\MySQLi\Connection.php:306
Stack trace:
#0 C:\xampp\htdocs\erp.local\system\Database\MySQLi\Connection.php(306): mysqli->query('SELECT *\nFROM `...', 0)
#1 C:\xampp\htdocs\erp.local\system\Database\BaseConnection.php(693): CodeIgniter\Database\MySQLi\Connection->execute('SELECT *\nFROM `...')
#2 C:\xampp\htdocs\erp.local\system\Database\BaseConnection.php(607): CodeIgniter\Database\BaseConnection->simpleQuery('SELECT *\nFROM `...')
#3 C:\xampp\htdocs\erp.local\system\Database\BaseBuilder.php(1616): CodeIgniter\Database\BaseConnection->query('SELECT *\nFROM `...', Array, false)
#4 C:\xampp\htdocs\erp.local\system\Model.php(242): CodeIgniter\Database\BaseBuilder->get()
#5 C:\xampp\htdocs\erp.local\system\BaseModel.php(638): CodeIgniter\Model->doFindAll(0, 0)
#6 C:\xampp\htdocs\erp.local\app\Controllers\Api\Pos.php(462): CodeIgniter\BaseModel->findAll()
#7 C:\xampp\htdocs\erp.local\system\CodeIgniter.php(941): App\Controllers\Api\Pos->receiptNonFiscal('3')
#8 C:\xampp\htdocs\erp.local\system\CodeIgniter.php(502): CodeIgniter\CodeIgniter->runController(Object(App\Controllers\Api\Pos))
#9 C:\xampp\htdocs\erp.local\system\CodeIgniter.php(361): CodeIgniter\CodeIgniter->handleRequest(NULL, Object(Config\Cache), false)
#10 C:\xampp\htdocs\erp.local\public\index.php(79): CodeIgniter\CodeIgniter->run()
#11 {main}
ERROR - 2025-09-24 01:50:38 --> mysqli_sql_exception: Unknown column 'id_pos_sale_item' in 'order clause' in C:\xampp\htdocs\erp.local\system\Database\MySQLi\Connection.php:306
Stack trace:
#0 C:\xampp\htdocs\erp.local\system\Database\MySQLi\Connection.php(306): mysqli->query('SELECT *\nFROM `...', 0)
#1 C:\xampp\htdocs\erp.local\system\Database\BaseConnection.php(693): CodeIgniter\Database\MySQLi\Connection->execute('SELECT *\nFROM `...')
#2 C:\xampp\htdocs\erp.local\system\Database\BaseConnection.php(607): CodeIgniter\Database\BaseConnection->simpleQuery('SELECT *\nFROM `...')
#3 C:\xampp\htdocs\erp.local\system\Database\BaseBuilder.php(1616): CodeIgniter\Database\BaseConnection->query('SELECT *\nFROM `...', Array, false)
#4 C:\xampp\htdocs\erp.local\system\Model.php(242): CodeIgniter\Database\BaseBuilder->get()
#5 C:\xampp\htdocs\erp.local\system\BaseModel.php(638): CodeIgniter\Model->doFindAll(0, 0)
#6 C:\xampp\htdocs\erp.local\app\Controllers\Api\Pos.php(467): CodeIgniter\BaseModel->findAll()
#7 C:\xampp\htdocs\erp.local\system\CodeIgniter.php(941): App\Controllers\Api\Pos->receiptNonFiscal('3')
#8 C:\xampp\htdocs\erp.local\system\CodeIgniter.php(502): CodeIgniter\CodeIgniter->runController(Object(App\Controllers\Api\Pos))
#9 C:\xampp\htdocs\erp.local\system\CodeIgniter.php(361): CodeIgniter\CodeIgniter->handleRequest(NULL, Object(Config\Cache), false)
#10 C:\xampp\htdocs\erp.local\public\index.php(79): CodeIgniter\CodeIgniter->run()
#11 {main}
INFO - 2025-09-24 01:50:41 --> Session: Class initialized using 'CodeIgniter\Session\Handlers\FileHandler' driver.
INFO - 2025-09-24 01:50:41 --> Session: Class initialized using 'CodeIgniter\Session\Handlers\FileHandler' driver.
INFO - 2025-09-24 01:50:41 --> Session: Class initialized using 'CodeIgniter\Session\Handlers\FileHandler' driver.
INFO - 2025-09-24 01:50:41 --> Session: Class initialized using 'CodeIgniter\Session\Handlers\FileHandler' driver.
INFO - 2025-09-24 01:50:41 --> Session: Class initialized using 'CodeIgniter\Session\Handlers\FileHandler' driver.
ERROR - 2025-09-24 01:50:48 --> mysqli_sql_exception: Unknown column 'id_pos_sale_item' in 'order clause' in C:\xampp\htdocs\erp.local\system\Database\MySQLi\Connection.php:306
Stack trace:
#0 C:\xampp\htdocs\erp.local\system\Database\MySQLi\Connection.php(306): mysqli->query('SELECT *\nFROM `...', 0)
#1 C:\xampp\htdocs\erp.local\system\Database\BaseConnection.php(693): CodeIgniter\Database\MySQLi\Connection->execute('SELECT *\nFROM `...')
#2 C:\xampp\htdocs\erp.local\system\Database\BaseConnection.php(607): CodeIgniter\Database\BaseConnection->simpleQuery('SELECT *\nFROM `...')
#3 C:\xampp\htdocs\erp.local\system\Database\BaseBuilder.php(1616): CodeIgniter\Database\BaseConnection->query('SELECT *\nFROM `...', Array, false)
#4 C:\xampp\htdocs\erp.local\system\Model.php(242): CodeIgniter\Database\BaseBuilder->get()
#5 C:\xampp\htdocs\erp.local\system\BaseModel.php(638): CodeIgniter\Model->doFindAll(0, 0)
#6 C:\xampp\htdocs\erp.local\app\Controllers\Api\Pos.php(467): CodeIgniter\BaseModel->findAll()
#7 C:\xampp\htdocs\erp.local\system\CodeIgniter.php(941): App\Controllers\Api\Pos->receiptNonFiscal('3')
#8 C:\xampp\htdocs\erp.local\system\CodeIgniter.php(502): CodeIgniter\CodeIgniter->runController(Object(App\Controllers\Api\Pos))
#9 C:\xampp\htdocs\erp.local\system\CodeIgniter.php(361): CodeIgniter\CodeIgniter->handleRequest(NULL, Object(Config\Cache), false)
#10 C:\xampp\htdocs\erp.local\public\index.php(79): CodeIgniter\CodeIgniter->run()
#11 {main}
INFO - 2025-09-24 01:55:43 --> Session: Class initialized using 'CodeIgniter\Session\Handlers\FileHandler' driver.
INFO - 2025-09-24 01:55:44 --> Session: Class initialized using 'CodeIgniter\Session\Handlers\FileHandler' driver.
INFO - 2025-09-24 01:55:44 --> Session: Class initialized using 'CodeIgniter\Session\Handlers\FileHandler' driver.
INFO - 2025-09-24 01:55:44 --> Session: Class initialized using 'CodeIgniter\Session\Handlers\FileHandler' driver.
INFO - 2025-09-24 01:55:44 --> Session: Class initialized using 'CodeIgniter\Session\Handlers\FileHandler' driver.
ERROR - 2025-09-24 01:55:48 --> mysqli_sql_exception: Unknown column 'id_pos_sale_item' in 'order clause' in C:\xampp\htdocs\erp.local\system\Database\MySQLi\Connection.php:306
Stack trace:
#0 C:\xampp\htdocs\erp.local\system\Database\MySQLi\Connection.php(306): mysqli->query('SELECT *\nFROM `...', 0)
#1 C:\xampp\htdocs\erp.local\system\Database\BaseConnection.php(693): CodeIgniter\Database\MySQLi\Connection->execute('SELECT *\nFROM `...')
#2 C:\xampp\htdocs\erp.local\system\Database\BaseConnection.php(607): CodeIgniter\Database\BaseConnection->simpleQuery('SELECT *\nFROM `...')
#3 C:\xampp\htdocs\erp.local\system\Database\BaseBuilder.php(1616): CodeIgniter\Database\BaseConnection->query('SELECT *\nFROM `...', Array, false)
#4 C:\xampp\htdocs\erp.local\system\Model.php(242): CodeIgniter\Database\BaseBuilder->get()
#5 C:\xampp\htdocs\erp.local\system\BaseModel.php(638): CodeIgniter\Model->doFindAll(0, 0)
#6 C:\xampp\htdocs\erp.local\app\Controllers\Api\Pos.php(467): CodeIgniter\BaseModel->findAll()
#7 C:\xampp\htdocs\erp.local\system\CodeIgniter.php(941): App\Controllers\Api\Pos->receiptNonFiscal('3')
#8 C:\xampp\htdocs\erp.local\system\CodeIgniter.php(502): CodeIgniter\CodeIgniter->runController(Object(App\Controllers\Api\Pos))
#9 C:\xampp\htdocs\erp.local\system\CodeIgniter.php(361): CodeIgniter\CodeIgniter->handleRequest(NULL, Object(Config\Cache), false)
#10 C:\xampp\htdocs\erp.local\public\index.php(79): CodeIgniter\CodeIgniter->run()
#11 {main}
INFO - 2025-09-24 01:56:08 --> Session: Class initialized using 'CodeIgniter\Session\Handlers\FileHandler' driver.
INFO - 2025-09-24 01:56:08 --> Session: Class initialized using 'CodeIgniter\Session\Handlers\FileHandler' driver.
INFO - 2025-09-24 01:56:08 --> Session: Class initialized using 'CodeIgniter\Session\Handlers\FileHandler' driver.
INFO - 2025-09-24 01:56:08 --> Session: Class initialized using 'CodeIgniter\Session\Handlers\FileHandler' driver.
INFO - 2025-09-24 01:56:10 --> Session: Class initialized using 'CodeIgniter\Session\Handlers\FileHandler' driver.
INFO - 2025-09-24 01:56:10 --> Session: Class initialized using 'CodeIgniter\Session\Handlers\FileHandler' driver.
INFO - 2025-09-24 01:56:10 --> Session: Class initialized using 'CodeIgniter\Session\Handlers\FileHandler' driver.
INFO - 2025-09-24 01:56:10 --> Session: Class initialized using 'CodeIgniter\Session\Handlers\FileHandler' driver.
INFO - 2025-09-24 01:56:11 --> Session: Class initialized using 'CodeIgniter\Session\Handlers\FileHandler' driver.
INFO - 2025-09-24 01:56:11 --> Session: Class initialized using 'CodeIgniter\Session\Handlers\FileHandler' driver.
INFO - 2025-09-24 01:56:21 --> Session: Class initialized using 'CodeIgniter\Session\Handlers\FileHandler' driver.
INFO - 2025-09-24 01:56:21 --> Session: Class initialized using 'CodeIgniter\Session\Handlers\FileHandler' driver.
INFO - 2025-09-24 01:56:22 --> Session: Class initialized using 'CodeIgniter\Session\Handlers\FileHandler' driver.
INFO - 2025-09-24 01:56:22 --> Session: Class initialized using 'CodeIgniter\Session\Handlers\FileHandler' driver.
INFO - 2025-09-24 01:56:26 --> Session: Class initialized using 'CodeIgniter\Session\Handlers\FileHandler' driver.
INFO - 2025-09-24 01:56:26 --> Session: Class initialized using 'CodeIgniter\Session\Handlers\FileHandler' driver.
INFO - 2025-09-24 01:56:26 --> Session: Class initialized using 'CodeIgniter\Session\Handlers\FileHandler' driver.
INFO - 2025-09-24 01:56:26 --> Session: Class initialized using 'CodeIgniter\Session\Handlers\FileHandler' driver.
INFO - 2025-09-24 01:56:34 --> Session: Class initialized using 'CodeIgniter\Session\Handlers\FileHandler' driver.
INFO - 2025-09-24 01:56:34 --> Session: Class initialized using 'CodeIgniter\Session\Handlers\FileHandler' driver.
INFO - 2025-09-24 01:56:37 --> Session: Class initialized using 'CodeIgniter\Session\Handlers\FileHandler' driver.
INFO - 2025-09-24 01:56:37 --> Session: Class initialized using 'CodeIgniter\Session\Handlers\FileHandler' driver.
INFO - 2025-09-24 01:56:37 --> Session: Class initialized using 'CodeIgniter\Session\Handlers\FileHandler' driver.
INFO - 2025-09-24 01:56:38 --> Session: Class initialized using 'CodeIgniter\Session\Handlers\FileHandler' driver.
INFO - 2025-09-24 01:56:59 --> Session: Class initialized using 'CodeIgniter\Session\Handlers\FileHandler' driver.
INFO - 2025-09-24 01:57:02 --> Session: Class initialized using 'CodeIgniter\Session\Handlers\FileHandler' driver.
INFO - 2025-09-24 01:57:03 --> Session: Class initialized using 'CodeIgniter\Session\Handlers\FileHandler' driver.
INFO - 2025-09-24 01:57:03 --> Session: Class initialized using 'CodeIgniter\Session\Handlers\FileHandler' driver.
INFO - 2025-09-24 01:57:03 --> Session: Class initialized using 'CodeIgniter\Session\Handlers\FileHandler' driver.
INFO - 2025-09-24 01:57:03 --> Session: Class initialized using 'CodeIgniter\Session\Handlers\FileHandler' driver.
INFO - 2025-09-24 01:57:03 --> Session: Class initialized using 'CodeIgniter\Session\Handlers\FileHandler' driver.
INFO - 2025-09-24 01:57:04 --> Session: Class initialized using 'CodeIgniter\Session\Handlers\FileHandler' driver.
INFO - 2025-09-24 01:57:04 --> Session: Class initialized using 'CodeIgniter\Session\Handlers\FileHandler' driver.
INFO - 2025-09-24 01:57:05 --> Session: Class initialized using 'CodeIgniter\Session\Handlers\FileHandler' driver.
INFO - 2025-09-24 01:57:08 --> Session: Class initialized using 'CodeIgniter\Session\Handlers\FileHandler' driver.
ERROR - 2025-09-24 01:57:27 --> mysqli_sql_exception: Unknown column 'id_pos_sale_item' in 'order clause' in C:\xampp\htdocs\erp.local\system\Database\MySQLi\Connection.php:306
Stack trace:
#0 C:\xampp\htdocs\erp.local\system\Database\MySQLi\Connection.php(306): mysqli->query('SELECT *\nFROM `...', 0)
#1 C:\xampp\htdocs\erp.local\system\Database\BaseConnection.php(693): CodeIgniter\Database\MySQLi\Connection->execute('SELECT *\nFROM `...')
#2 C:\xampp\htdocs\erp.local\system\Database\BaseConnection.php(607): CodeIgniter\Database\BaseConnection->simpleQuery('SELECT *\nFROM `...')
#3 C:\xampp\htdocs\erp.local\system\Database\BaseBuilder.php(1616): CodeIgniter\Database\BaseConnection->query('SELECT *\nFROM `...', Array, false)
#4 C:\xampp\htdocs\erp.local\system\Model.php(242): CodeIgniter\Database\BaseBuilder->get()
#5 C:\xampp\htdocs\erp.local\system\BaseModel.php(638): CodeIgniter\Model->doFindAll(0, 0)
#6 C:\xampp\htdocs\erp.local\app\Controllers\Api\Pos.php(467): CodeIgniter\BaseModel->findAll()
#7 C:\xampp\htdocs\erp.local\system\CodeIgniter.php(941): App\Controllers\Api\Pos->receiptNonFiscal('4')
#8 C:\xampp\htdocs\erp.local\system\CodeIgniter.php(502): CodeIgniter\CodeIgniter->runController(Object(App\Controllers\Api\Pos))
#9 C:\xampp\htdocs\erp.local\system\CodeIgniter.php(361): CodeIgniter\CodeIgniter->handleRequest(NULL, Object(Config\Cache), false)
#10 C:\xampp\htdocs\erp.local\public\index.php(79): CodeIgniter\CodeIgniter->run()
#11 {main}
INFO - 2025-09-24 01:58:07 --> Session: Class initialized using 'CodeIgniter\Session\Handlers\FileHandler' driver.
INFO - 2025-09-24 01:58:16 --> Session: Class initialized using 'CodeIgniter\Session\Handlers\FileHandler' driver.
INFO - 2025-09-24 01:58:19 --> Session: Class initialized using 'CodeIgniter\Session\Handlers\FileHandler' driver.
INFO - 2025-09-24 01:58:19 --> Session: Class initialized using 'CodeIgniter\Session\Handlers\FileHandler' driver.
INFO - 2025-09-24 01:58:24 --> Session: Class initialized using 'CodeIgniter\Session\Handlers\FileHandler' driver.
INFO - 2025-09-24 01:58:24 --> Session: Class initialized using 'CodeIgniter\Session\Handlers\FileHandler' driver.
INFO - 2025-09-24 01:58:29 --> Session: Class initialized using 'CodeIgniter\Session\Handlers\FileHandler' driver.
ERROR - 2025-09-24 01:59:19 --> mysqli_sql_exception: Unknown column 'id_pos_sale_item' in 'order clause' in C:\xampp\htdocs\erp.local\system\Database\MySQLi\Connection.php:306
Stack trace:
#0 C:\xampp\htdocs\erp.local\system\Database\MySQLi\Connection.php(306): mysqli->query('SELECT *\nFROM `...', 0)
#1 C:\xampp\htdocs\erp.local\system\Database\BaseConnection.php(693): CodeIgniter\Database\MySQLi\Connection->execute('SELECT *\nFROM `...')
#2 C:\xampp\htdocs\erp.local\system\Database\BaseConnection.php(607): CodeIgniter\Database\BaseConnection->simpleQuery('SELECT *\nFROM `...')
#3 C:\xampp\htdocs\erp.local\system\Database\BaseBuilder.php(1616): CodeIgniter\Database\BaseConnection->query('SELECT *\nFROM `...', Array, false)
#4 C:\xampp\htdocs\erp.local\system\Model.php(242): CodeIgniter\Database\BaseBuilder->get()
#5 C:\xampp\htdocs\erp.local\system\BaseModel.php(638): CodeIgniter\Model->doFindAll(0, 0)
#6 C:\xampp\htdocs\erp.local\app\Controllers\Api\Pos.php(467): CodeIgniter\BaseModel->findAll()
#7 C:\xampp\htdocs\erp.local\system\CodeIgniter.php(941): App\Controllers\Api\Pos->receiptNonFiscal('4')
#8 C:\xampp\htdocs\erp.local\system\CodeIgniter.php(502): CodeIgniter\CodeIgniter->runController(Object(App\Controllers\Api\Pos))
#9 C:\xampp\htdocs\erp.local\system\CodeIgniter.php(361): CodeIgniter\CodeIgniter->handleRequest(NULL, Object(Config\Cache), false)
#10 C:\xampp\htdocs\erp.local\public\index.php(79): CodeIgniter\CodeIgniter->run()
#11 {main}
INFO - 2025-09-24 02:01:21 --> Session: Class initialized using 'CodeIgniter\Session\Handlers\FileHandler' driver.
INFO - 2025-09-24 02:01:22 --> Session: Class initialized using 'CodeIgniter\Session\Handlers\FileHandler' driver.
INFO - 2025-09-24 02:01:22 --> Session: Class initialized using 'CodeIgniter\Session\Handlers\FileHandler' driver.
INFO - 2025-09-24 02:01:22 --> Session: Class initialized using 'CodeIgniter\Session\Handlers\FileHandler' driver.
INFO - 2025-09-24 02:01:22 --> Session: Class initialized using 'CodeIgniter\Session\Handlers\FileHandler' driver.
ERROR - 2025-09-24 02:01:26 --> mysqli_sql_exception: Unknown column 'id_pos_sale_item' in 'order clause' in C:\xampp\htdocs\erp.local\system\Database\MySQLi\Connection.php:306
Stack trace:
#0 C:\xampp\htdocs\erp.local\system\Database\MySQLi\Connection.php(306): mysqli->query('SELECT *\nFROM `...', 0)
#1 C:\xampp\htdocs\erp.local\system\Database\BaseConnection.php(693): CodeIgniter\Database\MySQLi\Connection->execute('SELECT *\nFROM `...')
#2 C:\xampp\htdocs\erp.local\system\Database\BaseConnection.php(607): CodeIgniter\Database\BaseConnection->simpleQuery('SELECT *\nFROM `...')
#3 C:\xampp\htdocs\erp.local\system\Database\BaseBuilder.php(1616): CodeIgniter\Database\BaseConnection->query('SELECT *\nFROM `...', Array, false)
#4 C:\xampp\htdocs\erp.local\system\Model.php(242): CodeIgniter\Database\BaseBuilder->get()
#5 C:\xampp\htdocs\erp.local\system\BaseModel.php(638): CodeIgniter\Model->doFindAll(0, 0)
#6 C:\xampp\htdocs\erp.local\app\Controllers\Api\Pos.php(467): CodeIgniter\BaseModel->findAll()
#7 C:\xampp\htdocs\erp.local\system\CodeIgniter.php(941): App\Controllers\Api\Pos->receiptNonFiscal('4')
#8 C:\xampp\htdocs\erp.local\system\CodeIgniter.php(502): CodeIgniter\CodeIgniter->runController(Object(App\Controllers\Api\Pos))
#9 C:\xampp\htdocs\erp.local\system\CodeIgniter.php(361): CodeIgniter\CodeIgniter->handleRequest(NULL, Object(Config\Cache), false)
#10 C:\xampp\htdocs\erp.local\public\index.php(79): CodeIgniter\CodeIgniter->run()
#11 {main}
INFO - 2025-09-24 02:10:50 --> Session: Class initialized using 'CodeIgniter\Session\Handlers\FileHandler' driver.
INFO - 2025-09-24 02:10:50 --> Session: Class initialized using 'CodeIgniter\Session\Handlers\FileHandler' driver.
INFO - 2025-09-24 02:10:50 --> Session: Class initialized using 'CodeIgniter\Session\Handlers\FileHandler' driver.
INFO - 2025-09-24 02:10:50 --> Session: Class initialized using 'CodeIgniter\Session\Handlers\FileHandler' driver.
INFO - 2025-09-24 02:10:50 --> Session: Class initialized using 'CodeIgniter\Session\Handlers\FileHandler' driver.
INFO - 2025-09-24 02:10:51 --> Session: Class initialized using 'CodeIgniter\Session\Handlers\FileHandler' driver.
INFO - 2025-09-24 02:11:00 --> Session: Class initialized using 'CodeIgniter\Session\Handlers\FileHandler' driver.
INFO - 2025-09-24 02:11:01 --> Session: Class initialized using 'CodeIgniter\Session\Handlers\FileHandler' driver.
INFO - 2025-09-24 02:11:02 --> Session: Class initialized using 'CodeIgniter\Session\Handlers\FileHandler' driver.
INFO - 2025-09-24 02:11:02 --> Session: Class initialized using 'CodeIgniter\Session\Handlers\FileHandler' driver.
INFO - 2025-09-24 02:11:09 --> Session: Class initialized using 'CodeIgniter\Session\Handlers\FileHandler' driver.
INFO - 2025-09-24 02:11:09 --> Session: Class initialized using 'CodeIgniter\Session\Handlers\FileHandler' driver.
INFO - 2025-09-24 02:11:18 --> Session: Class initialized using 'CodeIgniter\Session\Handlers\FileHandler' driver.
INFO - 2025-09-24 02:11:19 --> Session: Class initialized using 'CodeIgniter\Session\Handlers\FileHandler' driver.
INFO - 2025-09-24 02:11:20 --> Session: Class initialized using 'CodeIgniter\Session\Handlers\FileHandler' driver.
INFO - 2025-09-24 02:11:20 --> Session: Class initialized using 'CodeIgniter\Session\Handlers\FileHandler' driver.
INFO - 2025-09-24 02:11:23 --> Session: Class initialized using 'CodeIgniter\Session\Handlers\FileHandler' driver.
INFO - 2025-09-24 02:11:23 --> Session: Class initialized using 'CodeIgniter\Session\Handlers\FileHandler' driver.
INFO - 2025-09-24 02:11:23 --> Session: Class initialized using 'CodeIgniter\Session\Handlers\FileHandler' driver.
INFO - 2025-09-24 02:11:25 --> Session: Class initialized using 'CodeIgniter\Session\Handlers\FileHandler' driver.
INFO - 2025-09-24 02:11:55 --> Session: Class initialized using 'CodeIgniter\Session\Handlers\FileHandler' driver.
INFO - 2025-09-24 02:12:04 --> Session: Class initialized using 'CodeIgniter\Session\Handlers\FileHandler' driver.
INFO - 2025-09-24 02:12:05 --> Session: Class initialized using 'CodeIgniter\Session\Handlers\FileHandler' driver.
INFO - 2025-09-24 02:12:05 --> Session: Class initialized using 'CodeIgniter\Session\Handlers\FileHandler' driver.
INFO - 2025-09-24 02:12:05 --> Session: Class initialized using 'CodeIgniter\Session\Handlers\FileHandler' driver.
INFO - 2025-09-24 02:12:09 --> Session: Class initialized using 'CodeIgniter\Session\Handlers\FileHandler' driver.
INFO - 2025-09-24 02:12:15 --> Session: Class initialized using 'CodeIgniter\Session\Handlers\FileHandler' driver.
INFO - 2025-09-24 02:12:16 --> Session: Class initialized using 'CodeIgniter\Session\Handlers\FileHandler' driver.
INFO - 2025-09-24 02:12:17 --> Session: Class initialized using 'CodeIgniter\Session\Handlers\FileHandler' driver.
INFO - 2025-09-24 02:12:34 --> Session: Class initialized using 'CodeIgniter\Session\Handlers\FileHandler' driver.
INFO - 2025-09-24 02:12:55 --> Session: Class initialized using 'CodeIgniter\Session\Handlers\FileHandler' driver.
INFO - 2025-09-24 02:12:58 --> Session: Class initialized using 'CodeIgniter\Session\Handlers\FileHandler' driver.
INFO - 2025-09-24 02:12:58 --> Session: Class initialized using 'CodeIgniter\Session\Handlers\FileHandler' driver.
INFO - 2025-09-24 02:12:58 --> Session: Class initialized using 'CodeIgniter\Session\Handlers\FileHandler' driver.
INFO - 2025-09-24 02:12:58 --> Session: Class initialized using 'CodeIgniter\Session\Handlers\FileHandler' driver.
INFO - 2025-09-24 02:12:59 --> Session: Class initialized using 'CodeIgniter\Session\Handlers\FileHandler' driver.
INFO - 2025-09-24 02:13:02 --> Session: Class initialized using 'CodeIgniter\Session\Handlers\FileHandler' driver.
INFO - 2025-09-24 02:13:07 --> Session: Class initialized using 'CodeIgniter\Session\Handlers\FileHandler' driver.
INFO - 2025-09-24 02:13:31 --> Session: Class initialized using 'CodeIgniter\Session\Handlers\FileHandler' driver.
INFO - 2025-09-24 02:13:34 --> Session: Class initialized using 'CodeIgniter\Session\Handlers\FileHandler' driver.
INFO - 2025-09-24 02:13:34 --> Session: Class initialized using 'CodeIgniter\Session\Handlers\FileHandler' driver.
INFO - 2025-09-24 02:13:35 --> Session: Class initialized using 'CodeIgniter\Session\Handlers\FileHandler' driver.
INFO - 2025-09-24 02:13:37 --> Session: Class initialized using 'CodeIgniter\Session\Handlers\FileHandler' driver.
INFO - 2025-09-24 02:13:38 --> Session: Class initialized using 'CodeIgniter\Session\Handlers\FileHandler' driver.
INFO - 2025-09-24 02:13:38 --> Session: Class initialized using 'CodeIgniter\Session\Handlers\FileHandler' driver.
INFO - 2025-09-24 02:13:40 --> Session: Class initialized using 'CodeIgniter\Session\Handlers\FileHandler' driver.
INFO - 2025-09-24 02:13:41 --> Session: Class initialized using 'CodeIgniter\Session\Handlers\FileHandler' driver.
INFO - 2025-09-24 02:13:42 --> Session: Class initialized using 'CodeIgniter\Session\Handlers\FileHandler' driver.
INFO - 2025-09-24 02:13:42 --> Session: Class initialized using 'CodeIgniter\Session\Handlers\FileHandler' driver.
INFO - 2025-09-24 02:13:42 --> Session: Class initialized using 'CodeIgniter\Session\Handlers\FileHandler' driver.
INFO - 2025-09-24 02:13:42 --> Session: Class initialized using 'CodeIgniter\Session\Handlers\FileHandler' driver.
INFO - 2025-09-24 02:13:42 --> Session: Class initialized using 'CodeIgniter\Session\Handlers\FileHandler' driver.
INFO - 2025-09-24 02:13:43 --> Session: Class initialized using 'CodeIgniter\Session\Handlers\FileHandler' driver.
INFO - 2025-09-24 02:13:44 --> Session: Class initialized using 'CodeIgniter\Session\Handlers\FileHandler' driver.
INFO - 2025-09-24 02:13:44 --> Session: Class initialized using 'CodeIgniter\Session\Handlers\FileHandler' driver.
INFO - 2025-09-24 02:13:46 --> Session: Class initialized using 'CodeIgniter\Session\Handlers\FileHandler' driver.
INFO - 2025-09-24 02:13:47 --> Session: Class initialized using 'CodeIgniter\Session\Handlers\FileHandler' driver.
INFO - 2025-09-24 02:13:50 --> Session: Class initialized using 'CodeIgniter\Session\Handlers\FileHandler' driver.
INFO - 2025-09-24 02:13:51 --> Session: Class initialized using 'CodeIgniter\Session\Handlers\FileHandler' driver.
INFO - 2025-09-24 02:13:51 --> Session: Class initialized using 'CodeIgniter\Session\Handlers\FileHandler' driver.
INFO - 2025-09-24 02:13:51 --> Session: Class initialized using 'CodeIgniter\Session\Handlers\FileHandler' driver.
INFO - 2025-09-24 02:13:51 --> Session: Class initialized using 'CodeIgniter\Session\Handlers\FileHandler' driver.
INFO - 2025-09-24 02:13:51 --> Session: Class initialized using 'CodeIgniter\Session\Handlers\FileHandler' driver.
INFO - 2025-09-24 02:14:55 --> Session: Class initialized using 'CodeIgniter\Session\Handlers\FileHandler' driver.
INFO - 2025-09-24 02:18:11 --> Session: Class initialized using 'CodeIgniter\Session\Handlers\FileHandler' driver.
INFO - 2025-09-24 02:18:12 --> Session: Class initialized using 'CodeIgniter\Session\Handlers\FileHandler' driver.
INFO - 2025-09-24 02:18:12 --> Session: Class initialized using 'CodeIgniter\Session\Handlers\FileHandler' driver.
INFO - 2025-09-24 02:18:12 --> Session: Class initialized using 'CodeIgniter\Session\Handlers\FileHandler' driver.
INFO - 2025-09-24 02:18:12 --> Session: Class initialized using 'CodeIgniter\Session\Handlers\FileHandler' driver.
INFO - 2025-09-24 02:18:13 --> Session: Class initialized using 'CodeIgniter\Session\Handlers\FileHandler' driver.
INFO - 2025-09-24 02:19:29 --> Session: Class initialized using 'CodeIgniter\Session\Handlers\FileHandler' driver.
INFO - 2025-09-24 02:19:31 --> Session: Class initialized using 'CodeIgniter\Session\Handlers\FileHandler' driver.
INFO - 2025-09-24 02:19:31 --> Session: Class initialized using 'CodeIgniter\Session\Handlers\FileHandler' driver.
INFO - 2025-09-24 02:20:35 --> Session: Class initialized using 'CodeIgniter\Session\Handlers\FileHandler' driver.
INFO - 2025-09-24 02:20:35 --> Session: Class initialized using 'CodeIgniter\Session\Handlers\FileHandler' driver.
INFO - 2025-09-24 02:20:58 --> Session: Class initialized using 'CodeIgniter\Session\Handlers\FileHandler' driver.
INFO - 2025-09-24 02:21:29 --> Session: Class initialized using 'CodeIgniter\Session\Handlers\FileHandler' driver.
INFO - 2025-09-24 02:21:29 --> Session: Class initialized using 'CodeIgniter\Session\Handlers\FileHandler' driver.
INFO - 2025-09-24 02:21:40 --> Session: Class initialized using 'CodeIgniter\Session\Handlers\FileHandler' driver.
INFO - 2025-09-24 02:21:40 --> Session: Class initialized using 'CodeIgniter\Session\Handlers\FileHandler' driver.
INFO - 2025-09-24 02:21:42 --> Session: Class initialized using 'CodeIgniter\Session\Handlers\FileHandler' driver.
INFO - 2025-09-24 02:30:23 --> Session: Class initialized using 'CodeIgniter\Session\Handlers\FileHandler' driver.
INFO - 2025-09-24 02:30:23 --> Session: Class initialized using 'CodeIgniter\Session\Handlers\FileHandler' driver.
INFO - 2025-09-24 02:30:23 --> Session: Class initialized using 'CodeIgniter\Session\Handlers\FileHandler' driver.
INFO - 2025-09-24 02:30:23 --> Session: Class initialized using 'CodeIgniter\Session\Handlers\FileHandler' driver.
INFO - 2025-09-24 02:30:23 --> Session: Class initialized using 'CodeIgniter\Session\Handlers\FileHandler' driver.
INFO - 2025-09-24 02:30:26 --> Session: Class initialized using 'CodeIgniter\Session\Handlers\FileHandler' driver.
INFO - 2025-09-24 02:30:32 --> Session: Class initialized using 'CodeIgniter\Session\Handlers\FileHandler' driver.
INFO - 2025-09-24 02:30:32 --> Session: Class initialized using 'CodeIgniter\Session\Handlers\FileHandler' driver.
INFO - 2025-09-24 02:31:22 --> Session: Class initialized using 'CodeIgniter\Session\Handlers\FileHandler' driver.
INFO - 2025-09-24 02:31:23 --> Session: Class initialized using 'CodeIgniter\Session\Handlers\FileHandler' driver.
INFO - 2025-09-24 02:31:23 --> Session: Class initialized using 'CodeIgniter\Session\Handlers\FileHandler' driver.
INFO - 2025-09-24 02:31:23 --> Session: Class initialized using 'CodeIgniter\Session\Handlers\FileHandler' driver.
INFO - 2025-09-24 02:31:23 --> Session: Class initialized using 'CodeIgniter\Session\Handlers\FileHandler' driver.
INFO - 2025-09-24 02:31:39 --> Session: Class initialized using 'CodeIgniter\Session\Handlers\FileHandler' driver.
INFO - 2025-09-24 02:31:43 --> Session: Class initialized using 'CodeIgniter\Session\Handlers\FileHandler' driver.
INFO - 2025-09-24 02:31:43 --> Session: Class initialized using 'CodeIgniter\Session\Handlers\FileHandler' driver.
INFO - 2025-09-24 02:33:32 --> Session: Class initialized using 'CodeIgniter\Session\Handlers\FileHandler' driver.
INFO - 2025-09-24 02:33:33 --> Session: Class initialized using 'CodeIgniter\Session\Handlers\FileHandler' driver.
INFO - 2025-09-24 02:33:33 --> Session: Class initialized using 'CodeIgniter\Session\Handlers\FileHandler' driver.
INFO - 2025-09-24 02:33:33 --> Session: Class initialized using 'CodeIgniter\Session\Handlers\FileHandler' driver.
INFO - 2025-09-24 02:33:33 --> Session: Class initialized using 'CodeIgniter\Session\Handlers\FileHandler' driver.
INFO - 2025-09-24 02:33:34 --> Session: Class initialized using 'CodeIgniter\Session\Handlers\FileHandler' driver.
INFO - 2025-09-24 02:33:36 --> Session: Class initialized using 'CodeIgniter\Session\Handlers\FileHandler' driver.
INFO - 2025-09-24 02:33:42 --> Session: Class initialized using 'CodeIgniter\Session\Handlers\FileHandler' driver.
INFO - 2025-09-24 02:33:42 --> Session: Class initialized using 'CodeIgniter\Session\Handlers\FileHandler' driver.
INFO - 2025-09-24 02:34:14 --> Session: Class initialized using 'CodeIgniter\Session\Handlers\FileHandler' driver.
INFO - 2025-09-24 02:34:14 --> Session: Class initialized using 'CodeIgniter\Session\Handlers\FileHandler' driver.
INFO - 2025-09-24 02:34:15 --> Session: Class initialized using 'CodeIgniter\Session\Handlers\FileHandler' driver.
INFO - 2025-09-24 02:34:19 --> Session: Class initialized using 'CodeIgniter\Session\Handlers\FileHandler' driver.
INFO - 2025-09-24 02:34:19 --> Session: Class initialized using 'CodeIgniter\Session\Handlers\FileHandler' driver.
INFO - 2025-09-24 02:34:42 --> Session: Class initialized using 'CodeIgniter\Session\Handlers\FileHandler' driver.
INFO - 2025-09-24 02:34:42 --> Session: Class initialized using 'CodeIgniter\Session\Handlers\FileHandler' driver.
INFO - 2025-09-24 02:34:42 --> Session: Class initialized using 'CodeIgniter\Session\Handlers\FileHandler' driver.
INFO - 2025-09-24 02:34:42 --> Session: Class initialized using 'CodeIgniter\Session\Handlers\FileHandler' driver.
INFO - 2025-09-24 02:34:43 --> Session: Class initialized using 'CodeIgniter\Session\Handlers\FileHandler' driver.
INFO - 2025-09-24 02:34:45 --> Session: Class initialized using 'CodeIgniter\Session\Handlers\FileHandler' driver.
INFO - 2025-09-24 02:34:52 --> Session: Class initialized using 'CodeIgniter\Session\Handlers\FileHandler' driver.
INFO - 2025-09-24 02:34:52 --> Session: Class initialized using 'CodeIgniter\Session\Handlers\FileHandler' driver.
INFO - 2025-09-24 02:36:53 --> Session: Class initialized using 'CodeIgniter\Session\Handlers\FileHandler' driver.
INFO - 2025-09-24 02:36:53 --> Session: Class initialized using 'CodeIgniter\Session\Handlers\FileHandler' driver.
INFO - 2025-09-24 02:36:53 --> Session: Class initialized using 'CodeIgniter\Session\Handlers\FileHandler' driver.
INFO - 2025-09-24 02:36:53 --> Session: Class initialized using 'CodeIgniter\Session\Handlers\FileHandler' driver.
INFO - 2025-09-24 02:36:53 --> Session: Class initialized using 'CodeIgniter\Session\Handlers\FileHandler' driver.
INFO - 2025-09-24 02:36:54 --> Session: Class initialized using 'CodeIgniter\Session\Handlers\FileHandler' driver.
INFO - 2025-09-24 02:40:44 --> Session: Class initialized using 'CodeIgniter\Session\Handlers\FileHandler' driver.
INFO - 2025-09-24 02:40:48 --> Session: Class initialized using 'CodeIgniter\Session\Handlers\FileHandler' driver.
INFO - 2025-09-24 02:40:48 --> Session: Class initialized using 'CodeIgniter\Session\Handlers\FileHandler' driver.
INFO - 2025-09-24 02:40:54 --> Session: Class initialized using 'CodeIgniter\Session\Handlers\FileHandler' driver.
INFO - 2025-09-24 02:40:54 --> Session: Class initialized using 'CodeIgniter\Session\Handlers\FileHandler' driver.
INFO - 2025-09-24 02:40:54 --> Session: Class initialized using 'CodeIgniter\Session\Handlers\FileHandler' driver.
INFO - 2025-09-24 02:40:54 --> Session: Class initialized using 'CodeIgniter\Session\Handlers\FileHandler' driver.
INFO - 2025-09-24 02:40:54 --> Session: Class initialized using 'CodeIgniter\Session\Handlers\FileHandler' driver.
INFO - 2025-09-24 02:40:56 --> Session: Class initialized using 'CodeIgniter\Session\Handlers\FileHandler' driver.
INFO - 2025-09-24 02:41:05 --> Session: Class initialized using 'CodeIgniter\Session\Handlers\FileHandler' driver.
INFO - 2025-09-24 02:41:05 --> Session: Class initialized using 'CodeIgniter\Session\Handlers\FileHandler' driver.
INFO - 2025-09-24 02:47:34 --> Session: Class initialized using 'CodeIgniter\Session\Handlers\FileHandler' driver.
INFO - 2025-09-24 02:47:34 --> Session: Class initialized using 'CodeIgniter\Session\Handlers\FileHandler' driver.
INFO - 2025-09-24 02:47:34 --> Session: Class initialized using 'CodeIgniter\Session\Handlers\FileHandler' driver.
INFO - 2025-09-24 02:47:34 --> Session: Class initialized using 'CodeIgniter\Session\Handlers\FileHandler' driver.
INFO - 2025-09-24 02:47:34 --> Session: Class initialized using 'CodeIgniter\Session\Handlers\FileHandler' driver.
INFO - 2025-09-24 02:47:36 --> Session: Class initialized using 'CodeIgniter\Session\Handlers\FileHandler' driver.
INFO - 2025-09-24 02:47:39 --> Session: Class initialized using 'CodeIgniter\Session\Handlers\FileHandler' driver.
INFO - 2025-09-24 02:47:39 --> Session: Class initialized using 'CodeIgniter\Session\Handlers\FileHandler' driver.
INFO - 2025-09-24 02:48:55 --> Session: Class initialized using 'CodeIgniter\Session\Handlers\FileHandler' driver.
INFO - 2025-09-24 02:48:56 --> Session: Class initialized using 'CodeIgniter\Session\Handlers\FileHandler' driver.
INFO - 2025-09-24 02:48:56 --> Session: Class initialized using 'CodeIgniter\Session\Handlers\FileHandler' driver.
INFO - 2025-09-24 02:48:56 --> Session: Class initialized using 'CodeIgniter\Session\Handlers\FileHandler' driver.
INFO - 2025-09-24 02:48:56 --> Session: Class initialized using 'CodeIgniter\Session\Handlers\FileHandler' driver.
INFO - 2025-09-24 02:48:57 --> Session: Class initialized using 'CodeIgniter\Session\Handlers\FileHandler' driver.
INFO - 2025-09-24 02:48:58 --> Session: Class initialized using 'CodeIgniter\Session\Handlers\FileHandler' driver.
INFO - 2025-09-24 02:48:58 --> Session: Class initialized using 'CodeIgniter\Session\Handlers\FileHandler' driver.
INFO - 2025-09-24 02:48:58 --> Session: Class initialized using 'CodeIgniter\Session\Handlers\FileHandler' driver.
INFO - 2025-09-24 02:48:58 --> Session: Class initialized using 'CodeIgniter\Session\Handlers\FileHandler' driver.
INFO - 2025-09-24 02:49:00 --> Session: Class initialized using 'CodeIgniter\Session\Handlers\FileHandler' driver.
INFO - 2025-09-24 02:49:00 --> Session: Class initialized using 'CodeIgniter\Session\Handlers\FileHandler' driver.
INFO - 2025-09-24 02:49:00 --> Session: Class initialized using 'CodeIgniter\Session\Handlers\FileHandler' driver.
INFO - 2025-09-24 02:49:00 --> Session: Class initialized using 'CodeIgniter\Session\Handlers\FileHandler' driver.
INFO - 2025-09-24 02:49:00 --> Session: Class initialized using 'CodeIgniter\Session\Handlers\FileHandler' driver.
INFO - 2025-09-24 02:49:21 --> Session: Class initialized using 'CodeIgniter\Session\Handlers\FileHandler' driver.
INFO - 2025-09-24 02:49:21 --> Session: Class initialized using 'CodeIgniter\Session\Handlers\FileHandler' driver.
INFO - 2025-09-24 02:49:21 --> Session: Class initialized using 'CodeIgniter\Session\Handlers\FileHandler' driver.
INFO - 2025-09-24 02:49:21 --> Session: Class initialized using 'CodeIgniter\Session\Handlers\FileHandler' driver.
INFO - 2025-09-24 02:49:21 --> Session: Class initialized using 'CodeIgniter\Session\Handlers\FileHandler' driver.
INFO - 2025-09-24 02:49:59 --> Session: Class initialized using 'CodeIgniter\Session\Handlers\FileHandler' driver.
INFO - 2025-09-24 02:50:04 --> Session: Class initialized using 'CodeIgniter\Session\Handlers\FileHandler' driver.
INFO - 2025-09-24 02:50:04 --> Session: Class initialized using 'CodeIgniter\Session\Handlers\FileHandler' driver.
INFO - 2025-09-24 02:50:06 --> Session: Class initialized using 'CodeIgniter\Session\Handlers\FileHandler' driver.
INFO - 2025-09-24 02:50:06 --> Session: Class initialized using 'CodeIgniter\Session\Handlers\FileHandler' driver.
INFO - 2025-09-24 02:50:06 --> Session: Class initialized using 'CodeIgniter\Session\Handlers\FileHandler' driver.
INFO - 2025-09-24 02:50:06 --> Session: Class initialized using 'CodeIgniter\Session\Handlers\FileHandler' driver.
INFO - 2025-09-24 02:50:06 --> Session: Class initialized using 'CodeIgniter\Session\Handlers\FileHandler' driver.
INFO - 2025-09-24 02:50:08 --> Session: Class initialized using 'CodeIgniter\Session\Handlers\FileHandler' driver.
INFO - 2025-09-24 02:50:14 --> Session: Class initialized using 'CodeIgniter\Session\Handlers\FileHandler' driver.
INFO - 2025-09-24 02:50:14 --> Session: Class initialized using 'CodeIgniter\Session\Handlers\FileHandler' driver.
INFO - 2025-09-24 02:51:07 --> Session: Class initialized using 'CodeIgniter\Session\Handlers\FileHandler' driver.
INFO - 2025-09-24 02:51:08 --> Session: Class initialized using 'CodeIgniter\Session\Handlers\FileHandler' driver.
INFO - 2025-09-24 02:51:08 --> Session: Class initialized using 'CodeIgniter\Session\Handlers\FileHandler' driver.
INFO - 2025-09-24 02:51:08 --> Session: Class initialized using 'CodeIgniter\Session\Handlers\FileHandler' driver.
INFO - 2025-09-24 02:51:08 --> Session: Class initialized using 'CodeIgniter\Session\Handlers\FileHandler' driver.
INFO - 2025-09-24 02:51:08 --> Session: Class initialized using 'CodeIgniter\Session\Handlers\FileHandler' driver.
INFO - 2025-09-24 02:51:22 --> Session: Class initialized using 'CodeIgniter\Session\Handlers\FileHandler' driver.
INFO - 2025-09-24 02:51:24 --> Session: Class initialized using 'CodeIgniter\Session\Handlers\FileHandler' driver.
INFO - 2025-09-24 02:51:24 --> Session: Class initialized using 'CodeIgniter\Session\Handlers\FileHandler' driver.
INFO - 2025-09-24 02:51:27 --> Session: Class initialized using 'CodeIgniter\Session\Handlers\FileHandler' driver.
INFO - 2025-09-24 02:51:37 --> Session: Class initialized using 'CodeIgniter\Session\Handlers\FileHandler' driver.
INFO - 2025-09-24 02:51:37 --> Session: Class initialized using 'CodeIgniter\Session\Handlers\FileHandler' driver.
INFO - 2025-09-24 02:56:08 --> Session: Class initialized using 'CodeIgniter\Session\Handlers\FileHandler' driver.
INFO - 2025-09-24 02:56:08 --> Session: Class initialized using 'CodeIgniter\Session\Handlers\FileHandler' driver.
INFO - 2025-09-24 02:56:08 --> Session: Class initialized using 'CodeIgniter\Session\Handlers\FileHandler' driver.
INFO - 2025-09-24 02:56:08 --> Session: Class initialized using 'CodeIgniter\Session\Handlers\FileHandler' driver.
INFO - 2025-09-24 02:56:08 --> Session: Class initialized using 'CodeIgniter\Session\Handlers\FileHandler' driver.
INFO - 2025-09-24 02:56:10 --> Session: Class initialized using 'CodeIgniter\Session\Handlers\FileHandler' driver.
INFO - 2025-09-24 02:56:13 --> Session: Class initialized using 'CodeIgniter\Session\Handlers\FileHandler' driver.
INFO - 2025-09-24 02:56:13 --> Session: Class initialized using 'CodeIgniter\Session\Handlers\FileHandler' driver.
INFO - 2025-09-24 02:59:01 --> Session: Class initialized using 'CodeIgniter\Session\Handlers\FileHandler' driver.
INFO - 2025-09-24 02:59:02 --> Session: Class initialized using 'CodeIgniter\Session\Handlers\FileHandler' driver.
INFO - 2025-09-24 02:59:02 --> Session: Class initialized using 'CodeIgniter\Session\Handlers\FileHandler' driver.
INFO - 2025-09-24 02:59:02 --> Session: Class initialized using 'CodeIgniter\Session\Handlers\FileHandler' driver.
INFO - 2025-09-24 02:59:02 --> Session: Class initialized using 'CodeIgniter\Session\Handlers\FileHandler' driver.
INFO - 2025-09-24 02:59:04 --> Session: Class initialized using 'CodeIgniter\Session\Handlers\FileHandler' driver.
INFO - 2025-09-24 02:59:08 --> Session: Class initialized using 'CodeIgniter\Session\Handlers\FileHandler' driver.
INFO - 2025-09-24 02:59:08 --> Session: Class initialized using 'CodeIgniter\Session\Handlers\FileHandler' driver.
INFO - 2025-09-24 03:04:52 --> Session: Class initialized using 'CodeIgniter\Session\Handlers\FileHandler' driver.
INFO - 2025-09-24 03:04:55 --> Session: Class initialized using 'CodeIgniter\Session\Handlers\FileHandler' driver.
INFO - 2025-09-24 03:04:55 --> Session: Class initialized using 'CodeIgniter\Session\Handlers\FileHandler' driver.
INFO - 2025-09-24 03:04:55 --> Session: Class initialized using 'CodeIgniter\Session\Handlers\FileHandler' driver.
INFO - 2025-09-24 03:04:55 --> Session: Class initialized using 'CodeIgniter\Session\Handlers\FileHandler' driver.
INFO - 2025-09-24 03:04:55 --> Session: Class initialized using 'CodeIgniter\Session\Handlers\FileHandler' driver.
INFO - 2025-09-24 03:05:19 --> Session: Class initialized using 'CodeIgniter\Session\Handlers\FileHandler' driver.
INFO - 2025-09-24 03:05:25 --> Session: Class initialized using 'CodeIgniter\Session\Handlers\FileHandler' driver.
INFO - 2025-09-24 03:05:25 --> Session: Class initialized using 'CodeIgniter\Session\Handlers\FileHandler' driver.
INFO - 2025-09-24 03:05:26 --> Session: Class initialized using 'CodeIgniter\Session\Handlers\FileHandler' driver.
INFO - 2025-09-24 03:05:27 --> Session: Class initialized using 'CodeIgniter\Session\Handlers\FileHandler' driver.
INFO - 2025-09-24 03:05:27 --> Session: Class initialized using 'CodeIgniter\Session\Handlers\FileHandler' driver.
INFO - 2025-09-24 03:05:27 --> Session: Class initialized using 'CodeIgniter\Session\Handlers\FileHandler' driver.
INFO - 2025-09-24 03:05:27 --> Session: Class initialized using 'CodeIgniter\Session\Handlers\FileHandler' driver.
INFO - 2025-09-24 03:05:29 --> Session: Class initialized using 'CodeIgniter\Session\Handlers\FileHandler' driver.
INFO - 2025-09-24 03:05:36 --> Session: Class initialized using 'CodeIgniter\Session\Handlers\FileHandler' driver.
INFO - 2025-09-24 03:05:36 --> Session: Class initialized using 'CodeIgniter\Session\Handlers\FileHandler' driver.
INFO - 2025-09-24 03:05:41 --> Session: Class initialized using 'CodeIgniter\Session\Handlers\FileHandler' driver.
INFO - 2025-09-24 03:05:41 --> Session: Class initialized using 'CodeIgniter\Session\Handlers\FileHandler' driver.
INFO - 2025-09-24 03:05:45 --> Session: Class initialized using 'CodeIgniter\Session\Handlers\FileHandler' driver.
INFO - 2025-09-24 03:05:46 --> Session: Class initialized using 'CodeIgniter\Session\Handlers\FileHandler' driver.
INFO - 2025-09-24 03:05:47 --> Session: Class initialized using 'CodeIgniter\Session\Handlers\FileHandler' driver.
INFO - 2025-09-24 03:05:50 --> Session: Class initialized using 'CodeIgniter\Session\Handlers\FileHandler' driver.
INFO - 2025-09-24 03:06:22 --> Session: Class initialized using 'CodeIgniter\Session\Handlers\FileHandler' driver.
INFO - 2025-09-24 03:06:25 --> Session: Class initialized using 'CodeIgniter\Session\Handlers\FileHandler' driver.
INFO - 2025-09-24 03:06:26 --> Session: Class initialized using 'CodeIgniter\Session\Handlers\FileHandler' driver.
INFO - 2025-09-24 03:06:27 --> Session: Class initialized using 'CodeIgniter\Session\Handlers\FileHandler' driver.
INFO - 2025-09-24 03:06:30 --> Session: Class initialized using 'CodeIgniter\Session\Handlers\FileHandler' driver.
INFO - 2025-09-24 03:06:30 --> Session: Class initialized using 'CodeIgniter\Session\Handlers\FileHandler' driver.
INFO - 2025-09-24 03:06:34 --> Session: Class initialized using 'CodeIgniter\Session\Handlers\FileHandler' driver.
INFO - 2025-09-24 03:06:34 --> Session: Class initialized using 'CodeIgniter\Session\Handlers\FileHandler' driver.
INFO - 2025-09-24 03:06:37 --> Session: Class initialized using 'CodeIgniter\Session\Handlers\FileHandler' driver.
INFO - 2025-09-24 03:06:37 --> Session: Class initialized using 'CodeIgniter\Session\Handlers\FileHandler' driver.
INFO - 2025-09-24 03:06:37 --> Session: Class initialized using 'CodeIgniter\Session\Handlers\FileHandler' driver.
INFO - 2025-09-24 03:06:37 --> Session: Class initialized using 'CodeIgniter\Session\Handlers\FileHandler' driver.
INFO - 2025-09-24 03:06:37 --> Session: Class initialized using 'CodeIgniter\Session\Handlers\FileHandler' driver.
INFO - 2025-09-24 03:06:43 --> Session: Class initialized using 'CodeIgniter\Session\Handlers\FileHandler' driver.
INFO - 2025-09-24 03:06:44 --> Session: Class initialized using 'CodeIgniter\Session\Handlers\FileHandler' driver.
INFO - 2025-09-24 03:07:13 --> Session: Class initialized using 'CodeIgniter\Session\Handlers\FileHandler' driver.
INFO - 2025-09-24 03:07:13 --> Session: Class initialized using 'CodeIgniter\Session\Handlers\FileHandler' driver.
INFO - 2025-09-24 03:07:21 --> Session: Class initialized using 'CodeIgniter\Session\Handlers\FileHandler' driver.
INFO - 2025-09-24 03:07:22 --> Session: Class initialized using 'CodeIgniter\Session\Handlers\FileHandler' driver.
INFO - 2025-09-24 03:07:24 --> Session: Class initialized using 'CodeIgniter\Session\Handlers\FileHandler' driver.
INFO - 2025-09-24 03:07:24 --> Session: Class initialized using 'CodeIgniter\Session\Handlers\FileHandler' driver.
INFO - 2025-09-24 03:07:24 --> Session: Class initialized using 'CodeIgniter\Session\Handlers\FileHandler' driver.
INFO - 2025-09-24 03:07:24 --> Session: Class initialized using 'CodeIgniter\Session\Handlers\FileHandler' driver.
INFO - 2025-09-24 03:07:24 --> Session: Class initialized using 'CodeIgniter\Session\Handlers\FileHandler' driver.
INFO - 2025-09-24 03:07:29 --> Session: Class initialized using 'CodeIgniter\Session\Handlers\FileHandler' driver.
INFO - 2025-09-24 03:07:29 --> Session: Class initialized using 'CodeIgniter\Session\Handlers\FileHandler' driver.
INFO - 2025-09-24 03:07:45 --> Session: Class initialized using 'CodeIgniter\Session\Handlers\FileHandler' driver.
INFO - 2025-09-24 03:07:45 --> Session: Class initialized using 'CodeIgniter\Session\Handlers\FileHandler' driver.
INFO - 2025-09-24 03:07:55 --> Session: Class initialized using 'CodeIgniter\Session\Handlers\FileHandler' driver.
INFO - 2025-09-24 03:07:55 --> Session: Class initialized using 'CodeIgniter\Session\Handlers\FileHandler' driver.
INFO - 2025-09-24 03:07:58 --> Session: Class initialized using 'CodeIgniter\Session\Handlers\FileHandler' driver.
INFO - 2025-09-24 03:07:59 --> Session: Class initialized using 'CodeIgniter\Session\Handlers\FileHandler' driver.
INFO - 2025-09-24 03:08:00 --> Session: Class initialized using 'CodeIgniter\Session\Handlers\FileHandler' driver.
INFO - 2025-09-24 03:08:00 --> Session: Class initialized using 'CodeIgniter\Session\Handlers\FileHandler' driver.
INFO - 2025-09-24 03:08:00 --> Session: Class initialized using 'CodeIgniter\Session\Handlers\FileHandler' driver.
INFO - 2025-09-24 03:08:00 --> Session: Class initialized using 'CodeIgniter\Session\Handlers\FileHandler' driver.
INFO - 2025-09-24 03:08:02 --> Session: Class initialized using 'CodeIgniter\Session\Handlers\FileHandler' driver.
INFO - 2025-09-24 03:08:02 --> Session: Class initialized using 'CodeIgniter\Session\Handlers\FileHandler' driver.
INFO - 2025-09-24 03:08:06 --> Session: Class initialized using 'CodeIgniter\Session\Handlers\FileHandler' driver.
INFO - 2025-09-24 03:08:08 --> Session: Class initialized using 'CodeIgniter\Session\Handlers\FileHandler' driver.
INFO - 2025-09-24 03:09:09 --> Session: Class initialized using 'CodeIgniter\Session\Handlers\FileHandler' driver.
INFO - 2025-09-24 03:09:16 --> Session: Class initialized using 'CodeIgniter\Session\Handlers\FileHandler' driver.
INFO - 2025-09-24 03:09:28 --> Session: Class initialized using 'CodeIgniter\Session\Handlers\FileHandler' driver.
INFO - 2025-09-24 03:09:35 --> Session: Class initialized using 'CodeIgniter\Session\Handlers\FileHandler' driver.
INFO - 2025-09-24 03:09:35 --> Session: Class initialized using 'CodeIgniter\Session\Handlers\FileHandler' driver.
INFO - 2025-09-24 03:09:35 --> Session: Class initialized using 'CodeIgniter\Session\Handlers\FileHandler' driver.
INFO - 2025-09-24 03:09:35 --> Session: Class initialized using 'CodeIgniter\Session\Handlers\FileHandler' driver.
INFO - 2025-09-24 03:09:35 --> Session: Class initialized using 'CodeIgniter\Session\Handlers\FileHandler' driver.
INFO - 2025-09-24 03:09:39 --> Session: Class initialized using 'CodeIgniter\Session\Handlers\FileHandler' driver.
INFO - 2025-09-24 03:09:44 --> Session: Class initialized using 'CodeIgniter\Session\Handlers\FileHandler' driver.
INFO - 2025-09-24 03:09:44 --> Session: Class initialized using 'CodeIgniter\Session\Handlers\FileHandler' driver.
INFO - 2025-09-24 03:09:47 --> Session: Class initialized using 'CodeIgniter\Session\Handlers\FileHandler' driver.
INFO - 2025-09-24 03:10:12 --> Session: Class initialized using 'CodeIgniter\Session\Handlers\FileHandler' driver.
INFO - 2025-09-24 03:10:14 --> Session: Class initialized using 'CodeIgniter\Session\Handlers\FileHandler' driver.
INFO - 2025-09-24 03:10:18 --> Session: Class initialized using 'CodeIgniter\Session\Handlers\FileHandler' driver.
INFO - 2025-09-24 03:10:35 --> Session: Class initialized using 'CodeIgniter\Session\Handlers\FileHandler' driver.
INFO - 2025-09-24 03:10:36 --> Session: Class initialized using 'CodeIgniter\Session\Handlers\FileHandler' driver.
INFO - 2025-09-24 03:10:38 --> Session: Class initialized using 'CodeIgniter\Session\Handlers\FileHandler' driver.
INFO - 2025-09-24 03:10:46 --> Session: Class initialized using 'CodeIgniter\Session\Handlers\FileHandler' driver.
INFO - 2025-09-24 03:10:46 --> Session: Class initialized using 'CodeIgniter\Session\Handlers\FileHandler' driver.
INFO - 2025-09-24 03:10:49 --> Session: Class initialized using 'CodeIgniter\Session\Handlers\FileHandler' driver.
INFO - 2025-09-24 03:10:49 --> Session: Class initialized using 'CodeIgniter\Session\Handlers\FileHandler' driver.
INFO - 2025-09-24 03:10:49 --> Session: Class initialized using 'CodeIgniter\Session\Handlers\FileHandler' driver.
INFO - 2025-09-24 03:10:49 --> Session: Class initialized using 'CodeIgniter\Session\Handlers\FileHandler' driver.
INFO - 2025-09-24 03:10:49 --> Session: Class initialized using 'CodeIgniter\Session\Handlers\FileHandler' driver.
INFO - 2025-09-24 03:10:51 --> Session: Class initialized using 'CodeIgniter\Session\Handlers\FileHandler' driver.
INFO - 2025-09-24 03:10:52 --> Session: Class initialized using 'CodeIgniter\Session\Handlers\FileHandler' driver.
INFO - 2025-09-24 03:10:52 --> Session: Class initialized using 'CodeIgniter\Session\Handlers\FileHandler' driver.
INFO - 2025-09-24 03:11:00 --> Session: Class initialized using 'CodeIgniter\Session\Handlers\FileHandler' driver.
INFO - 2025-09-24 03:11:01 --> Session: Class initialized using 'CodeIgniter\Session\Handlers\FileHandler' driver.
INFO - 2025-09-24 03:11:06 --> Session: Class initialized using 'CodeIgniter\Session\Handlers\FileHandler' driver.
INFO - 2025-09-24 03:11:06 --> Session: Class initialized using 'CodeIgniter\Session\Handlers\FileHandler' driver.
INFO - 2025-09-24 03:11:06 --> Session: Class initialized using 'CodeIgniter\Session\Handlers\FileHandler' driver.
INFO - 2025-09-24 03:11:06 --> Session: Class initialized using 'CodeIgniter\Session\Handlers\FileHandler' driver.
INFO - 2025-09-24 03:11:06 --> Session: Class initialized using 'CodeIgniter\Session\Handlers\FileHandler' driver.
INFO - 2025-09-24 03:11:08 --> Session: Class initialized using 'CodeIgniter\Session\Handlers\FileHandler' driver.
INFO - 2025-09-24 03:11:10 --> Session: Class initialized using 'CodeIgniter\Session\Handlers\FileHandler' driver.
INFO - 2025-09-24 03:11:16 --> Session: Class initialized using 'CodeIgniter\Session\Handlers\FileHandler' driver.
INFO - 2025-09-24 03:11:16 --> Session: Class initialized using 'CodeIgniter\Session\Handlers\FileHandler' driver.
INFO - 2025-09-24 03:11:16 --> Session: Class initialized using 'CodeIgniter\Session\Handlers\FileHandler' driver.
INFO - 2025-09-24 03:11:18 --> Session: Class initialized using 'CodeIgniter\Session\Handlers\FileHandler' driver.
INFO - 2025-09-24 03:11:18 --> Session: Class initialized using 'CodeIgniter\Session\Handlers\FileHandler' driver.
INFO - 2025-09-24 03:11:20 --> Session: Class initialized using 'CodeIgniter\Session\Handlers\FileHandler' driver.
INFO - 2025-09-24 03:11:20 --> Session: Class initialized using 'CodeIgniter\Session\Handlers\FileHandler' driver.
INFO - 2025-09-24 03:11:22 --> Session: Class initialized using 'CodeIgniter\Session\Handlers\FileHandler' driver.
INFO - 2025-09-24 03:11:22 --> Session: Class initialized using 'CodeIgniter\Session\Handlers\FileHandler' driver.
INFO - 2025-09-24 03:11:22 --> Session: Class initialized using 'CodeIgniter\Session\Handlers\FileHandler' driver.
INFO - 2025-09-24 03:11:24 --> Session: Class initialized using 'CodeIgniter\Session\Handlers\FileHandler' driver.
INFO - 2025-09-24 03:11:29 --> Session: Class initialized using 'CodeIgniter\Session\Handlers\FileHandler' driver.
INFO - 2025-09-24 03:11:41 --> Session: Class initialized using 'CodeIgniter\Session\Handlers\FileHandler' driver.
INFO - 2025-09-24 03:11:41 --> Session: Class initialized using 'CodeIgniter\Session\Handlers\FileHandler' driver.
INFO - 2025-09-24 03:11:43 --> Session: Class initialized using 'CodeIgniter\Session\Handlers\FileHandler' driver.
INFO - 2025-09-24 03:11:45 --> Session: Class initialized using 'CodeIgniter\Session\Handlers\FileHandler' driver.
INFO - 2025-09-24 03:11:48 --> Session: Class initialized using 'CodeIgniter\Session\Handlers\FileHandler' driver.
INFO - 2025-09-24 03:11:48 --> Session: Class initialized using 'CodeIgniter\Session\Handlers\FileHandler' driver.
INFO - 2025-09-24 03:11:49 --> Session: Class initialized using 'CodeIgniter\Session\Handlers\FileHandler' driver.
INFO - 2025-09-24 03:12:02 --> Session: Class initialized using 'CodeIgniter\Session\Handlers\FileHandler' driver.
INFO - 2025-09-24 03:12:04 --> Session: Class initialized using 'CodeIgniter\Session\Handlers\FileHandler' driver.
INFO - 2025-09-24 03:12:04 --> Session: Class initialized using 'CodeIgniter\Session\Handlers\FileHandler' driver.
INFO - 2025-09-24 03:12:08 --> Session: Class initialized using 'CodeIgniter\Session\Handlers\FileHandler' driver.
INFO - 2025-09-24 03:13:29 --> Session: Class initialized using 'CodeIgniter\Session\Handlers\FileHandler' driver.
INFO - 2025-09-24 03:13:30 --> Session: Class initialized using 'CodeIgniter\Session\Handlers\FileHandler' driver.
INFO - 2025-09-24 03:13:30 --> Session: Class initialized using 'CodeIgniter\Session\Handlers\FileHandler' driver.
INFO - 2025-09-24 03:13:30 --> Session: Class initialized using 'CodeIgniter\Session\Handlers\FileHandler' driver.
INFO - 2025-09-24 03:13:30 --> Session: Class initialized using 'CodeIgniter\Session\Handlers\FileHandler' driver.
INFO - 2025-09-24 03:13:31 --> Session: Class initialized using 'CodeIgniter\Session\Handlers\FileHandler' driver.
INFO - 2025-09-24 03:13:45 --> Session: Class initialized using 'CodeIgniter\Session\Handlers\FileHandler' driver.
INFO - 2025-09-24 03:13:46 --> Session: Class initialized using 'CodeIgniter\Session\Handlers\FileHandler' driver.
INFO - 2025-09-24 03:13:50 --> Session: Class initialized using 'CodeIgniter\Session\Handlers\FileHandler' driver.
INFO - 2025-09-24 03:13:50 --> Session: Class initialized using 'CodeIgniter\Session\Handlers\FileHandler' driver.
INFO - 2025-09-24 03:13:53 --> Session: Class initialized using 'CodeIgniter\Session\Handlers\FileHandler' driver.
INFO - 2025-09-24 03:13:53 --> Session: Class initialized using 'CodeIgniter\Session\Handlers\FileHandler' driver.
INFO - 2025-09-24 03:13:54 --> Session: Class initialized using 'CodeIgniter\Session\Handlers\FileHandler' driver.
INFO - 2025-09-24 03:13:54 --> Session: Class initialized using 'CodeIgniter\Session\Handlers\FileHandler' driver.
INFO - 2025-09-24 03:13:54 --> Session: Class initialized using 'CodeIgniter\Session\Handlers\FileHandler' driver.
INFO - 2025-09-24 03:13:54 --> Session: Class initialized using 'CodeIgniter\Session\Handlers\FileHandler' driver.
INFO - 2025-09-24 03:13:54 --> Session: Class initialized using 'CodeIgniter\Session\Handlers\FileHandler' driver.
INFO - 2025-09-24 03:13:54 --> Session: Class initialized using 'CodeIgniter\Session\Handlers\FileHandler' driver.
INFO - 2025-09-24 03:13:54 --> Session: Class initialized using 'CodeIgniter\Session\Handlers\FileHandler' driver.
INFO - 2025-09-24 03:13:54 --> Session: Class initialized using 'CodeIgniter\Session\Handlers\FileHandler' driver.
INFO - 2025-09-24 03:13:55 --> Session: Class initialized using 'CodeIgniter\Session\Handlers\FileHandler' driver.
INFO - 2025-09-24 03:13:55 --> Session: Class initialized using 'CodeIgniter\Session\Handlers\FileHandler' driver.
INFO - 2025-09-24 03:13:55 --> Session: Class initialized using 'CodeIgniter\Session\Handlers\FileHandler' driver.
INFO - 2025-09-24 03:13:55 --> Session: Class initialized using 'CodeIgniter\Session\Handlers\FileHandler' driver.
INFO - 2025-09-24 03:13:55 --> Session: Class initialized using 'CodeIgniter\Session\Handlers\FileHandler' driver.
INFO - 2025-09-24 03:13:55 --> Session: Class initialized using 'CodeIgniter\Session\Handlers\FileHandler' driver.
INFO - 2025-09-24 03:13:56 --> Session: Class initialized using 'CodeIgniter\Session\Handlers\FileHandler' driver.
INFO - 2025-09-24 03:13:56 --> Session: Class initialized using 'CodeIgniter\Session\Handlers\FileHandler' driver.
INFO - 2025-09-24 03:13:56 --> Session: Class initialized using 'CodeIgniter\Session\Handlers\FileHandler' driver.
INFO - 2025-09-24 03:13:56 --> Session: Class initialized using 'CodeIgniter\Session\Handlers\FileHandler' driver.
INFO - 2025-09-24 03:13:56 --> Session: Class initialized using 'CodeIgniter\Session\Handlers\FileHandler' driver.
INFO - 2025-09-24 03:13:57 --> Session: Class initialized using 'CodeIgniter\Session\Handlers\FileHandler' driver.
INFO - 2025-09-24 03:13:57 --> Session: Class initialized using 'CodeIgniter\Session\Handlers\FileHandler' driver.
INFO - 2025-09-24 03:13:57 --> Session: Class initialized using 'CodeIgniter\Session\Handlers\FileHandler' driver.
INFO - 2025-09-24 03:13:57 --> Session: Class initialized using 'CodeIgniter\Session\Handlers\FileHandler' driver.
INFO - 2025-09-24 03:14:00 --> Session: Class initialized using 'CodeIgniter\Session\Handlers\FileHandler' driver.
INFO - 2025-09-24 03:14:00 --> Session: Class initialized using 'CodeIgniter\Session\Handlers\FileHandler' driver.
INFO - 2025-09-24 03:18:04 --> Session: Class initialized using 'CodeIgniter\Session\Handlers\FileHandler' driver.
INFO - 2025-09-24 03:22:19 --> Session: Class initialized using 'CodeIgniter\Session\Handlers\FileHandler' driver.
INFO - 2025-09-24 03:22:30 --> Session: Class initialized using 'CodeIgniter\Session\Handlers\FileHandler' driver.
INFO - 2025-09-24 03:33:33 --> Session: Class initialized using 'CodeIgniter\Session\Handlers\FileHandler' driver.
INFO - 2025-09-24 03:33:34 --> Session: Class initialized using 'CodeIgniter\Session\Handlers\FileHandler' driver.
INFO - 2025-09-24 03:33:37 --> Session: Class initialized using 'CodeIgniter\Session\Handlers\FileHandler' driver.
INFO - 2025-09-24 03:33:37 --> Session: Class initialized using 'CodeIgniter\Session\Handlers\FileHandler' driver.
INFO - 2025-09-24 03:33:37 --> Session: Class initialized using 'CodeIgniter\Session\Handlers\FileHandler' driver.
INFO - 2025-09-24 03:33:37 --> Session: Class initialized using 'CodeIgniter\Session\Handlers\FileHandler' driver.
INFO - 2025-09-24 03:33:37 --> Session: Class initialized using 'CodeIgniter\Session\Handlers\FileHandler' driver.
INFO - 2025-09-24 03:33:40 --> Session: Class initialized using 'CodeIgniter\Session\Handlers\FileHandler' driver.
INFO - 2025-09-24 03:33:48 --> Session: Class initialized using 'CodeIgniter\Session\Handlers\FileHandler' driver.
INFO - 2025-09-24 03:33:48 --> Session: Class initialized using 'CodeIgniter\Session\Handlers\FileHandler' driver.
INFO - 2025-09-24 03:33:53 --> Session: Class initialized using 'CodeIgniter\Session\Handlers\FileHandler' driver.
INFO - 2025-09-24 03:33:56 --> Session: Class initialized using 'CodeIgniter\Session\Handlers\FileHandler' driver.
INFO - 2025-09-24 03:34:38 --> Session: Class initialized using 'CodeIgniter\Session\Handlers\FileHandler' driver.
INFO - 2025-09-24 03:34:39 --> Session: Class initialized using 'CodeIgniter\Session\Handlers\FileHandler' driver.
INFO - 2025-09-24 03:34:39 --> Session: Class initialized using 'CodeIgniter\Session\Handlers\FileHandler' driver.
INFO - 2025-09-24 03:34:39 --> Session: Class initialized using 'CodeIgniter\Session\Handlers\FileHandler' driver.
INFO - 2025-09-24 03:34:39 --> Session: Class initialized using 'CodeIgniter\Session\Handlers\FileHandler' driver.
INFO - 2025-09-24 03:34:39 --> Session: Class initialized using 'CodeIgniter\Session\Handlers\FileHandler' driver.
INFO - 2025-09-24 03:34:39 --> Session: Class initialized using 'CodeIgniter\Session\Handlers\FileHandler' driver.
INFO - 2025-09-24 03:34:39 --> Session: Class initialized using 'CodeIgniter\Session\Handlers\FileHandler' driver.
INFO - 2025-09-24 03:34:39 --> Session: Class initialized using 'CodeIgniter\Session\Handlers\FileHandler' driver.
INFO - 2025-09-24 03:34:39 --> Session: Class initialized using 'CodeIgniter\Session\Handlers\FileHandler' driver.
INFO - 2025-09-24 03:34:42 --> Session: Class initialized using 'CodeIgniter\Session\Handlers\FileHandler' driver.
INFO - 2025-09-24 03:34:42 --> Session: Class initialized using 'CodeIgniter\Session\Handlers\FileHandler' driver.
INFO - 2025-09-24 03:34:51 --> Session: Class initialized using 'CodeIgniter\Session\Handlers\FileHandler' driver.
INFO - 2025-09-24 03:34:58 --> Session: Class initialized using 'CodeIgniter\Session\Handlers\FileHandler' driver.
INFO - 2025-09-24 03:34:58 --> Session: Class initialized using 'CodeIgniter\Session\Handlers\FileHandler' driver.
INFO - 2025-09-24 03:34:58 --> Session: Class initialized using 'CodeIgniter\Session\Handlers\FileHandler' driver.
INFO - 2025-09-24 03:35:00 --> Session: Class initialized using 'CodeIgniter\Session\Handlers\FileHandler' driver.
INFO - 2025-09-24 03:35:00 --> Session: Class initialized using 'CodeIgniter\Session\Handlers\FileHandler' driver.
INFO - 2025-09-24 03:35:01 --> Session: Class initialized using 'CodeIgniter\Session\Handlers\FileHandler' driver.
INFO - 2025-09-24 03:35:02 --> Session: Class initialized using 'CodeIgniter\Session\Handlers\FileHandler' driver.
INFO - 2025-09-24 03:35:04 --> Session: Class initialized using 'CodeIgniter\Session\Handlers\FileHandler' driver.
INFO - 2025-09-24 03:35:20 --> Session: Class initialized using 'CodeIgniter\Session\Handlers\FileHandler' driver.
INFO - 2025-09-24 03:35:20 --> Session: Class initialized using 'CodeIgniter\Session\Handlers\FileHandler' driver.
INFO - 2025-09-24 03:35:21 --> Session: Class initialized using 'CodeIgniter\Session\Handlers\FileHandler' driver.
INFO - 2025-09-24 03:35:24 --> Session: Class initialized using 'CodeIgniter\Session\Handlers\FileHandler' driver.
INFO - 2025-09-24 03:35:24 --> Session: Class initialized using 'CodeIgniter\Session\Handlers\FileHandler' driver.
INFO - 2025-09-24 03:35:24 --> Session: Class initialized using 'CodeIgniter\Session\Handlers\FileHandler' driver.
INFO - 2025-09-24 03:35:25 --> Session: Class initialized using 'CodeIgniter\Session\Handlers\FileHandler' driver.
INFO - 2025-09-24 03:35:27 --> Session: Class initialized using 'CodeIgniter\Session\Handlers\FileHandler' driver.
INFO - 2025-09-24 03:35:33 --> Session: Class initialized using 'CodeIgniter\Session\Handlers\FileHandler' driver.
INFO - 2025-09-24 03:36:37 --> Session: Class initialized using 'CodeIgniter\Session\Handlers\FileHandler' driver.
INFO - 2025-09-24 03:36:37 --> Session: Class initialized using 'CodeIgniter\Session\Handlers\FileHandler' driver.
INFO - 2025-09-24 03:36:37 --> Session: Class initialized using 'CodeIgniter\Session\Handlers\FileHandler' driver.
INFO - 2025-09-24 03:36:37 --> Session: Class initialized using 'CodeIgniter\Session\Handlers\FileHandler' driver.
INFO - 2025-09-24 03:36:38 --> Session: Class initialized using 'CodeIgniter\Session\Handlers\FileHandler' driver.
INFO - 2025-09-24 03:36:43 --> Session: Class initialized using 'CodeIgniter\Session\Handlers\FileHandler' driver.
INFO - 2025-09-24 03:46:04 --> Session: Class initialized using 'CodeIgniter\Session\Handlers\FileHandler' driver.
INFO - 2025-09-24 03:46:04 --> Session: Class initialized using 'CodeIgniter\Session\Handlers\FileHandler' driver.
INFO - 2025-09-24 03:46:04 --> Session: Class initialized using 'CodeIgniter\Session\Handlers\FileHandler' driver.
INFO - 2025-09-24 03:46:04 --> Session: Class initialized using 'CodeIgniter\Session\Handlers\FileHandler' driver.
INFO - 2025-09-24 03:46:04 --> Session: Class initialized using 'CodeIgniter\Session\Handlers\FileHandler' driver.
INFO - 2025-09-24 03:46:06 --> Session: Class initialized using 'CodeIgniter\Session\Handlers\FileHandler' driver.
INFO - 2025-09-24 03:46:11 --> Session: Class initialized using 'CodeIgniter\Session\Handlers\FileHandler' driver.
INFO - 2025-09-24 03:46:12 --> Session: Class initialized using 'CodeIgniter\Session\Handlers\FileHandler' driver.
INFO - 2025-09-24 03:46:16 --> Session: Class initialized using 'CodeIgniter\Session\Handlers\FileHandler' driver.
INFO - 2025-09-24 03:46:19 --> Session: Class initialized using 'CodeIgniter\Session\Handlers\FileHandler' driver.
INFO - 2025-09-24 03:46:19 --> Session: Class initialized using 'CodeIgniter\Session\Handlers\FileHandler' driver.
INFO - 2025-09-24 03:46:23 --> Session: Class initialized using 'CodeIgniter\Session\Handlers\FileHandler' driver.
INFO - 2025-09-24 03:46:23 --> Session: Class initialized using 'CodeIgniter\Session\Handlers\FileHandler' driver.
INFO - 2025-09-24 03:46:25 --> Session: Class initialized using 'CodeIgniter\Session\Handlers\FileHandler' driver.
INFO - 2025-09-24 03:46:26 --> Session: Class initialized using 'CodeIgniter\Session\Handlers\FileHandler' driver.
INFO - 2025-09-24 03:46:26 --> Session: Class initialized using 'CodeIgniter\Session\Handlers\FileHandler' driver.
INFO - 2025-09-24 03:46:26 --> Session: Class initialized using 'CodeIgniter\Session\Handlers\FileHandler' driver.
INFO - 2025-09-24 03:46:26 --> Session: Class initialized using 'CodeIgniter\Session\Handlers\FileHandler' driver.
INFO - 2025-09-24 03:46:28 --> Session: Class initialized using 'CodeIgniter\Session\Handlers\FileHandler' driver.
INFO - 2025-09-24 03:46:29 --> Session: Class initialized using 'CodeIgniter\Session\Handlers\FileHandler' driver.
INFO - 2025-09-24 03:46:32 --> Session: Class initialized using 'CodeIgniter\Session\Handlers\FileHandler' driver.
INFO - 2025-09-24 03:46:36 --> Session: Class initialized using 'CodeIgniter\Session\Handlers\FileHandler' driver.
INFO - 2025-09-24 03:46:40 --> Session: Class initialized using 'CodeIgniter\Session\Handlers\FileHandler' driver.
INFO - 2025-09-24 03:46:42 --> Session: Class initialized using 'CodeIgniter\Session\Handlers\FileHandler' driver.
INFO - 2025-09-24 03:46:47 --> Session: Class initialized using 'CodeIgniter\Session\Handlers\FileHandler' driver.
INFO - 2025-09-24 03:46:52 --> Session: Class initialized using 'CodeIgniter\Session\Handlers\FileHandler' driver.
INFO - 2025-09-24 03:46:52 --> Session: Class initialized using 'CodeIgniter\Session\Handlers\FileHandler' driver.
INFO - 2025-09-24 03:46:55 --> Session: Class initialized using 'CodeIgniter\Session\Handlers\FileHandler' driver.
INFO - 2025-09-24 03:46:55 --> Session: Class initialized using 'CodeIgniter\Session\Handlers\FileHandler' driver.
INFO - 2025-09-24 03:46:56 --> Session: Class initialized using 'CodeIgniter\Session\Handlers\FileHandler' driver.
INFO - 2025-09-24 03:46:56 --> Session: Class initialized using 'CodeIgniter\Session\Handlers\FileHandler' driver.
INFO - 2025-09-24 03:46:56 --> Session: Class initialized using 'CodeIgniter\Session\Handlers\FileHandler' driver.
INFO - 2025-09-24 03:46:56 --> Session: Class initialized using 'CodeIgniter\Session\Handlers\FileHandler' driver.
INFO - 2025-09-24 03:46:56 --> Session: Class initialized using 'CodeIgniter\Session\Handlers\FileHandler' driver.
INFO - 2025-09-24 03:46:56 --> Session: Class initialized using 'CodeIgniter\Session\Handlers\FileHandler' driver.
INFO - 2025-09-24 03:46:56 --> Session: Class initialized using 'CodeIgniter\Session\Handlers\FileHandler' driver.
INFO - 2025-09-24 03:46:56 --> Session: Class initialized using 'CodeIgniter\Session\Handlers\FileHandler' driver.
INFO - 2025-09-24 03:46:56 --> Session: Class initialized using 'CodeIgniter\Session\Handlers\FileHandler' driver.
INFO - 2025-09-24 03:46:57 --> Session: Class initialized using 'CodeIgniter\Session\Handlers\FileHandler' driver.
INFO - 2025-09-24 03:46:57 --> Session: Class initialized using 'CodeIgniter\Session\Handlers\FileHandler' driver.
INFO - 2025-09-24 03:46:57 --> Session: Class initialized using 'CodeIgniter\Session\Handlers\FileHandler' driver.
INFO - 2025-09-24 03:46:57 --> Session: Class initialized using 'CodeIgniter\Session\Handlers\FileHandler' driver.
INFO - 2025-09-24 03:46:59 --> Session: Class initialized using 'CodeIgniter\Session\Handlers\FileHandler' driver.
INFO - 2025-09-24 03:47:01 --> Session: Class initialized using 'CodeIgniter\Session\Handlers\FileHandler' driver.
INFO - 2025-09-24 03:47:02 --> Session: Class initialized using 'CodeIgniter\Session\Handlers\FileHandler' driver.
INFO - 2025-09-24 03:47:03 --> Session: Class initialized using 'CodeIgniter\Session\Handlers\FileHandler' driver.
INFO - 2025-09-24 03:47:04 --> Session: Class initialized using 'CodeIgniter\Session\Handlers\FileHandler' driver.
INFO - 2025-09-24 03:47:06 --> Session: Class initialized using 'CodeIgniter\Session\Handlers\FileHandler' driver.
INFO - 2025-09-24 03:47:07 --> Session: Class initialized using 'CodeIgniter\Session\Handlers\FileHandler' driver.
INFO - 2025-09-24 03:47:08 --> Session: Class initialized using 'CodeIgniter\Session\Handlers\FileHandler' driver.
INFO - 2025-09-24 03:47:10 --> Session: Class initialized using 'CodeIgniter\Session\Handlers\FileHandler' driver.
INFO - 2025-09-24 03:47:13 --> Session: Class initialized using 'CodeIgniter\Session\Handlers\FileHandler' driver.
INFO - 2025-09-24 03:47:14 --> Session: Class initialized using 'CodeIgniter\Session\Handlers\FileHandler' driver.
INFO - 2025-09-24 03:47:15 --> Session: Class initialized using 'CodeIgniter\Session\Handlers\FileHandler' driver.
INFO - 2025-09-24 03:47:16 --> Session: Class initialized using 'CodeIgniter\Session\Handlers\FileHandler' driver.
INFO - 2025-09-24 03:47:16 --> Session: Class initialized using 'CodeIgniter\Session\Handlers\FileHandler' driver.
INFO - 2025-09-24 03:47:16 --> Session: Class initialized using 'CodeIgniter\Session\Handlers\FileHandler' driver.
INFO - 2025-09-24 03:47:16 --> Session: Class initialized using 'CodeIgniter\Session\Handlers\FileHandler' driver.
INFO - 2025-09-24 03:47:16 --> Session: Class initialized using 'CodeIgniter\Session\Handlers\FileHandler' driver.
INFO - 2025-09-24 03:47:18 --> Session: Class initialized using 'CodeIgniter\Session\Handlers\FileHandler' driver.
INFO - 2025-09-24 03:47:20 --> Session: Class initialized using 'CodeIgniter\Session\Handlers\FileHandler' driver.
INFO - 2025-09-24 03:47:20 --> Session: Class initialized using 'CodeIgniter\Session\Handlers\FileHandler' driver.
INFO - 2025-09-24 03:47:21 --> Session: Class initialized using 'CodeIgniter\Session\Handlers\FileHandler' driver.
INFO - 2025-09-24 03:47:23 --> Session: Class initialized using 'CodeIgniter\Session\Handlers\FileHandler' driver.
INFO - 2025-09-24 04:02:51 --> Session: Class initialized using 'CodeIgniter\Session\Handlers\FileHandler' driver.
INFO - 2025-09-24 04:02:52 --> Session: Class initialized using 'CodeIgniter\Session\Handlers\FileHandler' driver.
INFO - 2025-09-24 04:02:53 --> Session: Class initialized using 'CodeIgniter\Session\Handlers\FileHandler' driver.
INFO - 2025-09-24 04:02:54 --> Session: Class initialized using 'CodeIgniter\Session\Handlers\FileHandler' driver.
INFO - 2025-09-24 04:02:54 --> Session: Class initialized using 'CodeIgniter\Session\Handlers\FileHandler' driver.
INFO - 2025-09-24 04:02:54 --> Session: Class initialized using 'CodeIgniter\Session\Handlers\FileHandler' driver.
INFO - 2025-09-24 04:02:55 --> Session: Class initialized using 'CodeIgniter\Session\Handlers\FileHandler' driver.
INFO - 2025-09-24 04:02:55 --> Session: Class initialized using 'CodeIgniter\Session\Handlers\FileHandler' driver.
INFO - 2025-09-24 04:02:55 --> Session: Class initialized using 'CodeIgniter\Session\Handlers\FileHandler' driver.
INFO - 2025-09-24 04:02:56 --> Session: Class initialized using 'CodeIgniter\Session\Handlers\FileHandler' driver.
INFO - 2025-09-24 04:02:56 --> Session: Class initialized using 'CodeIgniter\Session\Handlers\FileHandler' driver.
INFO - 2025-09-24 04:02:56 --> Session: Class initialized using 'CodeIgniter\Session\Handlers\FileHandler' driver.
INFO - 2025-09-24 04:02:56 --> Session: Class initialized using 'CodeIgniter\Session\Handlers\FileHandler' driver.
INFO - 2025-09-24 04:02:56 --> Session: Class initialized using 'CodeIgniter\Session\Handlers\FileHandler' driver.
INFO - 2025-09-24 04:02:56 --> Session: Class initialized using 'CodeIgniter\Session\Handlers\FileHandler' driver.
INFO - 2025-09-24 04:02:56 --> Session: Class initialized using 'CodeIgniter\Session\Handlers\FileHandler' driver.
INFO - 2025-09-24 04:02:56 --> Session: Class initialized using 'CodeIgniter\Session\Handlers\FileHandler' driver.
INFO - 2025-09-24 04:02:56 --> Session: Class initialized using 'CodeIgniter\Session\Handlers\FileHandler' driver.
INFO - 2025-09-24 04:02:59 --> Session: Class initialized using 'CodeIgniter\Session\Handlers\FileHandler' driver.
INFO - 2025-09-24 04:03:01 --> Session: Class initialized using 'CodeIgniter\Session\Handlers\FileHandler' driver.
INFO - 2025-09-24 04:03:01 --> Session: Class initialized using 'CodeIgniter\Session\Handlers\FileHandler' driver.
INFO - 2025-09-24 04:25:14 --> Session: Class initialized using 'CodeIgniter\Session\Handlers\FileHandler' driver.
INFO - 2025-09-24 04:25:15 --> Session: Class initialized using 'CodeIgniter\Session\Handlers\FileHandler' driver.
INFO - 2025-09-24 04:25:15 --> Session: Class initialized using 'CodeIgniter\Session\Handlers\FileHandler' driver.
INFO - 2025-09-24 04:25:15 --> Session: Class initialized using 'CodeIgniter\Session\Handlers\FileHandler' driver.
INFO - 2025-09-24 04:25:15 --> Session: Class initialized using 'CodeIgniter\Session\Handlers\FileHandler' driver.
INFO - 2025-09-24 04:25:15 --> Session: Class initialized using 'CodeIgniter\Session\Handlers\FileHandler' driver.
INFO - 2025-09-24 04:25:15 --> Session: Class initialized using 'CodeIgniter\Session\Handlers\FileHandler' driver.
INFO - 2025-09-24 04:25:15 --> Session: Class initialized using 'CodeIgniter\Session\Handlers\FileHandler' driver.
INFO - 2025-09-24 04:25:15 --> Session: Class initialized using 'CodeIgniter\Session\Handlers\FileHandler' driver.
INFO - 2025-09-24 04:25:16 --> Session: Class initialized using 'CodeIgniter\Session\Handlers\FileHandler' driver.
INFO - 2025-09-24 04:25:19 --> Session: Class initialized using 'CodeIgniter\Session\Handlers\FileHandler' driver.
INFO - 2025-09-24 04:25:24 --> Session: Class initialized using 'CodeIgniter\Session\Handlers\FileHandler' driver.
INFO - 2025-09-24 04:25:24 --> Session: Class initialized using 'CodeIgniter\Session\Handlers\FileHandler' driver.
INFO - 2025-09-24 04:25:26 --> Session: Class initialized using 'CodeIgniter\Session\Handlers\FileHandler' driver.
INFO - 2025-09-24 04:25:27 --> Session: Class initialized using 'CodeIgniter\Session\Handlers\FileHandler' driver.
INFO - 2025-09-24 04:25:27 --> Session: Class initialized using 'CodeIgniter\Session\Handlers\FileHandler' driver.
INFO - 2025-09-24 04:25:27 --> Session: Class initialized using 'CodeIgniter\Session\Handlers\FileHandler' driver.
INFO - 2025-09-24 04:25:27 --> Session: Class initialized using 'CodeIgniter\Session\Handlers\FileHandler' driver.
INFO - 2025-09-24 04:25:27 --> Session: Class initialized using 'CodeIgniter\Session\Handlers\FileHandler' driver.
INFO - 2025-09-24 04:25:30 --> Session: Class initialized using 'CodeIgniter\Session\Handlers\FileHandler' driver.
INFO - 2025-09-24 04:25:42 --> Session: Class initialized using 'CodeIgniter\Session\Handlers\FileHandler' driver.
INFO - 2025-09-24 04:25:42 --> Session: Class initialized using 'CodeIgniter\Session\Handlers\FileHandler' driver.
INFO - 2025-09-24 04:25:48 --> Session: Class initialized using 'CodeIgniter\Session\Handlers\FileHandler' driver.
INFO - 2025-09-24 04:25:48 --> Session: Class initialized using 'CodeIgniter\Session\Handlers\FileHandler' driver.
INFO - 2025-09-24 04:25:54 --> Session: Class initialized using 'CodeIgniter\Session\Handlers\FileHandler' driver.
INFO - 2025-09-24 04:26:10 --> Session: Class initialized using 'CodeIgniter\Session\Handlers\FileHandler' driver.
INFO - 2025-09-24 04:26:16 --> Session: Class initialized using 'CodeIgniter\Session\Handlers\FileHandler' driver.
INFO - 2025-09-24 04:27:32 --> Session: Class initialized using 'CodeIgniter\Session\Handlers\FileHandler' driver.
INFO - 2025-09-24 04:27:32 --> Session: Class initialized using 'CodeIgniter\Session\Handlers\FileHandler' driver.
INFO - 2025-09-24 04:27:36 --> Session: Class initialized using 'CodeIgniter\Session\Handlers\FileHandler' driver.
INFO - 2025-09-24 04:27:36 --> Session: Class initialized using 'CodeIgniter\Session\Handlers\FileHandler' driver.
INFO - 2025-09-24 04:27:36 --> Session: Class initialized using 'CodeIgniter\Session\Handlers\FileHandler' driver.
INFO - 2025-09-24 04:27:39 --> Session: Class initialized using 'CodeIgniter\Session\Handlers\FileHandler' driver.
INFO - 2025-09-24 04:27:39 --> Session: Class initialized using 'CodeIgniter\Session\Handlers\FileHandler' driver.
INFO - 2025-09-24 04:27:39 --> Session: Class initialized using 'CodeIgniter\Session\Handlers\FileHandler' driver.
INFO - 2025-09-24 04:27:41 --> Session: Class initialized using 'CodeIgniter\Session\Handlers\FileHandler' driver.
INFO - 2025-09-24 04:27:46 --> Session: Class initialized using 'CodeIgniter\Session\Handlers\FileHandler' driver.
INFO - 2025-09-24 04:28:15 --> Session: Class initialized using 'CodeIgniter\Session\Handlers\FileHandler' driver.
INFO - 2025-09-24 04:28:24 --> Session: Class initialized using 'CodeIgniter\Session\Handlers\FileHandler' driver.
INFO - 2025-09-24 04:28:35 --> Session: Class initialized using 'CodeIgniter\Session\Handlers\FileHandler' driver.
INFO - 2025-09-24 04:28:44 --> Session: Class initialized using 'CodeIgniter\Session\Handlers\FileHandler' driver.
INFO - 2025-09-24 04:28:44 --> Session: Class initialized using 'CodeIgniter\Session\Handlers\FileHandler' driver.
INFO - 2025-09-24 04:28:54 --> Session: Class initialized using 'CodeIgniter\Session\Handlers\FileHandler' driver.
INFO - 2025-09-24 04:28:56 --> Session: Class initialized using 'CodeIgniter\Session\Handlers\FileHandler' driver.
INFO - 2025-09-24 04:50:54 --> Session: Class initialized using 'CodeIgniter\Session\Handlers\FileHandler' driver.
INFO - 2025-09-24 04:50:54 --> Session: Class initialized using 'CodeIgniter\Session\Handlers\FileHandler' driver.
INFO - 2025-09-24 04:50:54 --> Session: Class initialized using 'CodeIgniter\Session\Handlers\FileHandler' driver.
INFO - 2025-09-24 04:50:57 --> Session: Class initialized using 'CodeIgniter\Session\Handlers\FileHandler' driver.
INFO - 2025-09-24 04:51:08 --> Session: Class initialized using 'CodeIgniter\Session\Handlers\FileHandler' driver.
INFO - 2025-09-24 04:51:08 --> Session: Class initialized using 'CodeIgniter\Session\Handlers\FileHandler' driver.
INFO - 2025-09-24 04:51:08 --> Session: Class initialized using 'CodeIgniter\Session\Handlers\FileHandler' driver.
INFO - 2025-09-24 04:51:10 --> Session: Class initialized using 'CodeIgniter\Session\Handlers\FileHandler' driver.
INFO - 2025-09-24 04:51:12 --> Session: Class initialized using 'CodeIgniter\Session\Handlers\FileHandler' driver.
INFO - 2025-09-24 04:51:19 --> Session: Class initialized using 'CodeIgniter\Session\Handlers\FileHandler' driver.
INFO - 2025-09-24 04:51:19 --> Session: Class initialized using 'CodeIgniter\Session\Handlers\FileHandler' driver.
INFO - 2025-09-24 04:52:54 --> Session: Class initialized using 'CodeIgniter\Session\Handlers\FileHandler' driver.
INFO - 2025-09-24 04:53:08 --> Session: Class initialized using 'CodeIgniter\Session\Handlers\FileHandler' driver.
INFO - 2025-09-24 04:53:14 --> Session: Class initialized using 'CodeIgniter\Session\Handlers\FileHandler' driver.
INFO - 2025-09-24 04:56:11 --> Session: Class initialized using 'CodeIgniter\Session\Handlers\FileHandler' driver.
INFO - 2025-09-24 04:56:15 --> Session: Class initialized using 'CodeIgniter\Session\Handlers\FileHandler' driver.
INFO - 2025-09-24 04:56:18 --> Session: Class initialized using 'CodeIgniter\Session\Handlers\FileHandler' driver.
INFO - 2025-09-24 04:56:18 --> Session: Class initialized using 'CodeIgniter\Session\Handlers\FileHandler' driver.
INFO - 2025-09-24 04:59:41 --> Session: Class initialized using 'CodeIgniter\Session\Handlers\FileHandler' driver.
INFO - 2025-09-24 04:59:43 --> Session: Class initialized using 'CodeIgniter\Session\Handlers\FileHandler' driver.
INFO - 2025-09-24 04:59:50 --> Session: Class initialized using 'CodeIgniter\Session\Handlers\FileHandler' driver.
INFO - 2025-09-24 04:59:50 --> Session: Class initialized using 'CodeIgniter\Session\Handlers\FileHandler' driver.
INFO - 2025-09-24 05:01:12 --> Session: Class initialized using 'CodeIgniter\Session\Handlers\FileHandler' driver.
INFO - 2025-09-24 05:01:12 --> Session: Class initialized using 'CodeIgniter\Session\Handlers\FileHandler' driver.
INFO - 2025-09-24 05:01:12 --> Session: Class initialized using 'CodeIgniter\Session\Handlers\FileHandler' driver.
INFO - 2025-09-24 05:01:12 --> Session: Class initialized using 'CodeIgniter\Session\Handlers\FileHandler' driver.
INFO - 2025-09-24 05:01:12 --> Session: Class initialized using 'CodeIgniter\Session\Handlers\FileHandler' driver.
INFO - 2025-09-24 05:01:14 --> Session: Class initialized using 'CodeIgniter\Session\Handlers\FileHandler' driver.
INFO - 2025-09-24 05:01:17 --> Session: Class initialized using 'CodeIgniter\Session\Handlers\FileHandler' driver.
INFO - 2025-09-24 05:01:17 --> Session: Class initialized using 'CodeIgniter\Session\Handlers\FileHandler' driver.
INFO - 2025-09-24 05:01:33 --> Session: Class initialized using 'CodeIgniter\Session\Handlers\FileHandler' driver.
INFO - 2025-09-24 05:01:39 --> Session: Class initialized using 'CodeIgniter\Session\Handlers\FileHandler' driver.
INFO - 2025-09-24 05:01:43 --> Session: Class initialized using 'CodeIgniter\Session\Handlers\FileHandler' driver.
INFO - 2025-09-24 05:01:43 --> Session: Class initialized using 'CodeIgniter\Session\Handlers\FileHandler' driver.
INFO - 2025-09-24 05:03:26 --> Session: Class initialized using 'CodeIgniter\Session\Handlers\FileHandler' driver.
INFO - 2025-09-24 05:03:26 --> Session: Class initialized using 'CodeIgniter\Session\Handlers\FileHandler' driver.
INFO - 2025-09-24 05:03:26 --> Session: Class initialized using 'CodeIgniter\Session\Handlers\FileHandler' driver.
INFO - 2025-09-24 05:03:26 --> Session: Class initialized using 'CodeIgniter\Session\Handlers\FileHandler' driver.
INFO - 2025-09-24 05:03:26 --> Session: Class initialized using 'CodeIgniter\Session\Handlers\FileHandler' driver.
INFO - 2025-09-24 05:03:36 --> Session: Class initialized using 'CodeIgniter\Session\Handlers\FileHandler' driver.
INFO - 2025-09-24 05:03:41 --> Session: Class initialized using 'CodeIgniter\Session\Handlers\FileHandler' driver.
INFO - 2025-09-24 05:03:41 --> Session: Class initialized using 'CodeIgniter\Session\Handlers\FileHandler' driver.
INFO - 2025-09-24 05:03:43 --> Session: Class initialized using 'CodeIgniter\Session\Handlers\FileHandler' driver.
INFO - 2025-09-24 05:03:43 --> Session: Class initialized using 'CodeIgniter\Session\Handlers\FileHandler' driver.
INFO - 2025-09-24 05:03:43 --> Session: Class initialized using 'CodeIgniter\Session\Handlers\FileHandler' driver.
INFO - 2025-09-24 05:03:43 --> Session: Class initialized using 'CodeIgniter\Session\Handlers\FileHandler' driver.
INFO - 2025-09-24 05:03:43 --> Session: Class initialized using 'CodeIgniter\Session\Handlers\FileHandler' driver.
INFO - 2025-09-24 05:03:46 --> Session: Class initialized using 'CodeIgniter\Session\Handlers\FileHandler' driver.
INFO - 2025-09-24 05:05:38 --> Session: Class initialized using 'CodeIgniter\Session\Handlers\FileHandler' driver.
INFO - 2025-09-24 05:12:22 --> Session: Class initialized using 'CodeIgniter\Session\Handlers\FileHandler' driver.
INFO - 2025-09-24 05:12:22 --> Session: Class initialized using 'CodeIgniter\Session\Handlers\FileHandler' driver.
INFO - 2025-09-24 05:12:22 --> Session: Class initialized using 'CodeIgniter\Session\Handlers\FileHandler' driver.
INFO - 2025-09-24 05:12:22 --> Session: Class initialized using 'CodeIgniter\Session\Handlers\FileHandler' driver.
INFO - 2025-09-24 05:12:23 --> Session: Class initialized using 'CodeIgniter\Session\Handlers\FileHandler' driver.
INFO - 2025-09-24 05:12:24 --> Session: Class initialized using 'CodeIgniter\Session\Handlers\FileHandler' driver.
INFO - 2025-09-24 05:12:27 --> Session: Class initialized using 'CodeIgniter\Session\Handlers\FileHandler' driver.
INFO - 2025-09-24 05:12:27 --> Session: Class initialized using 'CodeIgniter\Session\Handlers\FileHandler' driver.
INFO - 2025-09-24 05:12:30 --> Session: Class initialized using 'CodeIgniter\Session\Handlers\FileHandler' driver.
INFO - 2025-09-24 05:12:30 --> Session: Class initialized using 'CodeIgniter\Session\Handlers\FileHandler' driver.
INFO - 2025-09-24 05:12:32 --> Session: Class initialized using 'CodeIgniter\Session\Handlers\FileHandler' driver.
INFO - 2025-09-24 05:12:39 --> Session: Class initialized using 'CodeIgniter\Session\Handlers\FileHandler' driver.
INFO - 2025-09-24 05:12:39 --> Session: Class initialized using 'CodeIgniter\Session\Handlers\FileHandler' driver.
INFO - 2025-09-24 05:12:39 --> Session: Class initialized using 'CodeIgniter\Session\Handlers\FileHandler' driver.
INFO - 2025-09-24 05:12:40 --> Session: Class initialized using 'CodeIgniter\Session\Handlers\FileHandler' driver.
INFO - 2025-09-24 05:12:41 --> Session: Class initialized using 'CodeIgniter\Session\Handlers\FileHandler' driver.
INFO - 2025-09-24 05:12:41 --> Session: Class initialized using 'CodeIgniter\Session\Handlers\FileHandler' driver.
INFO - 2025-09-24 05:12:43 --> Session: Class initialized using 'CodeIgniter\Session\Handlers\FileHandler' driver.
INFO - 2025-09-24 05:12:47 --> Session: Class initialized using 'CodeIgniter\Session\Handlers\FileHandler' driver.
DEBUG - 2025-09-24 05:17:34 --> Session: Initialization under CLI aborted.
INFO - 2025-09-24 05:17:58 --> Session: Class initialized using 'CodeIgniter\Session\Handlers\FileHandler' driver.
INFO - 2025-09-24 05:18:05 --> Session: Class initialized using 'CodeIgniter\Session\Handlers\FileHandler' driver.
INFO - 2025-09-24 05:18:08 --> Session: Class initialized using 'CodeIgniter\Session\Handlers\FileHandler' driver.
INFO - 2025-09-24 05:18:09 --> Session: Class initialized using 'CodeIgniter\Session\Handlers\FileHandler' driver.
INFO - 2025-09-24 05:18:10 --> Session: Class initialized using 'CodeIgniter\Session\Handlers\FileHandler' driver.
INFO - 2025-09-24 05:22:42 --> Session: Class initialized using 'CodeIgniter\Session\Handlers\FileHandler' driver.
INFO - 2025-09-24 05:22:42 --> Session: Class initialized using 'CodeIgniter\Session\Handlers\FileHandler' driver.
INFO - 2025-09-24 05:22:43 --> Session: Class initialized using 'CodeIgniter\Session\Handlers\FileHandler' driver.
INFO - 2025-09-24 05:22:43 --> Session: Class initialized using 'CodeIgniter\Session\Handlers\FileHandler' driver.
INFO - 2025-09-24 05:22:43 --> Session: Class initialized using 'CodeIgniter\Session\Handlers\FileHandler' driver.
INFO - 2025-09-24 05:22:45 --> Session: Class initialized using 'CodeIgniter\Session\Handlers\FileHandler' driver.
INFO - 2025-09-24 05:22:50 --> Session: Class initialized using 'CodeIgniter\Session\Handlers\FileHandler' driver.
INFO - 2025-09-24 05:22:55 --> Session: Class initialized using 'CodeIgniter\Session\Handlers\FileHandler' driver.
INFO - 2025-09-24 05:22:55 --> Session: Class initialized using 'CodeIgniter\Session\Handlers\FileHandler' driver.
INFO - 2025-09-24 05:24:13 --> Session: Class initialized using 'CodeIgniter\Session\Handlers\FileHandler' driver.
INFO - 2025-09-24 05:24:13 --> Session: Class initialized using 'CodeIgniter\Session\Handlers\FileHandler' driver.
INFO - 2025-09-24 05:24:13 --> Session: Class initialized using 'CodeIgniter\Session\Handlers\FileHandler' driver.
INFO - 2025-09-24 05:24:13 --> Session: Class initialized using 'CodeIgniter\Session\Handlers\FileHandler' driver.
INFO - 2025-09-24 05:24:13 --> Session: Class initialized using 'CodeIgniter\Session\Handlers\FileHandler' driver.
INFO - 2025-09-24 05:24:14 --> Session: Class initialized using 'CodeIgniter\Session\Handlers\FileHandler' driver.
INFO - 2025-09-24 05:24:15 --> Session: Class initialized using 'CodeIgniter\Session\Handlers\FileHandler' driver.
INFO - 2025-09-24 05:26:15 --> Session: Class initialized using 'CodeIgniter\Session\Handlers\FileHandler' driver.
INFO - 2025-09-24 05:26:16 --> Session: Class initialized using 'CodeIgniter\Session\Handlers\FileHandler' driver.
INFO - 2025-09-24 05:26:16 --> Session: Class initialized using 'CodeIgniter\Session\Handlers\FileHandler' driver.
INFO - 2025-09-24 05:26:16 --> Session: Class initialized using 'CodeIgniter\Session\Handlers\FileHandler' driver.
INFO - 2025-09-24 05:26:16 --> Session: Class initialized using 'CodeIgniter\Session\Handlers\FileHandler' driver.
INFO - 2025-09-24 05:26:16 --> Session: Class initialized using 'CodeIgniter\Session\Handlers\FileHandler' driver.
INFO - 2025-09-24 05:36:25 --> Session: Class initialized using 'CodeIgniter\Session\Handlers\FileHandler' driver.
INFO - 2025-09-24 05:36:25 --> Session: Class initialized using 'CodeIgniter\Session\Handlers\FileHandler' driver.
INFO - 2025-09-24 05:36:25 --> Session: Class initialized using 'CodeIgniter\Session\Handlers\FileHandler' driver.
INFO - 2025-09-24 05:36:25 --> Session: Class initialized using 'CodeIgniter\Session\Handlers\FileHandler' driver.
INFO - 2025-09-24 05:36:26 --> Session: Class initialized using 'CodeIgniter\Session\Handlers\FileHandler' driver.
INFO - 2025-09-24 05:36:26 --> Session: Class initialized using 'CodeIgniter\Session\Handlers\FileHandler' driver.
INFO - 2025-09-24 05:36:27 --> Session: Class initialized using 'CodeIgniter\Session\Handlers\FileHandler' driver.
INFO - 2025-09-24 05:36:27 --> Session: Class initialized using 'CodeIgniter\Session\Handlers\FileHandler' driver.
INFO - 2025-09-24 05:36:27 --> Session: Class initialized using 'CodeIgniter\Session\Handlers\FileHandler' driver.
INFO - 2025-09-24 05:36:27 --> Session: Class initialized using 'CodeIgniter\Session\Handlers\FileHandler' driver.
INFO - 2025-09-24 05:36:27 --> Session: Class initialized using 'CodeIgniter\Session\Handlers\FileHandler' driver.
INFO - 2025-09-24 05:36:27 --> Session: Class initialized using 'CodeIgniter\Session\Handlers\FileHandler' driver.
INFO - 2025-09-24 05:36:27 --> Session: Class initialized using 'CodeIgniter\Session\Handlers\FileHandler' driver.
INFO - 2025-09-24 05:36:27 --> Session: Class initialized using 'CodeIgniter\Session\Handlers\FileHandler' driver.
INFO - 2025-09-24 05:36:28 --> Session: Class initialized using 'CodeIgniter\Session\Handlers\FileHandler' driver.
INFO - 2025-09-24 05:36:28 --> Session: Class initialized using 'CodeIgniter\Session\Handlers\FileHandler' driver.
INFO - 2025-09-24 05:36:28 --> Session: Class initialized using 'CodeIgniter\Session\Handlers\FileHandler' driver.
INFO - 2025-09-24 05:36:28 --> Session: Class initialized using 'CodeIgniter\Session\Handlers\FileHandler' driver.
INFO - 2025-09-24 05:36:28 --> Session: Class initialized using 'CodeIgniter\Session\Handlers\FileHandler' driver.
INFO - 2025-09-24 05:36:28 --> Session: Class initialized using 'CodeIgniter\Session\Handlers\FileHandler' driver.
INFO - 2025-09-24 05:36:28 --> Session: Class initialized using 'CodeIgniter\Session\Handlers\FileHandler' driver.
INFO - 2025-09-24 05:36:28 --> Session: Class initialized using 'CodeIgniter\Session\Handlers\FileHandler' driver.
INFO - 2025-09-24 05:36:28 --> Session: Class initialized using 'CodeIgniter\Session\Handlers\FileHandler' driver.
INFO - 2025-09-24 05:36:28 --> Session: Class initialized using 'CodeIgniter\Session\Handlers\FileHandler' driver.
INFO - 2025-09-24 05:36:29 --> Session: Class initialized using 'CodeIgniter\Session\Handlers\FileHandler' driver.
INFO - 2025-09-24 05:36:29 --> Session: Class initialized using 'CodeIgniter\Session\Handlers\FileHandler' driver.
INFO - 2025-09-24 05:36:29 --> Session: Class initialized using 'CodeIgniter\Session\Handlers\FileHandler' driver.
INFO - 2025-09-24 05:36:29 --> Session: Class initialized using 'CodeIgniter\Session\Handlers\FileHandler' driver.
INFO - 2025-09-24 05:36:29 --> Session: Class initialized using 'CodeIgniter\Session\Handlers\FileHandler' driver.
INFO - 2025-09-24 05:36:29 --> Session: Class initialized using 'CodeIgniter\Session\Handlers\FileHandler' driver.
INFO - 2025-09-24 05:36:29 --> Session: Class initialized using 'CodeIgniter\Session\Handlers\FileHandler' driver.
INFO - 2025-09-24 05:36:29 --> Session: Class initialized using 'CodeIgniter\Session\Handlers\FileHandler' driver.
INFO - 2025-09-24 05:36:29 --> Session: Class initialized using 'CodeIgniter\Session\Handlers\FileHandler' driver.
INFO - 2025-09-24 05:36:29 --> Session: Class initialized using 'CodeIgniter\Session\Handlers\FileHandler' driver.
INFO - 2025-09-24 05:36:29 --> Session: Class initialized using 'CodeIgniter\Session\Handlers\FileHandler' driver.
INFO - 2025-09-24 05:36:31 --> Session: Class initialized using 'CodeIgniter\Session\Handlers\FileHandler' driver.
INFO - 2025-09-24 05:36:34 --> Session: Class initialized using 'CodeIgniter\Session\Handlers\FileHandler' driver.
INFO - 2025-09-24 05:36:34 --> Session: Class initialized using 'CodeIgniter\Session\Handlers\FileHandler' driver.
INFO - 2025-09-24 05:36:43 --> Session: Class initialized using 'CodeIgniter\Session\Handlers\FileHandler' driver.
INFO - 2025-09-24 05:36:43 --> Session: Class initialized using 'CodeIgniter\Session\Handlers\FileHandler' driver.
INFO - 2025-09-24 05:36:48 --> Session: Class initialized using 'CodeIgniter\Session\Handlers\FileHandler' driver.
INFO - 2025-09-24 05:36:50 --> Session: Class initialized using 'CodeIgniter\Session\Handlers\FileHandler' driver.
INFO - 2025-09-24 05:36:50 --> Session: Class initialized using 'CodeIgniter\Session\Handlers\FileHandler' driver.
INFO - 2025-09-24 05:39:30 --> Session: Class initialized using 'CodeIgniter\Session\Handlers\FileHandler' driver.
CRITICAL - 2025-09-24 05:39:51 --> CodeIgniter\HTTP\Exceptions\HTTPException: Failed to parse JSON string. Error: Syntax error
in SYSTEMPATH\HTTP\IncomingRequest.php on line 588.
 1 SYSTEMPATH\HTTP\IncomingRequest.php(588): CodeIgniter\HTTP\Exceptions\HTTPException::forInvalidJSON('Syntax error')
 2 APPPATH\Controllers\Api\Shifts.php(159): CodeIgniter\HTTP\IncomingRequest->getJSON(true)
 3 SYSTEMPATH\CodeIgniter.php(941): App\Controllers\Api\Shifts->close('3')
 4 SYSTEMPATH\CodeIgniter.php(502): CodeIgniter\CodeIgniter->runController(Object(App\Controllers\Api\Shifts))
 5 SYSTEMPATH\CodeIgniter.php(361): CodeIgniter\CodeIgniter->handleRequest(null, Object(Config\Cache), false)
 6 FCPATH\index.php(79): CodeIgniter\CodeIgniter->run()
CRITICAL - 2025-09-24 05:40:06 --> ATENÇÃO: Shifts::close() FOI EXECUTADO. id=3
CRITICAL - 2025-09-24 05:40:06 --> ErrorException: Array to string conversion
in SYSTEMPATH\Log\Logger.php on line 365.
 1 [internal function]: CodeIgniter\Debug\Exceptions->errorHandler(2, 'Array to string conversion', 'C:\\xampp\\htdocs\\erp.local\\system\\Log\\Logger.php', 365)
 2 SYSTEMPATH\Log\Logger.php(365): strtr('Shifts::close - Início. ID turno={id}, payload={payload}', [...])
 3 SYSTEMPATH\Log\Logger.php(268): CodeIgniter\Log\Logger->interpolate('Shifts::close - Início. ID turno={id}, payload={payload}', [...])
 4 SYSTEMPATH\Common.php(796): CodeIgniter\Log\Logger->log('debug', 'Shifts::close - Início. ID turno={id}, payload={payload}', [...])
 5 APPPATH\Controllers\Api\Shifts.php(161): log_message('debug', 'Shifts::close - Início. ID turno={id}, payload={payload}', [...])
 6 SYSTEMPATH\CodeIgniter.php(941): App\Controllers\Api\Shifts->close('3')
 7 SYSTEMPATH\CodeIgniter.php(502): CodeIgniter\CodeIgniter->runController(Object(App\Controllers\Api\Shifts))
 8 SYSTEMPATH\CodeIgniter.php(361): CodeIgniter\CodeIgniter->handleRequest(null, Object(Config\Cache), false)
 9 FCPATH\index.php(79): CodeIgniter\CodeIgniter->run()
CRITICAL - 2025-09-24 05:40:21 --> ATENÇÃO: Shifts::close() FOI EXECUTADO. id=3
DEBUG - 2025-09-24 05:40:21 --> Shifts::close - Início. ID turno=3, payload={"closed_by":"test","closing_amount":"100,00"}
DEBUG - 2025-09-24 05:40:21 --> Shifts::close - closing_amount normalizado=100
CRITICAL - 2025-09-24 05:40:21 --> ErrorException: Array to string conversion
in SYSTEMPATH\Log\Logger.php on line 365.
 1 [internal function]: CodeIgniter\Debug\Exceptions->errorHandler(2, 'Array to string conversion', 'C:\\xampp\\htdocs\\erp.local\\system\\Log\\Logger.php', 365)
 2 SYSTEMPATH\Log\Logger.php(365): strtr('Shifts::close - Turno atual carregado: {existing}', [...])
 3 SYSTEMPATH\Log\Logger.php(268): CodeIgniter\Log\Logger->interpolate('Shifts::close - Turno atual carregado: {existing}', [...])
 4 SYSTEMPATH\Common.php(796): CodeIgniter\Log\Logger->log('debug', 'Shifts::close - Turno atual carregado: {existing}', [...])
 5 APPPATH\Controllers\Api\Shifts.php(182): log_message('debug', 'Shifts::close - Turno atual carregado: {existing}', [...])
 6 SYSTEMPATH\CodeIgniter.php(941): App\Controllers\Api\Shifts->close('3')
 7 SYSTEMPATH\CodeIgniter.php(502): CodeIgniter\CodeIgniter->runController(Object(App\Controllers\Api\Shifts))
 8 SYSTEMPATH\CodeIgniter.php(361): CodeIgniter\CodeIgniter->handleRequest(null, Object(Config\Cache), false)
 9 FCPATH\index.php(79): CodeIgniter\CodeIgniter->run()
CRITICAL - 2025-09-24 05:40:49 --> ATENÇÃO: Shifts::close() FOI EXECUTADO. id=3
DEBUG - 2025-09-24 05:40:49 --> Shifts::close - Início. ID turno=3, payload={"closed_by":"test","closing_amount":"100,00"}
DEBUG - 2025-09-24 05:40:49 --> Shifts::close - closing_amount normalizado=100
DEBUG - 2025-09-24 05:40:49 --> Shifts::close - Turno atual carregado: {"id_shift":"3","id_cash_register":"1","opened_by":"pdv","closed_by":"","opened_at":"2025-09-24 03:07:45","closed_at":"0000-00-00 00:00:00","opening_amount":"0.00","closing_amount":"0.00","status":"open","id_contador":"1","id_empresa":"7","created_at":"2025-09-24 03:07:45","updated_at":"2025-09-24 03:07:45","deleted_at":"0000-00-00 00:00:00"}
DEBUG - 2025-09-24 05:40:49 --> Shifts::close - Totais por pagamento: [{"payment_type":"cash","valor":"120.00","qtd":"3"}]
DEBUG - 2025-09-24 05:40:49 --> Shifts::close - Dados para update: {"closed_by":"test","closed_at":"2025-09-24 05:40:49","closing_amount":100,"status":"closed","id_cash_register":1}
INFO - 2025-09-24 05:40:49 --> Session: Class initialized using 'CodeIgniter\Session\Handlers\FileHandler' driver.
ERROR - 2025-09-24 05:40:49 --> Shifts::close - Exceção no update: Array to string conversion
CRITICAL - 2025-09-24 05:41:29 --> ATENÇÃO: Shifts::close() FOI EXECUTADO. id=3
DEBUG - 2025-09-24 05:41:29 --> Shifts::close - Início. ID turno=3, payload={"closed_by":"test","closing_amount":"100,00"}
DEBUG - 2025-09-24 05:41:29 --> Shifts::close - closing_amount normalizado=100
DEBUG - 2025-09-24 05:41:29 --> Shifts::close - Turno atual carregado: {"id_shift":"3","id_cash_register":"1","opened_by":"pdv","closed_by":"","opened_at":"2025-09-24 03:07:45","closed_at":"0000-00-00 00:00:00","opening_amount":"0.00","closing_amount":"0.00","status":"open","id_contador":"1","id_empresa":"7","created_at":"2025-09-24 03:07:45","updated_at":"2025-09-24 03:07:45","deleted_at":"0000-00-00 00:00:00"}
DEBUG - 2025-09-24 05:41:29 --> Shifts::close - Totais por pagamento: [{"payment_type":"cash","valor":"120.00","qtd":"3"}]
DEBUG - 2025-09-24 05:41:29 --> Shifts::close - Dados para update: {"closed_by":"test","closed_at":"2025-09-24 05:41:29","closing_amount":100,"status":"closed","id_cash_register":1}
DEBUG - 2025-09-24 05:41:29 --> Shifts::close - Sucesso. Registro atualizado: {"\u0000*\u0000datamap":[],"\u0000*\u0000dates":["opened_at","closed_at","created_at","updated_at","deleted_at"],"\u0000*\u0000casts":{"id_shift":"integer","id_cash_register":"integer","opening_amount":"float","closing_amount":"float","id_contador":"integer","id_empresa":"integer"},"\u0000*\u0000castHandlers":[],"\u0000CodeIgniter\\Entity\\Entity\u0000defaultCastHandlers":{"array":"CodeIgniter\\Entity\\Cast\\ArrayCast","bool":"CodeIgniter\\Entity\\Cast\\BooleanCast","boolean":"CodeIgniter\\Entity\\Cast\\BooleanCast","csv":"CodeIgniter\\Entity\\Cast\\CSVCast","datetime":"CodeIgniter\\Entity\\Cast\\DatetimeCast","double":"CodeIgniter\\Entity\\Cast\\FloatCast","float":"CodeIgniter\\Entity\\Cast\\FloatCast","int":"CodeIgniter\\Entity\\Cast\\IntegerCast","integer":"CodeIgniter\\Entity\\Cast\\IntegerCast","int-bool":"CodeIgniter\\Entity\\Cast\\IntBoolCast","json":"CodeIgniter\\Entity\\Cast\\JsonCast","object":"CodeIgniter\\Entity\\Cast\\ObjectCast","string":"CodeIgniter\\Entity\\Cast\\StringCast","timestamp":"CodeIgniter\\Entity\\Cast\\TimestampCast","uri":"CodeIgniter\\Entity\\Cast\\URICast"},"\u0000*\u0000attributes":{"id_shift":"3","id_cash_register":"1","opened_by":"pdv","closed_by":"test","opened_at":"2025-09-24 03:07:45","closed_at":"2025-09-24 05:41:29","opening_amount":"0.00","closing_amount":"100.00","status":"closed","id_contador":"1","id_empresa":"7","created_at":"2025-09-24 03:07:45","updated_at":"2025-09-24 05:41:29","deleted_at":"0000-00-00 00:00:00"},"\u0000*\u0000original":{"id_shift":"3","id_cash_register":"1","opened_by":"pdv","closed_by":"test","opened_at":"2025-09-24 03:07:45","closed_at":"2025-09-24 05:41:29","opening_amount":"0.00","closing_amount":"100.00","status":"closed","id_contador":"1","id_empresa":"7","created_at":"2025-09-24 03:07:45","updated_at":"2025-09-24 05:41:29","deleted_at":"0000-00-00 00:00:00"},"\u0000CodeIgniter\\Entity\\Entity\u0000_cast":true}
INFO - 2025-09-24 05:41:29 --> Session: Class initialized using 'CodeIgniter\Session\Handlers\FileHandler' driver.
ERROR - 2025-09-24 05:41:29 --> Shifts::close - Falha ao fechar caixa via model: Nenhum caixa aberto encontrado.
INFO - 2025-09-24 05:41:37 --> Session: Class initialized using 'CodeIgniter\Session\Handlers\FileHandler' driver.
INFO - 2025-09-24 05:42:20 --> Session: Class initialized using 'CodeIgniter\Session\Handlers\FileHandler' driver.
INFO - 2025-09-24 05:42:22 --> Session: Class initialized using 'CodeIgniter\Session\Handlers\FileHandler' driver.
INFO - 2025-09-24 05:42:22 --> Session: Class initialized using 'CodeIgniter\Session\Handlers\FileHandler' driver.
INFO - 2025-09-24 05:42:22 --> Session: Class initialized using 'CodeIgniter\Session\Handlers\FileHandler' driver.
INFO - 2025-09-24 05:42:22 --> Session: Class initialized using 'CodeIgniter\Session\Handlers\FileHandler' driver.
INFO - 2025-09-24 05:42:22 --> Session: Class initialized using 'CodeIgniter\Session\Handlers\FileHandler' driver.
INFO - 2025-09-24 05:42:24 --> Session: Class initialized using 'CodeIgniter\Session\Handlers\FileHandler' driver.
INFO - 2025-09-24 05:42:27 --> Session: Class initialized using 'CodeIgniter\Session\Handlers\FileHandler' driver.
INFO - 2025-09-24 05:42:27 --> Session: Class initialized using 'CodeIgniter\Session\Handlers\FileHandler' driver.
INFO - 2025-09-24 05:42:29 --> Session: Class initialized using 'CodeIgniter\Session\Handlers\FileHandler' driver.
INFO - 2025-09-24 05:42:29 --> Session: Class initialized using 'CodeIgniter\Session\Handlers\FileHandler' driver.
INFO - 2025-09-24 05:42:51 --> Session: Class initialized using 'CodeIgniter\Session\Handlers\FileHandler' driver.
INFO - 2025-09-24 05:42:55 --> Session: Class initialized using 'CodeIgniter\Session\Handlers\FileHandler' driver.
INFO - 2025-09-24 05:42:55 --> Session: Class initialized using 'CodeIgniter\Session\Handlers\FileHandler' driver.
INFO - 2025-09-24 05:42:57 --> Session: Class initialized using 'CodeIgniter\Session\Handlers\FileHandler' driver.
INFO - 2025-09-24 05:42:58 --> Session: Class initialized using 'CodeIgniter\Session\Handlers\FileHandler' driver.
INFO - 2025-09-24 05:42:58 --> Session: Class initialized using 'CodeIgniter\Session\Handlers\FileHandler' driver.
INFO - 2025-09-24 05:42:58 --> Session: Class initialized using 'CodeIgniter\Session\Handlers\FileHandler' driver.
INFO - 2025-09-24 05:42:58 --> Session: Class initialized using 'CodeIgniter\Session\Handlers\FileHandler' driver.
INFO - 2025-09-24 05:42:59 --> Session: Class initialized using 'CodeIgniter\Session\Handlers\FileHandler' driver.
INFO - 2025-09-24 05:43:04 --> Session: Class initialized using 'CodeIgniter\Session\Handlers\FileHandler' driver.
INFO - 2025-09-24 05:43:04 --> Session: Class initialized using 'CodeIgniter\Session\Handlers\FileHandler' driver.
INFO - 2025-09-24 05:43:06 --> Session: Class initialized using 'CodeIgniter\Session\Handlers\FileHandler' driver.
INFO - 2025-09-24 05:43:12 --> Session: Class initialized using 'CodeIgniter\Session\Handlers\FileHandler' driver.
INFO - 2025-09-24 05:44:59 --> Session: Class initialized using 'CodeIgniter\Session\Handlers\FileHandler' driver.
INFO - 2025-09-24 05:45:31 --> Session: Class initialized using 'CodeIgniter\Session\Handlers\FileHandler' driver.
INFO - 2025-09-24 05:45:32 --> Session: Class initialized using 'CodeIgniter\Session\Handlers\FileHandler' driver.
INFO - 2025-09-24 05:45:32 --> Session: Class initialized using 'CodeIgniter\Session\Handlers\FileHandler' driver.
INFO - 2025-09-24 05:45:32 --> Session: Class initialized using 'CodeIgniter\Session\Handlers\FileHandler' driver.
INFO - 2025-09-24 05:45:33 --> Session: Class initialized using 'CodeIgniter\Session\Handlers\FileHandler' driver.
INFO - 2025-09-24 05:45:33 --> Session: Class initialized using 'CodeIgniter\Session\Handlers\FileHandler' driver.
INFO - 2025-09-24 05:45:35 --> Session: Class initialized using 'CodeIgniter\Session\Handlers\FileHandler' driver.
INFO - 2025-09-24 05:45:35 --> Session: Class initialized using 'CodeIgniter\Session\Handlers\FileHandler' driver.
INFO - 2025-09-24 05:45:39 --> Session: Class initialized using 'CodeIgniter\Session\Handlers\FileHandler' driver.
INFO - 2025-09-24 05:45:42 --> Session: Class initialized using 'CodeIgniter\Session\Handlers\FileHandler' driver.
INFO - 2025-09-24 05:45:52 --> Session: Class initialized using 'CodeIgniter\Session\Handlers\FileHandler' driver.
INFO - 2025-09-24 05:45:57 --> Session: Class initialized using 'CodeIgniter\Session\Handlers\FileHandler' driver.
INFO - 2025-09-24 05:45:57 --> Session: Class initialized using 'CodeIgniter\Session\Handlers\FileHandler' driver.
INFO - 2025-09-24 05:45:57 --> Session: Class initialized using 'CodeIgniter\Session\Handlers\FileHandler' driver.
INFO - 2025-09-24 05:45:57 --> Session: Class initialized using 'CodeIgniter\Session\Handlers\FileHandler' driver.
INFO - 2025-09-24 05:45:57 --> Session: Class initialized using 'CodeIgniter\Session\Handlers\FileHandler' driver.
INFO - 2025-09-24 05:46:00 --> Session: Class initialized using 'CodeIgniter\Session\Handlers\FileHandler' driver.
INFO - 2025-09-24 05:46:00 --> Session: Class initialized using 'CodeIgniter\Session\Handlers\FileHandler' driver.
INFO - 2025-09-24 05:46:02 --> Session: Class initialized using 'CodeIgniter\Session\Handlers\FileHandler' driver.
INFO - 2025-09-24 05:46:04 --> Session: Class initialized using 'CodeIgniter\Session\Handlers\FileHandler' driver.
INFO - 2025-09-24 05:46:10 --> Session: Class initialized using 'CodeIgniter\Session\Handlers\FileHandler' driver.
INFO - 2025-09-24 05:46:10 --> Session: Class initialized using 'CodeIgniter\Session\Handlers\FileHandler' driver.
INFO - 2025-09-24 05:46:12 --> Session: Class initialized using 'CodeIgniter\Session\Handlers\FileHandler' driver.
INFO - 2025-09-24 05:46:12 --> Session: Class initialized using 'CodeIgniter\Session\Handlers\FileHandler' driver.
INFO - 2025-09-24 05:46:12 --> Session: Class initialized using 'CodeIgniter\Session\Handlers\FileHandler' driver.
INFO - 2025-09-24 05:46:12 --> Session: Class initialized using 'CodeIgniter\Session\Handlers\FileHandler' driver.
INFO - 2025-09-24 05:46:12 --> Session: Class initialized using 'CodeIgniter\Session\Handlers\FileHandler' driver.
INFO - 2025-09-24 05:46:13 --> Session: Class initialized using 'CodeIgniter\Session\Handlers\FileHandler' driver.
INFO - 2025-09-24 05:46:13 --> Session: Class initialized using 'CodeIgniter\Session\Handlers\FileHandler' driver.
INFO - 2025-09-24 05:46:13 --> Session: Class initialized using 'CodeIgniter\Session\Handlers\FileHandler' driver.
INFO - 2025-09-24 05:46:17 --> Session: Class initialized using 'CodeIgniter\Session\Handlers\FileHandler' driver.
ERROR - 2025-09-24 05:46:17 --> mysqli_sql_exception: Unknown column 'id_contador' in 'field list' in C:\xampp\htdocs\erp.local\system\Database\MySQLi\Connection.php:306
Stack trace:
#0 C:\xampp\htdocs\erp.local\system\Database\MySQLi\Connection.php(306): mysqli->query('INSERT INTO `po...', 0)
#1 C:\xampp\htdocs\erp.local\system\Database\BaseConnection.php(693): CodeIgniter\Database\MySQLi\Connection->execute('INSERT INTO `po...')
#2 C:\xampp\htdocs\erp.local\system\Database\BaseConnection.php(607): CodeIgniter\Database\BaseConnection->simpleQuery('INSERT INTO `po...')
#3 C:\xampp\htdocs\erp.local\system\Database\BaseBuilder.php(2307): CodeIgniter\Database\BaseConnection->query('INSERT INTO `po...', Array, false)
#4 C:\xampp\htdocs\erp.local\system\Model.php(326): CodeIgniter\Database\BaseBuilder->insert()
#5 C:\xampp\htdocs\erp.local\system\BaseModel.php(802): CodeIgniter\Model->doInsert(Array)
#6 C:\xampp\htdocs\erp.local\system\Model.php(744): CodeIgniter\BaseModel->insert(Array, true)
#7 C:\xampp\htdocs\erp.local\app\Libraries\EstoqueService.php(26): CodeIgniter\Model->insert(Array)
#8 C:\xampp\htdocs\erp.local\app\Controllers\Api\Pos.php(276): App\Libraries\EstoqueService->darBaixaPorVenda(Array, 11, 1, 6)
#9 C:\xampp\htdocs\erp.local\system\CodeIgniter.php(941): App\Controllers\Api\Pos->finalize('11')
#10 C:\xampp\htdocs\erp.local\system\CodeIgniter.php(502): CodeIgniter\CodeIgniter->runController(Object(App\Controllers\Api\Pos))
#11 C:\xampp\htdocs\erp.local\system\CodeIgniter.php(361): CodeIgniter\CodeIgniter->handleRequest(NULL, Object(Config\Cache), false)
#12 C:\xampp\htdocs\erp.local\public\index.php(79): CodeIgniter\CodeIgniter->run()
#13 {main}
INFO - 2025-09-24 05:46:29 --> Session: Class initialized using 'CodeIgniter\Session\Handlers\FileHandler' driver.
ERROR - 2025-09-24 05:46:29 --> mysqli_sql_exception: Unknown column 'id_contador' in 'field list' in C:\xampp\htdocs\erp.local\system\Database\MySQLi\Connection.php:306
Stack trace:
#0 C:\xampp\htdocs\erp.local\system\Database\MySQLi\Connection.php(306): mysqli->query('INSERT INTO `po...', 0)
#1 C:\xampp\htdocs\erp.local\system\Database\BaseConnection.php(693): CodeIgniter\Database\MySQLi\Connection->execute('INSERT INTO `po...')
#2 C:\xampp\htdocs\erp.local\system\Database\BaseConnection.php(607): CodeIgniter\Database\BaseConnection->simpleQuery('INSERT INTO `po...')
#3 C:\xampp\htdocs\erp.local\system\Database\BaseBuilder.php(2307): CodeIgniter\Database\BaseConnection->query('INSERT INTO `po...', Array, false)
#4 C:\xampp\htdocs\erp.local\system\Model.php(326): CodeIgniter\Database\BaseBuilder->insert()
#5 C:\xampp\htdocs\erp.local\system\BaseModel.php(802): CodeIgniter\Model->doInsert(Array)
#6 C:\xampp\htdocs\erp.local\system\Model.php(744): CodeIgniter\BaseModel->insert(Array, true)
#7 C:\xampp\htdocs\erp.local\app\Libraries\EstoqueService.php(26): CodeIgniter\Model->insert(Array)
#8 C:\xampp\htdocs\erp.local\app\Controllers\Api\Pos.php(276): App\Libraries\EstoqueService->darBaixaPorVenda(Array, 11, 1, 6)
#9 C:\xampp\htdocs\erp.local\system\CodeIgniter.php(941): App\Controllers\Api\Pos->finalize('11')
#10 C:\xampp\htdocs\erp.local\system\CodeIgniter.php(502): CodeIgniter\CodeIgniter->runController(Object(App\Controllers\Api\Pos))
#11 C:\xampp\htdocs\erp.local\system\CodeIgniter.php(361): CodeIgniter\CodeIgniter->handleRequest(NULL, Object(Config\Cache), false)
#12 C:\xampp\htdocs\erp.local\public\index.php(79): CodeIgniter\CodeIgniter->run()
#13 {main}
INFO - 2025-09-24 05:46:40 --> Session: Class initialized using 'CodeIgniter\Session\Handlers\FileHandler' driver.
CRITICAL - 2025-09-24 05:46:50 --> CodeIgniter\HTTP\Exceptions\HTTPException: Failed to parse JSON string. Error: Syntax error
in SYSTEMPATH\HTTP\IncomingRequest.php on line 588.
 1 SYSTEMPATH\HTTP\IncomingRequest.php(588): CodeIgniter\HTTP\Exceptions\HTTPException::forInvalidJSON('Syntax error')
 2 APPPATH\Controllers\Api\Shifts.php(159): CodeIgniter\HTTP\IncomingRequest->getJSON(true)
 3 SYSTEMPATH\CodeIgniter.php(941): App\Controllers\Api\Shifts->close('2')
 4 SYSTEMPATH\CodeIgniter.php(502): CodeIgniter\CodeIgniter->runController(Object(App\Controllers\Api\Shifts))
 5 SYSTEMPATH\CodeIgniter.php(361): CodeIgniter\CodeIgniter->handleRequest(null, Object(Config\Cache), false)
 6 FCPATH\index.php(79): CodeIgniter\CodeIgniter->run()
CRITICAL - 2025-09-24 05:47:03 --> ATENÇÃO: Shifts::close() FOI EXECUTADO. id=2
DEBUG - 2025-09-24 05:47:03 --> Shifts::close - Início. ID turno=2, payload={"closed_by":"test_sem_vendas","closing_amount":"50,00"}
DEBUG - 2025-09-24 05:47:03 --> Shifts::close - closing_amount normalizado=50
DEBUG - 2025-09-24 05:47:03 --> Shifts::close - Turno atual carregado: {"id_shift":"2","id_cash_register":"1","opened_by":"pdv","closed_by":"","opened_at":"2025-09-19 04:16:22","closed_at":"0000-00-00 00:00:00","opening_amount":"0.00","closing_amount":"0.00","status":"open","id_contador":"1","id_empresa":"6","created_at":"2025-09-19 04:16:22","updated_at":"2025-09-19 04:16:22","deleted_at":"0000-00-00 00:00:00"}
DEBUG - 2025-09-24 05:47:03 --> Shifts::close - Totais por pagamento: [{"payment_type":"cash","valor":"150.00","qtd":"5"}]
DEBUG - 2025-09-24 05:47:03 --> Shifts::close - Dados para update: {"closed_by":"test_sem_vendas","closed_at":"2025-09-24 05:47:03","closing_amount":50,"status":"closed","id_cash_register":1}
INFO - 2025-09-24 05:47:03 --> Session: Class initialized using 'CodeIgniter\Session\Handlers\FileHandler' driver.
DEBUG - 2025-09-24 05:47:03 --> Shifts::close - Sucesso. Registro atualizado: {"\u0000*\u0000datamap":[],"\u0000*\u0000dates":["opened_at","closed_at","created_at","updated_at","deleted_at"],"\u0000*\u0000casts":{"id_shift":"integer","id_cash_register":"integer","opening_amount":"float","closing_amount":"float","id_contador":"integer","id_empresa":"integer"},"\u0000*\u0000castHandlers":[],"\u0000CodeIgniter\\Entity\\Entity\u0000defaultCastHandlers":{"array":"CodeIgniter\\Entity\\Cast\\ArrayCast","bool":"CodeIgniter\\Entity\\Cast\\BooleanCast","boolean":"CodeIgniter\\Entity\\Cast\\BooleanCast","csv":"CodeIgniter\\Entity\\Cast\\CSVCast","datetime":"CodeIgniter\\Entity\\Cast\\DatetimeCast","double":"CodeIgniter\\Entity\\Cast\\FloatCast","float":"CodeIgniter\\Entity\\Cast\\FloatCast","int":"CodeIgniter\\Entity\\Cast\\IntegerCast","integer":"CodeIgniter\\Entity\\Cast\\IntegerCast","int-bool":"CodeIgniter\\Entity\\Cast\\IntBoolCast","json":"CodeIgniter\\Entity\\Cast\\JsonCast","object":"CodeIgniter\\Entity\\Cast\\ObjectCast","string":"CodeIgniter\\Entity\\Cast\\StringCast","timestamp":"CodeIgniter\\Entity\\Cast\\TimestampCast","uri":"CodeIgniter\\Entity\\Cast\\URICast"},"\u0000*\u0000attributes":{"id_shift":"2","id_cash_register":"1","opened_by":"pdv","closed_by":"test_sem_vendas","opened_at":"2025-09-19 04:16:22","closed_at":"2025-09-24 05:47:03","opening_amount":"0.00","closing_amount":"50.00","status":"closed","id_contador":"1","id_empresa":"6","created_at":"2025-09-19 04:16:22","updated_at":"2025-09-24 05:47:03","deleted_at":"0000-00-00 00:00:00"},"\u0000*\u0000original":{"id_shift":"2","id_cash_register":"1","opened_by":"pdv","closed_by":"test_sem_vendas","opened_at":"2025-09-19 04:16:22","closed_at":"2025-09-24 05:47:03","opening_amount":"0.00","closing_amount":"50.00","status":"closed","id_contador":"1","id_empresa":"6","created_at":"2025-09-19 04:16:22","updated_at":"2025-09-24 05:47:03","deleted_at":"0000-00-00 00:00:00"},"\u0000CodeIgniter\\Entity\\Entity\u0000_cast":true}
ERROR - 2025-09-24 05:47:03 --> Shifts::close - Falha ao fechar caixa via model: Nenhum caixa aberto encontrado.
CRITICAL - 2025-09-24 05:48:50 --> ATENÇÃO: Shifts::close() FOI EXECUTADO. id=1
DEBUG - 2025-09-24 05:48:50 --> Shifts::close - Início. ID turno=1, payload={"closed_by":"test_final","closing_amount":"75,00"}
DEBUG - 2025-09-24 05:48:50 --> Shifts::close - closing_amount normalizado=75
DEBUG - 2025-09-24 05:48:50 --> Shifts::close - Turno atual carregado: {"id_shift":"1","id_cash_register":"1","opened_by":"admin","closed_by":"","opened_at":"2025-09-17 04:11:45","closed_at":"0000-00-00 00:00:00","opening_amount":"0.00","closing_amount":"0.00","status":"open","id_contador":"1","id_empresa":"5","created_at":"2025-09-17 04:11:45","updated_at":"2025-09-17 04:11:45","deleted_at":"0000-00-00 00:00:00"}
DEBUG - 2025-09-24 05:48:50 --> Shifts::close - Totais por pagamento: []
DEBUG - 2025-09-24 05:48:50 --> Shifts::close - Dados para update: {"closed_by":"test_final","closed_at":"2025-09-24 05:48:50","closing_amount":75,"status":"closed","id_cash_register":1}
INFO - 2025-09-24 05:48:50 --> Session: Class initialized using 'CodeIgniter\Session\Handlers\FileHandler' driver.
DEBUG - 2025-09-24 05:48:50 --> Shifts::close - Sucesso. Registro atualizado: {"\u0000*\u0000datamap":[],"\u0000*\u0000dates":["opened_at","closed_at","created_at","updated_at","deleted_at"],"\u0000*\u0000casts":{"id_shift":"integer","id_cash_register":"integer","opening_amount":"float","closing_amount":"float","id_contador":"integer","id_empresa":"integer"},"\u0000*\u0000castHandlers":[],"\u0000CodeIgniter\\Entity\\Entity\u0000defaultCastHandlers":{"array":"CodeIgniter\\Entity\\Cast\\ArrayCast","bool":"CodeIgniter\\Entity\\Cast\\BooleanCast","boolean":"CodeIgniter\\Entity\\Cast\\BooleanCast","csv":"CodeIgniter\\Entity\\Cast\\CSVCast","datetime":"CodeIgniter\\Entity\\Cast\\DatetimeCast","double":"CodeIgniter\\Entity\\Cast\\FloatCast","float":"CodeIgniter\\Entity\\Cast\\FloatCast","int":"CodeIgniter\\Entity\\Cast\\IntegerCast","integer":"CodeIgniter\\Entity\\Cast\\IntegerCast","int-bool":"CodeIgniter\\Entity\\Cast\\IntBoolCast","json":"CodeIgniter\\Entity\\Cast\\JsonCast","object":"CodeIgniter\\Entity\\Cast\\ObjectCast","string":"CodeIgniter\\Entity\\Cast\\StringCast","timestamp":"CodeIgniter\\Entity\\Cast\\TimestampCast","uri":"CodeIgniter\\Entity\\Cast\\URICast"},"\u0000*\u0000attributes":{"id_shift":"1","id_cash_register":"1","opened_by":"admin","closed_by":"test_final","opened_at":"2025-09-17 04:11:45","closed_at":"2025-09-24 05:48:50","opening_amount":"0.00","closing_amount":"75.00","status":"closed","id_contador":"1","id_empresa":"5","created_at":"2025-09-17 04:11:45","updated_at":"2025-09-24 05:48:50","deleted_at":"0000-00-00 00:00:00"},"\u0000*\u0000original":{"id_shift":"1","id_cash_register":"1","opened_by":"admin","closed_by":"test_final","opened_at":"2025-09-17 04:11:45","closed_at":"2025-09-24 05:48:50","opening_amount":"0.00","closing_amount":"75.00","status":"closed","id_contador":"1","id_empresa":"5","created_at":"2025-09-17 04:11:45","updated_at":"2025-09-24 05:48:50","deleted_at":"0000-00-00 00:00:00"},"\u0000CodeIgniter\\Entity\\Entity\u0000_cast":true}
ERROR - 2025-09-24 05:48:50 --> Shifts::close - Falha ao fechar caixa via model: Nenhum caixa aberto encontrado.
CRITICAL - 2025-09-24 05:49:46 --> CodeIgniter\HTTP\Exceptions\HTTPException: Failed to parse JSON string. Error: Syntax error
in SYSTEMPATH\HTTP\IncomingRequest.php on line 588.
 1 SYSTEMPATH\HTTP\IncomingRequest.php(588): CodeIgniter\HTTP\Exceptions\HTTPException::forInvalidJSON('Syntax error')
 2 APPPATH\Controllers\Api\Shifts.php(111): CodeIgniter\HTTP\IncomingRequest->getJSON(true)
 3 SYSTEMPATH\CodeIgniter.php(941): App\Controllers\Api\Shifts->open()
 4 SYSTEMPATH\CodeIgniter.php(502): CodeIgniter\CodeIgniter->runController(Object(App\Controllers\Api\Shifts))
 5 SYSTEMPATH\CodeIgniter.php(361): CodeIgniter\CodeIgniter->handleRequest(null, Object(Config\Cache), false)
 6 FCPATH\index.php(79): CodeIgniter\CodeIgniter->run()
INFO - 2025-09-24 05:49:58 --> Session: Class initialized using 'CodeIgniter\Session\Handlers\FileHandler' driver.
ERROR - 2025-09-24 05:49:58 --> mysqli_sql_exception: Cannot add or update a child row: a foreign key constraint fails (`erp_local`.`shifts`, CONSTRAINT `shifts_id_contador_foreign` FOREIGN KEY (`id_contador`) REFERENCES `contadores` (`id_contador`) ON DELETE CASCADE ON UPDATE CASCADE) in C:\xampp\htdocs\erp.local\system\Database\MySQLi\Connection.php:306
Stack trace:
#0 C:\xampp\htdocs\erp.local\system\Database\MySQLi\Connection.php(306): mysqli->query('INSERT INTO `sh...', 0)
#1 C:\xampp\htdocs\erp.local\system\Database\BaseConnection.php(693): CodeIgniter\Database\MySQLi\Connection->execute('INSERT INTO `sh...')
#2 C:\xampp\htdocs\erp.local\system\Database\BaseConnection.php(607): CodeIgniter\Database\BaseConnection->simpleQuery('INSERT INTO `sh...')
#3 C:\xampp\htdocs\erp.local\system\Database\BaseBuilder.php(2307): CodeIgniter\Database\BaseConnection->query('INSERT INTO `sh...', Array, false)
#4 C:\xampp\htdocs\erp.local\system\Model.php(326): CodeIgniter\Database\BaseBuilder->insert()
#5 C:\xampp\htdocs\erp.local\system\BaseModel.php(802): CodeIgniter\Model->doInsert(Array)
#6 C:\xampp\htdocs\erp.local\system\Model.php(744): CodeIgniter\BaseModel->insert(Array, true)
#7 C:\xampp\htdocs\erp.local\app\Controllers\Api\Shifts.php(131): CodeIgniter\Model->insert(Array)
#8 C:\xampp\htdocs\erp.local\system\CodeIgniter.php(941): App\Controllers\Api\Shifts->open()
#9 C:\xampp\htdocs\erp.local\system\CodeIgniter.php(502): CodeIgniter\CodeIgniter->runController(Object(App\Controllers\Api\Shifts))
#10 C:\xampp\htdocs\erp.local\system\CodeIgniter.php(361): CodeIgniter\CodeIgniter->handleRequest(NULL, Object(Config\Cache), false)
#11 C:\xampp\htdocs\erp.local\public\index.php(79): CodeIgniter\CodeIgniter->run()
#12 {main}
CRITICAL - 2025-09-24 05:49:58 --> CodeIgniter\Database\Exceptions\DatabaseException: Cannot add or update a child row: a foreign key constraint fails (`erp_local`.`shifts`, CONSTRAINT `shifts_id_contador_foreign` FOREIGN KEY (`id_contador`) REFERENCES `contadores` (`id_contador`) ON DELETE CASCADE ON UPDATE CASCADE)
in SYSTEMPATH\Database\BaseConnection.php on line 647.
 1 SYSTEMPATH\Database\BaseBuilder.php(2307): CodeIgniter\Database\BaseConnection->query('INSERT INTO `shifts` (`id_cash_register`, `opened_by`, `opened_at`, `opening_amount`, `status`, `created_at`, `updated_at`) VALUES (:id_cash_register:, :opened_by:, :opened_at:, :opening_amount:, :status:, :created_at:, :updated_at:)', [...], false)
 2 SYSTEMPATH\Model.php(326): CodeIgniter\Database\BaseBuilder->insert()
 3 SYSTEMPATH\BaseModel.php(802): CodeIgniter\Model->doInsert([...])
 4 SYSTEMPATH\Model.php(744): CodeIgniter\BaseModel->insert([...], true)
 5 APPPATH\Controllers\Api\Shifts.php(131): CodeIgniter\Model->insert([...])
 6 SYSTEMPATH\CodeIgniter.php(941): App\Controllers\Api\Shifts->open()
 7 SYSTEMPATH\CodeIgniter.php(502): CodeIgniter\CodeIgniter->runController(Object(App\Controllers\Api\Shifts))
 8 SYSTEMPATH\CodeIgniter.php(361): CodeIgniter\CodeIgniter->handleRequest(null, Object(Config\Cache), false)
 9 FCPATH\index.php(79): CodeIgniter\CodeIgniter->run()
CRITICAL - 2025-09-24 05:49:58 --> [Caused by] CodeIgniter\Database\Exceptions\DatabaseException: Cannot add or update a child row: a foreign key constraint fails (`erp_local`.`shifts`, CONSTRAINT `shifts_id_contador_foreign` FOREIGN KEY (`id_contador`) REFERENCES `contadores` (`id_contador`) ON DELETE CASCADE ON UPDATE CASCADE)
in SYSTEMPATH\Database\MySQLi\Connection.php on line 311.
 1 SYSTEMPATH\Database\BaseConnection.php(693): CodeIgniter\Database\MySQLi\Connection->execute('INSERT INTO `shifts` (`id_cash_register`, `opened_by`, `opened_at`, `opening_amount`, `status`, `created_at`, `updated_at`) VALUES (1, \'test_user\', \'2025-09-24 05:49:58\', 100, \'open\', \'2025-09-24 05:49:58\', \'2025-09-24 05:49:58\')')
 2 SYSTEMPATH\Database\BaseConnection.php(607): CodeIgniter\Database\BaseConnection->simpleQuery('INSERT INTO `shifts` (`id_cash_register`, `opened_by`, `opened_at`, `opening_amount`, `status`, `created_at`, `updated_at`) VALUES (1, \'test_user\', \'2025-09-24 05:49:58\', 100, \'open\', \'2025-09-24 05:49:58\', \'2025-09-24 05:49:58\')')
 3 SYSTEMPATH\Database\BaseBuilder.php(2307): CodeIgniter\Database\BaseConnection->query('INSERT INTO `shifts` (`id_cash_register`, `opened_by`, `opened_at`, `opening_amount`, `status`, `created_at`, `updated_at`) VALUES (:id_cash_register:, :opened_by:, :opened_at:, :opening_amount:, :status:, :created_at:, :updated_at:)', [...], false)
 4 SYSTEMPATH\Model.php(326): CodeIgniter\Database\BaseBuilder->insert()
 5 SYSTEMPATH\BaseModel.php(802): CodeIgniter\Model->doInsert([...])
 6 SYSTEMPATH\Model.php(744): CodeIgniter\BaseModel->insert([...], true)
 7 APPPATH\Controllers\Api\Shifts.php(131): CodeIgniter\Model->insert([...])
 8 SYSTEMPATH\CodeIgniter.php(941): App\Controllers\Api\Shifts->open()
 9 SYSTEMPATH\CodeIgniter.php(502): CodeIgniter\CodeIgniter->runController(Object(App\Controllers\Api\Shifts))
10 SYSTEMPATH\CodeIgniter.php(361): CodeIgniter\CodeIgniter->handleRequest(null, Object(Config\Cache), false)
11 FCPATH\index.php(79): CodeIgniter\CodeIgniter->run()
CRITICAL - 2025-09-24 05:49:58 --> [Caused by] mysqli_sql_exception: Cannot add or update a child row: a foreign key constraint fails (`erp_local`.`shifts`, CONSTRAINT `shifts_id_contador_foreign` FOREIGN KEY (`id_contador`) REFERENCES `contadores` (`id_contador`) ON DELETE CASCADE ON UPDATE CASCADE)
in SYSTEMPATH\Database\MySQLi\Connection.php on line 306.
 1 SYSTEMPATH\Database\MySQLi\Connection.php(306): mysqli->query('INSERT INTO `shifts` (`id_cash_register`, `opened_by`, `opened_at`, `opening_amount`, `status`, `created_at`, `updated_at`) VALUES (1, \'test_user\', \'2025-09-24 05:49:58\', 100, \'open\', \'2025-09-24 05:49:58\', \'2025-09-24 05:49:58\')', 0)
 2 SYSTEMPATH\Database\BaseConnection.php(693): CodeIgniter\Database\MySQLi\Connection->execute('INSERT INTO `shifts` (`id_cash_register`, `opened_by`, `opened_at`, `opening_amount`, `status`, `created_at`, `updated_at`) VALUES (1, \'test_user\', \'2025-09-24 05:49:58\', 100, \'open\', \'2025-09-24 05:49:58\', \'2025-09-24 05:49:58\')')
 3 SYSTEMPATH\Database\BaseConnection.php(607): CodeIgniter\Database\BaseConnection->simpleQuery('INSERT INTO `shifts` (`id_cash_register`, `opened_by`, `opened_at`, `opening_amount`, `status`, `created_at`, `updated_at`) VALUES (1, \'test_user\', \'2025-09-24 05:49:58\', 100, \'open\', \'2025-09-24 05:49:58\', \'2025-09-24 05:49:58\')')
 4 SYSTEMPATH\Database\BaseBuilder.php(2307): CodeIgniter\Database\BaseConnection->query('INSERT INTO `shifts` (`id_cash_register`, `opened_by`, `opened_at`, `opening_amount`, `status`, `created_at`, `updated_at`) VALUES (:id_cash_register:, :opened_by:, :opened_at:, :opening_amount:, :status:, :created_at:, :updated_at:)', [...], false)
 5 SYSTEMPATH\Model.php(326): CodeIgniter\Database\BaseBuilder->insert()
 6 SYSTEMPATH\BaseModel.php(802): CodeIgniter\Model->doInsert([...])
 7 SYSTEMPATH\Model.php(744): CodeIgniter\BaseModel->insert([...], true)
 8 APPPATH\Controllers\Api\Shifts.php(131): CodeIgniter\Model->insert([...])
 9 SYSTEMPATH\CodeIgniter.php(941): App\Controllers\Api\Shifts->open()
10 SYSTEMPATH\CodeIgniter.php(502): CodeIgniter\CodeIgniter->runController(Object(App\Controllers\Api\Shifts))
11 SYSTEMPATH\CodeIgniter.php(361): CodeIgniter\CodeIgniter->handleRequest(null, Object(Config\Cache), false)
12 FCPATH\index.php(79): CodeIgniter\CodeIgniter->run()
CRITICAL - 2025-09-24 05:50:27 --> ATENÇÃO: Shifts::close() FOI EXECUTADO. id=5
DEBUG - 2025-09-24 05:50:27 --> Shifts::close - Início. ID turno=5, payload={"closed_by":"test_final_debug","closing_amount":"150,00"}
DEBUG - 2025-09-24 05:50:27 --> Shifts::close - closing_amount normalizado=150
DEBUG - 2025-09-24 05:50:27 --> Shifts::close - Turno atual carregado: {"id_shift":"5","id_cash_register":"1","opened_by":"test_user","closed_by":"","opened_at":"2025-09-24 05:50:17","closed_at":"0000-00-00 00:00:00","opening_amount":"100.00","closing_amount":"0.00","status":"open","id_contador":"1","id_empresa":"5","created_at":"2025-09-24 05:50:17","updated_at":"2025-09-24 05:50:17","deleted_at":"0000-00-00 00:00:00"}
DEBUG - 2025-09-24 05:50:27 --> Shifts::close - Totais por pagamento: []
DEBUG - 2025-09-24 05:50:27 --> Shifts::close - Dados para update: {"closed_by":"test_final_debug","closed_at":"2025-09-24 05:50:27","closing_amount":150,"status":"closed","id_cash_register":1}
INFO - 2025-09-24 05:50:27 --> Session: Class initialized using 'CodeIgniter\Session\Handlers\FileHandler' driver.
DEBUG - 2025-09-24 05:50:27 --> Shifts::close - Sucesso. Registro atualizado: {"\u0000*\u0000datamap":[],"\u0000*\u0000dates":["opened_at","closed_at","created_at","updated_at","deleted_at"],"\u0000*\u0000casts":{"id_shift":"integer","id_cash_register":"integer","opening_amount":"float","closing_amount":"float","id_contador":"integer","id_empresa":"integer"},"\u0000*\u0000castHandlers":[],"\u0000CodeIgniter\\Entity\\Entity\u0000defaultCastHandlers":{"array":"CodeIgniter\\Entity\\Cast\\ArrayCast","bool":"CodeIgniter\\Entity\\Cast\\BooleanCast","boolean":"CodeIgniter\\Entity\\Cast\\BooleanCast","csv":"CodeIgniter\\Entity\\Cast\\CSVCast","datetime":"CodeIgniter\\Entity\\Cast\\DatetimeCast","double":"CodeIgniter\\Entity\\Cast\\FloatCast","float":"CodeIgniter\\Entity\\Cast\\FloatCast","int":"CodeIgniter\\Entity\\Cast\\IntegerCast","integer":"CodeIgniter\\Entity\\Cast\\IntegerCast","int-bool":"CodeIgniter\\Entity\\Cast\\IntBoolCast","json":"CodeIgniter\\Entity\\Cast\\JsonCast","object":"CodeIgniter\\Entity\\Cast\\ObjectCast","string":"CodeIgniter\\Entity\\Cast\\StringCast","timestamp":"CodeIgniter\\Entity\\Cast\\TimestampCast","uri":"CodeIgniter\\Entity\\Cast\\URICast"},"\u0000*\u0000attributes":{"id_shift":"5","id_cash_register":"1","opened_by":"test_user","closed_by":"test_final_debug","opened_at":"2025-09-24 05:50:17","closed_at":"2025-09-24 05:50:27","opening_amount":"100.00","closing_amount":"150.00","status":"closed","id_contador":"1","id_empresa":"5","created_at":"2025-09-24 05:50:17","updated_at":"2025-09-24 05:50:27","deleted_at":"0000-00-00 00:00:00"},"\u0000*\u0000original":{"id_shift":"5","id_cash_register":"1","opened_by":"test_user","closed_by":"test_final_debug","opened_at":"2025-09-24 05:50:17","closed_at":"2025-09-24 05:50:27","opening_amount":"100.00","closing_amount":"150.00","status":"closed","id_contador":"1","id_empresa":"5","created_at":"2025-09-24 05:50:17","updated_at":"2025-09-24 05:50:27","deleted_at":"0000-00-00 00:00:00"},"\u0000CodeIgniter\\Entity\\Entity\u0000_cast":true}
DEBUG - 2025-09-24 05:50:27 --> Shifts::close - Usando IDs do shift: contador=1, empresa=5
DEBUG - 2025-09-24 05:50:27 --> Shifts::close - Tentando fechar caixa com: contador=1, empresa=5, usuario=0, valor=150
ERROR - 2025-09-24 05:50:27 --> Shifts::close - Falha ao fechar caixa via model: Falha ao fechar o caixa.
CRITICAL - 2025-09-24 05:51:16 --> ATENÇÃO: Shifts::close() FOI EXECUTADO. id=6
DEBUG - 2025-09-24 05:51:16 --> Shifts::close - Início. ID turno=6, payload={"closed_by":"debug_final","closing_amount":"200,00"}
DEBUG - 2025-09-24 05:51:16 --> Shifts::close - closing_amount normalizado=200
DEBUG - 2025-09-24 05:51:16 --> Shifts::close - Turno atual carregado: {"id_shift":"6","id_cash_register":"1","opened_by":"test_user","closed_by":"","opened_at":"2025-09-24 05:51:03","closed_at":"0000-00-00 00:00:00","opening_amount":"100.00","closing_amount":"0.00","status":"open","id_contador":"1","id_empresa":"5","created_at":"2025-09-24 05:51:03","updated_at":"2025-09-24 05:51:03","deleted_at":"0000-00-00 00:00:00"}
DEBUG - 2025-09-24 05:51:16 --> Shifts::close - Totais por pagamento: []
DEBUG - 2025-09-24 05:51:16 --> Shifts::close - Dados para update: {"closed_by":"debug_final","closed_at":"2025-09-24 05:51:16","closing_amount":200,"status":"closed","id_cash_register":1}
INFO - 2025-09-24 05:51:16 --> Session: Class initialized using 'CodeIgniter\Session\Handlers\FileHandler' driver.
DEBUG - 2025-09-24 05:51:16 --> Shifts::close - Sucesso. Registro atualizado: {"\u0000*\u0000datamap":[],"\u0000*\u0000dates":["opened_at","closed_at","created_at","updated_at","deleted_at"],"\u0000*\u0000casts":{"id_shift":"integer","id_cash_register":"integer","opening_amount":"float","closing_amount":"float","id_contador":"integer","id_empresa":"integer"},"\u0000*\u0000castHandlers":[],"\u0000CodeIgniter\\Entity\\Entity\u0000defaultCastHandlers":{"array":"CodeIgniter\\Entity\\Cast\\ArrayCast","bool":"CodeIgniter\\Entity\\Cast\\BooleanCast","boolean":"CodeIgniter\\Entity\\Cast\\BooleanCast","csv":"CodeIgniter\\Entity\\Cast\\CSVCast","datetime":"CodeIgniter\\Entity\\Cast\\DatetimeCast","double":"CodeIgniter\\Entity\\Cast\\FloatCast","float":"CodeIgniter\\Entity\\Cast\\FloatCast","int":"CodeIgniter\\Entity\\Cast\\IntegerCast","integer":"CodeIgniter\\Entity\\Cast\\IntegerCast","int-bool":"CodeIgniter\\Entity\\Cast\\IntBoolCast","json":"CodeIgniter\\Entity\\Cast\\JsonCast","object":"CodeIgniter\\Entity\\Cast\\ObjectCast","string":"CodeIgniter\\Entity\\Cast\\StringCast","timestamp":"CodeIgniter\\Entity\\Cast\\TimestampCast","uri":"CodeIgniter\\Entity\\Cast\\URICast"},"\u0000*\u0000attributes":{"id_shift":"6","id_cash_register":"1","opened_by":"test_user","closed_by":"debug_final","opened_at":"2025-09-24 05:51:03","closed_at":"2025-09-24 05:51:16","opening_amount":"100.00","closing_amount":"200.00","status":"closed","id_contador":"1","id_empresa":"5","created_at":"2025-09-24 05:51:03","updated_at":"2025-09-24 05:51:16","deleted_at":"0000-00-00 00:00:00"},"\u0000*\u0000original":{"id_shift":"6","id_cash_register":"1","opened_by":"test_user","closed_by":"debug_final","opened_at":"2025-09-24 05:51:03","closed_at":"2025-09-24 05:51:16","opening_amount":"100.00","closing_amount":"200.00","status":"closed","id_contador":"1","id_empresa":"5","created_at":"2025-09-24 05:51:03","updated_at":"2025-09-24 05:51:16","deleted_at":"0000-00-00 00:00:00"},"\u0000CodeIgniter\\Entity\\Entity\u0000_cast":true}
DEBUG - 2025-09-24 05:51:16 --> Shifts::close - Usando IDs do shift: contador=1, empresa=5
DEBUG - 2025-09-24 05:51:16 --> Shifts::close - Tentando fechar caixa com: contador=1, empresa=5, usuario=0, valor=200
DEBUG - 2025-09-24 05:51:16 --> CaixaSessaoModel::closeOpenSession - Início: contador=1, empresa=5, usuario=0, valor=200
DEBUG - 2025-09-24 05:51:16 --> CaixaSessaoModel::closeOpenSession - Resultado query: {"id":"3","id_contador":"1","id_empresa":"5","id_usuario_abertura":"1","data_abertura":"2025-09-24 05:51:03","valor_inicial":"100.00","id_usuario_fechamento":null,"data_fechamento":null,"valor_final_contado_dinheiro":"0.00","valor_final_calculado_dinheiro":"0.00","total_vendas_cartao":"0.00","total_vendas_pix":"0.00","total_vendas_outros":"0.00","diferenca_dinheiro":"0.00","status":"aberto","created_at":null,"updated_at":null,"deleted_at":null}
DEBUG - 2025-09-24 05:51:16 --> CaixaSessaoModel::closeOpenSession - Caixa encontrado: id=3, valor_inicial=100
ERROR - 2025-09-24 05:51:16 --> Shifts::close - Falha ao fechar caixa via model: Falha ao fechar o caixa.
CRITICAL - 2025-09-24 05:52:27 --> ATENÇÃO: Shifts::close() FOI EXECUTADO. id=7
DEBUG - 2025-09-24 05:52:27 --> Shifts::close - Início. ID turno=7, payload={"closed_by":"ultimate_test","closing_amount":"250,00"}
DEBUG - 2025-09-24 05:52:27 --> Shifts::close - closing_amount normalizado=250
DEBUG - 2025-09-24 05:52:27 --> Shifts::close - Turno atual carregado: {"id_shift":"7","id_cash_register":"1","opened_by":"test_user","closed_by":"","opened_at":"2025-09-24 05:52:14","closed_at":"0000-00-00 00:00:00","opening_amount":"100.00","closing_amount":"0.00","status":"open","id_contador":"1","id_empresa":"5","created_at":"2025-09-24 05:52:14","updated_at":"2025-09-24 05:52:14","deleted_at":"0000-00-00 00:00:00"}
DEBUG - 2025-09-24 05:52:27 --> Shifts::close - Totais por pagamento: []
DEBUG - 2025-09-24 05:52:27 --> Shifts::close - Dados para update: {"closed_by":"ultimate_test","closed_at":"2025-09-24 05:52:27","closing_amount":250,"status":"closed","id_cash_register":1}
INFO - 2025-09-24 05:52:27 --> Session: Class initialized using 'CodeIgniter\Session\Handlers\FileHandler' driver.
DEBUG - 2025-09-24 05:52:27 --> Shifts::close - Sucesso. Registro atualizado: {"\u0000*\u0000datamap":[],"\u0000*\u0000dates":["opened_at","closed_at","created_at","updated_at","deleted_at"],"\u0000*\u0000casts":{"id_shift":"integer","id_cash_register":"integer","opening_amount":"float","closing_amount":"float","id_contador":"integer","id_empresa":"integer"},"\u0000*\u0000castHandlers":[],"\u0000CodeIgniter\\Entity\\Entity\u0000defaultCastHandlers":{"array":"CodeIgniter\\Entity\\Cast\\ArrayCast","bool":"CodeIgniter\\Entity\\Cast\\BooleanCast","boolean":"CodeIgniter\\Entity\\Cast\\BooleanCast","csv":"CodeIgniter\\Entity\\Cast\\CSVCast","datetime":"CodeIgniter\\Entity\\Cast\\DatetimeCast","double":"CodeIgniter\\Entity\\Cast\\FloatCast","float":"CodeIgniter\\Entity\\Cast\\FloatCast","int":"CodeIgniter\\Entity\\Cast\\IntegerCast","integer":"CodeIgniter\\Entity\\Cast\\IntegerCast","int-bool":"CodeIgniter\\Entity\\Cast\\IntBoolCast","json":"CodeIgniter\\Entity\\Cast\\JsonCast","object":"CodeIgniter\\Entity\\Cast\\ObjectCast","string":"CodeIgniter\\Entity\\Cast\\StringCast","timestamp":"CodeIgniter\\Entity\\Cast\\TimestampCast","uri":"CodeIgniter\\Entity\\Cast\\URICast"},"\u0000*\u0000attributes":{"id_shift":"7","id_cash_register":"1","opened_by":"test_user","closed_by":"ultimate_test","opened_at":"2025-09-24 05:52:14","closed_at":"2025-09-24 05:52:27","opening_amount":"100.00","closing_amount":"250.00","status":"closed","id_contador":"1","id_empresa":"5","created_at":"2025-09-24 05:52:14","updated_at":"2025-09-24 05:52:27","deleted_at":"0000-00-00 00:00:00"},"\u0000*\u0000original":{"id_shift":"7","id_cash_register":"1","opened_by":"test_user","closed_by":"ultimate_test","opened_at":"2025-09-24 05:52:14","closed_at":"2025-09-24 05:52:27","opening_amount":"100.00","closing_amount":"250.00","status":"closed","id_contador":"1","id_empresa":"5","created_at":"2025-09-24 05:52:14","updated_at":"2025-09-24 05:52:27","deleted_at":"0000-00-00 00:00:00"},"\u0000CodeIgniter\\Entity\\Entity\u0000_cast":true}
DEBUG - 2025-09-24 05:52:27 --> Shifts::close - Usando IDs do shift: contador=1, empresa=5
DEBUG - 2025-09-24 05:52:27 --> Shifts::close - Tentando fechar caixa com: contador=1, empresa=5, usuario=0, valor=250
DEBUG - 2025-09-24 05:52:27 --> CaixaSessaoModel::closeOpenSession - Início: contador=1, empresa=5, usuario=0, valor=250
DEBUG - 2025-09-24 05:52:27 --> CaixaSessaoModel::closeOpenSession - Resultado query: {"id":"4","id_contador":"1","id_empresa":"5","id_usuario_abertura":"1","data_abertura":"2025-09-24 05:52:14","valor_inicial":"100.00","id_usuario_fechamento":null,"data_fechamento":null,"valor_final_contado_dinheiro":"0.00","valor_final_calculado_dinheiro":"0.00","total_vendas_cartao":"0.00","total_vendas_pix":"0.00","total_vendas_outros":"0.00","diferenca_dinheiro":"0.00","status":"aberto","created_at":null,"updated_at":null,"deleted_at":null}
DEBUG - 2025-09-24 05:52:27 --> CaixaSessaoModel::closeOpenSession - Caixa encontrado: id=4, valor_inicial=100
DEBUG - 2025-09-24 05:52:27 --> CaixaSessaoModel::closeOpenSession - Update result: ok=true, affected=0, transStatus=true
ERROR - 2025-09-24 05:52:27 --> CaixaSessaoModel::closeOpenSession - Falha no update
ERROR - 2025-09-24 05:52:27 --> Shifts::close - Falha ao fechar caixa via model: Falha ao fechar o caixa.
CRITICAL - 2025-09-24 05:53:09 --> ATENÇÃO: Shifts::close() FOI EXECUTADO. id=8
DEBUG - 2025-09-24 05:53:09 --> Shifts::close - Início. ID turno=8, payload={"closed_by":"victory_test","closing_amount":"300,00"}
DEBUG - 2025-09-24 05:53:09 --> Shifts::close - closing_amount normalizado=300
DEBUG - 2025-09-24 05:53:09 --> Shifts::close - Turno atual carregado: {"id_shift":"8","id_cash_register":"1","opened_by":"test_user","closed_by":"","opened_at":"2025-09-24 05:52:56","closed_at":"0000-00-00 00:00:00","opening_amount":"100.00","closing_amount":"0.00","status":"open","id_contador":"1","id_empresa":"5","created_at":"2025-09-24 05:52:56","updated_at":"2025-09-24 05:52:56","deleted_at":"0000-00-00 00:00:00"}
DEBUG - 2025-09-24 05:53:09 --> Shifts::close - Totais por pagamento: []
DEBUG - 2025-09-24 05:53:09 --> Shifts::close - Dados para update: {"closed_by":"victory_test","closed_at":"2025-09-24 05:53:09","closing_amount":300,"status":"closed","id_cash_register":1}
INFO - 2025-09-24 05:53:09 --> Session: Class initialized using 'CodeIgniter\Session\Handlers\FileHandler' driver.
DEBUG - 2025-09-24 05:53:09 --> Shifts::close - Sucesso. Registro atualizado: {"\u0000*\u0000datamap":[],"\u0000*\u0000dates":["opened_at","closed_at","created_at","updated_at","deleted_at"],"\u0000*\u0000casts":{"id_shift":"integer","id_cash_register":"integer","opening_amount":"float","closing_amount":"float","id_contador":"integer","id_empresa":"integer"},"\u0000*\u0000castHandlers":[],"\u0000CodeIgniter\\Entity\\Entity\u0000defaultCastHandlers":{"array":"CodeIgniter\\Entity\\Cast\\ArrayCast","bool":"CodeIgniter\\Entity\\Cast\\BooleanCast","boolean":"CodeIgniter\\Entity\\Cast\\BooleanCast","csv":"CodeIgniter\\Entity\\Cast\\CSVCast","datetime":"CodeIgniter\\Entity\\Cast\\DatetimeCast","double":"CodeIgniter\\Entity\\Cast\\FloatCast","float":"CodeIgniter\\Entity\\Cast\\FloatCast","int":"CodeIgniter\\Entity\\Cast\\IntegerCast","integer":"CodeIgniter\\Entity\\Cast\\IntegerCast","int-bool":"CodeIgniter\\Entity\\Cast\\IntBoolCast","json":"CodeIgniter\\Entity\\Cast\\JsonCast","object":"CodeIgniter\\Entity\\Cast\\ObjectCast","string":"CodeIgniter\\Entity\\Cast\\StringCast","timestamp":"CodeIgniter\\Entity\\Cast\\TimestampCast","uri":"CodeIgniter\\Entity\\Cast\\URICast"},"\u0000*\u0000attributes":{"id_shift":"8","id_cash_register":"1","opened_by":"test_user","closed_by":"victory_test","opened_at":"2025-09-24 05:52:56","closed_at":"2025-09-24 05:53:09","opening_amount":"100.00","closing_amount":"300.00","status":"closed","id_contador":"1","id_empresa":"5","created_at":"2025-09-24 05:52:56","updated_at":"2025-09-24 05:53:09","deleted_at":"0000-00-00 00:00:00"},"\u0000*\u0000original":{"id_shift":"8","id_cash_register":"1","opened_by":"test_user","closed_by":"victory_test","opened_at":"2025-09-24 05:52:56","closed_at":"2025-09-24 05:53:09","opening_amount":"100.00","closing_amount":"300.00","status":"closed","id_contador":"1","id_empresa":"5","created_at":"2025-09-24 05:52:56","updated_at":"2025-09-24 05:53:09","deleted_at":"0000-00-00 00:00:00"},"\u0000CodeIgniter\\Entity\\Entity\u0000_cast":true}
DEBUG - 2025-09-24 05:53:09 --> Shifts::close - Usando IDs do shift: contador=1, empresa=5
DEBUG - 2025-09-24 05:53:09 --> Shifts::close - Tentando fechar caixa com: contador=1, empresa=5, usuario=0, valor=300
DEBUG - 2025-09-24 05:53:09 --> CaixaSessaoModel::closeOpenSession - Início: contador=1, empresa=5, usuario=0, valor=300
DEBUG - 2025-09-24 05:53:09 --> CaixaSessaoModel::closeOpenSession - Resultado query: {"id":"5","id_contador":"1","id_empresa":"5","id_usuario_abertura":"1","data_abertura":"2025-09-24 05:52:56","valor_inicial":"100.00","id_usuario_fechamento":null,"data_fechamento":null,"valor_final_contado_dinheiro":"0.00","valor_final_calculado_dinheiro":"0.00","total_vendas_cartao":"0.00","total_vendas_pix":"0.00","total_vendas_outros":"0.00","diferenca_dinheiro":"0.00","status":"aberto","created_at":null,"updated_at":null,"deleted_at":null}
DEBUG - 2025-09-24 05:53:09 --> CaixaSessaoModel::closeOpenSession - Caixa encontrado: id=5, valor_inicial=100
DEBUG - 2025-09-24 05:53:09 --> CaixaSessaoModel::closeOpenSession - Update result: ok=true, affected=0, transStatus=true
ERROR - 2025-09-24 05:53:09 --> CaixaSessaoModel::closeOpenSession - Falha no update
ERROR - 2025-09-24 05:53:09 --> Shifts::close - Falha ao fechar caixa via model: Falha ao fechar o caixa.
INFO - 2025-09-24 05:54:16 --> Session: Class initialized using 'CodeIgniter\Session\Handlers\FileHandler' driver.
INFO - 2025-09-24 05:54:16 --> Session: Class initialized using 'CodeIgniter\Session\Handlers\FileHandler' driver.
INFO - 2025-09-24 05:54:18 --> Session: Class initialized using 'CodeIgniter\Session\Handlers\FileHandler' driver.
INFO - 2025-09-24 05:54:34 --> Session: Class initialized using 'CodeIgniter\Session\Handlers\FileHandler' driver.
INFO - 2025-09-24 05:54:34 --> Shifts::open - Caixa sessão aberta via model centralizado.
INFO - 2025-09-24 05:54:35 --> Session: Class initialized using 'CodeIgniter\Session\Handlers\FileHandler' driver.
INFO - 2025-09-24 05:54:37 --> Session: Class initialized using 'CodeIgniter\Session\Handlers\FileHandler' driver.
INFO - 2025-09-24 05:54:41 --> Session: Class initialized using 'CodeIgniter\Session\Handlers\FileHandler' driver.
INFO - 2025-09-24 05:54:44 --> Session: Class initialized using 'CodeIgniter\Session\Handlers\FileHandler' driver.
INFO - 2025-09-24 05:54:45 --> Session: Class initialized using 'CodeIgniter\Session\Handlers\FileHandler' driver.
INFO - 2025-09-24 05:54:47 --> Session: Class initialized using 'CodeIgniter\Session\Handlers\FileHandler' driver.
INFO - 2025-09-24 05:54:47 --> Session: Class initialized using 'CodeIgniter\Session\Handlers\FileHandler' driver.
INFO - 2025-09-24 05:54:47 --> Session: Class initialized using 'CodeIgniter\Session\Handlers\FileHandler' driver.
INFO - 2025-09-24 05:54:47 --> Session: Class initialized using 'CodeIgniter\Session\Handlers\FileHandler' driver.
INFO - 2025-09-24 05:54:47 --> Session: Class initialized using 'CodeIgniter\Session\Handlers\FileHandler' driver.
INFO - 2025-09-24 05:54:49 --> Session: Class initialized using 'CodeIgniter\Session\Handlers\FileHandler' driver.
INFO - 2025-09-24 05:55:06 --> Session: Class initialized using 'CodeIgniter\Session\Handlers\FileHandler' driver.
INFO - 2025-09-24 05:55:15 --> Session: Class initialized using 'CodeIgniter\Session\Handlers\FileHandler' driver.
INFO - 2025-09-24 05:55:15 --> Session: Class initialized using 'CodeIgniter\Session\Handlers\FileHandler' driver.
INFO - 2025-09-24 05:55:15 --> Session: Class initialized using 'CodeIgniter\Session\Handlers\FileHandler' driver.
INFO - 2025-09-24 05:55:17 --> Session: Class initialized using 'CodeIgniter\Session\Handlers\FileHandler' driver.
ERROR - 2025-09-24 05:55:17 --> mysqli_sql_exception: Unknown column 'id_contador' in 'field list' in C:\xampp\htdocs\erp.local\system\Database\MySQLi\Connection.php:306
Stack trace:
#0 C:\xampp\htdocs\erp.local\system\Database\MySQLi\Connection.php(306): mysqli->query('INSERT INTO `po...', 0)
#1 C:\xampp\htdocs\erp.local\system\Database\BaseConnection.php(693): CodeIgniter\Database\MySQLi\Connection->execute('INSERT INTO `po...')
#2 C:\xampp\htdocs\erp.local\system\Database\BaseConnection.php(607): CodeIgniter\Database\BaseConnection->simpleQuery('INSERT INTO `po...')
#3 C:\xampp\htdocs\erp.local\system\Database\BaseBuilder.php(2307): CodeIgniter\Database\BaseConnection->query('INSERT INTO `po...', Array, false)
#4 C:\xampp\htdocs\erp.local\system\Model.php(326): CodeIgniter\Database\BaseBuilder->insert()
#5 C:\xampp\htdocs\erp.local\system\BaseModel.php(802): CodeIgniter\Model->doInsert(Array)
#6 C:\xampp\htdocs\erp.local\system\Model.php(744): CodeIgniter\BaseModel->insert(Array, true)
#7 C:\xampp\htdocs\erp.local\app\Libraries\EstoqueService.php(26): CodeIgniter\Model->insert(Array)
#8 C:\xampp\htdocs\erp.local\app\Controllers\Api\Pos.php(276): App\Libraries\EstoqueService->darBaixaPorVenda(Array, 12, 1, 6)
#9 C:\xampp\htdocs\erp.local\system\CodeIgniter.php(941): App\Controllers\Api\Pos->finalize('12')
#10 C:\xampp\htdocs\erp.local\system\CodeIgniter.php(502): CodeIgniter\CodeIgniter->runController(Object(App\Controllers\Api\Pos))
#11 C:\xampp\htdocs\erp.local\system\CodeIgniter.php(361): CodeIgniter\CodeIgniter->handleRequest(NULL, Object(Config\Cache), false)
#12 C:\xampp\htdocs\erp.local\public\index.php(79): CodeIgniter\CodeIgniter->run()
#13 {main}
INFO - 2025-09-24 05:55:20 --> Session: Class initialized using 'CodeIgniter\Session\Handlers\FileHandler' driver.
INFO - 2025-09-24 05:55:20 --> Session: Class initialized using 'CodeIgniter\Session\Handlers\FileHandler' driver.
INFO - 2025-09-24 05:55:21 --> Session: Class initialized using 'CodeIgniter\Session\Handlers\FileHandler' driver.
INFO - 2025-09-24 05:55:26 --> Session: Class initialized using 'CodeIgniter\Session\Handlers\FileHandler' driver.
INFO - 2025-09-24 05:55:27 --> Session: Class initialized using 'CodeIgniter\Session\Handlers\FileHandler' driver.
INFO - 2025-09-24 05:55:31 --> Session: Class initialized using 'CodeIgniter\Session\Handlers\FileHandler' driver.
INFO - 2025-09-24 05:55:40 --> Session: Class initialized using 'CodeIgniter\Session\Handlers\FileHandler' driver.
INFO - 2025-09-24 05:55:40 --> Session: Class initialized using 'CodeIgniter\Session\Handlers\FileHandler' driver.
INFO - 2025-09-24 05:55:43 --> Session: Class initialized using 'CodeIgniter\Session\Handlers\FileHandler' driver.
INFO - 2025-09-24 05:56:19 --> Session: Class initialized using 'CodeIgniter\Session\Handlers\FileHandler' driver.
INFO - 2025-09-24 05:56:19 --> Session: Class initialized using 'CodeIgniter\Session\Handlers\FileHandler' driver.
INFO - 2025-09-24 05:56:19 --> Session: Class initialized using 'CodeIgniter\Session\Handlers\FileHandler' driver.
INFO - 2025-09-24 05:56:19 --> Session: Class initialized using 'CodeIgniter\Session\Handlers\FileHandler' driver.
INFO - 2025-09-24 05:56:19 --> Session: Class initialized using 'CodeIgniter\Session\Handlers\FileHandler' driver.
INFO - 2025-09-24 05:56:21 --> Session: Class initialized using 'CodeIgniter\Session\Handlers\FileHandler' driver.
INFO - 2025-09-24 05:56:24 --> Session: Class initialized using 'CodeIgniter\Session\Handlers\FileHandler' driver.
INFO - 2025-09-24 05:56:27 --> Session: Class initialized using 'CodeIgniter\Session\Handlers\FileHandler' driver.
INFO - 2025-09-24 05:56:58 --> Session: Class initialized using 'CodeIgniter\Session\Handlers\FileHandler' driver.
INFO - 2025-09-24 05:57:05 --> Session: Class initialized using 'CodeIgniter\Session\Handlers\FileHandler' driver.
INFO - 2025-09-24 05:57:05 --> Session: Class initialized using 'CodeIgniter\Session\Handlers\FileHandler' driver.
CRITICAL - 2025-09-24 06:01:22 --> ATENÇÃO: Shifts::close() FOI EXECUTADO. id=9
DEBUG - 2025-09-24 06:01:22 --> Shifts::close - Início. ID turno=9, payload={"closed_by":"test_corrigido","closing_amount":"150,00"}
DEBUG - 2025-09-24 06:01:22 --> Shifts::close - closing_amount normalizado=150
DEBUG - 2025-09-24 06:01:22 --> Shifts::close - Turno atual carregado: {"id_shift":"9","id_cash_register":"4","opened_by":"pdv","closed_by":"","opened_at":"2025-09-24 05:54:34","closed_at":"0000-00-00 00:00:00","opening_amount":"0.00","closing_amount":"0.00","status":"open","id_contador":"1","id_empresa":"6","created_at":"2025-09-24 05:54:34","updated_at":"2025-09-24 05:54:34","deleted_at":"0000-00-00 00:00:00"}
DEBUG - 2025-09-24 06:01:22 --> Shifts::close - Totais por pagamento: []
DEBUG - 2025-09-24 06:01:22 --> Shifts::close - Dados para update: {"closed_by":"test_corrigido","closed_at":"2025-09-24 06:01:22","closing_amount":150,"status":"closed","id_cash_register":4}
INFO - 2025-09-24 06:01:22 --> Session: Class initialized using 'CodeIgniter\Session\Handlers\FileHandler' driver.
DEBUG - 2025-09-24 06:01:22 --> Shifts::close - Sucesso. Registro atualizado: {"\u0000*\u0000datamap":[],"\u0000*\u0000dates":["opened_at","closed_at","created_at","updated_at","deleted_at"],"\u0000*\u0000casts":{"id_shift":"integer","id_cash_register":"integer","opening_amount":"float","closing_amount":"float","id_contador":"integer","id_empresa":"integer"},"\u0000*\u0000castHandlers":[],"\u0000CodeIgniter\\Entity\\Entity\u0000defaultCastHandlers":{"array":"CodeIgniter\\Entity\\Cast\\ArrayCast","bool":"CodeIgniter\\Entity\\Cast\\BooleanCast","boolean":"CodeIgniter\\Entity\\Cast\\BooleanCast","csv":"CodeIgniter\\Entity\\Cast\\CSVCast","datetime":"CodeIgniter\\Entity\\Cast\\DatetimeCast","double":"CodeIgniter\\Entity\\Cast\\FloatCast","float":"CodeIgniter\\Entity\\Cast\\FloatCast","int":"CodeIgniter\\Entity\\Cast\\IntegerCast","integer":"CodeIgniter\\Entity\\Cast\\IntegerCast","int-bool":"CodeIgniter\\Entity\\Cast\\IntBoolCast","json":"CodeIgniter\\Entity\\Cast\\JsonCast","object":"CodeIgniter\\Entity\\Cast\\ObjectCast","string":"CodeIgniter\\Entity\\Cast\\StringCast","timestamp":"CodeIgniter\\Entity\\Cast\\TimestampCast","uri":"CodeIgniter\\Entity\\Cast\\URICast"},"\u0000*\u0000attributes":{"id_shift":"9","id_cash_register":"4","opened_by":"pdv","closed_by":"test_corrigido","opened_at":"2025-09-24 05:54:34","closed_at":"2025-09-24 06:01:22","opening_amount":"0.00","closing_amount":"150.00","status":"closed","id_contador":"1","id_empresa":"6","created_at":"2025-09-24 05:54:34","updated_at":"2025-09-24 06:01:22","deleted_at":"0000-00-00 00:00:00"},"\u0000*\u0000original":{"id_shift":"9","id_cash_register":"4","opened_by":"pdv","closed_by":"test_corrigido","opened_at":"2025-09-24 05:54:34","closed_at":"2025-09-24 06:01:22","opening_amount":"0.00","closing_amount":"150.00","status":"closed","id_contador":"1","id_empresa":"6","created_at":"2025-09-24 05:54:34","updated_at":"2025-09-24 06:01:22","deleted_at":"0000-00-00 00:00:00"},"\u0000CodeIgniter\\Entity\\Entity\u0000_cast":true}
DEBUG - 2025-09-24 06:01:22 --> Shifts::close - Usando IDs do shift: contador=1, empresa=6
DEBUG - 2025-09-24 06:01:22 --> Shifts::close - Tentando fechar caixa com: contador=1, empresa=6, usuario=0, valor=150
DEBUG - 2025-09-24 06:01:22 --> CaixaSessaoModel::closeOpenSession - Início: contador=1, empresa=6, usuario=0, valor=150
DEBUG - 2025-09-24 06:01:22 --> CaixaSessaoModel::closeOpenSession - Resultado query: {"id":"6","id_contador":"1","id_empresa":"6","id_usuario_abertura":null,"data_abertura":"2025-09-24 05:54:34","valor_inicial":"0.00","id_usuario_fechamento":null,"data_fechamento":null,"valor_final_contado_dinheiro":"0.00","valor_final_calculado_dinheiro":"0.00","total_vendas_cartao":"0.00","total_vendas_pix":"0.00","total_vendas_outros":"0.00","diferenca_dinheiro":"0.00","status":"aberto","created_at":"2025-09-24 05:54:34","updated_at":"2025-09-24 05:54:34","deleted_at":null}
DEBUG - 2025-09-24 06:01:22 --> CaixaSessaoModel::closeOpenSession - Caixa encontrado: id=6, valor_inicial=0
DEBUG - 2025-09-24 06:01:22 --> CaixaSessaoModel::closeOpenSession - Fazendo update: id=6, dados={"id_usuario_fechamento":null,"data_fechamento":"2025-09-24 06:01:22","valor_final_contado_dinheiro":150,"valor_final_calculado_dinheiro":0,"total_vendas_cartao":0,"total_vendas_pix":0,"total_vendas_outros":0,"diferenca_dinheiro":150,"status":"fechado"}
DEBUG - 2025-09-24 06:01:22 --> CaixaSessaoModel::closeOpenSession - Update result: ok=true, affected=1
INFO - 2025-09-24 06:01:22 --> CaixaSessaoModel::closeOpenSession - Sucesso! Sessão fechada: id=6
INFO - 2025-09-24 06:01:22 --> Shifts::close - Caixa sessão fechada via model centralizado. id=6
INFO - 2025-09-24 06:01:57 --> Session: Class initialized using 'CodeIgniter\Session\Handlers\FileHandler' driver.
ERROR - 2025-09-24 06:01:57 --> mysqli_sql_exception: Cannot add or update a child row: a foreign key constraint fails (`erp_local`.`shifts`, CONSTRAINT `shifts_id_contador_foreign` FOREIGN KEY (`id_contador`) REFERENCES `contadores` (`id_contador`) ON DELETE CASCADE ON UPDATE CASCADE) in C:\xampp\htdocs\erp.local\system\Database\MySQLi\Connection.php:306
Stack trace:
#0 C:\xampp\htdocs\erp.local\system\Database\MySQLi\Connection.php(306): mysqli->query('INSERT INTO `sh...', 0)
#1 C:\xampp\htdocs\erp.local\system\Database\BaseConnection.php(693): CodeIgniter\Database\MySQLi\Connection->execute('INSERT INTO `sh...')
#2 C:\xampp\htdocs\erp.local\system\Database\BaseConnection.php(607): CodeIgniter\Database\BaseConnection->simpleQuery('INSERT INTO `sh...')
#3 C:\xampp\htdocs\erp.local\system\Database\BaseBuilder.php(2307): CodeIgniter\Database\BaseConnection->query('INSERT INTO `sh...', Array, false)
#4 C:\xampp\htdocs\erp.local\system\Model.php(326): CodeIgniter\Database\BaseBuilder->insert()
#5 C:\xampp\htdocs\erp.local\system\BaseModel.php(802): CodeIgniter\Model->doInsert(Array)
#6 C:\xampp\htdocs\erp.local\system\Model.php(744): CodeIgniter\BaseModel->insert(Array, true)
#7 C:\xampp\htdocs\erp.local\app\Controllers\Api\Shifts.php(131): CodeIgniter\Model->insert(Array)
#8 C:\xampp\htdocs\erp.local\system\CodeIgniter.php(941): App\Controllers\Api\Shifts->open()
#9 C:\xampp\htdocs\erp.local\system\CodeIgniter.php(502): CodeIgniter\CodeIgniter->runController(Object(App\Controllers\Api\Shifts))
#10 C:\xampp\htdocs\erp.local\system\CodeIgniter.php(361): CodeIgniter\CodeIgniter->handleRequest(NULL, Object(Config\Cache), false)
#11 C:\xampp\htdocs\erp.local\public\index.php(79): CodeIgniter\CodeIgniter->run()
#12 {main}
CRITICAL - 2025-09-24 06:01:57 --> CodeIgniter\Database\Exceptions\DatabaseException: Cannot add or update a child row: a foreign key constraint fails (`erp_local`.`shifts`, CONSTRAINT `shifts_id_contador_foreign` FOREIGN KEY (`id_contador`) REFERENCES `contadores` (`id_contador`) ON DELETE CASCADE ON UPDATE CASCADE)
in SYSTEMPATH\Database\BaseConnection.php on line 647.
 1 SYSTEMPATH\Database\BaseBuilder.php(2307): CodeIgniter\Database\BaseConnection->query('INSERT INTO `shifts` (`id_cash_register`, `opened_by`, `opened_at`, `opening_amount`, `status`, `created_at`, `updated_at`) VALUES (:id_cash_register:, :opened_by:, :opened_at:, :opening_amount:, :status:, :created_at:, :updated_at:)', [...], false)
 2 SYSTEMPATH\Model.php(326): CodeIgniter\Database\BaseBuilder->insert()
 3 SYSTEMPATH\BaseModel.php(802): CodeIgniter\Model->doInsert([...])
 4 SYSTEMPATH\Model.php(744): CodeIgniter\BaseModel->insert([...], true)
 5 APPPATH\Controllers\Api\Shifts.php(131): CodeIgniter\Model->insert([...])
 6 SYSTEMPATH\CodeIgniter.php(941): App\Controllers\Api\Shifts->open()
 7 SYSTEMPATH\CodeIgniter.php(502): CodeIgniter\CodeIgniter->runController(Object(App\Controllers\Api\Shifts))
 8 SYSTEMPATH\CodeIgniter.php(361): CodeIgniter\CodeIgniter->handleRequest(null, Object(Config\Cache), false)
 9 FCPATH\index.php(79): CodeIgniter\CodeIgniter->run()
CRITICAL - 2025-09-24 06:01:57 --> [Caused by] CodeIgniter\Database\Exceptions\DatabaseException: Cannot add or update a child row: a foreign key constraint fails (`erp_local`.`shifts`, CONSTRAINT `shifts_id_contador_foreign` FOREIGN KEY (`id_contador`) REFERENCES `contadores` (`id_contador`) ON DELETE CASCADE ON UPDATE CASCADE)
in SYSTEMPATH\Database\MySQLi\Connection.php on line 311.
 1 SYSTEMPATH\Database\BaseConnection.php(693): CodeIgniter\Database\MySQLi\Connection->execute('INSERT INTO `shifts` (`id_cash_register`, `opened_by`, `opened_at`, `opening_amount`, `status`, `created_at`, `updated_at`) VALUES (1, \'teste_ciclo\', \'2025-09-24 06:01:57\', 200, \'open\', \'2025-09-24 06:01:57\', \'2025-09-24 06:01:57\')')
 2 SYSTEMPATH\Database\BaseConnection.php(607): CodeIgniter\Database\BaseConnection->simpleQuery('INSERT INTO `shifts` (`id_cash_register`, `opened_by`, `opened_at`, `opening_amount`, `status`, `created_at`, `updated_at`) VALUES (1, \'teste_ciclo\', \'2025-09-24 06:01:57\', 200, \'open\', \'2025-09-24 06:01:57\', \'2025-09-24 06:01:57\')')
 3 SYSTEMPATH\Database\BaseBuilder.php(2307): CodeIgniter\Database\BaseConnection->query('INSERT INTO `shifts` (`id_cash_register`, `opened_by`, `opened_at`, `opening_amount`, `status`, `created_at`, `updated_at`) VALUES (:id_cash_register:, :opened_by:, :opened_at:, :opening_amount:, :status:, :created_at:, :updated_at:)', [...], false)
 4 SYSTEMPATH\Model.php(326): CodeIgniter\Database\BaseBuilder->insert()
 5 SYSTEMPATH\BaseModel.php(802): CodeIgniter\Model->doInsert([...])
 6 SYSTEMPATH\Model.php(744): CodeIgniter\BaseModel->insert([...], true)
 7 APPPATH\Controllers\Api\Shifts.php(131): CodeIgniter\Model->insert([...])
 8 SYSTEMPATH\CodeIgniter.php(941): App\Controllers\Api\Shifts->open()
 9 SYSTEMPATH\CodeIgniter.php(502): CodeIgniter\CodeIgniter->runController(Object(App\Controllers\Api\Shifts))
10 SYSTEMPATH\CodeIgniter.php(361): CodeIgniter\CodeIgniter->handleRequest(null, Object(Config\Cache), false)
11 FCPATH\index.php(79): CodeIgniter\CodeIgniter->run()
CRITICAL - 2025-09-24 06:01:57 --> [Caused by] mysqli_sql_exception: Cannot add or update a child row: a foreign key constraint fails (`erp_local`.`shifts`, CONSTRAINT `shifts_id_contador_foreign` FOREIGN KEY (`id_contador`) REFERENCES `contadores` (`id_contador`) ON DELETE CASCADE ON UPDATE CASCADE)
in SYSTEMPATH\Database\MySQLi\Connection.php on line 306.
 1 SYSTEMPATH\Database\MySQLi\Connection.php(306): mysqli->query('INSERT INTO `shifts` (`id_cash_register`, `opened_by`, `opened_at`, `opening_amount`, `status`, `created_at`, `updated_at`) VALUES (1, \'teste_ciclo\', \'2025-09-24 06:01:57\', 200, \'open\', \'2025-09-24 06:01:57\', \'2025-09-24 06:01:57\')', 0)
 2 SYSTEMPATH\Database\BaseConnection.php(693): CodeIgniter\Database\MySQLi\Connection->execute('INSERT INTO `shifts` (`id_cash_register`, `opened_by`, `opened_at`, `opening_amount`, `status`, `created_at`, `updated_at`) VALUES (1, \'teste_ciclo\', \'2025-09-24 06:01:57\', 200, \'open\', \'2025-09-24 06:01:57\', \'2025-09-24 06:01:57\')')
 3 SYSTEMPATH\Database\BaseConnection.php(607): CodeIgniter\Database\BaseConnection->simpleQuery('INSERT INTO `shifts` (`id_cash_register`, `opened_by`, `opened_at`, `opening_amount`, `status`, `created_at`, `updated_at`) VALUES (1, \'teste_ciclo\', \'2025-09-24 06:01:57\', 200, \'open\', \'2025-09-24 06:01:57\', \'2025-09-24 06:01:57\')')
 4 SYSTEMPATH\Database\BaseBuilder.php(2307): CodeIgniter\Database\BaseConnection->query('INSERT INTO `shifts` (`id_cash_register`, `opened_by`, `opened_at`, `opening_amount`, `status`, `created_at`, `updated_at`) VALUES (:id_cash_register:, :opened_by:, :opened_at:, :opening_amount:, :status:, :created_at:, :updated_at:)', [...], false)
 5 SYSTEMPATH\Model.php(326): CodeIgniter\Database\BaseBuilder->insert()
 6 SYSTEMPATH\BaseModel.php(802): CodeIgniter\Model->doInsert([...])
 7 SYSTEMPATH\Model.php(744): CodeIgniter\BaseModel->insert([...], true)
 8 APPPATH\Controllers\Api\Shifts.php(131): CodeIgniter\Model->insert([...])
 9 SYSTEMPATH\CodeIgniter.php(941): App\Controllers\Api\Shifts->open()
10 SYSTEMPATH\CodeIgniter.php(502): CodeIgniter\CodeIgniter->runController(Object(App\Controllers\Api\Shifts))
11 SYSTEMPATH\CodeIgniter.php(361): CodeIgniter\CodeIgniter->handleRequest(null, Object(Config\Cache), false)
12 FCPATH\index.php(79): CodeIgniter\CodeIgniter->run()
INFO - 2025-09-24 06:02:22 --> Session: Class initialized using 'CodeIgniter\Session\Handlers\FileHandler' driver.
INFO - 2025-09-24 06:02:22 --> Shifts::open - Caixa sessão aberta via model centralizado.
CRITICAL - 2025-09-24 06:02:46 --> ATENÇÃO: Shifts::close() FOI EXECUTADO. id=11
DEBUG - 2025-09-24 06:02:46 --> Shifts::close - Início. ID turno=11, payload={"closed_by":"teste_ciclo_completo","closing_amount":"250,00"}
DEBUG - 2025-09-24 06:02:46 --> Shifts::close - closing_amount normalizado=250
DEBUG - 2025-09-24 06:02:46 --> Shifts::close - Turno atual carregado: {"id_shift":"11","id_cash_register":"1","opened_by":"teste_ciclo","closed_by":"","opened_at":"2025-09-24 06:02:22","closed_at":"0000-00-00 00:00:00","opening_amount":"200.00","closing_amount":"0.00","status":"open","id_contador":"1","id_empresa":"5","created_at":"2025-09-24 06:02:22","updated_at":"2025-09-24 06:02:22","deleted_at":"0000-00-00 00:00:00"}
DEBUG - 2025-09-24 06:02:46 --> Shifts::close - Totais por pagamento: []
DEBUG - 2025-09-24 06:02:46 --> Shifts::close - Dados para update: {"closed_by":"teste_ciclo_completo","closed_at":"2025-09-24 06:02:46","closing_amount":250,"status":"closed","id_cash_register":1}
INFO - 2025-09-24 06:02:46 --> Session: Class initialized using 'CodeIgniter\Session\Handlers\FileHandler' driver.
DEBUG - 2025-09-24 06:02:46 --> Shifts::close - Sucesso. Registro atualizado: {"\u0000*\u0000datamap":[],"\u0000*\u0000dates":["opened_at","closed_at","created_at","updated_at","deleted_at"],"\u0000*\u0000casts":{"id_shift":"integer","id_cash_register":"integer","opening_amount":"float","closing_amount":"float","id_contador":"integer","id_empresa":"integer"},"\u0000*\u0000castHandlers":[],"\u0000CodeIgniter\\Entity\\Entity\u0000defaultCastHandlers":{"array":"CodeIgniter\\Entity\\Cast\\ArrayCast","bool":"CodeIgniter\\Entity\\Cast\\BooleanCast","boolean":"CodeIgniter\\Entity\\Cast\\BooleanCast","csv":"CodeIgniter\\Entity\\Cast\\CSVCast","datetime":"CodeIgniter\\Entity\\Cast\\DatetimeCast","double":"CodeIgniter\\Entity\\Cast\\FloatCast","float":"CodeIgniter\\Entity\\Cast\\FloatCast","int":"CodeIgniter\\Entity\\Cast\\IntegerCast","integer":"CodeIgniter\\Entity\\Cast\\IntegerCast","int-bool":"CodeIgniter\\Entity\\Cast\\IntBoolCast","json":"CodeIgniter\\Entity\\Cast\\JsonCast","object":"CodeIgniter\\Entity\\Cast\\ObjectCast","string":"CodeIgniter\\Entity\\Cast\\StringCast","timestamp":"CodeIgniter\\Entity\\Cast\\TimestampCast","uri":"CodeIgniter\\Entity\\Cast\\URICast"},"\u0000*\u0000attributes":{"id_shift":"11","id_cash_register":"1","opened_by":"teste_ciclo","closed_by":"teste_ciclo_completo","opened_at":"2025-09-24 06:02:22","closed_at":"2025-09-24 06:02:46","opening_amount":"200.00","closing_amount":"250.00","status":"closed","id_contador":"1","id_empresa":"5","created_at":"2025-09-24 06:02:22","updated_at":"2025-09-24 06:02:46","deleted_at":"0000-00-00 00:00:00"},"\u0000*\u0000original":{"id_shift":"11","id_cash_register":"1","opened_by":"teste_ciclo","closed_by":"teste_ciclo_completo","opened_at":"2025-09-24 06:02:22","closed_at":"2025-09-24 06:02:46","opening_amount":"200.00","closing_amount":"250.00","status":"closed","id_contador":"1","id_empresa":"5","created_at":"2025-09-24 06:02:22","updated_at":"2025-09-24 06:02:46","deleted_at":"0000-00-00 00:00:00"},"\u0000CodeIgniter\\Entity\\Entity\u0000_cast":true}
DEBUG - 2025-09-24 06:02:46 --> Shifts::close - Usando IDs do shift: contador=1, empresa=5
DEBUG - 2025-09-24 06:02:46 --> Shifts::close - Tentando fechar caixa com: contador=1, empresa=5, usuario=0, valor=250
DEBUG - 2025-09-24 06:02:46 --> CaixaSessaoModel::closeOpenSession - Início: contador=1, empresa=5, usuario=0, valor=250
DEBUG - 2025-09-24 06:02:46 --> CaixaSessaoModel::closeOpenSession - Resultado query: {"id":"7","id_contador":"1","id_empresa":"5","id_usuario_abertura":null,"data_abertura":"2025-09-24 06:02:22","valor_inicial":"200.00","id_usuario_fechamento":null,"data_fechamento":null,"valor_final_contado_dinheiro":"0.00","valor_final_calculado_dinheiro":"0.00","total_vendas_cartao":"0.00","total_vendas_pix":"0.00","total_vendas_outros":"0.00","diferenca_dinheiro":"0.00","status":"aberto","created_at":"2025-09-24 06:02:22","updated_at":"2025-09-24 06:02:22","deleted_at":null}
DEBUG - 2025-09-24 06:02:46 --> CaixaSessaoModel::closeOpenSession - Caixa encontrado: id=7, valor_inicial=200
DEBUG - 2025-09-24 06:02:46 --> CaixaSessaoModel::closeOpenSession - Fazendo update: id=7, dados={"id_usuario_fechamento":null,"data_fechamento":"2025-09-24 06:02:46","valor_final_contado_dinheiro":250,"valor_final_calculado_dinheiro":200,"total_vendas_cartao":0,"total_vendas_pix":0,"total_vendas_outros":0,"diferenca_dinheiro":50,"status":"fechado"}
DEBUG - 2025-09-24 06:02:46 --> CaixaSessaoModel::closeOpenSession - Update result: ok=true, affected=1
INFO - 2025-09-24 06:02:46 --> CaixaSessaoModel::closeOpenSession - Sucesso! Sessão fechada: id=7
INFO - 2025-09-24 06:02:46 --> Shifts::close - Caixa sessão fechada via model centralizado. id=7
INFO - 2025-09-24 06:03:16 --> Session: Class initialized using 'CodeIgniter\Session\Handlers\FileHandler' driver.
INFO - 2025-09-24 06:03:16 --> Session: Class initialized using 'CodeIgniter\Session\Handlers\FileHandler' driver.
INFO - 2025-09-24 06:03:16 --> Session: Class initialized using 'CodeIgniter\Session\Handlers\FileHandler' driver.
INFO - 2025-09-24 06:03:16 --> Session: Class initialized using 'CodeIgniter\Session\Handlers\FileHandler' driver.
INFO - 2025-09-24 06:03:16 --> Session: Class initialized using 'CodeIgniter\Session\Handlers\FileHandler' driver.
INFO - 2025-09-24 06:03:20 --> Session: Class initialized using 'CodeIgniter\Session\Handlers\FileHandler' driver.
INFO - 2025-09-24 06:03:20 --> Shifts::open - Caixa sessão aberta via model centralizado.
INFO - 2025-09-24 06:03:20 --> Session: Class initialized using 'CodeIgniter\Session\Handlers\FileHandler' driver.
INFO - 2025-09-24 06:03:23 --> Session: Class initialized using 'CodeIgniter\Session\Handlers\FileHandler' driver.
INFO - 2025-09-24 06:03:26 --> Session: Class initialized using 'CodeIgniter\Session\Handlers\FileHandler' driver.
INFO - 2025-09-24 06:03:26 --> Session: Class initialized using 'CodeIgniter\Session\Handlers\FileHandler' driver.
INFO - 2025-09-24 06:03:31 --> Session: Class initialized using 'CodeIgniter\Session\Handlers\FileHandler' driver.
INFO - 2025-09-24 06:03:32 --> Session: Class initialized using 'CodeIgniter\Session\Handlers\FileHandler' driver.
INFO - 2025-09-24 06:03:32 --> Session: Class initialized using 'CodeIgniter\Session\Handlers\FileHandler' driver.
INFO - 2025-09-24 06:03:32 --> Session: Class initialized using 'CodeIgniter\Session\Handlers\FileHandler' driver.
INFO - 2025-09-24 06:03:32 --> Session: Class initialized using 'CodeIgniter\Session\Handlers\FileHandler' driver.
INFO - 2025-09-24 06:03:32 --> Session: Class initialized using 'CodeIgniter\Session\Handlers\FileHandler' driver.
INFO - 2025-09-24 06:03:36 --> Session: Class initialized using 'CodeIgniter\Session\Handlers\FileHandler' driver.
INFO - 2025-09-24 06:03:36 --> Session: Class initialized using 'CodeIgniter\Session\Handlers\FileHandler' driver.
INFO - 2025-09-24 06:03:36 --> Session: Class initialized using 'CodeIgniter\Session\Handlers\FileHandler' driver.
INFO - 2025-09-24 06:03:36 --> Session: Class initialized using 'CodeIgniter\Session\Handlers\FileHandler' driver.
INFO - 2025-09-24 06:03:36 --> Session: Class initialized using 'CodeIgniter\Session\Handlers\FileHandler' driver.
INFO - 2025-09-24 06:03:54 --> Session: Class initialized using 'CodeIgniter\Session\Handlers\FileHandler' driver.
INFO - 2025-09-24 06:03:54 --> Session: Class initialized using 'CodeIgniter\Session\Handlers\FileHandler' driver.
INFO - 2025-09-24 06:03:54 --> Session: Class initialized using 'CodeIgniter\Session\Handlers\FileHandler' driver.
INFO - 2025-09-24 06:03:54 --> Session: Class initialized using 'CodeIgniter\Session\Handlers\FileHandler' driver.
INFO - 2025-09-24 06:03:55 --> Session: Class initialized using 'CodeIgniter\Session\Handlers\FileHandler' driver.
INFO - 2025-09-24 06:03:57 --> Session: Class initialized using 'CodeIgniter\Session\Handlers\FileHandler' driver.
INFO - 2025-09-24 06:04:00 --> Session: Class initialized using 'CodeIgniter\Session\Handlers\FileHandler' driver.
INFO - 2025-09-24 06:04:08 --> Session: Class initialized using 'CodeIgniter\Session\Handlers\FileHandler' driver.
INFO - 2025-09-24 06:04:14 --> Session: Class initialized using 'CodeIgniter\Session\Handlers\FileHandler' driver.
INFO - 2025-09-24 06:04:15 --> Session: Class initialized using 'CodeIgniter\Session\Handlers\FileHandler' driver.
INFO - 2025-09-24 06:04:16 --> Session: Class initialized using 'CodeIgniter\Session\Handlers\FileHandler' driver.
INFO - 2025-09-24 06:04:17 --> Session: Class initialized using 'CodeIgniter\Session\Handlers\FileHandler' driver.
INFO - 2025-09-24 06:04:18 --> Session: Class initialized using 'CodeIgniter\Session\Handlers\FileHandler' driver.
INFO - 2025-09-24 06:05:36 --> Session: Class initialized using 'CodeIgniter\Session\Handlers\FileHandler' driver.
INFO - 2025-09-24 06:05:37 --> Session: Class initialized using 'CodeIgniter\Session\Handlers\FileHandler' driver.
INFO - 2025-09-24 06:05:37 --> Session: Class initialized using 'CodeIgniter\Session\Handlers\FileHandler' driver.
INFO - 2025-09-24 06:05:37 --> Session: Class initialized using 'CodeIgniter\Session\Handlers\FileHandler' driver.
INFO - 2025-09-24 06:05:37 --> Session: Class initialized using 'CodeIgniter\Session\Handlers\FileHandler' driver.
INFO - 2025-09-24 06:05:39 --> Session: Class initialized using 'CodeIgniter\Session\Handlers\FileHandler' driver.
INFO - 2025-09-24 06:10:27 --> Session: Class initialized using 'CodeIgniter\Session\Handlers\FileHandler' driver.
INFO - 2025-09-24 06:10:28 --> Session: Class initialized using 'CodeIgniter\Session\Handlers\FileHandler' driver.
INFO - 2025-09-24 06:10:28 --> Session: Class initialized using 'CodeIgniter\Session\Handlers\FileHandler' driver.
INFO - 2025-09-24 06:10:28 --> Session: Class initialized using 'CodeIgniter\Session\Handlers\FileHandler' driver.
INFO - 2025-09-24 06:10:28 --> Session: Class initialized using 'CodeIgniter\Session\Handlers\FileHandler' driver.
INFO - 2025-09-24 06:10:28 --> Session: Class initialized using 'CodeIgniter\Session\Handlers\FileHandler' driver.
INFO - 2025-09-24 06:11:44 --> Session: Class initialized using 'CodeIgniter\Session\Handlers\FileHandler' driver.
CRITICAL - 2025-09-24 06:11:46 --> ATENÇÃO: Shifts::close() FOI EXECUTADO. id=12
DEBUG - 2025-09-24 06:11:46 --> Shifts::close - Início. ID turno=12, payload={"closed_by":"pdv","closing_amount":"0,00","id_cash_register":4}
DEBUG - 2025-09-24 06:11:46 --> Shifts::close - closing_amount normalizado=0
DEBUG - 2025-09-24 06:11:46 --> Shifts::close - Turno atual carregado: {"id_shift":"12","id_cash_register":"4","opened_by":"pdv","closed_by":"","opened_at":"2025-09-24 06:03:20","closed_at":"0000-00-00 00:00:00","opening_amount":"0.00","closing_amount":"0.00","status":"open","id_contador":"1","id_empresa":"6","created_at":"2025-09-24 06:03:20","updated_at":"2025-09-24 06:03:20","deleted_at":"0000-00-00 00:00:00"}
DEBUG - 2025-09-24 06:11:46 --> Shifts::close - Totais por pagamento: []
DEBUG - 2025-09-24 06:11:46 --> Shifts::close - Dados para update: {"closed_by":"pdv","closed_at":"2025-09-24 06:11:46","closing_amount":0,"status":"closed","id_cash_register":4}
INFO - 2025-09-24 06:11:46 --> Session: Class initialized using 'CodeIgniter\Session\Handlers\FileHandler' driver.
DEBUG - 2025-09-24 06:11:46 --> Shifts::close - Sucesso. Registro atualizado: {"\u0000*\u0000datamap":[],"\u0000*\u0000dates":["opened_at","closed_at","created_at","updated_at","deleted_at"],"\u0000*\u0000casts":{"id_shift":"integer","id_cash_register":"integer","opening_amount":"float","closing_amount":"float","id_contador":"integer","id_empresa":"integer"},"\u0000*\u0000castHandlers":[],"\u0000CodeIgniter\\Entity\\Entity\u0000defaultCastHandlers":{"array":"CodeIgniter\\Entity\\Cast\\ArrayCast","bool":"CodeIgniter\\Entity\\Cast\\BooleanCast","boolean":"CodeIgniter\\Entity\\Cast\\BooleanCast","csv":"CodeIgniter\\Entity\\Cast\\CSVCast","datetime":"CodeIgniter\\Entity\\Cast\\DatetimeCast","double":"CodeIgniter\\Entity\\Cast\\FloatCast","float":"CodeIgniter\\Entity\\Cast\\FloatCast","int":"CodeIgniter\\Entity\\Cast\\IntegerCast","integer":"CodeIgniter\\Entity\\Cast\\IntegerCast","int-bool":"CodeIgniter\\Entity\\Cast\\IntBoolCast","json":"CodeIgniter\\Entity\\Cast\\JsonCast","object":"CodeIgniter\\Entity\\Cast\\ObjectCast","string":"CodeIgniter\\Entity\\Cast\\StringCast","timestamp":"CodeIgniter\\Entity\\Cast\\TimestampCast","uri":"CodeIgniter\\Entity\\Cast\\URICast"},"\u0000*\u0000attributes":{"id_shift":"12","id_cash_register":"4","opened_by":"pdv","closed_by":"pdv","opened_at":"2025-09-24 06:03:20","closed_at":"2025-09-24 06:11:46","opening_amount":"0.00","closing_amount":"0.00","status":"closed","id_contador":"1","id_empresa":"6","created_at":"2025-09-24 06:03:20","updated_at":"2025-09-24 06:11:46","deleted_at":"0000-00-00 00:00:00"},"\u0000*\u0000original":{"id_shift":"12","id_cash_register":"4","opened_by":"pdv","closed_by":"pdv","opened_at":"2025-09-24 06:03:20","closed_at":"2025-09-24 06:11:46","opening_amount":"0.00","closing_amount":"0.00","status":"closed","id_contador":"1","id_empresa":"6","created_at":"2025-09-24 06:03:20","updated_at":"2025-09-24 06:11:46","deleted_at":"0000-00-00 00:00:00"},"\u0000CodeIgniter\\Entity\\Entity\u0000_cast":true}
DEBUG - 2025-09-24 06:11:46 --> Shifts::close - Tentando fechar caixa com: contador=1, empresa=6, usuario=0, valor=0
DEBUG - 2025-09-24 06:11:46 --> CaixaSessaoModel::closeOpenSession - Início: contador=1, empresa=6, usuario=0, valor=0
DEBUG - 2025-09-24 06:11:46 --> CaixaSessaoModel::closeOpenSession - Resultado query: {"id":"8","id_contador":"1","id_empresa":"6","id_usuario_abertura":null,"data_abertura":"2025-09-24 06:03:20","valor_inicial":"0.00","id_usuario_fechamento":null,"data_fechamento":null,"valor_final_contado_dinheiro":"0.00","valor_final_calculado_dinheiro":"0.00","total_vendas_cartao":"0.00","total_vendas_pix":"0.00","total_vendas_outros":"0.00","diferenca_dinheiro":"0.00","status":"aberto","created_at":"2025-09-24 06:03:20","updated_at":"2025-09-24 06:03:20","deleted_at":null}
DEBUG - 2025-09-24 06:11:46 --> CaixaSessaoModel::closeOpenSession - Caixa encontrado: id=8, valor_inicial=0
DEBUG - 2025-09-24 06:11:46 --> CaixaSessaoModel::closeOpenSession - Fazendo update: id=8, dados={"id_usuario_fechamento":null,"data_fechamento":"2025-09-24 06:11:46","valor_final_contado_dinheiro":0,"valor_final_calculado_dinheiro":0,"total_vendas_cartao":0,"total_vendas_pix":0,"total_vendas_outros":0,"diferenca_dinheiro":0,"status":"fechado"}
DEBUG - 2025-09-24 06:11:46 --> CaixaSessaoModel::closeOpenSession - Update result: ok=true, affected=1
INFO - 2025-09-24 06:11:46 --> CaixaSessaoModel::closeOpenSession - Sucesso! Sessão fechada: id=8
INFO - 2025-09-24 06:11:46 --> Shifts::close - Caixa sessão fechada via model centralizado. id=8
INFO - 2025-09-24 06:11:52 --> Session: Class initialized using 'CodeIgniter\Session\Handlers\FileHandler' driver.
INFO - 2025-09-24 06:11:55 --> Session: Class initialized using 'CodeIgniter\Session\Handlers\FileHandler' driver.
INFO - 2025-09-24 06:11:59 --> Session: Class initialized using 'CodeIgniter\Session\Handlers\FileHandler' driver.
INFO - 2025-09-24 06:11:59 --> Session: Class initialized using 'CodeIgniter\Session\Handlers\FileHandler' driver.
INFO - 2025-09-24 06:11:59 --> Session: Class initialized using 'CodeIgniter\Session\Handlers\FileHandler' driver.
INFO - 2025-09-24 06:11:59 --> Session: Class initialized using 'CodeIgniter\Session\Handlers\FileHandler' driver.
INFO - 2025-09-24 06:11:59 --> Session: Class initialized using 'CodeIgniter\Session\Handlers\FileHandler' driver.
INFO - 2025-09-24 06:12:02 --> Session: Class initialized using 'CodeIgniter\Session\Handlers\FileHandler' driver.
INFO - 2025-09-24 06:12:02 --> Shifts::open - Caixa sessão aberta via model centralizado.
INFO - 2025-09-24 06:12:02 --> Session: Class initialized using 'CodeIgniter\Session\Handlers\FileHandler' driver.
INFO - 2025-09-24 06:12:04 --> Session: Class initialized using 'CodeIgniter\Session\Handlers\FileHandler' driver.
INFO - 2025-09-24 06:12:08 --> Session: Class initialized using 'CodeIgniter\Session\Handlers\FileHandler' driver.
CRITICAL - 2025-09-24 06:12:11 --> ATENÇÃO: Shifts::close() FOI EXECUTADO. id=13
DEBUG - 2025-09-24 06:12:11 --> Shifts::close - Início. ID turno=13, payload={"closed_by":"pdv","closing_amount":"0,00","id_cash_register":4}
DEBUG - 2025-09-24 06:12:11 --> Shifts::close - closing_amount normalizado=0
DEBUG - 2025-09-24 06:12:11 --> Shifts::close - Turno atual carregado: {"id_shift":"13","id_cash_register":"4","opened_by":"pdv","closed_by":"","opened_at":"2025-09-24 06:12:02","closed_at":"0000-00-00 00:00:00","opening_amount":"0.00","closing_amount":"0.00","status":"open","id_contador":"1","id_empresa":"6","created_at":"2025-09-24 06:12:02","updated_at":"2025-09-24 06:12:02","deleted_at":"0000-00-00 00:00:00"}
DEBUG - 2025-09-24 06:12:11 --> Shifts::close - Totais por pagamento: []
DEBUG - 2025-09-24 06:12:11 --> Shifts::close - Dados para update: {"closed_by":"pdv","closed_at":"2025-09-24 06:12:11","closing_amount":0,"status":"closed","id_cash_register":4}
INFO - 2025-09-24 06:12:11 --> Session: Class initialized using 'CodeIgniter\Session\Handlers\FileHandler' driver.
DEBUG - 2025-09-24 06:12:11 --> Shifts::close - Sucesso. Registro atualizado: {"\u0000*\u0000datamap":[],"\u0000*\u0000dates":["opened_at","closed_at","created_at","updated_at","deleted_at"],"\u0000*\u0000casts":{"id_shift":"integer","id_cash_register":"integer","opening_amount":"float","closing_amount":"float","id_contador":"integer","id_empresa":"integer"},"\u0000*\u0000castHandlers":[],"\u0000CodeIgniter\\Entity\\Entity\u0000defaultCastHandlers":{"array":"CodeIgniter\\Entity\\Cast\\ArrayCast","bool":"CodeIgniter\\Entity\\Cast\\BooleanCast","boolean":"CodeIgniter\\Entity\\Cast\\BooleanCast","csv":"CodeIgniter\\Entity\\Cast\\CSVCast","datetime":"CodeIgniter\\Entity\\Cast\\DatetimeCast","double":"CodeIgniter\\Entity\\Cast\\FloatCast","float":"CodeIgniter\\Entity\\Cast\\FloatCast","int":"CodeIgniter\\Entity\\Cast\\IntegerCast","integer":"CodeIgniter\\Entity\\Cast\\IntegerCast","int-bool":"CodeIgniter\\Entity\\Cast\\IntBoolCast","json":"CodeIgniter\\Entity\\Cast\\JsonCast","object":"CodeIgniter\\Entity\\Cast\\ObjectCast","string":"CodeIgniter\\Entity\\Cast\\StringCast","timestamp":"CodeIgniter\\Entity\\Cast\\TimestampCast","uri":"CodeIgniter\\Entity\\Cast\\URICast"},"\u0000*\u0000attributes":{"id_shift":"13","id_cash_register":"4","opened_by":"pdv","closed_by":"pdv","opened_at":"2025-09-24 06:12:02","closed_at":"2025-09-24 06:12:11","opening_amount":"0.00","closing_amount":"0.00","status":"closed","id_contador":"1","id_empresa":"6","created_at":"2025-09-24 06:12:02","updated_at":"2025-09-24 06:12:11","deleted_at":"0000-00-00 00:00:00"},"\u0000*\u0000original":{"id_shift":"13","id_cash_register":"4","opened_by":"pdv","closed_by":"pdv","opened_at":"2025-09-24 06:12:02","closed_at":"2025-09-24 06:12:11","opening_amount":"0.00","closing_amount":"0.00","status":"closed","id_contador":"1","id_empresa":"6","created_at":"2025-09-24 06:12:02","updated_at":"2025-09-24 06:12:11","deleted_at":"0000-00-00 00:00:00"},"\u0000CodeIgniter\\Entity\\Entity\u0000_cast":true}
DEBUG - 2025-09-24 06:12:11 --> Shifts::close - Tentando fechar caixa com: contador=1, empresa=6, usuario=0, valor=0
DEBUG - 2025-09-24 06:12:11 --> CaixaSessaoModel::closeOpenSession - Início: contador=1, empresa=6, usuario=0, valor=0
DEBUG - 2025-09-24 06:12:11 --> CaixaSessaoModel::closeOpenSession - Resultado query: {"id":"9","id_contador":"1","id_empresa":"6","id_usuario_abertura":null,"data_abertura":"2025-09-24 06:12:02","valor_inicial":"0.00","id_usuario_fechamento":null,"data_fechamento":null,"valor_final_contado_dinheiro":"0.00","valor_final_calculado_dinheiro":"0.00","total_vendas_cartao":"0.00","total_vendas_pix":"0.00","total_vendas_outros":"0.00","diferenca_dinheiro":"0.00","status":"aberto","created_at":"2025-09-24 06:12:02","updated_at":"2025-09-24 06:12:02","deleted_at":null}
DEBUG - 2025-09-24 06:12:11 --> CaixaSessaoModel::closeOpenSession - Caixa encontrado: id=9, valor_inicial=0
DEBUG - 2025-09-24 06:12:11 --> CaixaSessaoModel::closeOpenSession - Fazendo update: id=9, dados={"id_usuario_fechamento":null,"data_fechamento":"2025-09-24 06:12:11","valor_final_contado_dinheiro":0,"valor_final_calculado_dinheiro":0,"total_vendas_cartao":0,"total_vendas_pix":0,"total_vendas_outros":0,"diferenca_dinheiro":0,"status":"fechado"}
DEBUG - 2025-09-24 06:12:11 --> CaixaSessaoModel::closeOpenSession - Update result: ok=true, affected=1
INFO - 2025-09-24 06:12:11 --> CaixaSessaoModel::closeOpenSession - Sucesso! Sessão fechada: id=9
INFO - 2025-09-24 06:12:11 --> Shifts::close - Caixa sessão fechada via model centralizado. id=9
INFO - 2025-09-24 06:14:40 --> Session: Class initialized using 'CodeIgniter\Session\Handlers\FileHandler' driver.
INFO - 2025-09-24 06:15:00 --> Session: Class initialized using 'CodeIgniter\Session\Handlers\FileHandler' driver.
INFO - 2025-09-24 06:15:00 --> Session: Class initialized using 'CodeIgniter\Session\Handlers\FileHandler' driver.
INFO - 2025-09-24 06:15:00 --> Session: Class initialized using 'CodeIgniter\Session\Handlers\FileHandler' driver.
INFO - 2025-09-24 06:15:00 --> Session: Class initialized using 'CodeIgniter\Session\Handlers\FileHandler' driver.
INFO - 2025-09-24 06:15:00 --> Session: Class initialized using 'CodeIgniter\Session\Handlers\FileHandler' driver.
INFO - 2025-09-24 06:15:02 --> Session: Class initialized using 'CodeIgniter\Session\Handlers\FileHandler' driver.
INFO - 2025-09-24 06:15:02 --> Shifts::open - Caixa sessão aberta via model centralizado.
INFO - 2025-09-24 06:15:02 --> Session: Class initialized using 'CodeIgniter\Session\Handlers\FileHandler' driver.
INFO - 2025-09-24 06:15:04 --> Session: Class initialized using 'CodeIgniter\Session\Handlers\FileHandler' driver.
INFO - 2025-09-24 06:16:04 --> Session: Class initialized using 'CodeIgniter\Session\Handlers\FileHandler' driver.
INFO - 2025-09-24 06:16:04 --> Session: Class initialized using 'CodeIgniter\Session\Handlers\FileHandler' driver.
INFO - 2025-09-24 06:16:05 --> Session: Class initialized using 'CodeIgniter\Session\Handlers\FileHandler' driver.
INFO - 2025-09-24 06:16:05 --> Session: Class initialized using 'CodeIgniter\Session\Handlers\FileHandler' driver.
INFO - 2025-09-24 06:16:05 --> Session: Class initialized using 'CodeIgniter\Session\Handlers\FileHandler' driver.
INFO - 2025-09-24 06:16:05 --> Session: Class initialized using 'CodeIgniter\Session\Handlers\FileHandler' driver.
INFO - 2025-09-24 06:16:17 --> Session: Class initialized using 'CodeIgniter\Session\Handlers\FileHandler' driver.
INFO - 2025-09-24 06:16:23 --> Session: Class initialized using 'CodeIgniter\Session\Handlers\FileHandler' driver.
INFO - 2025-09-24 06:16:24 --> Session: Class initialized using 'CodeIgniter\Session\Handlers\FileHandler' driver.
INFO - 2025-09-24 06:16:24 --> Session: Class initialized using 'CodeIgniter\Session\Handlers\FileHandler' driver.
INFO - 2025-09-24 06:16:24 --> Session: Class initialized using 'CodeIgniter\Session\Handlers\FileHandler' driver.
INFO - 2025-09-24 06:16:24 --> Session: Class initialized using 'CodeIgniter\Session\Handlers\FileHandler' driver.
INFO - 2025-09-24 06:16:25 --> Session: Class initialized using 'CodeIgniter\Session\Handlers\FileHandler' driver.
INFO - 2025-09-24 06:16:28 --> Session: Class initialized using 'CodeIgniter\Session\Handlers\FileHandler' driver.
INFO - 2025-09-24 06:16:37 --> Session: Class initialized using 'CodeIgniter\Session\Handlers\FileHandler' driver.
CRITICAL - 2025-09-24 06:16:38 --> ATENÇÃO: Shifts::close() FOI EXECUTADO. id=15
DEBUG - 2025-09-24 06:16:38 --> Shifts::close - Início. ID turno=15, payload={"closed_by":"pdv","closing_amount":"0,00","id_cash_register":4}
DEBUG - 2025-09-24 06:16:38 --> Shifts::close - closing_amount normalizado=0
DEBUG - 2025-09-24 06:16:38 --> Shifts::close - Turno atual carregado: {"id_shift":"15","id_cash_register":"4","opened_by":"pdv","closed_by":"","opened_at":"2025-09-24 06:15:02","closed_at":"0000-00-00 00:00:00","opening_amount":"0.00","closing_amount":"0.00","status":"open","id_contador":"1","id_empresa":"6","created_at":"2025-09-24 06:15:02","updated_at":"2025-09-24 06:15:02","deleted_at":"0000-00-00 00:00:00"}
DEBUG - 2025-09-24 06:16:38 --> Shifts::close - Totais por pagamento: []
DEBUG - 2025-09-24 06:16:38 --> Shifts::close - Dados para update: {"closed_by":"pdv","closed_at":"2025-09-24 06:16:38","closing_amount":0,"status":"closed","id_cash_register":4}
INFO - 2025-09-24 06:16:38 --> Session: Class initialized using 'CodeIgniter\Session\Handlers\FileHandler' driver.
DEBUG - 2025-09-24 06:16:38 --> Shifts::close - Sucesso. Registro atualizado: {"\u0000*\u0000datamap":[],"\u0000*\u0000dates":["opened_at","closed_at","created_at","updated_at","deleted_at"],"\u0000*\u0000casts":{"id_shift":"integer","id_cash_register":"integer","opening_amount":"float","closing_amount":"float","id_contador":"integer","id_empresa":"integer"},"\u0000*\u0000castHandlers":[],"\u0000CodeIgniter\\Entity\\Entity\u0000defaultCastHandlers":{"array":"CodeIgniter\\Entity\\Cast\\ArrayCast","bool":"CodeIgniter\\Entity\\Cast\\BooleanCast","boolean":"CodeIgniter\\Entity\\Cast\\BooleanCast","csv":"CodeIgniter\\Entity\\Cast\\CSVCast","datetime":"CodeIgniter\\Entity\\Cast\\DatetimeCast","double":"CodeIgniter\\Entity\\Cast\\FloatCast","float":"CodeIgniter\\Entity\\Cast\\FloatCast","int":"CodeIgniter\\Entity\\Cast\\IntegerCast","integer":"CodeIgniter\\Entity\\Cast\\IntegerCast","int-bool":"CodeIgniter\\Entity\\Cast\\IntBoolCast","json":"CodeIgniter\\Entity\\Cast\\JsonCast","object":"CodeIgniter\\Entity\\Cast\\ObjectCast","string":"CodeIgniter\\Entity\\Cast\\StringCast","timestamp":"CodeIgniter\\Entity\\Cast\\TimestampCast","uri":"CodeIgniter\\Entity\\Cast\\URICast"},"\u0000*\u0000attributes":{"id_shift":"15","id_cash_register":"4","opened_by":"pdv","closed_by":"pdv","opened_at":"2025-09-24 06:15:02","closed_at":"2025-09-24 06:16:38","opening_amount":"0.00","closing_amount":"0.00","status":"closed","id_contador":"1","id_empresa":"6","created_at":"2025-09-24 06:15:02","updated_at":"2025-09-24 06:16:38","deleted_at":"0000-00-00 00:00:00"},"\u0000*\u0000original":{"id_shift":"15","id_cash_register":"4","opened_by":"pdv","closed_by":"pdv","opened_at":"2025-09-24 06:15:02","closed_at":"2025-09-24 06:16:38","opening_amount":"0.00","closing_amount":"0.00","status":"closed","id_contador":"1","id_empresa":"6","created_at":"2025-09-24 06:15:02","updated_at":"2025-09-24 06:16:38","deleted_at":"0000-00-00 00:00:00"},"\u0000CodeIgniter\\Entity\\Entity\u0000_cast":true}
DEBUG - 2025-09-24 06:16:38 --> Shifts::close - Tentando fechar caixa com: contador=1, empresa=6, usuario=0, valor=0
DEBUG - 2025-09-24 06:16:38 --> CaixaSessaoModel::closeOpenSession - Início: contador=1, empresa=6, usuario=0, valor=0
DEBUG - 2025-09-24 06:16:38 --> CaixaSessaoModel::closeOpenSession - Resultado query: {"id":"11","id_contador":"1","id_empresa":"6","id_usuario_abertura":null,"data_abertura":"2025-09-24 06:15:02","valor_inicial":"0.00","id_usuario_fechamento":null,"data_fechamento":null,"valor_final_contado_dinheiro":"0.00","valor_final_calculado_dinheiro":"0.00","total_vendas_cartao":"0.00","total_vendas_pix":"0.00","total_vendas_outros":"0.00","diferenca_dinheiro":"0.00","status":"aberto","created_at":"2025-09-24 06:15:02","updated_at":"2025-09-24 06:15:02","deleted_at":null}
DEBUG - 2025-09-24 06:16:38 --> CaixaSessaoModel::closeOpenSession - Caixa encontrado: id=11, valor_inicial=0
DEBUG - 2025-09-24 06:16:38 --> CaixaSessaoModel::closeOpenSession - Fazendo update: id=11, dados={"id_usuario_fechamento":null,"data_fechamento":"2025-09-24 06:16:38","valor_final_contado_dinheiro":0,"valor_final_calculado_dinheiro":0,"total_vendas_cartao":0,"total_vendas_pix":0,"total_vendas_outros":0,"diferenca_dinheiro":0,"status":"fechado"}
DEBUG - 2025-09-24 06:16:38 --> CaixaSessaoModel::closeOpenSession - Update result: ok=true, affected=1
INFO - 2025-09-24 06:16:38 --> CaixaSessaoModel::closeOpenSession - Sucesso! Sessão fechada: id=11
INFO - 2025-09-24 06:16:38 --> Shifts::close - Caixa sessão fechada via model centralizado. id=11
INFO - 2025-09-24 06:16:41 --> Session: Class initialized using 'CodeIgniter\Session\Handlers\FileHandler' driver.
INFO - 2025-09-24 06:16:41 --> Session: Class initialized using 'CodeIgniter\Session\Handlers\FileHandler' driver.
INFO - 2025-09-24 06:16:41 --> Session: Class initialized using 'CodeIgniter\Session\Handlers\FileHandler' driver.
INFO - 2025-09-24 06:16:41 --> Session: Class initialized using 'CodeIgniter\Session\Handlers\FileHandler' driver.
INFO - 2025-09-24 06:16:41 --> Session: Class initialized using 'CodeIgniter\Session\Handlers\FileHandler' driver.
INFO - 2025-09-24 06:17:46 --> Session: Class initialized using 'CodeIgniter\Session\Handlers\FileHandler' driver.
INFO - 2025-09-24 06:17:46 --> Session: Class initialized using 'CodeIgniter\Session\Handlers\FileHandler' driver.
INFO - 2025-09-24 06:17:46 --> Session: Class initialized using 'CodeIgniter\Session\Handlers\FileHandler' driver.
INFO - 2025-09-24 06:17:46 --> Session: Class initialized using 'CodeIgniter\Session\Handlers\FileHandler' driver.
INFO - 2025-09-24 06:17:46 --> Session: Class initialized using 'CodeIgniter\Session\Handlers\FileHandler' driver.
INFO - 2025-09-24 06:17:49 --> Session: Class initialized using 'CodeIgniter\Session\Handlers\FileHandler' driver.
INFO - 2025-09-24 06:17:49 --> Shifts::open - Caixa sessão aberta via model centralizado.
INFO - 2025-09-24 06:17:50 --> Session: Class initialized using 'CodeIgniter\Session\Handlers\FileHandler' driver.
INFO - 2025-09-24 06:17:52 --> Session: Class initialized using 'CodeIgniter\Session\Handlers\FileHandler' driver.
INFO - 2025-09-24 06:18:43 --> Session: Class initialized using 'CodeIgniter\Session\Handlers\FileHandler' driver.
INFO - 2025-09-24 06:20:04 --> Session: Class initialized using 'CodeIgniter\Session\Handlers\FileHandler' driver.
INFO - 2025-09-24 06:20:05 --> Session: Class initialized using 'CodeIgniter\Session\Handlers\FileHandler' driver.
INFO - 2025-09-24 06:20:05 --> Session: Class initialized using 'CodeIgniter\Session\Handlers\FileHandler' driver.
INFO - 2025-09-24 06:20:05 --> Session: Class initialized using 'CodeIgniter\Session\Handlers\FileHandler' driver.
INFO - 2025-09-24 06:20:05 --> Session: Class initialized using 'CodeIgniter\Session\Handlers\FileHandler' driver.
INFO - 2025-09-24 06:20:06 --> Session: Class initialized using 'CodeIgniter\Session\Handlers\FileHandler' driver.
CRITICAL - 2025-09-24 06:20:07 --> ATENÇÃO: Shifts::close() FOI EXECUTADO. id=16
DEBUG - 2025-09-24 06:20:07 --> Shifts::close - Início. ID turno=16, payload={"closed_by":"pdv","closing_amount":"0,00","id_cash_register":4}
DEBUG - 2025-09-24 06:20:07 --> Shifts::close - closing_amount normalizado=0
DEBUG - 2025-09-24 06:20:07 --> Shifts::close - Turno atual carregado: {"id_shift":"16","id_cash_register":"4","opened_by":"pdv","closed_by":"","opened_at":"2025-09-24 06:17:49","closed_at":"0000-00-00 00:00:00","opening_amount":"0.00","closing_amount":"0.00","status":"open","id_contador":"1","id_empresa":"6","created_at":"2025-09-24 06:17:49","updated_at":"2025-09-24 06:17:49","deleted_at":"0000-00-00 00:00:00"}
DEBUG - 2025-09-24 06:20:07 --> Shifts::close - Totais por pagamento: []
DEBUG - 2025-09-24 06:20:07 --> Shifts::close - Dados para update: {"closed_by":"pdv","closed_at":"2025-09-24 06:20:07","closing_amount":0,"status":"closed","id_cash_register":4}
INFO - 2025-09-24 06:20:07 --> Session: Class initialized using 'CodeIgniter\Session\Handlers\FileHandler' driver.
DEBUG - 2025-09-24 06:20:07 --> Shifts::close - Sucesso. Registro atualizado: {"\u0000*\u0000datamap":[],"\u0000*\u0000dates":["opened_at","closed_at","created_at","updated_at","deleted_at"],"\u0000*\u0000casts":{"id_shift":"integer","id_cash_register":"integer","opening_amount":"float","closing_amount":"float","id_contador":"integer","id_empresa":"integer"},"\u0000*\u0000castHandlers":[],"\u0000CodeIgniter\\Entity\\Entity\u0000defaultCastHandlers":{"array":"CodeIgniter\\Entity\\Cast\\ArrayCast","bool":"CodeIgniter\\Entity\\Cast\\BooleanCast","boolean":"CodeIgniter\\Entity\\Cast\\BooleanCast","csv":"CodeIgniter\\Entity\\Cast\\CSVCast","datetime":"CodeIgniter\\Entity\\Cast\\DatetimeCast","double":"CodeIgniter\\Entity\\Cast\\FloatCast","float":"CodeIgniter\\Entity\\Cast\\FloatCast","int":"CodeIgniter\\Entity\\Cast\\IntegerCast","integer":"CodeIgniter\\Entity\\Cast\\IntegerCast","int-bool":"CodeIgniter\\Entity\\Cast\\IntBoolCast","json":"CodeIgniter\\Entity\\Cast\\JsonCast","object":"CodeIgniter\\Entity\\Cast\\ObjectCast","string":"CodeIgniter\\Entity\\Cast\\StringCast","timestamp":"CodeIgniter\\Entity\\Cast\\TimestampCast","uri":"CodeIgniter\\Entity\\Cast\\URICast"},"\u0000*\u0000attributes":{"id_shift":"16","id_cash_register":"4","opened_by":"pdv","closed_by":"pdv","opened_at":"2025-09-24 06:17:49","closed_at":"2025-09-24 06:20:07","opening_amount":"0.00","closing_amount":"0.00","status":"closed","id_contador":"1","id_empresa":"6","created_at":"2025-09-24 06:17:49","updated_at":"2025-09-24 06:20:07","deleted_at":"0000-00-00 00:00:00"},"\u0000*\u0000original":{"id_shift":"16","id_cash_register":"4","opened_by":"pdv","closed_by":"pdv","opened_at":"2025-09-24 06:17:49","closed_at":"2025-09-24 06:20:07","opening_amount":"0.00","closing_amount":"0.00","status":"closed","id_contador":"1","id_empresa":"6","created_at":"2025-09-24 06:17:49","updated_at":"2025-09-24 06:20:07","deleted_at":"0000-00-00 00:00:00"},"\u0000CodeIgniter\\Entity\\Entity\u0000_cast":true}
DEBUG - 2025-09-24 06:20:07 --> Shifts::close - Tentando fechar caixa com: contador=1, empresa=6, usuario=0, valor=0
DEBUG - 2025-09-24 06:20:07 --> CaixaSessaoModel::closeOpenSession - Início: contador=1, empresa=6, usuario=0, valor=0
DEBUG - 2025-09-24 06:20:07 --> CaixaSessaoModel::closeOpenSession - Resultado query: {"id":"12","id_contador":"1","id_empresa":"6","id_usuario_abertura":null,"data_abertura":"2025-09-24 06:17:49","valor_inicial":"0.00","id_usuario_fechamento":null,"data_fechamento":null,"valor_final_contado_dinheiro":"0.00","valor_final_calculado_dinheiro":"0.00","total_vendas_cartao":"0.00","total_vendas_pix":"0.00","total_vendas_outros":"0.00","diferenca_dinheiro":"0.00","status":"aberto","created_at":"2025-09-24 06:17:49","updated_at":"2025-09-24 06:17:49","deleted_at":null}
DEBUG - 2025-09-24 06:20:07 --> CaixaSessaoModel::closeOpenSession - Caixa encontrado: id=12, valor_inicial=0
DEBUG - 2025-09-24 06:20:07 --> CaixaSessaoModel::closeOpenSession - Fazendo update: id=12, dados={"id_usuario_fechamento":null,"data_fechamento":"2025-09-24 06:20:07","valor_final_contado_dinheiro":0,"valor_final_calculado_dinheiro":0,"total_vendas_cartao":0,"total_vendas_pix":0,"total_vendas_outros":0,"diferenca_dinheiro":0,"status":"fechado"}
DEBUG - 2025-09-24 06:20:07 --> CaixaSessaoModel::closeOpenSession - Update result: ok=true, affected=1
INFO - 2025-09-24 06:20:07 --> CaixaSessaoModel::closeOpenSession - Sucesso! Sessão fechada: id=12
INFO - 2025-09-24 06:20:07 --> Shifts::close - Caixa sessão fechada via model centralizado. id=12
INFO - 2025-09-24 06:20:18 --> Session: Class initialized using 'CodeIgniter\Session\Handlers\FileHandler' driver.
INFO - 2025-09-24 06:20:18 --> Session: Class initialized using 'CodeIgniter\Session\Handlers\FileHandler' driver.
INFO - 2025-09-24 06:20:18 --> Session: Class initialized using 'CodeIgniter\Session\Handlers\FileHandler' driver.
INFO - 2025-09-24 06:20:18 --> Session: Class initialized using 'CodeIgniter\Session\Handlers\FileHandler' driver.
INFO - 2025-09-24 06:20:18 --> Session: Class initialized using 'CodeIgniter\Session\Handlers\FileHandler' driver.
INFO - 2025-09-24 06:20:21 --> Session: Class initialized using 'CodeIgniter\Session\Handlers\FileHandler' driver.
INFO - 2025-09-24 06:20:21 --> Shifts::open - Caixa sessão aberta via model centralizado.
INFO - 2025-09-24 06:20:21 --> Session: Class initialized using 'CodeIgniter\Session\Handlers\FileHandler' driver.
INFO - 2025-09-24 06:20:24 --> Session: Class initialized using 'CodeIgniter\Session\Handlers\FileHandler' driver.
CRITICAL - 2025-09-24 06:20:27 --> ATENÇÃO: Shifts::close() FOI EXECUTADO. id=17
DEBUG - 2025-09-24 06:20:27 --> Shifts::close - Início. ID turno=17, payload={"closed_by":"pdv","closing_amount":"1","id_cash_register":4}
DEBUG - 2025-09-24 06:20:27 --> Shifts::close - closing_amount normalizado=1
DEBUG - 2025-09-24 06:20:27 --> Shifts::close - Turno atual carregado: {"id_shift":"17","id_cash_register":"4","opened_by":"pdv","closed_by":"","opened_at":"2025-09-24 06:20:21","closed_at":"0000-00-00 00:00:00","opening_amount":"0.00","closing_amount":"0.00","status":"open","id_contador":"1","id_empresa":"6","created_at":"2025-09-24 06:20:21","updated_at":"2025-09-24 06:20:21","deleted_at":"0000-00-00 00:00:00"}
DEBUG - 2025-09-24 06:20:27 --> Shifts::close - Totais por pagamento: []
DEBUG - 2025-09-24 06:20:27 --> Shifts::close - Dados para update: {"closed_by":"pdv","closed_at":"2025-09-24 06:20:27","closing_amount":1,"status":"closed","id_cash_register":4}
INFO - 2025-09-24 06:20:27 --> Session: Class initialized using 'CodeIgniter\Session\Handlers\FileHandler' driver.
DEBUG - 2025-09-24 06:20:27 --> Shifts::close - Sucesso. Registro atualizado: {"\u0000*\u0000datamap":[],"\u0000*\u0000dates":["opened_at","closed_at","created_at","updated_at","deleted_at"],"\u0000*\u0000casts":{"id_shift":"integer","id_cash_register":"integer","opening_amount":"float","closing_amount":"float","id_contador":"integer","id_empresa":"integer"},"\u0000*\u0000castHandlers":[],"\u0000CodeIgniter\\Entity\\Entity\u0000defaultCastHandlers":{"array":"CodeIgniter\\Entity\\Cast\\ArrayCast","bool":"CodeIgniter\\Entity\\Cast\\BooleanCast","boolean":"CodeIgniter\\Entity\\Cast\\BooleanCast","csv":"CodeIgniter\\Entity\\Cast\\CSVCast","datetime":"CodeIgniter\\Entity\\Cast\\DatetimeCast","double":"CodeIgniter\\Entity\\Cast\\FloatCast","float":"CodeIgniter\\Entity\\Cast\\FloatCast","int":"CodeIgniter\\Entity\\Cast\\IntegerCast","integer":"CodeIgniter\\Entity\\Cast\\IntegerCast","int-bool":"CodeIgniter\\Entity\\Cast\\IntBoolCast","json":"CodeIgniter\\Entity\\Cast\\JsonCast","object":"CodeIgniter\\Entity\\Cast\\ObjectCast","string":"CodeIgniter\\Entity\\Cast\\StringCast","timestamp":"CodeIgniter\\Entity\\Cast\\TimestampCast","uri":"CodeIgniter\\Entity\\Cast\\URICast"},"\u0000*\u0000attributes":{"id_shift":"17","id_cash_register":"4","opened_by":"pdv","closed_by":"pdv","opened_at":"2025-09-24 06:20:21","closed_at":"2025-09-24 06:20:27","opening_amount":"0.00","closing_amount":"1.00","status":"closed","id_contador":"1","id_empresa":"6","created_at":"2025-09-24 06:20:21","updated_at":"2025-09-24 06:20:27","deleted_at":"0000-00-00 00:00:00"},"\u0000*\u0000original":{"id_shift":"17","id_cash_register":"4","opened_by":"pdv","closed_by":"pdv","opened_at":"2025-09-24 06:20:21","closed_at":"2025-09-24 06:20:27","opening_amount":"0.00","closing_amount":"1.00","status":"closed","id_contador":"1","id_empresa":"6","created_at":"2025-09-24 06:20:21","updated_at":"2025-09-24 06:20:27","deleted_at":"0000-00-00 00:00:00"},"\u0000CodeIgniter\\Entity\\Entity\u0000_cast":true}
DEBUG - 2025-09-24 06:20:27 --> Shifts::close - Tentando fechar caixa com: contador=1, empresa=6, usuario=0, valor=1
DEBUG - 2025-09-24 06:20:27 --> CaixaSessaoModel::closeOpenSession - Início: contador=1, empresa=6, usuario=0, valor=1
DEBUG - 2025-09-24 06:20:27 --> CaixaSessaoModel::closeOpenSession - Resultado query: {"id":"13","id_contador":"1","id_empresa":"6","id_usuario_abertura":null,"data_abertura":"2025-09-24 06:20:21","valor_inicial":"0.00","id_usuario_fechamento":null,"data_fechamento":null,"valor_final_contado_dinheiro":"0.00","valor_final_calculado_dinheiro":"0.00","total_vendas_cartao":"0.00","total_vendas_pix":"0.00","total_vendas_outros":"0.00","diferenca_dinheiro":"0.00","status":"aberto","created_at":"2025-09-24 06:20:21","updated_at":"2025-09-24 06:20:21","deleted_at":null}
DEBUG - 2025-09-24 06:20:27 --> CaixaSessaoModel::closeOpenSession - Caixa encontrado: id=13, valor_inicial=0
DEBUG - 2025-09-24 06:20:27 --> CaixaSessaoModel::closeOpenSession - Fazendo update: id=13, dados={"id_usuario_fechamento":null,"data_fechamento":"2025-09-24 06:20:27","valor_final_contado_dinheiro":1,"valor_final_calculado_dinheiro":0,"total_vendas_cartao":0,"total_vendas_pix":0,"total_vendas_outros":0,"diferenca_dinheiro":1,"status":"fechado"}
DEBUG - 2025-09-24 06:20:27 --> CaixaSessaoModel::closeOpenSession - Update result: ok=true, affected=1
INFO - 2025-09-24 06:20:27 --> CaixaSessaoModel::closeOpenSession - Sucesso! Sessão fechada: id=13
INFO - 2025-09-24 06:20:27 --> Shifts::close - Caixa sessão fechada via model centralizado. id=13
INFO - 2025-09-24 06:20:40 --> Session: Class initialized using 'CodeIgniter\Session\Handlers\FileHandler' driver.
INFO - 2025-09-24 06:20:40 --> Session: Class initialized using 'CodeIgniter\Session\Handlers\FileHandler' driver.
INFO - 2025-09-24 06:20:43 --> Session: Class initialized using 'CodeIgniter\Session\Handlers\FileHandler' driver.
INFO - 2025-09-24 06:20:43 --> Session: Class initialized using 'CodeIgniter\Session\Handlers\FileHandler' driver.
INFO - 2025-09-24 06:20:45 --> Session: Class initialized using 'CodeIgniter\Session\Handlers\FileHandler' driver.
INFO - 2025-09-24 06:20:45 --> Session: Class initialized using 'CodeIgniter\Session\Handlers\FileHandler' driver.
INFO - 2025-09-24 06:20:50 --> Session: Class initialized using 'CodeIgniter\Session\Handlers\FileHandler' driver.
INFO - 2025-09-24 06:20:50 --> Session: Class initialized using 'CodeIgniter\Session\Handlers\FileHandler' driver.
INFO - 2025-09-24 06:24:37 --> Session: Class initialized using 'CodeIgniter\Session\Handlers\FileHandler' driver.
INFO - 2025-09-24 06:24:37 --> Session: Class initialized using 'CodeIgniter\Session\Handlers\FileHandler' driver.
INFO - 2025-09-24 06:24:37 --> Session: Class initialized using 'CodeIgniter\Session\Handlers\FileHandler' driver.
INFO - 2025-09-24 06:24:37 --> Session: Class initialized using 'CodeIgniter\Session\Handlers\FileHandler' driver.
INFO - 2025-09-24 06:24:37 --> Session: Class initialized using 'CodeIgniter\Session\Handlers\FileHandler' driver.
INFO - 2025-09-24 06:24:39 --> Session: Class initialized using 'CodeIgniter\Session\Handlers\FileHandler' driver.
INFO - 2025-09-24 06:24:39 --> Session: Class initialized using 'CodeIgniter\Session\Handlers\FileHandler' driver.
INFO - 2025-09-24 06:24:53 --> Session: Class initialized using 'CodeIgniter\Session\Handlers\FileHandler' driver.
INFO - 2025-09-24 06:24:53 --> Session: Class initialized using 'CodeIgniter\Session\Handlers\FileHandler' driver.
INFO - 2025-09-24 06:25:35 --> Session: Class initialized using 'CodeIgniter\Session\Handlers\FileHandler' driver.
INFO - 2025-09-24 06:25:36 --> Session: Class initialized using 'CodeIgniter\Session\Handlers\FileHandler' driver.
INFO - 2025-09-24 06:25:36 --> Session: Class initialized using 'CodeIgniter\Session\Handlers\FileHandler' driver.
INFO - 2025-09-24 06:25:36 --> Session: Class initialized using 'CodeIgniter\Session\Handlers\FileHandler' driver.
INFO - 2025-09-24 06:25:36 --> Session: Class initialized using 'CodeIgniter\Session\Handlers\FileHandler' driver.
INFO - 2025-09-24 06:25:38 --> Session: Class initialized using 'CodeIgniter\Session\Handlers\FileHandler' driver.
INFO - 2025-09-24 06:25:38 --> Session: Class initialized using 'CodeIgniter\Session\Handlers\FileHandler' driver.
INFO - 2025-09-24 06:25:38 --> Session: Class initialized using 'CodeIgniter\Session\Handlers\FileHandler' driver.
INFO - 2025-09-24 06:25:38 --> Shifts::open - Caixa sessão aberta via model centralizado.
INFO - 2025-09-24 06:25:44 --> Session: Class initialized using 'CodeIgniter\Session\Handlers\FileHandler' driver.
ERROR - 2025-09-24 06:25:44 --> Shifts::open - Falha ao abrir caixa via model: Já existe um caixa aberto.
INFO - 2025-09-24 06:25:44 --> Session: Class initialized using 'CodeIgniter\Session\Handlers\FileHandler' driver.
INFO - 2025-09-24 06:25:46 --> Session: Class initialized using 'CodeIgniter\Session\Handlers\FileHandler' driver.
INFO - 2025-09-24 06:25:47 --> Session: Class initialized using 'CodeIgniter\Session\Handlers\FileHandler' driver.
INFO - 2025-09-24 06:25:47 --> Session: Class initialized using 'CodeIgniter\Session\Handlers\FileHandler' driver.
INFO - 2025-09-24 06:25:47 --> Session: Class initialized using 'CodeIgniter\Session\Handlers\FileHandler' driver.
INFO - 2025-09-24 06:25:47 --> Session: Class initialized using 'CodeIgniter\Session\Handlers\FileHandler' driver.
INFO - 2025-09-24 06:25:49 --> Session: Class initialized using 'CodeIgniter\Session\Handlers\FileHandler' driver.
CRITICAL - 2025-09-24 06:25:50 --> ATENÇÃO: Shifts::close() FOI EXECUTADO. id=19
DEBUG - 2025-09-24 06:25:50 --> Shifts::close - Início. ID turno=19, payload={"closed_by":"pdv","closing_amount":"0,00","id_cash_register":4}
DEBUG - 2025-09-24 06:25:50 --> Shifts::close - closing_amount normalizado=0
DEBUG - 2025-09-24 06:25:50 --> Shifts::close - Turno atual carregado: {"id_shift":"19","id_cash_register":"4","opened_by":"pdv","closed_by":"","opened_at":"2025-09-24 06:25:44","closed_at":"0000-00-00 00:00:00","opening_amount":"0.00","closing_amount":"0.00","status":"open","id_contador":"1","id_empresa":"6","created_at":"2025-09-24 06:25:44","updated_at":"2025-09-24 06:25:44","deleted_at":"0000-00-00 00:00:00"}
DEBUG - 2025-09-24 06:25:50 --> Shifts::close - Totais por pagamento: []
DEBUG - 2025-09-24 06:25:50 --> Shifts::close - Dados para update: {"closed_by":"pdv","closed_at":"2025-09-24 06:25:50","closing_amount":0,"status":"closed","id_cash_register":4}
INFO - 2025-09-24 06:25:50 --> Session: Class initialized using 'CodeIgniter\Session\Handlers\FileHandler' driver.
DEBUG - 2025-09-24 06:25:50 --> Shifts::close - Sucesso. Registro atualizado: {"\u0000*\u0000datamap":[],"\u0000*\u0000dates":["opened_at","closed_at","created_at","updated_at","deleted_at"],"\u0000*\u0000casts":{"id_shift":"integer","id_cash_register":"integer","opening_amount":"float","closing_amount":"float","id_contador":"integer","id_empresa":"integer"},"\u0000*\u0000castHandlers":[],"\u0000CodeIgniter\\Entity\\Entity\u0000defaultCastHandlers":{"array":"CodeIgniter\\Entity\\Cast\\ArrayCast","bool":"CodeIgniter\\Entity\\Cast\\BooleanCast","boolean":"CodeIgniter\\Entity\\Cast\\BooleanCast","csv":"CodeIgniter\\Entity\\Cast\\CSVCast","datetime":"CodeIgniter\\Entity\\Cast\\DatetimeCast","double":"CodeIgniter\\Entity\\Cast\\FloatCast","float":"CodeIgniter\\Entity\\Cast\\FloatCast","int":"CodeIgniter\\Entity\\Cast\\IntegerCast","integer":"CodeIgniter\\Entity\\Cast\\IntegerCast","int-bool":"CodeIgniter\\Entity\\Cast\\IntBoolCast","json":"CodeIgniter\\Entity\\Cast\\JsonCast","object":"CodeIgniter\\Entity\\Cast\\ObjectCast","string":"CodeIgniter\\Entity\\Cast\\StringCast","timestamp":"CodeIgniter\\Entity\\Cast\\TimestampCast","uri":"CodeIgniter\\Entity\\Cast\\URICast"},"\u0000*\u0000attributes":{"id_shift":"19","id_cash_register":"4","opened_by":"pdv","closed_by":"pdv","opened_at":"2025-09-24 06:25:44","closed_at":"2025-09-24 06:25:50","opening_amount":"0.00","closing_amount":"0.00","status":"closed","id_contador":"1","id_empresa":"6","created_at":"2025-09-24 06:25:44","updated_at":"2025-09-24 06:25:50","deleted_at":"0000-00-00 00:00:00"},"\u0000*\u0000original":{"id_shift":"19","id_cash_register":"4","opened_by":"pdv","closed_by":"pdv","opened_at":"2025-09-24 06:25:44","closed_at":"2025-09-24 06:25:50","opening_amount":"0.00","closing_amount":"0.00","status":"closed","id_contador":"1","id_empresa":"6","created_at":"2025-09-24 06:25:44","updated_at":"2025-09-24 06:25:50","deleted_at":"0000-00-00 00:00:00"},"\u0000CodeIgniter\\Entity\\Entity\u0000_cast":true}
DEBUG - 2025-09-24 06:25:50 --> Shifts::close - Tentando fechar caixa com: contador=1, empresa=6, usuario=0, valor=0
DEBUG - 2025-09-24 06:25:50 --> CaixaSessaoModel::closeOpenSession - Início: contador=1, empresa=6, usuario=0, valor=0
DEBUG - 2025-09-24 06:25:50 --> CaixaSessaoModel::closeOpenSession - Resultado query: {"id":"14","id_contador":"1","id_empresa":"6","id_usuario_abertura":null,"data_abertura":"2025-09-24 06:25:38","valor_inicial":"0.00","id_usuario_fechamento":null,"data_fechamento":null,"valor_final_contado_dinheiro":"0.00","valor_final_calculado_dinheiro":"0.00","total_vendas_cartao":"0.00","total_vendas_pix":"0.00","total_vendas_outros":"0.00","diferenca_dinheiro":"0.00","status":"aberto","created_at":"2025-09-24 06:25:38","updated_at":"2025-09-24 06:25:38","deleted_at":null}
DEBUG - 2025-09-24 06:25:50 --> CaixaSessaoModel::closeOpenSession - Caixa encontrado: id=14, valor_inicial=0
DEBUG - 2025-09-24 06:25:50 --> CaixaSessaoModel::closeOpenSession - Fazendo update: id=14, dados={"id_usuario_fechamento":null,"data_fechamento":"2025-09-24 06:25:50","valor_final_contado_dinheiro":0,"valor_final_calculado_dinheiro":0,"total_vendas_cartao":0,"total_vendas_pix":0,"total_vendas_outros":0,"diferenca_dinheiro":0,"status":"fechado"}
DEBUG - 2025-09-24 06:25:50 --> CaixaSessaoModel::closeOpenSession - Update result: ok=true, affected=1
INFO - 2025-09-24 06:25:50 --> CaixaSessaoModel::closeOpenSession - Sucesso! Sessão fechada: id=14
INFO - 2025-09-24 06:25:50 --> Shifts::close - Caixa sessão fechada via model centralizado. id=14
INFO - 2025-09-24 06:25:52 --> Session: Class initialized using 'CodeIgniter\Session\Handlers\FileHandler' driver.
INFO - 2025-09-24 06:25:52 --> Session: Class initialized using 'CodeIgniter\Session\Handlers\FileHandler' driver.
INFO - 2025-09-24 06:25:56 --> Session: Class initialized using 'CodeIgniter\Session\Handlers\FileHandler' driver.
INFO - 2025-09-24 06:25:56 --> Session: Class initialized using 'CodeIgniter\Session\Handlers\FileHandler' driver.
INFO - 2025-09-24 06:26:00 --> Session: Class initialized using 'CodeIgniter\Session\Handlers\FileHandler' driver.
INFO - 2025-09-24 06:26:00 --> Session: Class initialized using 'CodeIgniter\Session\Handlers\FileHandler' driver.
INFO - 2025-09-24 06:27:37 --> Session: Class initialized using 'CodeIgniter\Session\Handlers\FileHandler' driver.
INFO - 2025-09-24 06:27:37 --> Shifts::open - Caixa sessão aberta via model centralizado.
INFO - 2025-09-24 06:27:37 --> Session: Class initialized using 'CodeIgniter\Session\Handlers\FileHandler' driver.
INFO - 2025-09-24 06:27:41 --> Session: Class initialized using 'CodeIgniter\Session\Handlers\FileHandler' driver.
CRITICAL - 2025-09-24 06:27:42 --> ATENÇÃO: Shifts::close() FOI EXECUTADO. id=20
DEBUG - 2025-09-24 06:27:42 --> Shifts::close - Início. ID turno=20, payload={"closed_by":"pdv","closing_amount":"0,00","id_cash_register":4}
DEBUG - 2025-09-24 06:27:42 --> Shifts::close - closing_amount normalizado=0
DEBUG - 2025-09-24 06:27:42 --> Shifts::close - Turno atual carregado: {"id_shift":"20","id_cash_register":"4","opened_by":"pdv","closed_by":"","opened_at":"2025-09-24 06:27:37","closed_at":"0000-00-00 00:00:00","opening_amount":"0.00","closing_amount":"0.00","status":"open","id_contador":"1","id_empresa":"6","created_at":"2025-09-24 06:27:37","updated_at":"2025-09-24 06:27:37","deleted_at":"0000-00-00 00:00:00"}
DEBUG - 2025-09-24 06:27:42 --> Shifts::close - Totais por pagamento: []
DEBUG - 2025-09-24 06:27:42 --> Shifts::close - Dados para update: {"closed_by":"pdv","closed_at":"2025-09-24 06:27:42","closing_amount":0,"status":"closed","id_cash_register":4}
INFO - 2025-09-24 06:27:42 --> Session: Class initialized using 'CodeIgniter\Session\Handlers\FileHandler' driver.
DEBUG - 2025-09-24 06:27:42 --> Shifts::close - Sucesso. Registro atualizado: {"\u0000*\u0000datamap":[],"\u0000*\u0000dates":["opened_at","closed_at","created_at","updated_at","deleted_at"],"\u0000*\u0000casts":{"id_shift":"integer","id_cash_register":"integer","opening_amount":"float","closing_amount":"float","id_contador":"integer","id_empresa":"integer"},"\u0000*\u0000castHandlers":[],"\u0000CodeIgniter\\Entity\\Entity\u0000defaultCastHandlers":{"array":"CodeIgniter\\Entity\\Cast\\ArrayCast","bool":"CodeIgniter\\Entity\\Cast\\BooleanCast","boolean":"CodeIgniter\\Entity\\Cast\\BooleanCast","csv":"CodeIgniter\\Entity\\Cast\\CSVCast","datetime":"CodeIgniter\\Entity\\Cast\\DatetimeCast","double":"CodeIgniter\\Entity\\Cast\\FloatCast","float":"CodeIgniter\\Entity\\Cast\\FloatCast","int":"CodeIgniter\\Entity\\Cast\\IntegerCast","integer":"CodeIgniter\\Entity\\Cast\\IntegerCast","int-bool":"CodeIgniter\\Entity\\Cast\\IntBoolCast","json":"CodeIgniter\\Entity\\Cast\\JsonCast","object":"CodeIgniter\\Entity\\Cast\\ObjectCast","string":"CodeIgniter\\Entity\\Cast\\StringCast","timestamp":"CodeIgniter\\Entity\\Cast\\TimestampCast","uri":"CodeIgniter\\Entity\\Cast\\URICast"},"\u0000*\u0000attributes":{"id_shift":"20","id_cash_register":"4","opened_by":"pdv","closed_by":"pdv","opened_at":"2025-09-24 06:27:37","closed_at":"2025-09-24 06:27:42","opening_amount":"0.00","closing_amount":"0.00","status":"closed","id_contador":"1","id_empresa":"6","created_at":"2025-09-24 06:27:37","updated_at":"2025-09-24 06:27:42","deleted_at":"0000-00-00 00:00:00"},"\u0000*\u0000original":{"id_shift":"20","id_cash_register":"4","opened_by":"pdv","closed_by":"pdv","opened_at":"2025-09-24 06:27:37","closed_at":"2025-09-24 06:27:42","opening_amount":"0.00","closing_amount":"0.00","status":"closed","id_contador":"1","id_empresa":"6","created_at":"2025-09-24 06:27:37","updated_at":"2025-09-24 06:27:42","deleted_at":"0000-00-00 00:00:00"},"\u0000CodeIgniter\\Entity\\Entity\u0000_cast":true}
DEBUG - 2025-09-24 06:27:42 --> Shifts::close - Tentando fechar caixa com: contador=1, empresa=6, usuario=0, valor=0
DEBUG - 2025-09-24 06:27:42 --> CaixaSessaoModel::closeOpenSession - Início: contador=1, empresa=6, usuario=0, valor=0
DEBUG - 2025-09-24 06:27:42 --> CaixaSessaoModel::closeOpenSession - Resultado query: {"id":"15","id_contador":"1","id_empresa":"6","id_usuario_abertura":null,"data_abertura":"2025-09-24 06:27:37","valor_inicial":"0.00","id_usuario_fechamento":null,"data_fechamento":null,"valor_final_contado_dinheiro":"0.00","valor_final_calculado_dinheiro":"0.00","total_vendas_cartao":"0.00","total_vendas_pix":"0.00","total_vendas_outros":"0.00","diferenca_dinheiro":"0.00","status":"aberto","created_at":"2025-09-24 06:27:37","updated_at":"2025-09-24 06:27:37","deleted_at":null}
DEBUG - 2025-09-24 06:27:42 --> CaixaSessaoModel::closeOpenSession - Caixa encontrado: id=15, valor_inicial=0
DEBUG - 2025-09-24 06:27:42 --> CaixaSessaoModel::closeOpenSession - Fazendo update: id=15, dados={"id_usuario_fechamento":null,"data_fechamento":"2025-09-24 06:27:42","valor_final_contado_dinheiro":0,"valor_final_calculado_dinheiro":0,"total_vendas_cartao":0,"total_vendas_pix":0,"total_vendas_outros":0,"diferenca_dinheiro":0,"status":"fechado"}
DEBUG - 2025-09-24 06:27:42 --> CaixaSessaoModel::closeOpenSession - Update result: ok=true, affected=1
INFO - 2025-09-24 06:27:42 --> CaixaSessaoModel::closeOpenSession - Sucesso! Sessão fechada: id=15
INFO - 2025-09-24 06:27:42 --> Shifts::close - Caixa sessão fechada via model centralizado. id=15
INFO - 2025-09-24 06:27:57 --> Session: Class initialized using 'CodeIgniter\Session\Handlers\FileHandler' driver.
INFO - 2025-09-24 06:28:00 --> Session: Class initialized using 'CodeIgniter\Session\Handlers\FileHandler' driver.
INFO - 2025-09-24 06:28:00 --> Session: Class initialized using 'CodeIgniter\Session\Handlers\FileHandler' driver.
INFO - 2025-09-24 06:28:10 --> Session: Class initialized using 'CodeIgniter\Session\Handlers\FileHandler' driver.
INFO - 2025-09-24 06:28:26 --> Session: Class initialized using 'CodeIgniter\Session\Handlers\FileHandler' driver.
INFO - 2025-09-24 06:28:27 --> Session: Class initialized using 'CodeIgniter\Session\Handlers\FileHandler' driver.
INFO - 2025-09-24 06:28:27 --> Session: Class initialized using 'CodeIgniter\Session\Handlers\FileHandler' driver.
INFO - 2025-09-24 06:28:27 --> Session: Class initialized using 'CodeIgniter\Session\Handlers\FileHandler' driver.
INFO - 2025-09-24 06:28:27 --> Session: Class initialized using 'CodeIgniter\Session\Handlers\FileHandler' driver.
INFO - 2025-09-24 06:28:32 --> Session: Class initialized using 'CodeIgniter\Session\Handlers\FileHandler' driver.
CRITICAL - 2025-09-24 06:28:33 --> ATENÇÃO: Shifts::close() FOI EXECUTADO. id=18
DEBUG - 2025-09-24 06:28:33 --> Shifts::close - Início. ID turno=18, payload={"closed_by":"pdv","closing_amount":"0,00","id_cash_register":4}
DEBUG - 2025-09-24 06:28:33 --> Shifts::close - closing_amount normalizado=0
DEBUG - 2025-09-24 06:28:33 --> Shifts::close - Turno atual carregado: {"id_shift":"18","id_cash_register":"4","opened_by":"pdv","closed_by":"","opened_at":"2025-09-24 06:25:38","closed_at":"0000-00-00 00:00:00","opening_amount":"0.00","closing_amount":"0.00","status":"open","id_contador":"1","id_empresa":"6","created_at":"2025-09-24 06:25:38","updated_at":"2025-09-24 06:25:38","deleted_at":"0000-00-00 00:00:00"}
DEBUG - 2025-09-24 06:28:33 --> Shifts::close - Totais por pagamento: []
DEBUG - 2025-09-24 06:28:33 --> Shifts::close - Dados para update: {"closed_by":"pdv","closed_at":"2025-09-24 06:28:33","closing_amount":0,"status":"closed","id_cash_register":4}
INFO - 2025-09-24 06:28:33 --> Session: Class initialized using 'CodeIgniter\Session\Handlers\FileHandler' driver.
DEBUG - 2025-09-24 06:28:33 --> Shifts::close - Sucesso. Registro atualizado: {"\u0000*\u0000datamap":[],"\u0000*\u0000dates":["opened_at","closed_at","created_at","updated_at","deleted_at"],"\u0000*\u0000casts":{"id_shift":"integer","id_cash_register":"integer","opening_amount":"float","closing_amount":"float","id_contador":"integer","id_empresa":"integer"},"\u0000*\u0000castHandlers":[],"\u0000CodeIgniter\\Entity\\Entity\u0000defaultCastHandlers":{"array":"CodeIgniter\\Entity\\Cast\\ArrayCast","bool":"CodeIgniter\\Entity\\Cast\\BooleanCast","boolean":"CodeIgniter\\Entity\\Cast\\BooleanCast","csv":"CodeIgniter\\Entity\\Cast\\CSVCast","datetime":"CodeIgniter\\Entity\\Cast\\DatetimeCast","double":"CodeIgniter\\Entity\\Cast\\FloatCast","float":"CodeIgniter\\Entity\\Cast\\FloatCast","int":"CodeIgniter\\Entity\\Cast\\IntegerCast","integer":"CodeIgniter\\Entity\\Cast\\IntegerCast","int-bool":"CodeIgniter\\Entity\\Cast\\IntBoolCast","json":"CodeIgniter\\Entity\\Cast\\JsonCast","object":"CodeIgniter\\Entity\\Cast\\ObjectCast","string":"CodeIgniter\\Entity\\Cast\\StringCast","timestamp":"CodeIgniter\\Entity\\Cast\\TimestampCast","uri":"CodeIgniter\\Entity\\Cast\\URICast"},"\u0000*\u0000attributes":{"id_shift":"18","id_cash_register":"4","opened_by":"pdv","closed_by":"pdv","opened_at":"2025-09-24 06:25:38","closed_at":"2025-09-24 06:28:33","opening_amount":"0.00","closing_amount":"0.00","status":"closed","id_contador":"1","id_empresa":"6","created_at":"2025-09-24 06:25:38","updated_at":"2025-09-24 06:28:33","deleted_at":"0000-00-00 00:00:00"},"\u0000*\u0000original":{"id_shift":"18","id_cash_register":"4","opened_by":"pdv","closed_by":"pdv","opened_at":"2025-09-24 06:25:38","closed_at":"2025-09-24 06:28:33","opening_amount":"0.00","closing_amount":"0.00","status":"closed","id_contador":"1","id_empresa":"6","created_at":"2025-09-24 06:25:38","updated_at":"2025-09-24 06:28:33","deleted_at":"0000-00-00 00:00:00"},"\u0000CodeIgniter\\Entity\\Entity\u0000_cast":true}
DEBUG - 2025-09-24 06:28:33 --> Shifts::close - Tentando fechar caixa com: contador=1, empresa=6, usuario=0, valor=0
DEBUG - 2025-09-24 06:28:33 --> CaixaSessaoModel::closeOpenSession - Início: contador=1, empresa=6, usuario=0, valor=0
DEBUG - 2025-09-24 06:28:33 --> CaixaSessaoModel::closeOpenSession - Resultado query: null
ERROR - 2025-09-24 06:28:33 --> Shifts::close - Falha ao fechar caixa via model: Nenhum caixa aberto encontrado.
INFO - 2025-09-24 06:28:38 --> Session: Class initialized using 'CodeIgniter\Session\Handlers\FileHandler' driver.
INFO - 2025-09-24 06:28:38 --> Session: Class initialized using 'CodeIgniter\Session\Handlers\FileHandler' driver.
INFO - 2025-09-24 06:28:38 --> Session: Class initialized using 'CodeIgniter\Session\Handlers\FileHandler' driver.
INFO - 2025-09-24 06:28:38 --> Session: Class initialized using 'CodeIgniter\Session\Handlers\FileHandler' driver.
INFO - 2025-09-24 06:28:38 --> Session: Class initialized using 'CodeIgniter\Session\Handlers\FileHandler' driver.
INFO - 2025-09-24 06:30:33 --> Session: Class initialized using 'CodeIgniter\Session\Handlers\FileHandler' driver.
INFO - 2025-09-24 06:32:46 --> Session: Class initialized using 'CodeIgniter\Session\Handlers\FileHandler' driver.
INFO - 2025-09-24 06:32:50 --> Session: Class initialized using 'CodeIgniter\Session\Handlers\FileHandler' driver.
INFO - 2025-09-24 06:32:50 --> Session: Class initialized using 'CodeIgniter\Session\Handlers\FileHandler' driver.
INFO - 2025-09-24 06:32:50 --> Session: Class initialized using 'CodeIgniter\Session\Handlers\FileHandler' driver.
INFO - 2025-09-24 06:32:50 --> Session: Class initialized using 'CodeIgniter\Session\Handlers\FileHandler' driver.
INFO - 2025-09-24 06:32:50 --> Session: Class initialized using 'CodeIgniter\Session\Handlers\FileHandler' driver.
INFO - 2025-09-24 06:39:09 --> Session: Class initialized using 'CodeIgniter\Session\Handlers\FileHandler' driver.
INFO - 2025-09-24 06:39:09 --> Session: Class initialized using 'CodeIgniter\Session\Handlers\FileHandler' driver.
INFO - 2025-09-24 06:39:09 --> Session: Class initialized using 'CodeIgniter\Session\Handlers\FileHandler' driver.
INFO - 2025-09-24 06:39:09 --> Session: Class initialized using 'CodeIgniter\Session\Handlers\FileHandler' driver.
INFO - 2025-09-24 06:39:09 --> Session: Class initialized using 'CodeIgniter\Session\Handlers\FileHandler' driver.
INFO - 2025-09-24 06:39:11 --> Session: Class initialized using 'CodeIgniter\Session\Handlers\FileHandler' driver.
INFO - 2025-09-24 06:39:22 --> Session: Class initialized using 'CodeIgniter\Session\Handlers\FileHandler' driver.
INFO - 2025-09-24 06:39:22 --> Session: Class initialized using 'CodeIgniter\Session\Handlers\FileHandler' driver.
INFO - 2025-09-24 06:39:27 --> Session: Class initialized using 'CodeIgniter\Session\Handlers\FileHandler' driver.
INFO - 2025-09-24 06:39:28 --> Session: Class initialized using 'CodeIgniter\Session\Handlers\FileHandler' driver.
INFO - 2025-09-24 06:39:29 --> Session: Class initialized using 'CodeIgniter\Session\Handlers\FileHandler' driver.
INFO - 2025-09-24 06:39:29 --> Session: Class initialized using 'CodeIgniter\Session\Handlers\FileHandler' driver.
INFO - 2025-09-24 06:39:29 --> Session: Class initialized using 'CodeIgniter\Session\Handlers\FileHandler' driver.
INFO - 2025-09-24 06:39:29 --> Session: Class initialized using 'CodeIgniter\Session\Handlers\FileHandler' driver.
INFO - 2025-09-24 06:39:30 --> Session: Class initialized using 'CodeIgniter\Session\Handlers\FileHandler' driver.
INFO - 2025-09-24 06:39:31 --> Session: Class initialized using 'CodeIgniter\Session\Handlers\FileHandler' driver.
INFO - 2025-09-24 06:39:35 --> Session: Class initialized using 'CodeIgniter\Session\Handlers\FileHandler' driver.
INFO - 2025-09-24 06:39:35 --> Session: Class initialized using 'CodeIgniter\Session\Handlers\FileHandler' driver.
INFO - 2025-09-24 06:39:40 --> Session: Class initialized using 'CodeIgniter\Session\Handlers\FileHandler' driver.
INFO - 2025-09-24 06:39:40 --> Session: Class initialized using 'CodeIgniter\Session\Handlers\FileHandler' driver.
INFO - 2025-09-24 06:39:42 --> Session: Class initialized using 'CodeIgniter\Session\Handlers\FileHandler' driver.
INFO - 2025-09-24 06:39:42 --> Session: Class initialized using 'CodeIgniter\Session\Handlers\FileHandler' driver.
INFO - 2025-09-24 06:39:42 --> Session: Class initialized using 'CodeIgniter\Session\Handlers\FileHandler' driver.
INFO - 2025-09-24 06:39:42 --> Session: Class initialized using 'CodeIgniter\Session\Handlers\FileHandler' driver.
INFO - 2025-09-24 06:39:42 --> Session: Class initialized using 'CodeIgniter\Session\Handlers\FileHandler' driver.
INFO - 2025-09-24 06:39:43 --> Session: Class initialized using 'CodeIgniter\Session\Handlers\FileHandler' driver.
INFO - 2025-09-24 06:39:57 --> Session: Class initialized using 'CodeIgniter\Session\Handlers\FileHandler' driver.
INFO - 2025-09-24 06:39:57 --> Shifts::open - Caixa sessão aberta via model centralizado.
INFO - 2025-09-24 06:39:57 --> Session: Class initialized using 'CodeIgniter\Session\Handlers\FileHandler' driver.
INFO - 2025-09-24 06:39:59 --> Session: Class initialized using 'CodeIgniter\Session\Handlers\FileHandler' driver.
CRITICAL - 2025-09-24 06:40:00 --> ATENÇÃO: Shifts::close() FOI EXECUTADO. id=21
DEBUG - 2025-09-24 06:40:00 --> Shifts::close - Início. ID turno=21, payload={"closed_by":"pdv","closing_amount":"0,00","id_cash_register":4}
DEBUG - 2025-09-24 06:40:00 --> Shifts::close - closing_amount normalizado=0
DEBUG - 2025-09-24 06:40:00 --> Shifts::close - Turno atual carregado: {"id_shift":"21","id_cash_register":"4","opened_by":"pdv","closed_by":"","opened_at":"2025-09-24 06:39:57","closed_at":"0000-00-00 00:00:00","opening_amount":"0.00","closing_amount":"0.00","status":"open","id_contador":"1","id_empresa":"7","created_at":"2025-09-24 06:39:57","updated_at":"2025-09-24 06:39:57","deleted_at":"0000-00-00 00:00:00"}
DEBUG - 2025-09-24 06:40:00 --> Shifts::close - Totais por pagamento: []
DEBUG - 2025-09-24 06:40:00 --> Shifts::close - Dados para update: {"closed_by":"pdv","closed_at":"2025-09-24 06:40:00","closing_amount":0,"status":"closed","id_cash_register":4}
INFO - 2025-09-24 06:40:00 --> Session: Class initialized using 'CodeIgniter\Session\Handlers\FileHandler' driver.
DEBUG - 2025-09-24 06:40:00 --> Shifts::close - Sucesso. Registro atualizado: {"\u0000*\u0000datamap":[],"\u0000*\u0000dates":["opened_at","closed_at","created_at","updated_at","deleted_at"],"\u0000*\u0000casts":{"id_shift":"integer","id_cash_register":"integer","opening_amount":"float","closing_amount":"float","id_contador":"integer","id_empresa":"integer"},"\u0000*\u0000castHandlers":[],"\u0000CodeIgniter\\Entity\\Entity\u0000defaultCastHandlers":{"array":"CodeIgniter\\Entity\\Cast\\ArrayCast","bool":"CodeIgniter\\Entity\\Cast\\BooleanCast","boolean":"CodeIgniter\\Entity\\Cast\\BooleanCast","csv":"CodeIgniter\\Entity\\Cast\\CSVCast","datetime":"CodeIgniter\\Entity\\Cast\\DatetimeCast","double":"CodeIgniter\\Entity\\Cast\\FloatCast","float":"CodeIgniter\\Entity\\Cast\\FloatCast","int":"CodeIgniter\\Entity\\Cast\\IntegerCast","integer":"CodeIgniter\\Entity\\Cast\\IntegerCast","int-bool":"CodeIgniter\\Entity\\Cast\\IntBoolCast","json":"CodeIgniter\\Entity\\Cast\\JsonCast","object":"CodeIgniter\\Entity\\Cast\\ObjectCast","string":"CodeIgniter\\Entity\\Cast\\StringCast","timestamp":"CodeIgniter\\Entity\\Cast\\TimestampCast","uri":"CodeIgniter\\Entity\\Cast\\URICast"},"\u0000*\u0000attributes":{"id_shift":"21","id_cash_register":"4","opened_by":"pdv","closed_by":"pdv","opened_at":"2025-09-24 06:39:57","closed_at":"2025-09-24 06:40:00","opening_amount":"0.00","closing_amount":"0.00","status":"closed","id_contador":"1","id_empresa":"7","created_at":"2025-09-24 06:39:57","updated_at":"2025-09-24 06:40:00","deleted_at":"0000-00-00 00:00:00"},"\u0000*\u0000original":{"id_shift":"21","id_cash_register":"4","opened_by":"pdv","closed_by":"pdv","opened_at":"2025-09-24 06:39:57","closed_at":"2025-09-24 06:40:00","opening_amount":"0.00","closing_amount":"0.00","status":"closed","id_contador":"1","id_empresa":"7","created_at":"2025-09-24 06:39:57","updated_at":"2025-09-24 06:40:00","deleted_at":"0000-00-00 00:00:00"},"\u0000CodeIgniter\\Entity\\Entity\u0000_cast":true}
DEBUG - 2025-09-24 06:40:00 --> Shifts::close - Tentando fechar caixa com: contador=1, empresa=7, usuario=0, valor=0
DEBUG - 2025-09-24 06:40:00 --> CaixaSessaoModel::closeOpenSession - Início: contador=1, empresa=7, usuario=0, valor=0
DEBUG - 2025-09-24 06:40:00 --> CaixaSessaoModel::closeOpenSession - Resultado query: {"id":"16","id_contador":"1","id_empresa":"7","id_usuario_abertura":null,"data_abertura":"2025-09-24 06:39:57","valor_inicial":"0.00","id_usuario_fechamento":null,"data_fechamento":null,"valor_final_contado_dinheiro":"0.00","valor_final_calculado_dinheiro":"0.00","total_vendas_cartao":"0.00","total_vendas_pix":"0.00","total_vendas_outros":"0.00","diferenca_dinheiro":"0.00","status":"aberto","created_at":"2025-09-24 06:39:57","updated_at":"2025-09-24 06:39:57","deleted_at":null}
DEBUG - 2025-09-24 06:40:00 --> CaixaSessaoModel::closeOpenSession - Caixa encontrado: id=16, valor_inicial=0
DEBUG - 2025-09-24 06:40:00 --> CaixaSessaoModel::closeOpenSession - Fazendo update: id=16, dados={"id_usuario_fechamento":null,"data_fechamento":"2025-09-24 06:40:00","valor_final_contado_dinheiro":0,"valor_final_calculado_dinheiro":0,"total_vendas_cartao":0,"total_vendas_pix":0,"total_vendas_outros":0,"diferenca_dinheiro":0,"status":"fechado"}
DEBUG - 2025-09-24 06:40:00 --> CaixaSessaoModel::closeOpenSession - Update result: ok=true, affected=1
INFO - 2025-09-24 06:40:00 --> CaixaSessaoModel::closeOpenSession - Sucesso! Sessão fechada: id=16
INFO - 2025-09-24 06:40:00 --> Shifts::close - Caixa sessão fechada via model centralizado. id=16
INFO - 2025-09-24 06:40:49 --> Session: Class initialized using 'CodeIgniter\Session\Handlers\FileHandler' driver.
INFO - 2025-09-24 06:40:51 --> Session: Class initialized using 'CodeIgniter\Session\Handlers\FileHandler' driver.
INFO - 2025-09-24 06:40:55 --> Session: Class initialized using 'CodeIgniter\Session\Handlers\FileHandler' driver.
INFO - 2025-09-24 06:40:56 --> Session: Class initialized using 'CodeIgniter\Session\Handlers\FileHandler' driver.
INFO - 2025-09-24 06:41:10 --> Session: Class initialized using 'CodeIgniter\Session\Handlers\FileHandler' driver.
INFO - 2025-09-24 06:41:13 --> Session: Class initialized using 'CodeIgniter\Session\Handlers\FileHandler' driver.
INFO - 2025-09-24 06:41:14 --> Session: Class initialized using 'CodeIgniter\Session\Handlers\FileHandler' driver.
INFO - 2025-09-24 06:41:20 --> Session: Class initialized using 'CodeIgniter\Session\Handlers\FileHandler' driver.
DEBUG - 2025-09-24 06:44:49 --> Session: Initialization under CLI aborted.
DEBUG - 2025-09-24 06:46:53 --> Session: Initialization under CLI aborted.
DEBUG - 2025-09-24 06:47:14 --> Session: Initialization under CLI aborted.
DEBUG - 2025-09-24 06:47:38 --> Session: Initialization under CLI aborted.
INFO - 2025-09-24 06:48:45 --> Session: Class initialized using 'CodeIgniter\Session\Handlers\FileHandler' driver.
INFO - 2025-09-24 06:48:45 --> Session: Class initialized using 'CodeIgniter\Session\Handlers\FileHandler' driver.
INFO - 2025-09-24 06:48:45 --> Session: Class initialized using 'CodeIgniter\Session\Handlers\FileHandler' driver.
INFO - 2025-09-24 06:48:45 --> Session: Class initialized using 'CodeIgniter\Session\Handlers\FileHandler' driver.
INFO - 2025-09-24 06:48:45 --> Session: Class initialized using 'CodeIgniter\Session\Handlers\FileHandler' driver.
INFO - 2025-09-24 06:48:48 --> Session: Class initialized using 'CodeIgniter\Session\Handlers\FileHandler' driver.
INFO - 2025-09-24 06:48:50 --> Session: Class initialized using 'CodeIgniter\Session\Handlers\FileHandler' driver.
DEBUG - 2025-09-24 06:48:50 --> Products::search - Termo: , Contador: 1, Empresa: 7, Page: 1, Limit: 50
INFO - 2025-09-24 06:48:51 --> Session: Class initialized using 'CodeIgniter\Session\Handlers\FileHandler' driver.
DEBUG - 2025-09-24 06:48:51 --> Products::search - Termo: 29, Contador: 1, Empresa: 7, Page: 1, Limit: 50
DEBUG - 2025-09-24 06:48:51 --> Products::search - Resultados encontrados: 0
INFO - 2025-09-24 06:49:03 --> Session: Class initialized using 'CodeIgniter\Session\Handlers\FileHandler' driver.
DEBUG - 2025-09-24 06:49:03 --> Products::search - Termo: , Contador: 1, Empresa: 7, Page: 1, Limit: 50
INFO - 2025-09-24 06:49:04 --> Session: Class initialized using 'CodeIgniter\Session\Handlers\FileHandler' driver.
DEBUG - 2025-09-24 06:49:04 --> Products::search - Termo: 29, Contador: 1, Empresa: 7, Page: 1, Limit: 50
DEBUG - 2025-09-24 06:49:04 --> Products::search - Resultados encontrados: 0
INFO - 2025-09-24 06:49:07 --> Session: Class initialized using 'CodeIgniter\Session\Handlers\FileHandler' driver.
INFO - 2025-09-24 06:49:07 --> Shifts::open - Caixa sessão aberta via model centralizado.
INFO - 2025-09-24 06:49:07 --> Session: Class initialized using 'CodeIgniter\Session\Handlers\FileHandler' driver.
INFO - 2025-09-24 06:49:10 --> Session: Class initialized using 'CodeIgniter\Session\Handlers\FileHandler' driver.
DEBUG - 2025-09-24 06:49:10 --> Products::search - Termo: , Contador: 1, Empresa: 7, Page: 1, Limit: 50
INFO - 2025-09-24 06:49:11 --> Session: Class initialized using 'CodeIgniter\Session\Handlers\FileHandler' driver.
DEBUG - 2025-09-24 06:49:11 --> Products::search - Termo: 29, Contador: 1, Empresa: 7, Page: 1, Limit: 50
DEBUG - 2025-09-24 06:49:11 --> Products::search - Resultados encontrados: 0
INFO - 2025-09-24 06:49:19 --> Session: Class initialized using 'CodeIgniter\Session\Handlers\FileHandler' driver.
DEBUG - 2025-09-24 06:49:19 --> Products::search - Termo: , Contador: 1, Empresa: 7, Page: 1, Limit: 50
INFO - 2025-09-24 06:49:22 --> Session: Class initialized using 'CodeIgniter\Session\Handlers\FileHandler' driver.
DEBUG - 2025-09-24 06:49:22 --> Products::barcode - Buscando EAN: 29, Contador: 1, Empresa: 7
DEBUG - 2025-09-24 06:49:22 --> Products::barcode - Tentativa 1 (empresa+contador exato): NAO_ENCONTRADO
DEBUG - 2025-09-24 06:49:22 --> Products::barcode - Tentativa 2 (empresa+contador LIKE): NAO_ENCONTRADO
DEBUG - 2025-09-24 06:49:22 --> Products::barcode - Tentativa 3 (somente contador): NAO_ENCONTRADO
DEBUG - 2025-09-24 06:49:22 --> Products::barcode - Tentativa 4 (global): NAO_ENCONTRADO
WARNING - 2025-09-24 06:49:22 --> Products::barcode - Produto não encontrado para EAN: 29
INFO - 2025-09-24 06:49:22 --> Session: Class initialized using 'CodeIgniter\Session\Handlers\FileHandler' driver.
DEBUG - 2025-09-24 06:49:22 --> Products::search - Termo: 29, Contador: 1, Empresa: 7, Page: 1, Limit: 50
DEBUG - 2025-09-24 06:49:22 --> Products::search - Resultados encontrados: 0
INFO - 2025-09-24 06:49:36 --> Session: Class initialized using 'CodeIgniter\Session\Handlers\FileHandler' driver.
INFO - 2025-09-24 06:49:36 --> Session: Class initialized using 'CodeIgniter\Session\Handlers\FileHandler' driver.
INFO - 2025-09-24 06:49:36 --> Session: Class initialized using 'CodeIgniter\Session\Handlers\FileHandler' driver.
INFO - 2025-09-24 06:49:37 --> Session: Class initialized using 'CodeIgniter\Session\Handlers\FileHandler' driver.
INFO - 2025-09-24 06:49:37 --> Session: Class initialized using 'CodeIgniter\Session\Handlers\FileHandler' driver.
INFO - 2025-09-24 06:49:38 --> Session: Class initialized using 'CodeIgniter\Session\Handlers\FileHandler' driver.
DEBUG - 2025-09-24 06:49:38 --> Products::search - Termo: , Contador: 1, Empresa: 7, Page: 1, Limit: 50
INFO - 2025-09-24 06:49:39 --> Session: Class initialized using 'CodeIgniter\Session\Handlers\FileHandler' driver.
DEBUG - 2025-09-24 06:49:39 --> Products::search - Termo: 29, Contador: 1, Empresa: 7, Page: 1, Limit: 50
DEBUG - 2025-09-24 06:49:39 --> Products::search - Resultados encontrados: 0
INFO - 2025-09-24 06:50:15 --> Session: Class initialized using 'CodeIgniter\Session\Handlers\FileHandler' driver.
DEBUG - 2025-09-24 06:50:15 --> Products::search - Termo: , Contador: 1, Empresa: 7, Page: 1, Limit: 50
INFO - 2025-09-24 06:50:18 --> Session: Class initialized using 'CodeIgniter\Session\Handlers\FileHandler' driver.
DEBUG - 2025-09-24 06:50:18 --> Products::search - Termo: 29, Contador: 1, Empresa: 7, Page: 1, Limit: 50
DEBUG - 2025-09-24 06:50:18 --> Products::search - Resultados encontrados: 0
INFO - 2025-09-24 06:50:38 --> Session: Class initialized using 'CodeIgniter\Session\Handlers\FileHandler' driver.
DEBUG - 2025-09-24 06:50:38 --> Products::barcode - Buscando EAN: 21, Contador: 1, Empresa: 7
DEBUG - 2025-09-24 06:50:38 --> Products::barcode - Tentativa 1 (empresa+contador exato): ENCONTRADO ID=N/A
INFO - 2025-09-24 06:50:39 --> Session: Class initialized using 'CodeIgniter\Session\Handlers\FileHandler' driver.
INFO - 2025-09-24 06:50:39 --> Session: Class initialized using 'CodeIgniter\Session\Handlers\FileHandler' driver.
INFO - 2025-09-24 06:50:48 --> Session: Class initialized using 'CodeIgniter\Session\Handlers\FileHandler' driver.
INFO - 2025-09-24 06:50:50 --> Session: Class initialized using 'CodeIgniter\Session\Handlers\FileHandler' driver.
INFO - 2025-09-24 06:50:50 --> Session: Class initialized using 'CodeIgniter\Session\Handlers\FileHandler' driver.
INFO - 2025-09-24 06:50:50 --> Session: Class initialized using 'CodeIgniter\Session\Handlers\FileHandler' driver.
INFO - 2025-09-24 06:50:50 --> Session: Class initialized using 'CodeIgniter\Session\Handlers\FileHandler' driver.
INFO - 2025-09-24 06:50:50 --> Session: Class initialized using 'CodeIgniter\Session\Handlers\FileHandler' driver.
INFO - 2025-09-24 06:50:52 --> Session: Class initialized using 'CodeIgniter\Session\Handlers\FileHandler' driver.
DEBUG - 2025-09-24 06:50:52 --> Products::search - Termo: Test, Contador: 1, Empresa: 7, Page: 1, Limit: 50
DEBUG - 2025-09-24 06:50:52 --> Products::search - Resultados encontrados: 1
INFO - 2025-09-24 06:50:53 --> Session: Class initialized using 'CodeIgniter\Session\Handlers\FileHandler' driver.
INFO - 2025-09-24 06:50:53 --> Session: Class initialized using 'CodeIgniter\Session\Handlers\FileHandler' driver.
INFO - 2025-09-24 06:50:56 --> Session: Class initialized using 'CodeIgniter\Session\Handlers\FileHandler' driver.
DEBUG - 2025-09-24 06:50:56 --> Products::search - Termo: , Contador: 1, Empresa: 7, Page: 1, Limit: 50
INFO - 2025-09-24 06:53:41 --> Session: Class initialized using 'CodeIgniter\Session\Handlers\FileHandler' driver.
INFO - 2025-09-24 06:53:41 --> Session: Class initialized using 'CodeIgniter\Session\Handlers\FileHandler' driver.
INFO - 2025-09-24 06:53:41 --> Session: Class initialized using 'CodeIgniter\Session\Handlers\FileHandler' driver.
INFO - 2025-09-24 06:53:41 --> Session: Class initialized using 'CodeIgniter\Session\Handlers\FileHandler' driver.
INFO - 2025-09-24 06:53:41 --> Session: Class initialized using 'CodeIgniter\Session\Handlers\FileHandler' driver.
INFO - 2025-09-24 06:53:42 --> Session: Class initialized using 'CodeIgniter\Session\Handlers\FileHandler' driver.
DEBUG - 2025-09-24 06:53:42 --> Products::search - Termo: , Contador: 1, Empresa: 7, Page: 1, Limit: 50
INFO - 2025-09-24 06:53:43 --> Session: Class initialized using 'CodeIgniter\Session\Handlers\FileHandler' driver.
DEBUG - 2025-09-24 06:53:43 --> Products::search - Termo: 29, Contador: 1, Empresa: 7, Page: 1, Limit: 50
DEBUG - 2025-09-24 06:53:43 --> Products::search - Resultados encontrados: 0
INFO - 2025-09-24 06:53:55 --> Session: Class initialized using 'CodeIgniter\Session\Handlers\FileHandler' driver.
DEBUG - 2025-09-24 06:53:55 --> Products::search - Termo: , Contador: 1, Empresa: 7, Page: 1, Limit: 50
INFO - 2025-09-24 06:53:56 --> Session: Class initialized using 'CodeIgniter\Session\Handlers\FileHandler' driver.
DEBUG - 2025-09-24 06:53:56 --> Products::search - Termo: 29, Contador: 1, Empresa: 7, Page: 1, Limit: 50
DEBUG - 2025-09-24 06:53:56 --> Products::search - Resultados encontrados: 0
INFO - 2025-09-24 06:54:07 --> Session: Class initialized using 'CodeIgniter\Session\Handlers\FileHandler' driver.
DEBUG - 2025-09-24 06:54:07 --> Products::search - Termo: 29, Contador: 1, Empresa: 7, Page: 1, Limit: 50
DEBUG - 2025-09-24 06:54:07 --> Products::search - Resultados encontrados: 0
INFO - 2025-09-24 06:54:16 --> Session: Class initialized using 'CodeIgniter\Session\Handlers\FileHandler' driver.
INFO - 2025-09-24 06:54:24 --> Session: Class initialized using 'CodeIgniter\Session\Handlers\FileHandler' driver.
DEBUG - 2025-09-24 06:54:24 --> Products::search - Termo: , Contador: 1, Empresa: 7, Page: 1, Limit: 50
INFO - 2025-09-24 06:54:26 --> Session: Class initialized using 'CodeIgniter\Session\Handlers\FileHandler' driver.
DEBUG - 2025-09-24 06:54:26 --> Products::search - Termo: 29, Contador: 1, Empresa: 7, Page: 1, Limit: 50
DEBUG - 2025-09-24 06:54:26 --> Products::search - Resultados encontrados: 0
INFO - 2025-09-24 06:54:35 --> Session: Class initialized using 'CodeIgniter\Session\Handlers\FileHandler' driver.
INFO - 2025-09-24 06:54:35 --> Session: Class initialized using 'CodeIgniter\Session\Handlers\FileHandler' driver.
INFO - 2025-09-24 06:54:36 --> Session: Class initialized using 'CodeIgniter\Session\Handlers\FileHandler' driver.
INFO - 2025-09-24 06:54:36 --> Session: Class initialized using 'CodeIgniter\Session\Handlers\FileHandler' driver.
INFO - 2025-09-24 06:54:36 --> Session: Class initialized using 'CodeIgniter\Session\Handlers\FileHandler' driver.
INFO - 2025-09-24 06:54:38 --> Session: Class initialized using 'CodeIgniter\Session\Handlers\FileHandler' driver.
INFO - 2025-09-24 06:54:38 --> Session: Class initialized using 'CodeIgniter\Session\Handlers\FileHandler' driver.
INFO - 2025-09-24 06:54:38 --> Session: Class initialized using 'CodeIgniter\Session\Handlers\FileHandler' driver.
INFO - 2025-09-24 06:54:39 --> Session: Class initialized using 'CodeIgniter\Session\Handlers\FileHandler' driver.
INFO - 2025-09-24 06:54:40 --> Session: Class initialized using 'CodeIgniter\Session\Handlers\FileHandler' driver.
DEBUG - 2025-09-24 06:54:40 --> Products::search - Termo: , Contador: 1, Empresa: 7, Page: 1, Limit: 50
INFO - 2025-09-24 06:54:41 --> Session: Class initialized using 'CodeIgniter\Session\Handlers\FileHandler' driver.
DEBUG - 2025-09-24 06:54:41 --> Products::search - Termo: 29, Contador: 1, Empresa: 7, Page: 1, Limit: 50
DEBUG - 2025-09-24 06:54:41 --> Products::search - Resultados encontrados: 0
INFO - 2025-09-24 06:57:36 --> Session: Class initialized using 'CodeIgniter\Session\Handlers\FileHandler' driver.
INFO - 2025-09-24 06:57:36 --> Session: Class initialized using 'CodeIgniter\Session\Handlers\FileHandler' driver.
INFO - 2025-09-24 06:57:36 --> Session: Class initialized using 'CodeIgniter\Session\Handlers\FileHandler' driver.
INFO - 2025-09-24 06:57:36 --> Session: Class initialized using 'CodeIgniter\Session\Handlers\FileHandler' driver.
INFO - 2025-09-24 06:57:36 --> Session: Class initialized using 'CodeIgniter\Session\Handlers\FileHandler' driver.
INFO - 2025-09-24 06:57:38 --> Session: Class initialized using 'CodeIgniter\Session\Handlers\FileHandler' driver.
INFO - 2025-09-24 06:57:41 --> Session: Class initialized using 'CodeIgniter\Session\Handlers\FileHandler' driver.
DEBUG - 2025-09-24 06:57:41 --> Products::search - Termo: , Contador: 1, Empresa: 7, Page: 1, Limit: 50
INFO - 2025-09-24 06:57:43 --> Session: Class initialized using 'CodeIgniter\Session\Handlers\FileHandler' driver.
DEBUG - 2025-09-24 06:57:43 --> Products::search - Termo: 29, Contador: 1, Empresa: 7, Page: 1, Limit: 50
DEBUG - 2025-09-24 06:57:43 --> Products::search - Resultados encontrados: 1
DEBUG - 2025-09-24 06:57:43 --> Products::search - Primeiro resultado: {"id_produto":"29","nome":"TEST","codigo_de_barras":"21","valor_unitario":"20","CFOP_NFe":"5403","CFOP_NFCe":"5102","CFOP_Externo":"6104","NCM":"00000000","CSOSN":"103","id_unidade":"1","id_contador":"1","id_empresa":"7","created_at":"2025-09-24 03:07:13","updated_at":"2025-09-24 03:10:46","deleted_at":"0000-00-00 00:00:00","estoque":"11.000","estoque_minimo":"20.000"}
DEBUG - 2025-09-24 06:57:43 --> Products::search - Primeiro resultado mapeado: {"id_produto":"29","nome":"TEST","codigo_de_barras":"21","valor_unitario":"20","CFOP_NFe":"5403","CFOP_NFCe":"5102","CFOP_Externo":"6104","NCM":"00000000","CSOSN":"103","id_unidade":"1","id_contador":"1","id_empresa":"7","created_at":"2025-09-24 03:07:13","updated_at":"2025-09-24 03:10:46","deleted_at":"0000-00-00 00:00:00","estoque":"11.000","estoque_minimo":"20.000","quantidade_estoque":11,"id":"29","codigo_barras":"21","preco_unitario":"20.00"}
INFO - 2025-09-24 06:57:43 --> Session: Class initialized using 'CodeIgniter\Session\Handlers\FileHandler' driver.
INFO - 2025-09-24 06:57:43 --> Session: Class initialized using 'CodeIgniter\Session\Handlers\FileHandler' driver.
INFO - 2025-09-24 06:57:51 --> Session: Class initialized using 'CodeIgniter\Session\Handlers\FileHandler' driver.
INFO - 2025-09-24 06:57:51 --> Session: Class initialized using 'CodeIgniter\Session\Handlers\FileHandler' driver.
INFO - 2025-09-24 06:57:52 --> Session: Class initialized using 'CodeIgniter\Session\Handlers\FileHandler' driver.
INFO - 2025-09-24 06:57:54 --> Session: Class initialized using 'CodeIgniter\Session\Handlers\FileHandler' driver.
DEBUG - 2025-09-24 06:57:54 --> Products::search - Termo: , Contador: 1, Empresa: 7, Page: 1, Limit: 50
INFO - 2025-09-24 06:57:55 --> Session: Class initialized using 'CodeIgniter\Session\Handlers\FileHandler' driver.
DEBUG - 2025-09-24 06:57:55 --> Products::search - Termo: 29, Contador: 1, Empresa: 7, Page: 1, Limit: 50
DEBUG - 2025-09-24 06:57:55 --> Products::search - Resultados encontrados: 1
DEBUG - 2025-09-24 06:57:55 --> Products::search - Primeiro resultado: {"id_produto":"29","nome":"TEST","codigo_de_barras":"21","valor_unitario":"20","CFOP_NFe":"5403","CFOP_NFCe":"5102","CFOP_Externo":"6104","NCM":"00000000","CSOSN":"103","id_unidade":"1","id_contador":"1","id_empresa":"7","created_at":"2025-09-24 03:07:13","updated_at":"2025-09-24 03:10:46","deleted_at":"0000-00-00 00:00:00","estoque":"11.000","estoque_minimo":"20.000"}
DEBUG - 2025-09-24 06:57:55 --> Products::search - Primeiro resultado mapeado: {"id_produto":"29","nome":"TEST","codigo_de_barras":"21","valor_unitario":"20","CFOP_NFe":"5403","CFOP_NFCe":"5102","CFOP_Externo":"6104","NCM":"00000000","CSOSN":"103","id_unidade":"1","id_contador":"1","id_empresa":"7","created_at":"2025-09-24 03:07:13","updated_at":"2025-09-24 03:10:46","deleted_at":"0000-00-00 00:00:00","estoque":"11.000","estoque_minimo":"20.000","quantidade_estoque":11,"id":"29","codigo_barras":"21","preco_unitario":"20.00"}
INFO - 2025-09-24 06:57:55 --> Session: Class initialized using 'CodeIgniter\Session\Handlers\FileHandler' driver.
INFO - 2025-09-24 06:57:55 --> Session: Class initialized using 'CodeIgniter\Session\Handlers\FileHandler' driver.
INFO - 2025-09-24 06:57:59 --> Session: Class initialized using 'CodeIgniter\Session\Handlers\FileHandler' driver.
DEBUG - 2025-09-24 06:57:59 --> Products::search - Termo: , Contador: 1, Empresa: 7, Page: 1, Limit: 50
INFO - 2025-09-24 06:58:04 --> Session: Class initialized using 'CodeIgniter\Session\Handlers\FileHandler' driver.
DEBUG - 2025-09-24 06:58:04 --> Products::barcode - Buscando EAN: 29, Contador: 1, Empresa: 7
DEBUG - 2025-09-24 06:58:04 --> Products::barcode - Tentativa 1 (empresa+contador exato): NAO_ENCONTRADO
DEBUG - 2025-09-24 06:58:04 --> Products::barcode - Tentativa 2 (empresa+contador LIKE): NAO_ENCONTRADO
DEBUG - 2025-09-24 06:58:04 --> Products::barcode - Tentativa 3 (somente contador): NAO_ENCONTRADO
DEBUG - 2025-09-24 06:58:04 --> Products::barcode - Tentativa 4 (global): NAO_ENCONTRADO
WARNING - 2025-09-24 06:58:04 --> Products::barcode - Produto não encontrado para EAN: 29
INFO - 2025-09-24 06:58:04 --> Session: Class initialized using 'CodeIgniter\Session\Handlers\FileHandler' driver.
DEBUG - 2025-09-24 06:58:04 --> Products::search - Termo: 29, Contador: 1, Empresa: 7, Page: 1, Limit: 50
DEBUG - 2025-09-24 06:58:04 --> Products::search - Resultados encontrados: 1
DEBUG - 2025-09-24 06:58:04 --> Products::search - Primeiro resultado: {"id_produto":"29","nome":"TEST","codigo_de_barras":"21","valor_unitario":"20","CFOP_NFe":"5403","CFOP_NFCe":"5102","CFOP_Externo":"6104","NCM":"00000000","CSOSN":"103","id_unidade":"1","id_contador":"1","id_empresa":"7","created_at":"2025-09-24 03:07:13","updated_at":"2025-09-24 03:10:46","deleted_at":"0000-00-00 00:00:00","estoque":"11.000","estoque_minimo":"20.000"}
DEBUG - 2025-09-24 06:58:04 --> Products::search - Primeiro resultado mapeado: {"id_produto":"29","nome":"TEST","codigo_de_barras":"21","valor_unitario":"20","CFOP_NFe":"5403","CFOP_NFCe":"5102","CFOP_Externo":"6104","NCM":"00000000","CSOSN":"103","id_unidade":"1","id_contador":"1","id_empresa":"7","created_at":"2025-09-24 03:07:13","updated_at":"2025-09-24 03:10:46","deleted_at":"0000-00-00 00:00:00","estoque":"11.000","estoque_minimo":"20.000","quantidade_estoque":11,"id":"29","codigo_barras":"21","preco_unitario":"20.00"}
INFO - 2025-09-24 06:58:04 --> Session: Class initialized using 'CodeIgniter\Session\Handlers\FileHandler' driver.
INFO - 2025-09-24 06:58:04 --> Session: Class initialized using 'CodeIgniter\Session\Handlers\FileHandler' driver.
INFO - 2025-09-24 06:58:09 --> Session: Class initialized using 'CodeIgniter\Session\Handlers\FileHandler' driver.
INFO - 2025-09-24 06:58:10 --> Session: Class initialized using 'CodeIgniter\Session\Handlers\FileHandler' driver.
INFO - 2025-09-24 06:58:10 --> Session: Class initialized using 'CodeIgniter\Session\Handlers\FileHandler' driver.
INFO - 2025-09-24 06:58:10 --> Session: Class initialized using 'CodeIgniter\Session\Handlers\FileHandler' driver.
INFO - 2025-09-24 06:58:11 --> Session: Class initialized using 'CodeIgniter\Session\Handlers\FileHandler' driver.
CRITICAL - 2025-09-24 06:58:12 --> ATENÇÃO: Shifts::close() FOI EXECUTADO. id=22
DEBUG - 2025-09-24 06:58:12 --> Shifts::close - Início. ID turno=22, payload={"closed_by":"pdv","closing_amount":"0,00","id_cash_register":4}
DEBUG - 2025-09-24 06:58:12 --> Shifts::close - closing_amount normalizado=0
DEBUG - 2025-09-24 06:58:12 --> Shifts::close - Turno atual carregado: {"id_shift":"22","id_cash_register":"4","opened_by":"pdv","closed_by":"","opened_at":"2025-09-24 06:49:07","closed_at":"0000-00-00 00:00:00","opening_amount":"0.00","closing_amount":"0.00","status":"open","id_contador":"1","id_empresa":"7","created_at":"2025-09-24 06:49:07","updated_at":"2025-09-24 06:49:07","deleted_at":"0000-00-00 00:00:00"}
DEBUG - 2025-09-24 06:58:12 --> Shifts::close - Totais por pagamento: []
DEBUG - 2025-09-24 06:58:12 --> Shifts::close - Dados para update: {"closed_by":"pdv","closed_at":"2025-09-24 06:58:12","closing_amount":0,"status":"closed","id_cash_register":4}
INFO - 2025-09-24 06:58:12 --> Session: Class initialized using 'CodeIgniter\Session\Handlers\FileHandler' driver.
DEBUG - 2025-09-24 06:58:12 --> Shifts::close - Sucesso. Registro atualizado: {"\u0000*\u0000datamap":[],"\u0000*\u0000dates":["opened_at","closed_at","created_at","updated_at","deleted_at"],"\u0000*\u0000casts":{"id_shift":"integer","id_cash_register":"integer","opening_amount":"float","closing_amount":"float","id_contador":"integer","id_empresa":"integer"},"\u0000*\u0000castHandlers":[],"\u0000CodeIgniter\\Entity\\Entity\u0000defaultCastHandlers":{"array":"CodeIgniter\\Entity\\Cast\\ArrayCast","bool":"CodeIgniter\\Entity\\Cast\\BooleanCast","boolean":"CodeIgniter\\Entity\\Cast\\BooleanCast","csv":"CodeIgniter\\Entity\\Cast\\CSVCast","datetime":"CodeIgniter\\Entity\\Cast\\DatetimeCast","double":"CodeIgniter\\Entity\\Cast\\FloatCast","float":"CodeIgniter\\Entity\\Cast\\FloatCast","int":"CodeIgniter\\Entity\\Cast\\IntegerCast","integer":"CodeIgniter\\Entity\\Cast\\IntegerCast","int-bool":"CodeIgniter\\Entity\\Cast\\IntBoolCast","json":"CodeIgniter\\Entity\\Cast\\JsonCast","object":"CodeIgniter\\Entity\\Cast\\ObjectCast","string":"CodeIgniter\\Entity\\Cast\\StringCast","timestamp":"CodeIgniter\\Entity\\Cast\\TimestampCast","uri":"CodeIgniter\\Entity\\Cast\\URICast"},"\u0000*\u0000attributes":{"id_shift":"22","id_cash_register":"4","opened_by":"pdv","closed_by":"pdv","opened_at":"2025-09-24 06:49:07","closed_at":"2025-09-24 06:58:12","opening_amount":"0.00","closing_amount":"0.00","status":"closed","id_contador":"1","id_empresa":"7","created_at":"2025-09-24 06:49:07","updated_at":"2025-09-24 06:58:12","deleted_at":"0000-00-00 00:00:00"},"\u0000*\u0000original":{"id_shift":"22","id_cash_register":"4","opened_by":"pdv","closed_by":"pdv","opened_at":"2025-09-24 06:49:07","closed_at":"2025-09-24 06:58:12","opening_amount":"0.00","closing_amount":"0.00","status":"closed","id_contador":"1","id_empresa":"7","created_at":"2025-09-24 06:49:07","updated_at":"2025-09-24 06:58:12","deleted_at":"0000-00-00 00:00:00"},"\u0000CodeIgniter\\Entity\\Entity\u0000_cast":true}
DEBUG - 2025-09-24 06:58:12 --> Shifts::close - Tentando fechar caixa com: contador=1, empresa=7, usuario=0, valor=0
DEBUG - 2025-09-24 06:58:12 --> CaixaSessaoModel::closeOpenSession - Início: contador=1, empresa=7, usuario=0, valor=0
DEBUG - 2025-09-24 06:58:12 --> CaixaSessaoModel::closeOpenSession - Resultado query: {"id":"17","id_contador":"1","id_empresa":"7","id_usuario_abertura":null,"data_abertura":"2025-09-24 06:49:07","valor_inicial":"0.00","id_usuario_fechamento":null,"data_fechamento":null,"valor_final_contado_dinheiro":"0.00","valor_final_calculado_dinheiro":"0.00","total_vendas_cartao":"0.00","total_vendas_pix":"0.00","total_vendas_outros":"0.00","diferenca_dinheiro":"0.00","status":"aberto","created_at":"2025-09-24 06:49:07","updated_at":"2025-09-24 06:49:07","deleted_at":null}
DEBUG - 2025-09-24 06:58:12 --> CaixaSessaoModel::closeOpenSession - Caixa encontrado: id=17, valor_inicial=0
DEBUG - 2025-09-24 06:58:12 --> CaixaSessaoModel::closeOpenSession - Fazendo update: id=17, dados={"id_usuario_fechamento":null,"data_fechamento":"2025-09-24 06:58:12","valor_final_contado_dinheiro":0,"valor_final_calculado_dinheiro":0,"total_vendas_cartao":0,"total_vendas_pix":0,"total_vendas_outros":0,"diferenca_dinheiro":0,"status":"fechado"}
DEBUG - 2025-09-24 06:58:12 --> CaixaSessaoModel::closeOpenSession - Update result: ok=true, affected=1
INFO - 2025-09-24 06:58:12 --> CaixaSessaoModel::closeOpenSession - Sucesso! Sessão fechada: id=17
INFO - 2025-09-24 06:58:12 --> Shifts::close - Caixa sessão fechada via model centralizado. id=17
INFO - 2025-09-24 06:58:14 --> Session: Class initialized using 'CodeIgniter\Session\Handlers\FileHandler' driver.
INFO - 2025-09-24 06:58:14 --> Shifts::open - Caixa sessão aberta via model centralizado.
INFO - 2025-09-24 06:58:14 --> Session: Class initialized using 'CodeIgniter\Session\Handlers\FileHandler' driver.
DEBUG - 2025-09-24 07:05:51 --> Session: Initialization under CLI aborted.
DEBUG - 2025-09-24 07:06:40 --> Session: Initialization under CLI aborted.
DEBUG - 2025-09-24 07:07:23 --> Session: Initialization under CLI aborted.
DEBUG - 2025-09-24 07:07:23 --> BaseAppModel::applyTenantOnFind - Executado para: produtos
DEBUG - 2025-09-24 07:07:23 --> BaseAppModel::applyTenantOnFind - Builder não disponível
DEBUG - 2025-09-24 07:07:23 --> BaseAppModel::applyTenantOnFind - Executado para: clientes
DEBUG - 2025-09-24 07:07:23 --> BaseAppModel::applyTenantOnFind - Builder não disponível
DEBUG - 2025-09-24 07:07:23 --> BaseAppModel::applyTenantOnFind - Executado para: pos_sales
DEBUG - 2025-09-24 07:07:23 --> BaseAppModel::applyTenantOnFind - Builder não disponível
DEBUG - 2025-09-24 07:09:16 --> Session: Initialization under CLI aborted.
INFO - 2025-09-24 07:11:47 --> Session: Class initialized using 'CodeIgniter\Session\Handlers\FileHandler' driver.
INFO - 2025-09-24 07:11:48 --> Session: Class initialized using 'CodeIgniter\Session\Handlers\FileHandler' driver.
INFO - 2025-09-24 07:11:48 --> Session: Class initialized using 'CodeIgniter\Session\Handlers\FileHandler' driver.
INFO - 2025-09-24 07:11:48 --> Session: Class initialized using 'CodeIgniter\Session\Handlers\FileHandler' driver.
INFO - 2025-09-24 07:11:48 --> Session: Class initialized using 'CodeIgniter\Session\Handlers\FileHandler' driver.
INFO - 2025-09-24 07:11:52 --> Session: Class initialized using 'CodeIgniter\Session\Handlers\FileHandler' driver.
CRITICAL - 2025-09-24 07:11:53 --> ATENÇÃO: Shifts::close() FOI EXECUTADO. id=23
DEBUG - 2025-09-24 07:11:53 --> Shifts::close - Início. ID turno=23, payload={"closed_by":"pdv","closing_amount":"0,00","id_cash_register":"4"}
DEBUG - 2025-09-24 07:11:53 --> Shifts::close - closing_amount normalizado=0
INFO - 2025-09-24 07:11:53 --> Session: Class initialized using 'CodeIgniter\Session\Handlers\FileHandler' driver.
DEBUG - 2025-09-24 07:11:53 --> Shifts::close - Turno atual carregado: {"id_shift":"23","id_cash_register":"4","opened_by":"pdv","closed_by":"","opened_at":"2025-09-24 06:58:14","closed_at":"0000-00-00 00:00:00","opening_amount":"0.00","closing_amount":"0.00","status":"open","id_contador":"1","id_empresa":"7","created_at":"2025-09-24 06:58:14","updated_at":"2025-09-24 06:58:14","deleted_at":"0000-00-00 00:00:00"}
DEBUG - 2025-09-24 07:11:53 --> Shifts::close - Totais por pagamento: []
DEBUG - 2025-09-24 07:11:53 --> Shifts::close - Dados para update: {"closed_by":"pdv","closed_at":"2025-09-24 07:11:53","closing_amount":0,"status":"closed","id_cash_register":4}
DEBUG - 2025-09-24 07:11:53 --> Shifts::close - Sucesso. Registro atualizado: {"id_shift":"23","id_cash_register":"4","opened_by":"pdv","closed_by":"pdv","opened_at":"2025-09-24 06:58:14","closed_at":"2025-09-24 07:11:53","opening_amount":"0.00","closing_amount":"0.00","status":"closed","id_contador":"1","id_empresa":"7","created_at":"2025-09-24 06:58:14","updated_at":"2025-09-24 07:11:53","deleted_at":"0000-00-00 00:00:00"}
DEBUG - 2025-09-24 07:11:53 --> Shifts::close - Tentando fechar caixa com: contador=1, empresa=7, usuario=0, valor=0
DEBUG - 2025-09-24 07:11:53 --> CaixaSessaoModel::closeOpenSession - Início: contador=1, empresa=7, usuario=0, valor=0
DEBUG - 2025-09-24 07:11:53 --> CaixaSessaoModel::closeOpenSession - Resultado query: {"id":"18","id_contador":"1","id_empresa":"7","id_usuario_abertura":null,"data_abertura":"2025-09-24 06:58:14","valor_inicial":"0.00","id_usuario_fechamento":null,"data_fechamento":null,"valor_final_contado_dinheiro":"0.00","valor_final_calculado_dinheiro":"0.00","total_vendas_cartao":"0.00","total_vendas_pix":"0.00","total_vendas_outros":"0.00","diferenca_dinheiro":"0.00","status":"aberto","created_at":"2025-09-24 06:58:14","updated_at":"2025-09-24 06:58:14","deleted_at":null}
DEBUG - 2025-09-24 07:11:53 --> CaixaSessaoModel::closeOpenSession - Caixa encontrado: id=18, valor_inicial=0
DEBUG - 2025-09-24 07:11:53 --> CaixaSessaoModel::closeOpenSession - Fazendo update: id=18, dados={"id_usuario_fechamento":null,"data_fechamento":"2025-09-24 07:11:53","valor_final_contado_dinheiro":0,"valor_final_calculado_dinheiro":0,"total_vendas_cartao":0,"total_vendas_pix":0,"total_vendas_outros":0,"diferenca_dinheiro":0,"status":"fechado"}
DEBUG - 2025-09-24 07:11:53 --> CaixaSessaoModel::closeOpenSession - Update result: ok=true, affected=1
INFO - 2025-09-24 07:11:53 --> CaixaSessaoModel::closeOpenSession - Sucesso! Sessão fechada: id=18
INFO - 2025-09-24 07:11:53 --> Shifts::close - Caixa sessão fechada via model centralizado. id=18
INFO - 2025-09-24 07:11:56 --> Session: Class initialized using 'CodeIgniter\Session\Handlers\FileHandler' driver.
DEBUG - 2025-09-24 07:11:56 --> Products::search - Termo: , Contador: 1, Empresa: 7, Page: 1, Limit: 50
INFO - 2025-09-24 07:11:57 --> Session: Class initialized using 'CodeIgniter\Session\Handlers\FileHandler' driver.
DEBUG - 2025-09-24 07:11:57 --> Products::search - Termo: 29, Contador: 1, Empresa: 7, Page: 1, Limit: 50
DEBUG - 2025-09-24 07:11:57 --> Products::search - Resultados encontrados: 1
DEBUG - 2025-09-24 07:11:57 --> Products::search - Primeiro resultado: {"id_produto":"29","nome":"TEST","codigo_de_barras":"21","valor_unitario":"20","CFOP_NFe":"5403","CFOP_NFCe":"5102","CFOP_Externo":"6104","NCM":"00000000","CSOSN":"103","id_unidade":"1","id_contador":"1","id_empresa":"7","created_at":"2025-09-24 03:07:13","updated_at":"2025-09-24 03:10:46","deleted_at":"0000-00-00 00:00:00","estoque":"11.000","estoque_minimo":"20.000"}
DEBUG - 2025-09-24 07:11:57 --> Products::search - Primeiro resultado mapeado: {"id_produto":"29","nome":"TEST","codigo_de_barras":"21","valor_unitario":"20","CFOP_NFe":"5403","CFOP_NFCe":"5102","CFOP_Externo":"6104","NCM":"00000000","CSOSN":"103","id_unidade":"1","id_contador":"1","id_empresa":"7","created_at":"2025-09-24 03:07:13","updated_at":"2025-09-24 03:10:46","deleted_at":"0000-00-00 00:00:00","estoque":"11.000","estoque_minimo":"20.000","quantidade_estoque":11,"id":"29","codigo_barras":"21","preco_unitario":"20.00"}
INFO - 2025-09-24 07:11:57 --> Session: Class initialized using 'CodeIgniter\Session\Handlers\FileHandler' driver.
INFO - 2025-09-24 07:11:58 --> Session: Class initialized using 'CodeIgniter\Session\Handlers\FileHandler' driver.
INFO - 2025-09-24 07:12:02 --> Session: Class initialized using 'CodeIgniter\Session\Handlers\FileHandler' driver.
INFO - 2025-09-24 07:12:03 --> Session: Class initialized using 'CodeIgniter\Session\Handlers\FileHandler' driver.
ERROR - 2025-09-24 07:12:03 --> mysqli_sql_exception: Unknown column 'id_contador' in 'where clause' in C:\xampp\htdocs\erp.local\system\Database\MySQLi\Connection.php:306
Stack trace:
#0 C:\xampp\htdocs\erp.local\system\Database\MySQLi\Connection.php(306): mysqli->query('SELECT *\nFROM `...', 0)
#1 C:\xampp\htdocs\erp.local\system\Database\BaseConnection.php(693): CodeIgniter\Database\MySQLi\Connection->execute('SELECT *\nFROM `...')
#2 C:\xampp\htdocs\erp.local\system\Database\BaseConnection.php(607): CodeIgniter\Database\BaseConnection->simpleQuery('SELECT *\nFROM `...')
#3 C:\xampp\htdocs\erp.local\system\Database\BaseBuilder.php(1616): CodeIgniter\Database\BaseConnection->query('SELECT *\nFROM `...', Array, false)
#4 C:\xampp\htdocs\erp.local\app\Models\BaseAppModel.php(99): CodeIgniter\Database\BaseBuilder->get()
#5 C:\xampp\htdocs\erp.local\app\Controllers\Api\Pos.php(427): App\Models\BaseAppModel->findAll()
#6 C:\xampp\htdocs\erp.local\system\CodeIgniter.php(941): App\Controllers\Api\Pos->items('8')
#7 C:\xampp\htdocs\erp.local\system\CodeIgniter.php(502): CodeIgniter\CodeIgniter->runController(Object(App\Controllers\Api\Pos))
#8 C:\xampp\htdocs\erp.local\system\CodeIgniter.php(361): CodeIgniter\CodeIgniter->handleRequest(NULL, Object(Config\Cache), false)
#9 C:\xampp\htdocs\erp.local\public\index.php(79): CodeIgniter\CodeIgniter->run()
#10 {main}
CRITICAL - 2025-09-24 07:12:03 --> CodeIgniter\Database\Exceptions\DatabaseException: Unknown column 'id_contador' in 'where clause'
in SYSTEMPATH\Database\BaseConnection.php on line 647.
 1 SYSTEMPATH\Database\BaseBuilder.php(1616): CodeIgniter\Database\BaseConnection->query('SELECT *
FROM `pos_sale_items`
WHERE `id_pos_sale` = :id_pos_sale:
AND `id_contador` = :id_contador:
AND `id_empresa` = :id_empresa:
ORDER BY `id_item` ASC', [...], false)
 2 APPPATH\Models\BaseAppModel.php(99): CodeIgniter\Database\BaseBuilder->get()
 3 APPPATH\Controllers\Api\Pos.php(427): App\Models\BaseAppModel->findAll()
 4 SYSTEMPATH\CodeIgniter.php(941): App\Controllers\Api\Pos->items('8')
 5 SYSTEMPATH\CodeIgniter.php(502): CodeIgniter\CodeIgniter->runController(Object(App\Controllers\Api\Pos))
 6 SYSTEMPATH\CodeIgniter.php(361): CodeIgniter\CodeIgniter->handleRequest(null, Object(Config\Cache), false)
 7 FCPATH\index.php(79): CodeIgniter\CodeIgniter->run()
CRITICAL - 2025-09-24 07:12:03 --> [Caused by] CodeIgniter\Database\Exceptions\DatabaseException: Unknown column 'id_contador' in 'where clause'
in SYSTEMPATH\Database\MySQLi\Connection.php on line 311.
 1 SYSTEMPATH\Database\BaseConnection.php(693): CodeIgniter\Database\MySQLi\Connection->execute('SELECT *
FROM `pos_sale_items`
WHERE `id_pos_sale` = 8
AND `id_contador` = 1
AND `id_empresa` = 7
ORDER BY `id_item` ASC')
 2 SYSTEMPATH\Database\BaseConnection.php(607): CodeIgniter\Database\BaseConnection->simpleQuery('SELECT *
FROM `pos_sale_items`
WHERE `id_pos_sale` = 8
AND `id_contador` = 1
AND `id_empresa` = 7
ORDER BY `id_item` ASC')
 3 SYSTEMPATH\Database\BaseBuilder.php(1616): CodeIgniter\Database\BaseConnection->query('SELECT *
FROM `pos_sale_items`
WHERE `id_pos_sale` = :id_pos_sale:
AND `id_contador` = :id_contador:
AND `id_empresa` = :id_empresa:
ORDER BY `id_item` ASC', [...], false)
 4 APPPATH\Models\BaseAppModel.php(99): CodeIgniter\Database\BaseBuilder->get()
 5 APPPATH\Controllers\Api\Pos.php(427): App\Models\BaseAppModel->findAll()
 6 SYSTEMPATH\CodeIgniter.php(941): App\Controllers\Api\Pos->items('8')
 7 SYSTEMPATH\CodeIgniter.php(502): CodeIgniter\CodeIgniter->runController(Object(App\Controllers\Api\Pos))
 8 SYSTEMPATH\CodeIgniter.php(361): CodeIgniter\CodeIgniter->handleRequest(null, Object(Config\Cache), false)
 9 FCPATH\index.php(79): CodeIgniter\CodeIgniter->run()
CRITICAL - 2025-09-24 07:12:03 --> [Caused by] mysqli_sql_exception: Unknown column 'id_contador' in 'where clause'
in SYSTEMPATH\Database\MySQLi\Connection.php on line 306.
 1 SYSTEMPATH\Database\MySQLi\Connection.php(306): mysqli->query('SELECT *
FROM `pos_sale_items`
WHERE `id_pos_sale` = 8
AND `id_contador` = 1
AND `id_empresa` = 7
ORDER BY `id_item` ASC', 0)
 2 SYSTEMPATH\Database\BaseConnection.php(693): CodeIgniter\Database\MySQLi\Connection->execute('SELECT *
FROM `pos_sale_items`
WHERE `id_pos_sale` = 8
AND `id_contador` = 1
AND `id_empresa` = 7
ORDER BY `id_item` ASC')
 3 SYSTEMPATH\Database\BaseConnection.php(607): CodeIgniter\Database\BaseConnection->simpleQuery('SELECT *
FROM `pos_sale_items`
WHERE `id_pos_sale` = 8
AND `id_contador` = 1
AND `id_empresa` = 7
ORDER BY `id_item` ASC')
 4 SYSTEMPATH\Database\BaseBuilder.php(1616): CodeIgniter\Database\BaseConnection->query('SELECT *
FROM `pos_sale_items`
WHERE `id_pos_sale` = :id_pos_sale:
AND `id_contador` = :id_contador:
AND `id_empresa` = :id_empresa:
ORDER BY `id_item` ASC', [...], false)
 5 APPPATH\Models\BaseAppModel.php(99): CodeIgniter\Database\BaseBuilder->get()
 6 APPPATH\Controllers\Api\Pos.php(427): App\Models\BaseAppModel->findAll()
 7 SYSTEMPATH\CodeIgniter.php(941): App\Controllers\Api\Pos->items('8')
 8 SYSTEMPATH\CodeIgniter.php(502): CodeIgniter\CodeIgniter->runController(Object(App\Controllers\Api\Pos))
 9 SYSTEMPATH\CodeIgniter.php(361): CodeIgniter\CodeIgniter->handleRequest(null, Object(Config\Cache), false)
10 FCPATH\index.php(79): CodeIgniter\CodeIgniter->run()
INFO - 2025-09-24 07:12:04 --> Session: Class initialized using 'CodeIgniter\Session\Handlers\FileHandler' driver.
ERROR - 2025-09-24 07:12:04 --> mysqli_sql_exception: Unknown column 'id_contador' in 'where clause' in C:\xampp\htdocs\erp.local\system\Database\MySQLi\Connection.php:306
Stack trace:
#0 C:\xampp\htdocs\erp.local\system\Database\MySQLi\Connection.php(306): mysqli->query('SELECT *\nFROM `...', 0)
#1 C:\xampp\htdocs\erp.local\system\Database\BaseConnection.php(693): CodeIgniter\Database\MySQLi\Connection->execute('SELECT *\nFROM `...')
#2 C:\xampp\htdocs\erp.local\system\Database\BaseConnection.php(607): CodeIgniter\Database\BaseConnection->simpleQuery('SELECT *\nFROM `...')
#3 C:\xampp\htdocs\erp.local\system\Database\BaseBuilder.php(1616): CodeIgniter\Database\BaseConnection->query('SELECT *\nFROM `...', Array, false)
#4 C:\xampp\htdocs\erp.local\app\Models\BaseAppModel.php(99): CodeIgniter\Database\BaseBuilder->get()
#5 C:\xampp\htdocs\erp.local\app\Controllers\Api\Pos.php(449): App\Models\BaseAppModel->findAll()
#6 C:\xampp\htdocs\erp.local\system\CodeIgniter.php(941): App\Controllers\Api\Pos->receiptNonFiscal('8')
#7 C:\xampp\htdocs\erp.local\system\CodeIgniter.php(502): CodeIgniter\CodeIgniter->runController(Object(App\Controllers\Api\Pos))
#8 C:\xampp\htdocs\erp.local\system\CodeIgniter.php(361): CodeIgniter\CodeIgniter->handleRequest(NULL, Object(Config\Cache), false)
#9 C:\xampp\htdocs\erp.local\public\index.php(79): CodeIgniter\CodeIgniter->run()
#10 {main}
INFO - 2025-09-24 07:12:15 --> Session: Class initialized using 'CodeIgniter\Session\Handlers\FileHandler' driver.
ERROR - 2025-09-24 07:12:15 --> mysqli_sql_exception: Unknown column 'id_contador' in 'where clause' in C:\xampp\htdocs\erp.local\system\Database\MySQLi\Connection.php:306
Stack trace:
#0 C:\xampp\htdocs\erp.local\system\Database\MySQLi\Connection.php(306): mysqli->query('SELECT *\nFROM `...', 0)
#1 C:\xampp\htdocs\erp.local\system\Database\BaseConnection.php(693): CodeIgniter\Database\MySQLi\Connection->execute('SELECT *\nFROM `...')
#2 C:\xampp\htdocs\erp.local\system\Database\BaseConnection.php(607): CodeIgniter\Database\BaseConnection->simpleQuery('SELECT *\nFROM `...')
#3 C:\xampp\htdocs\erp.local\system\Database\BaseBuilder.php(1616): CodeIgniter\Database\BaseConnection->query('SELECT *\nFROM `...', Array, false)
#4 C:\xampp\htdocs\erp.local\app\Models\BaseAppModel.php(99): CodeIgniter\Database\BaseBuilder->get()
#5 C:\xampp\htdocs\erp.local\app\Controllers\Api\Pos.php(427): App\Models\BaseAppModel->findAll()
#6 C:\xampp\htdocs\erp.local\system\CodeIgniter.php(941): App\Controllers\Api\Pos->items('9')
#7 C:\xampp\htdocs\erp.local\system\CodeIgniter.php(502): CodeIgniter\CodeIgniter->runController(Object(App\Controllers\Api\Pos))
#8 C:\xampp\htdocs\erp.local\system\CodeIgniter.php(361): CodeIgniter\CodeIgniter->handleRequest(NULL, Object(Config\Cache), false)
#9 C:\xampp\htdocs\erp.local\public\index.php(79): CodeIgniter\CodeIgniter->run()
#10 {main}
CRITICAL - 2025-09-24 07:12:15 --> CodeIgniter\Database\Exceptions\DatabaseException: Unknown column 'id_contador' in 'where clause'
in SYSTEMPATH\Database\BaseConnection.php on line 647.
 1 SYSTEMPATH\Database\BaseBuilder.php(1616): CodeIgniter\Database\BaseConnection->query('SELECT *
FROM `pos_sale_items`
WHERE `id_pos_sale` = :id_pos_sale:
AND `id_contador` = :id_contador:
AND `id_empresa` = :id_empresa:
ORDER BY `id_item` ASC', [...], false)
 2 APPPATH\Models\BaseAppModel.php(99): CodeIgniter\Database\BaseBuilder->get()
 3 APPPATH\Controllers\Api\Pos.php(427): App\Models\BaseAppModel->findAll()
 4 SYSTEMPATH\CodeIgniter.php(941): App\Controllers\Api\Pos->items('9')
 5 SYSTEMPATH\CodeIgniter.php(502): CodeIgniter\CodeIgniter->runController(Object(App\Controllers\Api\Pos))
 6 SYSTEMPATH\CodeIgniter.php(361): CodeIgniter\CodeIgniter->handleRequest(null, Object(Config\Cache), false)
 7 FCPATH\index.php(79): CodeIgniter\CodeIgniter->run()
CRITICAL - 2025-09-24 07:12:15 --> [Caused by] CodeIgniter\Database\Exceptions\DatabaseException: Unknown column 'id_contador' in 'where clause'
in SYSTEMPATH\Database\MySQLi\Connection.php on line 311.
 1 SYSTEMPATH\Database\BaseConnection.php(693): CodeIgniter\Database\MySQLi\Connection->execute('SELECT *
FROM `pos_sale_items`
WHERE `id_pos_sale` = 9
AND `id_contador` = 1
AND `id_empresa` = 7
ORDER BY `id_item` ASC')
 2 SYSTEMPATH\Database\BaseConnection.php(607): CodeIgniter\Database\BaseConnection->simpleQuery('SELECT *
FROM `pos_sale_items`
WHERE `id_pos_sale` = 9
AND `id_contador` = 1
AND `id_empresa` = 7
ORDER BY `id_item` ASC')
 3 SYSTEMPATH\Database\BaseBuilder.php(1616): CodeIgniter\Database\BaseConnection->query('SELECT *
FROM `pos_sale_items`
WHERE `id_pos_sale` = :id_pos_sale:
AND `id_contador` = :id_contador:
AND `id_empresa` = :id_empresa:
ORDER BY `id_item` ASC', [...], false)
 4 APPPATH\Models\BaseAppModel.php(99): CodeIgniter\Database\BaseBuilder->get()
 5 APPPATH\Controllers\Api\Pos.php(427): App\Models\BaseAppModel->findAll()
 6 SYSTEMPATH\CodeIgniter.php(941): App\Controllers\Api\Pos->items('9')
 7 SYSTEMPATH\CodeIgniter.php(502): CodeIgniter\CodeIgniter->runController(Object(App\Controllers\Api\Pos))
 8 SYSTEMPATH\CodeIgniter.php(361): CodeIgniter\CodeIgniter->handleRequest(null, Object(Config\Cache), false)
 9 FCPATH\index.php(79): CodeIgniter\CodeIgniter->run()
CRITICAL - 2025-09-24 07:12:15 --> [Caused by] mysqli_sql_exception: Unknown column 'id_contador' in 'where clause'
in SYSTEMPATH\Database\MySQLi\Connection.php on line 306.
 1 SYSTEMPATH\Database\MySQLi\Connection.php(306): mysqli->query('SELECT *
FROM `pos_sale_items`
WHERE `id_pos_sale` = 9
AND `id_contador` = 1
AND `id_empresa` = 7
ORDER BY `id_item` ASC', 0)
 2 SYSTEMPATH\Database\BaseConnection.php(693): CodeIgniter\Database\MySQLi\Connection->execute('SELECT *
FROM `pos_sale_items`
WHERE `id_pos_sale` = 9
AND `id_contador` = 1
AND `id_empresa` = 7
ORDER BY `id_item` ASC')
 3 SYSTEMPATH\Database\BaseConnection.php(607): CodeIgniter\Database\BaseConnection->simpleQuery('SELECT *
FROM `pos_sale_items`
WHERE `id_pos_sale` = 9
AND `id_contador` = 1
AND `id_empresa` = 7
ORDER BY `id_item` ASC')
 4 SYSTEMPATH\Database\BaseBuilder.php(1616): CodeIgniter\Database\BaseConnection->query('SELECT *
FROM `pos_sale_items`
WHERE `id_pos_sale` = :id_pos_sale:
AND `id_contador` = :id_contador:
AND `id_empresa` = :id_empresa:
ORDER BY `id_item` ASC', [...], false)
 5 APPPATH\Models\BaseAppModel.php(99): CodeIgniter\Database\BaseBuilder->get()
 6 APPPATH\Controllers\Api\Pos.php(427): App\Models\BaseAppModel->findAll()
 7 SYSTEMPATH\CodeIgniter.php(941): App\Controllers\Api\Pos->items('9')
 8 SYSTEMPATH\CodeIgniter.php(502): CodeIgniter\CodeIgniter->runController(Object(App\Controllers\Api\Pos))
 9 SYSTEMPATH\CodeIgniter.php(361): CodeIgniter\CodeIgniter->handleRequest(null, Object(Config\Cache), false)
10 FCPATH\index.php(79): CodeIgniter\CodeIgniter->run()
INFO - 2025-09-24 07:12:17 --> Session: Class initialized using 'CodeIgniter\Session\Handlers\FileHandler' driver.
ERROR - 2025-09-24 07:12:17 --> mysqli_sql_exception: Unknown column 'id_contador' in 'where clause' in C:\xampp\htdocs\erp.local\system\Database\MySQLi\Connection.php:306
Stack trace:
#0 C:\xampp\htdocs\erp.local\system\Database\MySQLi\Connection.php(306): mysqli->query('SELECT *\nFROM `...', 0)
#1 C:\xampp\htdocs\erp.local\system\Database\BaseConnection.php(693): CodeIgniter\Database\MySQLi\Connection->execute('SELECT *\nFROM `...')
#2 C:\xampp\htdocs\erp.local\system\Database\BaseConnection.php(607): CodeIgniter\Database\BaseConnection->simpleQuery('SELECT *\nFROM `...')
#3 C:\xampp\htdocs\erp.local\system\Database\BaseBuilder.php(1616): CodeIgniter\Database\BaseConnection->query('SELECT *\nFROM `...', Array, false)
#4 C:\xampp\htdocs\erp.local\app\Models\BaseAppModel.php(99): CodeIgniter\Database\BaseBuilder->get()
#5 C:\xampp\htdocs\erp.local\app\Controllers\Api\Pos.php(449): App\Models\BaseAppModel->findAll()
#6 C:\xampp\htdocs\erp.local\system\CodeIgniter.php(941): App\Controllers\Api\Pos->receiptNonFiscal('9')
#7 C:\xampp\htdocs\erp.local\system\CodeIgniter.php(502): CodeIgniter\CodeIgniter->runController(Object(App\Controllers\Api\Pos))
#8 C:\xampp\htdocs\erp.local\system\CodeIgniter.php(361): CodeIgniter\CodeIgniter->handleRequest(NULL, Object(Config\Cache), false)
#9 C:\xampp\htdocs\erp.local\public\index.php(79): CodeIgniter\CodeIgniter->run()
#10 {main}
INFO - 2025-09-24 07:12:28 --> Session: Class initialized using 'CodeIgniter\Session\Handlers\FileHandler' driver.
INFO - 2025-09-24 07:12:28 --> Session: Class initialized using 'CodeIgniter\Session\Handlers\FileHandler' driver.
INFO - 2025-09-24 23:49:37 --> Session: Class initialized using 'CodeIgniter\Session\Handlers\FileHandler' driver.
INFO - 2025-09-24 23:50:05 --> Session: Class initialized using 'CodeIgniter\Session\Handlers\FileHandler' driver.
INFO - 2025-09-24 23:50:05 --> Session: Class initialized using 'CodeIgniter\Session\Handlers\FileHandler' driver.
INFO - 2025-09-24 23:50:14 --> Session: Class initialized using 'CodeIgniter\Session\Handlers\FileHandler' driver.
INFO - 2025-09-24 23:50:15 --> Session: Class initialized using 'CodeIgniter\Session\Handlers\FileHandler' driver.
INFO - 2025-09-24 23:50:41 --> Session: Class initialized using 'CodeIgniter\Session\Handlers\FileHandler' driver.
INFO - 2025-09-24 23:50:41 --> Session: Class initialized using 'CodeIgniter\Session\Handlers\FileHandler' driver.
INFO - 2025-09-24 23:51:03 --> Session: Class initialized using 'CodeIgniter\Session\Handlers\FileHandler' driver.
INFO - 2025-09-24 23:51:06 --> Session: Class initialized using 'CodeIgniter\Session\Handlers\FileHandler' driver.
INFO - 2025-09-24 23:51:06 --> Session: Class initialized using 'CodeIgniter\Session\Handlers\FileHandler' driver.
INFO - 2025-09-24 23:51:34 --> Session: Class initialized using 'CodeIgniter\Session\Handlers\FileHandler' driver.
INFO - 2025-09-24 23:51:34 --> Session: Class initialized using 'CodeIgniter\Session\Handlers\FileHandler' driver.
INFO - 2025-09-24 23:57:35 --> Session: Class initialized using 'CodeIgniter\Session\Handlers\FileHandler' driver.
INFO - 2025-09-24 23:57:36 --> Session: Class initialized using 'CodeIgniter\Session\Handlers\FileHandler' driver.
INFO - 2025-09-24 23:57:41 --> Session: Class initialized using 'CodeIgniter\Session\Handlers\FileHandler' driver.
INFO - 2025-09-24 23:57:42 --> Session: Class initialized using 'CodeIgniter\Session\Handlers\FileHandler' driver.
INFO - 2025-09-24 23:57:42 --> Session: Class initialized using 'CodeIgniter\Session\Handlers\FileHandler' driver.
INFO - 2025-09-24 23:57:42 --> Session: Class initialized using 'CodeIgniter\Session\Handlers\FileHandler' driver.
INFO - 2025-09-24 23:57:42 --> Session: Class initialized using 'CodeIgniter\Session\Handlers\FileHandler' driver.
INFO - 2025-09-24 23:57:46 --> Session: Class initialized using 'CodeIgniter\Session\Handlers\FileHandler' driver.
INFO - 2025-09-24 23:57:48 --> Session: Class initialized using 'CodeIgniter\Session\Handlers\FileHandler' driver.
INFO - 2025-09-24 23:57:48 --> Session: Class initialized using 'CodeIgniter\Session\Handlers\FileHandler' driver.
INFO - 2025-09-24 23:57:48 --> Session: Class initialized using 'CodeIgniter\Session\Handlers\FileHandler' driver.
INFO - 2025-09-24 23:57:49 --> Session: Class initialized using 'CodeIgniter\Session\Handlers\FileHandler' driver.
INFO - 2025-09-24 23:57:54 --> Shifts::open - Caixa sessão aberta via model centralizado.
INFO - 2025-09-24 23:57:54 --> Session: Class initialized using 'CodeIgniter\Session\Handlers\FileHandler' driver.
ERROR - 2025-09-24 23:57:54 --> Shifts::open - Falha ao abrir caixa via model: Já existe um caixa aberto.
INFO - 2025-09-24 23:57:54 --> Session: Class initialized using 'CodeIgniter\Session\Handlers\FileHandler' driver.
ERROR - 2025-09-24 23:57:54 --> Shifts::open - Falha ao abrir caixa via model: Já existe um caixa aberto.
INFO - 2025-09-24 23:57:54 --> Session: Class initialized using 'CodeIgniter\Session\Handlers\FileHandler' driver.
ERROR - 2025-09-24 23:57:54 --> Shifts::open - Falha ao abrir caixa via model: Já existe um caixa aberto.
INFO - 2025-09-24 23:57:54 --> Session: Class initialized using 'CodeIgniter\Session\Handlers\FileHandler' driver.
INFO - 2025-09-24 23:57:58 --> Session: Class initialized using 'CodeIgniter\Session\Handlers\FileHandler' driver.
INFO - 2025-09-24 23:57:58 --> Session: Class initialized using 'CodeIgniter\Session\Handlers\FileHandler' driver.
ERROR - 2025-09-24 23:57:58 --> mysqli_sql_exception: MySQL server has gone away in C:\xampp\htdocs\erp.local\system\Database\MySQLi\Connection.php:306
Stack trace:
#0 C:\xampp\htdocs\erp.local\system\Database\MySQLi\Connection.php(306): mysqli->query('SELECT *\nFROM `...', 0)
#1 C:\xampp\htdocs\erp.local\system\Database\BaseConnection.php(693): CodeIgniter\Database\MySQLi\Connection->execute('SELECT *\nFROM `...')
#2 C:\xampp\htdocs\erp.local\system\Database\BaseConnection.php(607): CodeIgniter\Database\BaseConnection->simpleQuery('SELECT *\nFROM `...')
#3 C:\xampp\htdocs\erp.local\system\Database\BaseBuilder.php(1616): CodeIgniter\Database\BaseConnection->query('SELECT *\nFROM `...', Array, false)
#4 C:\xampp\htdocs\erp.local\system\Model.php(270): CodeIgniter\Database\BaseBuilder->get()
#5 C:\xampp\htdocs\erp.local\system\BaseModel.php(676): CodeIgniter\Model->doFirst()
#6 C:\xampp\htdocs\erp.local\app\Controllers\Api\Pos.php(575): CodeIgniter\BaseModel->first()
#7 C:\xampp\htdocs\erp.local\system\CodeIgniter.php(941): App\Controllers\Api\Pos->active()
#8 C:\xampp\htdocs\erp.local\system\CodeIgniter.php(502): CodeIgniter\CodeIgniter->runController(Object(App\Controllers\Api\Pos))
#9 C:\xampp\htdocs\erp.local\system\CodeIgniter.php(361): CodeIgniter\CodeIgniter->handleRequest(NULL, Object(Config\Cache), false)
#10 C:\xampp\htdocs\erp.local\public\index.php(79): CodeIgniter\CodeIgniter->run()
#11 {main}
CRITICAL - 2025-09-24 23:57:58 --> CodeIgniter\Database\Exceptions\DatabaseException: MySQL server has gone away
in SYSTEMPATH\Database\BaseConnection.php on line 647.
 1 SYSTEMPATH\Database\BaseBuilder.php(1616): CodeIgniter\Database\BaseConnection->query('SELECT *
FROM `shifts`
WHERE `id_contador` = :id_contador:
AND `id_empresa` = :id_empresa:
AND `status` = :status:
ORDER BY `id_shift` DESC
 LIMIT 1', [...], false)
 2 SYSTEMPATH\Model.php(270): CodeIgniter\Database\BaseBuilder->get()
 3 SYSTEMPATH\BaseModel.php(676): CodeIgniter\Model->doFirst()
 4 APPPATH\Controllers\Api\Pos.php(575): CodeIgniter\BaseModel->first()
 5 SYSTEMPATH\CodeIgniter.php(941): App\Controllers\Api\Pos->active()
 6 SYSTEMPATH\CodeIgniter.php(502): CodeIgniter\CodeIgniter->runController(Object(App\Controllers\Api\Pos))
 7 SYSTEMPATH\CodeIgniter.php(361): CodeIgniter\CodeIgniter->handleRequest(null, Object(Config\Cache), false)
 8 FCPATH\index.php(79): CodeIgniter\CodeIgniter->run()
CRITICAL - 2025-09-24 23:57:58 --> [Caused by] CodeIgniter\Database\Exceptions\DatabaseException: MySQL server has gone away
in SYSTEMPATH\Database\MySQLi\Connection.php on line 311.
 1 SYSTEMPATH\Database\BaseConnection.php(693): CodeIgniter\Database\MySQLi\Connection->execute('SELECT *
FROM `shifts`
WHERE `id_contador` = 1
AND `id_empresa` = 6
AND `status` = \'open\'
ORDER BY `id_shift` DESC
 LIMIT 1')
 2 SYSTEMPATH\Database\BaseConnection.php(607): CodeIgniter\Database\BaseConnection->simpleQuery('SELECT *
FROM `shifts`
WHERE `id_contador` = 1
AND `id_empresa` = 6
AND `status` = \'open\'
ORDER BY `id_shift` DESC
 LIMIT 1')
 3 SYSTEMPATH\Database\BaseBuilder.php(1616): CodeIgniter\Database\BaseConnection->query('SELECT *
FROM `shifts`
WHERE `id_contador` = :id_contador:
AND `id_empresa` = :id_empresa:
AND `status` = :status:
ORDER BY `id_shift` DESC
 LIMIT 1', [...], false)
 4 SYSTEMPATH\Model.php(270): CodeIgniter\Database\BaseBuilder->get()
 5 SYSTEMPATH\BaseModel.php(676): CodeIgniter\Model->doFirst()
 6 APPPATH\Controllers\Api\Pos.php(575): CodeIgniter\BaseModel->first()
 7 SYSTEMPATH\CodeIgniter.php(941): App\Controllers\Api\Pos->active()
 8 SYSTEMPATH\CodeIgniter.php(502): CodeIgniter\CodeIgniter->runController(Object(App\Controllers\Api\Pos))
 9 SYSTEMPATH\CodeIgniter.php(361): CodeIgniter\CodeIgniter->handleRequest(null, Object(Config\Cache), false)
10 FCPATH\index.php(79): CodeIgniter\CodeIgniter->run()
CRITICAL - 2025-09-24 23:57:58 --> [Caused by] mysqli_sql_exception: MySQL server has gone away
in SYSTEMPATH\Database\MySQLi\Connection.php on line 306.
 1 SYSTEMPATH\Database\MySQLi\Connection.php(306): mysqli->query('SELECT *
FROM `shifts`
WHERE `id_contador` = 1
AND `id_empresa` = 6
AND `status` = \'open\'
ORDER BY `id_shift` DESC
 LIMIT 1', 0)
 2 SYSTEMPATH\Database\BaseConnection.php(693): CodeIgniter\Database\MySQLi\Connection->execute('SELECT *
FROM `shifts`
WHERE `id_contador` = 1
AND `id_empresa` = 6
AND `status` = \'open\'
ORDER BY `id_shift` DESC
 LIMIT 1')
 3 SYSTEMPATH\Database\BaseConnection.php(607): CodeIgniter\Database\BaseConnection->simpleQuery('SELECT *
FROM `shifts`
WHERE `id_contador` = 1
AND `id_empresa` = 6
AND `status` = \'open\'
ORDER BY `id_shift` DESC
 LIMIT 1')
 4 SYSTEMPATH\Database\BaseBuilder.php(1616): CodeIgniter\Database\BaseConnection->query('SELECT *
FROM `shifts`
WHERE `id_contador` = :id_contador:
AND `id_empresa` = :id_empresa:
AND `status` = :status:
ORDER BY `id_shift` DESC
 LIMIT 1', [...], false)
 5 SYSTEMPATH\Model.php(270): CodeIgniter\Database\BaseBuilder->get()
 6 SYSTEMPATH\BaseModel.php(676): CodeIgniter\Model->doFirst()
 7 APPPATH\Controllers\Api\Pos.php(575): CodeIgniter\BaseModel->first()
 8 SYSTEMPATH\CodeIgniter.php(941): App\Controllers\Api\Pos->active()
 9 SYSTEMPATH\CodeIgniter.php(502): CodeIgniter\CodeIgniter->runController(Object(App\Controllers\Api\Pos))
10 SYSTEMPATH\CodeIgniter.php(361): CodeIgniter\CodeIgniter->handleRequest(null, Object(Config\Cache), false)
11 FCPATH\index.php(79): CodeIgniter\CodeIgniter->run()
ERROR - 2025-09-24 23:58:00 --> Error connecting to the database: mysqli_sql_exception: Nenhuma conexão pôde ser feita porque a máquina de destino as recusou ativamente in C:\xampp\htdocs\erp.local\system\Database\MySQLi\Connection.php:184
Stack trace:
#0 C:\xampp\htdocs\erp.local\system\Database\MySQLi\Connection.php(184): mysqli->real_connect('127.0.0.1', 'root', Object(SensitiveParameterValue), 'erp_local', 3306, '', 0)
#1 C:\xampp\htdocs\erp.local\system\Database\BaseConnection.php(392): CodeIgniter\Database\MySQLi\Connection->connect(false)
#2 C:\xampp\htdocs\erp.local\app\Config\Events.php(68): CodeIgniter\Database\BaseConnection->initialize()
#3 C:\xampp\htdocs\erp.local\system\Events\Events.php(154): CodeIgniter\Events\Events::Config\{closure}()
#4 C:\xampp\htdocs\erp.local\system\CodeIgniter.php(442): CodeIgniter\Events\Events::trigger('pre_system')
#5 C:\xampp\htdocs\erp.local\system\CodeIgniter.php(361): CodeIgniter\CodeIgniter->handleRequest(NULL, Object(Config\Cache), false)
#6 C:\xampp\htdocs\erp.local\public\index.php(79): CodeIgniter\CodeIgniter->run()
#7 {main}

Next CodeIgniter\Database\Exceptions\DatabaseException: Nenhuma conexão pôde ser feita porque a máquina de destino as recusou ativamente in C:\xampp\htdocs\erp.local\system\Database\MySQLi\Connection.php:229
Stack trace:
#0 C:\xampp\htdocs\erp.local\system\Database\BaseConnection.php(392): CodeIgniter\Database\MySQLi\Connection->connect(false)
#1 C:\xampp\htdocs\erp.local\app\Config\Events.php(68): CodeIgniter\Database\BaseConnection->initialize()
#2 C:\xampp\htdocs\erp.local\system\Events\Events.php(154): CodeIgniter\Events\Events::Config\{closure}()
#3 C:\xampp\htdocs\erp.local\system\CodeIgniter.php(442): CodeIgniter\Events\Events::trigger('pre_system')
#4 C:\xampp\htdocs\erp.local\system\CodeIgniter.php(361): CodeIgniter\CodeIgniter->handleRequest(NULL, Object(Config\Cache), false)
#5 C:\xampp\htdocs\erp.local\public\index.php(79): CodeIgniter\CodeIgniter->run()
#6 {main}
ERROR - 2025-09-24 23:58:00 --> Auto-migration failed: Unable to connect to the database.
Main connection [MySQLi]: Nenhuma conexão pôde ser feita porque a máquina de destino as recusou ativamente
INFO - 2025-09-24 23:58:00 --> Session: Class initialized using 'CodeIgniter\Session\Handlers\FileHandler' driver.
ERROR - 2025-09-24 23:58:02 --> Error connecting to the database: mysqli_sql_exception: Nenhuma conexão pôde ser feita porque a máquina de destino as recusou ativamente in C:\xampp\htdocs\erp.local\system\Database\MySQLi\Connection.php:184
Stack trace:
#0 C:\xampp\htdocs\erp.local\system\Database\MySQLi\Connection.php(184): mysqli->real_connect('127.0.0.1', 'root', Object(SensitiveParameterValue), 'erp_local', 3306, '', 0)
#1 C:\xampp\htdocs\erp.local\system\Database\BaseConnection.php(392): CodeIgniter\Database\MySQLi\Connection->connect(false)
#2 C:\xampp\htdocs\erp.local\system\Database\BaseConnection.php(575): CodeIgniter\Database\BaseConnection->initialize()
#3 C:\xampp\htdocs\erp.local\system\Database\BaseBuilder.php(1616): CodeIgniter\Database\BaseConnection->query('SELECT *\nFROM `...', Array, false)
#4 C:\xampp\htdocs\erp.local\system\Model.php(270): CodeIgniter\Database\BaseBuilder->get()
#5 C:\xampp\htdocs\erp.local\system\BaseModel.php(676): CodeIgniter\Model->doFirst()
#6 C:\xampp\htdocs\erp.local\app\Controllers\Api\Pos.php(575): CodeIgniter\BaseModel->first()
#7 C:\xampp\htdocs\erp.local\system\CodeIgniter.php(941): App\Controllers\Api\Pos->active()
#8 C:\xampp\htdocs\erp.local\system\CodeIgniter.php(502): CodeIgniter\CodeIgniter->runController(Object(App\Controllers\Api\Pos))
#9 C:\xampp\htdocs\erp.local\system\CodeIgniter.php(361): CodeIgniter\CodeIgniter->handleRequest(NULL, Object(Config\Cache), false)
#10 C:\xampp\htdocs\erp.local\public\index.php(79): CodeIgniter\CodeIgniter->run()
#11 {main}

Next CodeIgniter\Database\Exceptions\DatabaseException: Nenhuma conexão pôde ser feita porque a máquina de destino as recusou ativamente in C:\xampp\htdocs\erp.local\system\Database\MySQLi\Connection.php:229
Stack trace:
#0 C:\xampp\htdocs\erp.local\system\Database\BaseConnection.php(392): CodeIgniter\Database\MySQLi\Connection->connect(false)
#1 C:\xampp\htdocs\erp.local\system\Database\BaseConnection.php(575): CodeIgniter\Database\BaseConnection->initialize()
#2 C:\xampp\htdocs\erp.local\system\Database\BaseBuilder.php(1616): CodeIgniter\Database\BaseConnection->query('SELECT *\nFROM `...', Array, false)
#3 C:\xampp\htdocs\erp.local\system\Model.php(270): CodeIgniter\Database\BaseBuilder->get()
#4 C:\xampp\htdocs\erp.local\system\BaseModel.php(676): CodeIgniter\Model->doFirst()
#5 C:\xampp\htdocs\erp.local\app\Controllers\Api\Pos.php(575): CodeIgniter\BaseModel->first()
#6 C:\xampp\htdocs\erp.local\system\CodeIgniter.php(941): App\Controllers\Api\Pos->active()
#7 C:\xampp\htdocs\erp.local\system\CodeIgniter.php(502): CodeIgniter\CodeIgniter->runController(Object(App\Controllers\Api\Pos))
#8 C:\xampp\htdocs\erp.local\system\CodeIgniter.php(361): CodeIgniter\CodeIgniter->handleRequest(NULL, Object(Config\Cache), false)
#9 C:\xampp\htdocs\erp.local\public\index.php(79): CodeIgniter\CodeIgniter->run()
#10 {main}
CRITICAL - 2025-09-24 23:58:02 --> CodeIgniter\Database\Exceptions\DatabaseException: Unable to connect to the database.
Main connection [MySQLi]: Nenhuma conexão pôde ser feita porque a máquina de destino as recusou ativamente
in SYSTEMPATH\Database\BaseConnection.php on line 428.
 1 SYSTEMPATH\Database\BaseConnection.php(575): CodeIgniter\Database\BaseConnection->initialize()
 2 SYSTEMPATH\Database\BaseBuilder.php(1616): CodeIgniter\Database\BaseConnection->query('SELECT *
FROM `shifts`
WHERE `id_contador` = :id_contador:
AND `id_empresa` = :id_empresa:
AND `status` = :status:
ORDER BY `id_shift` DESC
 LIMIT 1', [...], false)
 3 SYSTEMPATH\Model.php(270): CodeIgniter\Database\BaseBuilder->get()
 4 SYSTEMPATH\BaseModel.php(676): CodeIgniter\Model->doFirst()
 5 APPPATH\Controllers\Api\Pos.php(575): CodeIgniter\BaseModel->first()
 6 SYSTEMPATH\CodeIgniter.php(941): App\Controllers\Api\Pos->active()
 7 SYSTEMPATH\CodeIgniter.php(502): CodeIgniter\CodeIgniter->runController(Object(App\Controllers\Api\Pos))
 8 SYSTEMPATH\CodeIgniter.php(361): CodeIgniter\CodeIgniter->handleRequest(null, Object(Config\Cache), false)
 9 FCPATH\index.php(79): CodeIgniter\CodeIgniter->run()
INFO - 2025-09-24 23:58:12 --> Session: Class initialized using 'CodeIgniter\Session\Handlers\FileHandler' driver.
CRITICAL - 2025-09-24 23:58:13 --> ATENÇÃO: Shifts::close() FOI EXECUTADO. id=28
DEBUG - 2025-09-24 23:58:13 --> Shifts::close - Início. ID turno=28, payload={"closed_by":"pdv","closing_amount":"0,00","id_cash_register":"3"}
DEBUG - 2025-09-24 23:58:13 --> Shifts::close - closing_amount normalizado=0
INFO - 2025-09-24 23:58:13 --> Session: Class initialized using 'CodeIgniter\Session\Handlers\FileHandler' driver.
DEBUG - 2025-09-24 23:58:13 --> Shifts::close - Turno atual carregado: {"id_shift":"28","id_cash_register":"3","opened_by":"pdv","closed_by":"","opened_at":"2025-09-24 23:57:54","closed_at":"0000-00-00 00:00:00","opening_amount":"0.00","closing_amount":"0.00","status":"open","id_contador":"1","id_empresa":"6","created_at":"2025-09-24 23:57:54","updated_at":"2025-09-24 23:57:54","deleted_at":"0000-00-00 00:00:00"}
DEBUG - 2025-09-24 23:58:13 --> Shifts::close - Totais por pagamento: []
DEBUG - 2025-09-24 23:58:13 --> Shifts::close - Dados para update: {"closed_by":"pdv","closed_at":"2025-09-24 23:58:13","closing_amount":0,"status":"closed","id_cash_register":3}
DEBUG - 2025-09-24 23:58:16 --> Shifts::close - Sucesso. Registro atualizado: {"id_shift":"28","id_cash_register":"3","opened_by":"pdv","closed_by":"pdv","opened_at":"2025-09-24 23:57:54","closed_at":"2025-09-24 23:58:13","opening_amount":"0.00","closing_amount":"0.00","status":"closed","id_contador":"1","id_empresa":"6","created_at":"2025-09-24 23:57:54","updated_at":"2025-09-24 23:58:13","deleted_at":"0000-00-00 00:00:00"}
DEBUG - 2025-09-24 23:58:16 --> Shifts::close - Tentando fechar caixa com: contador=1, empresa=6, usuario=0, valor=0
DEBUG - 2025-09-24 23:58:16 --> CaixaSessaoModel::closeOpenSession - Início: contador=1, empresa=6, usuario=0, valor=0
DEBUG - 2025-09-24 23:58:16 --> CaixaSessaoModel::closeOpenSession - Resultado query: {"id":"20","id_contador":"1","id_empresa":"6","id_usuario_abertura":null,"data_abertura":"2025-09-24 23:57:54","valor_inicial":"0.00","id_usuario_fechamento":null,"data_fechamento":null,"valor_final_contado_dinheiro":"0.00","valor_final_calculado_dinheiro":"0.00","total_vendas_cartao":"0.00","total_vendas_pix":"0.00","total_vendas_outros":"0.00","diferenca_dinheiro":"0.00","status":"aberto","created_at":"2025-09-24 23:57:54","updated_at":"2025-09-24 23:57:54","deleted_at":null}
DEBUG - 2025-09-24 23:58:16 --> CaixaSessaoModel::closeOpenSession - Caixa encontrado: id=20, valor_inicial=0
DEBUG - 2025-09-24 23:58:16 --> CaixaSessaoModel::closeOpenSession - Fazendo update: id=20, dados={"id_usuario_fechamento":null,"data_fechamento":"2025-09-24 23:58:16","valor_final_contado_dinheiro":0,"valor_final_calculado_dinheiro":0,"total_vendas_cartao":0,"total_vendas_pix":0,"total_vendas_outros":0,"diferenca_dinheiro":0,"status":"fechado"}
DEBUG - 2025-09-24 23:58:20 --> CaixaSessaoModel::closeOpenSession - Update result: ok=true, affected=1
INFO - 2025-09-24 23:58:20 --> CaixaSessaoModel::closeOpenSession - Sucesso! Sessão fechada: id=20
INFO - 2025-09-24 23:58:20 --> Shifts::close - Caixa sessão fechada via model centralizado. id=20
INFO - 2025-09-24 23:58:27 --> Session: Class initialized using 'CodeIgniter\Session\Handlers\FileHandler' driver.
INFO - 2025-09-24 23:58:36 --> Session: Class initialized using 'CodeIgniter\Session\Handlers\FileHandler' driver.
INFO - 2025-09-24 23:58:36 --> Session: Class initialized using 'CodeIgniter\Session\Handlers\FileHandler' driver.
INFO - 2025-09-24 23:58:41 --> Session: Class initialized using 'CodeIgniter\Session\Handlers\FileHandler' driver.
INFO - 2025-09-24 23:58:43 --> Session: Class initialized using 'CodeIgniter\Session\Handlers\FileHandler' driver.
INFO - 2025-09-24 23:58:44 --> Session: Class initialized using 'CodeIgniter\Session\Handlers\FileHandler' driver.
INFO - 2025-09-24 23:58:45 --> Session: Class initialized using 'CodeIgniter\Session\Handlers\FileHandler' driver.
INFO - 2025-09-24 23:58:45 --> Session: Class initialized using 'CodeIgniter\Session\Handlers\FileHandler' driver.
INFO - 2025-09-24 23:58:46 --> Session: Class initialized using 'CodeIgniter\Session\Handlers\FileHandler' driver.
INFO - 2025-09-24 23:58:46 --> Session: Class initialized using 'CodeIgniter\Session\Handlers\FileHandler' driver.
INFO - 2025-09-24 23:58:47 --> Session: Class initialized using 'CodeIgniter\Session\Handlers\FileHandler' driver.
