INFO - 2025-09-25 00:52:03 --> Session: Class initialized using 'CodeIgniter\Session\Handlers\FileHandler' driver.
INFO - 2025-09-25 00:52:04 --> Session: Class initialized using 'CodeIgniter\Session\Handlers\FileHandler' driver.
INFO - 2025-09-25 00:52:10 --> Session: Class initialized using 'CodeIgniter\Session\Handlers\FileHandler' driver.
INFO - 2025-09-25 00:52:11 --> Session: Class initialized using 'CodeIgniter\Session\Handlers\FileHandler' driver.
INFO - 2025-09-25 00:52:13 --> Session: Class initialized using 'CodeIgniter\Session\Handlers\FileHandler' driver.
INFO - 2025-09-25 00:52:14 --> Session: Class initialized using 'CodeIgniter\Session\Handlers\FileHandler' driver.
INFO - 2025-09-25 00:52:14 --> Session: Class initialized using 'CodeIgniter\Session\Handlers\FileHandler' driver.
INFO - 2025-09-25 00:52:14 --> Session: Class initialized using 'CodeIgniter\Session\Handlers\FileHandler' driver.
INFO - 2025-09-25 00:52:14 --> Session: Class initialized using 'CodeIgniter\Session\Handlers\FileHandler' driver.
INFO - 2025-09-25 00:52:16 --> Session: Class initialized using 'CodeIgniter\Session\Handlers\FileHandler' driver.
INFO - 2025-09-25 00:52:16 --> Shifts::open - Caixa sessão aberta via model centralizado.
INFO - 2025-09-25 00:52:16 --> Session: Class initialized using 'CodeIgniter\Session\Handlers\FileHandler' driver.
INFO - 2025-09-25 00:52:18 --> Session: Class initialized using 'CodeIgniter\Session\Handlers\FileHandler' driver.
CRITICAL - 2025-09-25 00:52:19 --> ATENÇÃO: Shifts::close() FOI EXECUTADO. id=24
DEBUG - 2025-09-25 00:52:19 --> Shifts::close - Início. ID turno=24, payload={"closed_by":"pdv","closing_amount":"0,00","id_cash_register":"3"}
DEBUG - 2025-09-25 00:52:19 --> Shifts::close - closing_amount normalizado=0
INFO - 2025-09-25 00:52:19 --> Session: Class initialized using 'CodeIgniter\Session\Handlers\FileHandler' driver.
DEBUG - 2025-09-25 00:52:19 --> Shifts::close - Turno atual carregado: {"id_shift":"24","id_cash_register":"3","opened_by":"pdv","closed_by":"","opened_at":"2025-09-25 00:52:16","closed_at":"0000-00-00 00:00:00","opening_amount":"0.00","closing_amount":"0.00","status":"open","id_contador":"1","id_empresa":"6","created_at":"2025-09-25 00:52:16","updated_at":"2025-09-25 00:52:16","deleted_at":"0000-00-00 00:00:00"}
DEBUG - 2025-09-25 00:52:19 --> Shifts::close - Totais por pagamento: []
DEBUG - 2025-09-25 00:52:19 --> Shifts::close - Dados para update: {"closed_by":"pdv","closed_at":"2025-09-25 00:52:19","closing_amount":0,"status":"closed","id_cash_register":3}
DEBUG - 2025-09-25 00:52:19 --> Shifts::close - Sucesso. Registro atualizado: {"id_shift":"24","id_cash_register":"3","opened_by":"pdv","closed_by":"pdv","opened_at":"2025-09-25 00:52:16","closed_at":"2025-09-25 00:52:19","opening_amount":"0.00","closing_amount":"0.00","status":"closed","id_contador":"1","id_empresa":"6","created_at":"2025-09-25 00:52:16","updated_at":"2025-09-25 00:52:19","deleted_at":"0000-00-00 00:00:00"}
DEBUG - 2025-09-25 00:52:19 --> Shifts::close - Tentando fechar caixa com: contador=1, empresa=6, usuario=0, valor=0
DEBUG - 2025-09-25 00:52:19 --> CaixaSessaoModel::closeOpenSession - Início: contador=1, empresa=6, usuario=0, valor=0
DEBUG - 2025-09-25 00:52:19 --> CaixaSessaoModel::closeOpenSession - Resultado query: {"id":"19","id_contador":"1","id_empresa":"6","id_usuario_abertura":null,"data_abertura":"2025-09-25 00:52:16","valor_inicial":"0.00","id_usuario_fechamento":null,"data_fechamento":null,"valor_final_contado_dinheiro":"0.00","valor_final_calculado_dinheiro":"0.00","total_vendas_cartao":"0.00","total_vendas_pix":"0.00","total_vendas_outros":"0.00","diferenca_dinheiro":"0.00","status":"aberto","created_at":"2025-09-25 00:52:16","updated_at":"2025-09-25 00:52:16","deleted_at":null}
DEBUG - 2025-09-25 00:52:19 --> CaixaSessaoModel::closeOpenSession - Caixa encontrado: id=19, valor_inicial=0
DEBUG - 2025-09-25 00:52:19 --> CaixaSessaoModel::closeOpenSession - Fazendo update: id=19, dados={"id_usuario_fechamento":null,"data_fechamento":"2025-09-25 00:52:19","valor_final_contado_dinheiro":0,"valor_final_calculado_dinheiro":0,"total_vendas_cartao":0,"total_vendas_pix":0,"total_vendas_outros":0,"diferenca_dinheiro":0,"status":"fechado"}
DEBUG - 2025-09-25 00:52:19 --> CaixaSessaoModel::closeOpenSession - Update result: ok=true, affected=1
INFO - 2025-09-25 00:52:19 --> CaixaSessaoModel::closeOpenSession - Sucesso! Sessão fechada: id=19
INFO - 2025-09-25 00:52:19 --> Shifts::close - Caixa sessão fechada via model centralizado. id=19
INFO - 2025-09-25 00:52:23 --> Session: Class initialized using 'CodeIgniter\Session\Handlers\FileHandler' driver.
INFO - 2025-09-25 00:52:28 --> Session: Class initialized using 'CodeIgniter\Session\Handlers\FileHandler' driver.
INFO - 2025-09-25 00:52:37 --> Session: Class initialized using 'CodeIgniter\Session\Handlers\FileHandler' driver.
INFO - 2025-09-25 00:54:02 --> Session: Class initialized using 'CodeIgniter\Session\Handlers\FileHandler' driver.
DEBUG - 2025-09-25 00:54:02 --> Products::search - Termo: , Contador: 1, Empresa: 6, Page: 1, Limit: 50
INFO - 2025-09-25 00:54:04 --> Session: Class initialized using 'CodeIgniter\Session\Handlers\FileHandler' driver.
DEBUG - 2025-09-25 00:54:04 --> Products::search - Termo: 27, Contador: 1, Empresa: 6, Page: 1, Limit: 50
DEBUG - 2025-09-25 00:54:04 --> Products::search - Resultados encontrados: 1
DEBUG - 2025-09-25 00:54:04 --> Products::search - Primeiro resultado: {"id_produto":"27","nome":"CASE IP 16","codigo_de_barras":"1","valor_unitario":"20","CFOP_NFe":"5403","CFOP_NFCe":"5102","CFOP_Externo":"6104","NCM":"00000000","CSOSN":"103","id_unidade":"1","id_contador":"1","id_empresa":"6","created_at":"2025-09-17 06:20:21","updated_at":"2025-09-24 05:46:10","deleted_at":"0000-00-00 00:00:00","estoque":"6.000","estoque_minimo":"0.000"}
DEBUG - 2025-09-25 00:54:04 --> Products::search - Primeiro resultado mapeado: {"id_produto":"27","nome":"CASE IP 16","codigo_de_barras":"1","valor_unitario":"20","CFOP_NFe":"5403","CFOP_NFCe":"5102","CFOP_Externo":"6104","NCM":"00000000","CSOSN":"103","id_unidade":"1","id_contador":"1","id_empresa":"6","created_at":"2025-09-17 06:20:21","updated_at":"2025-09-24 05:46:10","deleted_at":"0000-00-00 00:00:00","estoque":"6.000","estoque_minimo":"0.000","quantidade_estoque":6,"id":"27","codigo_barras":"1","preco_unitario":"20.00"}
INFO - 2025-09-25 00:54:04 --> Session: Class initialized using 'CodeIgniter\Session\Handlers\FileHandler' driver.
INFO - 2025-09-25 00:54:04 --> Session: Class initialized using 'CodeIgniter\Session\Handlers\FileHandler' driver.
INFO - 2025-09-25 00:54:09 --> Session: Class initialized using 'CodeIgniter\Session\Handlers\FileHandler' driver.
INFO - 2025-09-25 00:54:11 --> Session: Class initialized using 'CodeIgniter\Session\Handlers\FileHandler' driver.
ERROR - 2025-09-25 00:54:11 --> mysqli_sql_exception: Unknown column 'id_contador' in 'where clause' in C:\xampp\htdocs\erp.local\system\Database\MySQLi\Connection.php:306
Stack trace:
#0 C:\xampp\htdocs\erp.local\system\Database\MySQLi\Connection.php(306): mysqli->query('SELECT *\nFROM `...', 0)
#1 C:\xampp\htdocs\erp.local\system\Database\BaseConnection.php(693): CodeIgniter\Database\MySQLi\Connection->execute('SELECT *\nFROM `...')
#2 C:\xampp\htdocs\erp.local\system\Database\BaseConnection.php(607): CodeIgniter\Database\BaseConnection->simpleQuery('SELECT *\nFROM `...')
#3 C:\xampp\htdocs\erp.local\system\Database\BaseBuilder.php(1616): CodeIgniter\Database\BaseConnection->query('SELECT *\nFROM `...', Array, false)
#4 C:\xampp\htdocs\erp.local\app\Models\BaseAppModel.php(99): CodeIgniter\Database\BaseBuilder->get()
#5 C:\xampp\htdocs\erp.local\app\Controllers\Api\Pos.php(427): App\Models\BaseAppModel->findAll()
#6 C:\xampp\htdocs\erp.local\system\CodeIgniter.php(941): App\Controllers\Api\Pos->items('6')
#7 C:\xampp\htdocs\erp.local\system\CodeIgniter.php(502): CodeIgniter\CodeIgniter->runController(Object(App\Controllers\Api\Pos))
#8 C:\xampp\htdocs\erp.local\system\CodeIgniter.php(361): CodeIgniter\CodeIgniter->handleRequest(NULL, Object(Config\Cache), false)
#9 C:\xampp\htdocs\erp.local\public\index.php(79): CodeIgniter\CodeIgniter->run()
#10 {main}
CRITICAL - 2025-09-25 00:54:11 --> CodeIgniter\Database\Exceptions\DatabaseException: Unknown column 'id_contador' in 'where clause'
in SYSTEMPATH\Database\BaseConnection.php on line 647.
 1 SYSTEMPATH\Database\BaseBuilder.php(1616): CodeIgniter\Database\BaseConnection->query('SELECT *
FROM `pos_sale_items`
WHERE `id_pos_sale` = :id_pos_sale:
AND `id_contador` = :id_contador:
AND `id_empresa` = :id_empresa:
ORDER BY `id_item` ASC', [...], false)
 2 APPPATH\Models\BaseAppModel.php(99): CodeIgniter\Database\BaseBuilder->get()
 3 APPPATH\Controllers\Api\Pos.php(427): App\Models\BaseAppModel->findAll()
 4 SYSTEMPATH\CodeIgniter.php(941): App\Controllers\Api\Pos->items('6')
 5 SYSTEMPATH\CodeIgniter.php(502): CodeIgniter\CodeIgniter->runController(Object(App\Controllers\Api\Pos))
 6 SYSTEMPATH\CodeIgniter.php(361): CodeIgniter\CodeIgniter->handleRequest(null, Object(Config\Cache), false)
 7 FCPATH\index.php(79): CodeIgniter\CodeIgniter->run()
CRITICAL - 2025-09-25 00:54:11 --> [Caused by] CodeIgniter\Database\Exceptions\DatabaseException: Unknown column 'id_contador' in 'where clause'
in SYSTEMPATH\Database\MySQLi\Connection.php on line 311.
 1 SYSTEMPATH\Database\BaseConnection.php(693): CodeIgniter\Database\MySQLi\Connection->execute('SELECT *
FROM `pos_sale_items`
WHERE `id_pos_sale` = 6
AND `id_contador` = 1
AND `id_empresa` = 6
ORDER BY `id_item` ASC')
 2 SYSTEMPATH\Database\BaseConnection.php(607): CodeIgniter\Database\BaseConnection->simpleQuery('SELECT *
FROM `pos_sale_items`
WHERE `id_pos_sale` = 6
AND `id_contador` = 1
AND `id_empresa` = 6
ORDER BY `id_item` ASC')
 3 SYSTEMPATH\Database\BaseBuilder.php(1616): CodeIgniter\Database\BaseConnection->query('SELECT *
FROM `pos_sale_items`
WHERE `id_pos_sale` = :id_pos_sale:
AND `id_contador` = :id_contador:
AND `id_empresa` = :id_empresa:
ORDER BY `id_item` ASC', [...], false)
 4 APPPATH\Models\BaseAppModel.php(99): CodeIgniter\Database\BaseBuilder->get()
 5 APPPATH\Controllers\Api\Pos.php(427): App\Models\BaseAppModel->findAll()
 6 SYSTEMPATH\CodeIgniter.php(941): App\Controllers\Api\Pos->items('6')
 7 SYSTEMPATH\CodeIgniter.php(502): CodeIgniter\CodeIgniter->runController(Object(App\Controllers\Api\Pos))
 8 SYSTEMPATH\CodeIgniter.php(361): CodeIgniter\CodeIgniter->handleRequest(null, Object(Config\Cache), false)
 9 FCPATH\index.php(79): CodeIgniter\CodeIgniter->run()
CRITICAL - 2025-09-25 00:54:11 --> [Caused by] mysqli_sql_exception: Unknown column 'id_contador' in 'where clause'
in SYSTEMPATH\Database\MySQLi\Connection.php on line 306.
 1 SYSTEMPATH\Database\MySQLi\Connection.php(306): mysqli->query('SELECT *
FROM `pos_sale_items`
WHERE `id_pos_sale` = 6
AND `id_contador` = 1
AND `id_empresa` = 6
ORDER BY `id_item` ASC', 0)
 2 SYSTEMPATH\Database\BaseConnection.php(693): CodeIgniter\Database\MySQLi\Connection->execute('SELECT *
FROM `pos_sale_items`
WHERE `id_pos_sale` = 6
AND `id_contador` = 1
AND `id_empresa` = 6
ORDER BY `id_item` ASC')
 3 SYSTEMPATH\Database\BaseConnection.php(607): CodeIgniter\Database\BaseConnection->simpleQuery('SELECT *
FROM `pos_sale_items`
WHERE `id_pos_sale` = 6
AND `id_contador` = 1
AND `id_empresa` = 6
ORDER BY `id_item` ASC')
 4 SYSTEMPATH\Database\BaseBuilder.php(1616): CodeIgniter\Database\BaseConnection->query('SELECT *
FROM `pos_sale_items`
WHERE `id_pos_sale` = :id_pos_sale:
AND `id_contador` = :id_contador:
AND `id_empresa` = :id_empresa:
ORDER BY `id_item` ASC', [...], false)
 5 APPPATH\Models\BaseAppModel.php(99): CodeIgniter\Database\BaseBuilder->get()
 6 APPPATH\Controllers\Api\Pos.php(427): App\Models\BaseAppModel->findAll()
 7 SYSTEMPATH\CodeIgniter.php(941): App\Controllers\Api\Pos->items('6')
 8 SYSTEMPATH\CodeIgniter.php(502): CodeIgniter\CodeIgniter->runController(Object(App\Controllers\Api\Pos))
 9 SYSTEMPATH\CodeIgniter.php(361): CodeIgniter\CodeIgniter->handleRequest(null, Object(Config\Cache), false)
10 FCPATH\index.php(79): CodeIgniter\CodeIgniter->run()
INFO - 2025-09-25 00:54:12 --> Session: Class initialized using 'CodeIgniter\Session\Handlers\FileHandler' driver.
ERROR - 2025-09-25 00:54:12 --> mysqli_sql_exception: Unknown column 'id_contador' in 'where clause' in C:\xampp\htdocs\erp.local\system\Database\MySQLi\Connection.php:306
Stack trace:
#0 C:\xampp\htdocs\erp.local\system\Database\MySQLi\Connection.php(306): mysqli->query('SELECT *\nFROM `...', 0)
#1 C:\xampp\htdocs\erp.local\system\Database\BaseConnection.php(693): CodeIgniter\Database\MySQLi\Connection->execute('SELECT *\nFROM `...')
#2 C:\xampp\htdocs\erp.local\system\Database\BaseConnection.php(607): CodeIgniter\Database\BaseConnection->simpleQuery('SELECT *\nFROM `...')
#3 C:\xampp\htdocs\erp.local\system\Database\BaseBuilder.php(1616): CodeIgniter\Database\BaseConnection->query('SELECT *\nFROM `...', Array, false)
#4 C:\xampp\htdocs\erp.local\app\Models\BaseAppModel.php(99): CodeIgniter\Database\BaseBuilder->get()
#5 C:\xampp\htdocs\erp.local\app\Controllers\Api\Pos.php(449): App\Models\BaseAppModel->findAll()
#6 C:\xampp\htdocs\erp.local\system\CodeIgniter.php(941): App\Controllers\Api\Pos->receiptNonFiscal('6')
#7 C:\xampp\htdocs\erp.local\system\CodeIgniter.php(502): CodeIgniter\CodeIgniter->runController(Object(App\Controllers\Api\Pos))
#8 C:\xampp\htdocs\erp.local\system\CodeIgniter.php(361): CodeIgniter\CodeIgniter->handleRequest(NULL, Object(Config\Cache), false)
#9 C:\xampp\htdocs\erp.local\public\index.php(79): CodeIgniter\CodeIgniter->run()
#10 {main}
INFO - 2025-09-25 00:56:39 --> Session: Class initialized using 'CodeIgniter\Session\Handlers\FileHandler' driver.
ERROR - 2025-09-25 00:56:39 --> mysqli_sql_exception: Unknown column 'id_contador' in 'where clause' in C:\xampp\htdocs\erp.local\system\Database\MySQLi\Connection.php:306
Stack trace:
#0 C:\xampp\htdocs\erp.local\system\Database\MySQLi\Connection.php(306): mysqli->query('SELECT *\nFROM `...', 0)
#1 C:\xampp\htdocs\erp.local\system\Database\BaseConnection.php(693): CodeIgniter\Database\MySQLi\Connection->execute('SELECT *\nFROM `...')
#2 C:\xampp\htdocs\erp.local\system\Database\BaseConnection.php(607): CodeIgniter\Database\BaseConnection->simpleQuery('SELECT *\nFROM `...')
#3 C:\xampp\htdocs\erp.local\system\Database\BaseBuilder.php(1616): CodeIgniter\Database\BaseConnection->query('SELECT *\nFROM `...', Array, false)
#4 C:\xampp\htdocs\erp.local\app\Models\BaseAppModel.php(99): CodeIgniter\Database\BaseBuilder->get()
#5 C:\xampp\htdocs\erp.local\app\Controllers\Api\Pos.php(427): App\Models\BaseAppModel->findAll()
#6 C:\xampp\htdocs\erp.local\system\CodeIgniter.php(941): App\Controllers\Api\Pos->items('14')
#7 C:\xampp\htdocs\erp.local\system\CodeIgniter.php(502): CodeIgniter\CodeIgniter->runController(Object(App\Controllers\Api\Pos))
#8 C:\xampp\htdocs\erp.local\system\CodeIgniter.php(361): CodeIgniter\CodeIgniter->handleRequest(NULL, Object(Config\Cache), false)
#9 C:\xampp\htdocs\erp.local\public\index.php(79): CodeIgniter\CodeIgniter->run()
#10 {main}
CRITICAL - 2025-09-25 00:56:39 --> CodeIgniter\Database\Exceptions\DatabaseException: Unknown column 'id_contador' in 'where clause'
in SYSTEMPATH\Database\BaseConnection.php on line 647.
 1 SYSTEMPATH\Database\BaseBuilder.php(1616): CodeIgniter\Database\BaseConnection->query('SELECT *
FROM `pos_sale_items`
WHERE `id_pos_sale` = :id_pos_sale:
AND `id_contador` = :id_contador:
AND `id_empresa` = :id_empresa:
ORDER BY `id_item` ASC', [...], false)
 2 APPPATH\Models\BaseAppModel.php(99): CodeIgniter\Database\BaseBuilder->get()
 3 APPPATH\Controllers\Api\Pos.php(427): App\Models\BaseAppModel->findAll()
 4 SYSTEMPATH\CodeIgniter.php(941): App\Controllers\Api\Pos->items('14')
 5 SYSTEMPATH\CodeIgniter.php(502): CodeIgniter\CodeIgniter->runController(Object(App\Controllers\Api\Pos))
 6 SYSTEMPATH\CodeIgniter.php(361): CodeIgniter\CodeIgniter->handleRequest(null, Object(Config\Cache), false)
 7 FCPATH\index.php(79): CodeIgniter\CodeIgniter->run()
CRITICAL - 2025-09-25 00:56:39 --> [Caused by] CodeIgniter\Database\Exceptions\DatabaseException: Unknown column 'id_contador' in 'where clause'
in SYSTEMPATH\Database\MySQLi\Connection.php on line 311.
 1 SYSTEMPATH\Database\BaseConnection.php(693): CodeIgniter\Database\MySQLi\Connection->execute('SELECT *
FROM `pos_sale_items`
WHERE `id_pos_sale` = 14
AND `id_contador` = 1
AND `id_empresa` = 6
ORDER BY `id_item` ASC')
 2 SYSTEMPATH\Database\BaseConnection.php(607): CodeIgniter\Database\BaseConnection->simpleQuery('SELECT *
FROM `pos_sale_items`
WHERE `id_pos_sale` = 14
AND `id_contador` = 1
AND `id_empresa` = 6
ORDER BY `id_item` ASC')
 3 SYSTEMPATH\Database\BaseBuilder.php(1616): CodeIgniter\Database\BaseConnection->query('SELECT *
FROM `pos_sale_items`
WHERE `id_pos_sale` = :id_pos_sale:
AND `id_contador` = :id_contador:
AND `id_empresa` = :id_empresa:
ORDER BY `id_item` ASC', [...], false)
 4 APPPATH\Models\BaseAppModel.php(99): CodeIgniter\Database\BaseBuilder->get()
 5 APPPATH\Controllers\Api\Pos.php(427): App\Models\BaseAppModel->findAll()
 6 SYSTEMPATH\CodeIgniter.php(941): App\Controllers\Api\Pos->items('14')
 7 SYSTEMPATH\CodeIgniter.php(502): CodeIgniter\CodeIgniter->runController(Object(App\Controllers\Api\Pos))
 8 SYSTEMPATH\CodeIgniter.php(361): CodeIgniter\CodeIgniter->handleRequest(null, Object(Config\Cache), false)
 9 FCPATH\index.php(79): CodeIgniter\CodeIgniter->run()
CRITICAL - 2025-09-25 00:56:39 --> [Caused by] mysqli_sql_exception: Unknown column 'id_contador' in 'where clause'
in SYSTEMPATH\Database\MySQLi\Connection.php on line 306.
 1 SYSTEMPATH\Database\MySQLi\Connection.php(306): mysqli->query('SELECT *
FROM `pos_sale_items`
WHERE `id_pos_sale` = 14
AND `id_contador` = 1
AND `id_empresa` = 6
ORDER BY `id_item` ASC', 0)
 2 SYSTEMPATH\Database\BaseConnection.php(693): CodeIgniter\Database\MySQLi\Connection->execute('SELECT *
FROM `pos_sale_items`
WHERE `id_pos_sale` = 14
AND `id_contador` = 1
AND `id_empresa` = 6
ORDER BY `id_item` ASC')
 3 SYSTEMPATH\Database\BaseConnection.php(607): CodeIgniter\Database\BaseConnection->simpleQuery('SELECT *
FROM `pos_sale_items`
WHERE `id_pos_sale` = 14
AND `id_contador` = 1
AND `id_empresa` = 6
ORDER BY `id_item` ASC')
 4 SYSTEMPATH\Database\BaseBuilder.php(1616): CodeIgniter\Database\BaseConnection->query('SELECT *
FROM `pos_sale_items`
WHERE `id_pos_sale` = :id_pos_sale:
AND `id_contador` = :id_contador:
AND `id_empresa` = :id_empresa:
ORDER BY `id_item` ASC', [...], false)
 5 APPPATH\Models\BaseAppModel.php(99): CodeIgniter\Database\BaseBuilder->get()
 6 APPPATH\Controllers\Api\Pos.php(427): App\Models\BaseAppModel->findAll()
 7 SYSTEMPATH\CodeIgniter.php(941): App\Controllers\Api\Pos->items('14')
 8 SYSTEMPATH\CodeIgniter.php(502): CodeIgniter\CodeIgniter->runController(Object(App\Controllers\Api\Pos))
 9 SYSTEMPATH\CodeIgniter.php(361): CodeIgniter\CodeIgniter->handleRequest(null, Object(Config\Cache), false)
10 FCPATH\index.php(79): CodeIgniter\CodeIgniter->run()
INFO - 2025-09-25 00:56:44 --> Session: Class initialized using 'CodeIgniter\Session\Handlers\FileHandler' driver.
ERROR - 2025-09-25 00:56:44 --> mysqli_sql_exception: Unknown column 'id_contador' in 'where clause' in C:\xampp\htdocs\erp.local\system\Database\MySQLi\Connection.php:306
Stack trace:
#0 C:\xampp\htdocs\erp.local\system\Database\MySQLi\Connection.php(306): mysqli->query('SELECT *\nFROM `...', 0)
#1 C:\xampp\htdocs\erp.local\system\Database\BaseConnection.php(693): CodeIgniter\Database\MySQLi\Connection->execute('SELECT *\nFROM `...')
#2 C:\xampp\htdocs\erp.local\system\Database\BaseConnection.php(607): CodeIgniter\Database\BaseConnection->simpleQuery('SELECT *\nFROM `...')
#3 C:\xampp\htdocs\erp.local\system\Database\BaseBuilder.php(1616): CodeIgniter\Database\BaseConnection->query('SELECT *\nFROM `...', Array, false)
#4 C:\xampp\htdocs\erp.local\app\Models\BaseAppModel.php(99): CodeIgniter\Database\BaseBuilder->get()
#5 C:\xampp\htdocs\erp.local\app\Controllers\Api\Pos.php(427): App\Models\BaseAppModel->findAll()
#6 C:\xampp\htdocs\erp.local\system\CodeIgniter.php(941): App\Controllers\Api\Pos->items('6')
#7 C:\xampp\htdocs\erp.local\system\CodeIgniter.php(502): CodeIgniter\CodeIgniter->runController(Object(App\Controllers\Api\Pos))
#8 C:\xampp\htdocs\erp.local\system\CodeIgniter.php(361): CodeIgniter\CodeIgniter->handleRequest(NULL, Object(Config\Cache), false)
#9 C:\xampp\htdocs\erp.local\public\index.php(79): CodeIgniter\CodeIgniter->run()
#10 {main}
CRITICAL - 2025-09-25 00:56:44 --> CodeIgniter\Database\Exceptions\DatabaseException: Unknown column 'id_contador' in 'where clause'
in SYSTEMPATH\Database\BaseConnection.php on line 647.
 1 SYSTEMPATH\Database\BaseBuilder.php(1616): CodeIgniter\Database\BaseConnection->query('SELECT *
FROM `pos_sale_items`
WHERE `id_pos_sale` = :id_pos_sale:
AND `id_contador` = :id_contador:
AND `id_empresa` = :id_empresa:
ORDER BY `id_item` ASC', [...], false)
 2 APPPATH\Models\BaseAppModel.php(99): CodeIgniter\Database\BaseBuilder->get()
 3 APPPATH\Controllers\Api\Pos.php(427): App\Models\BaseAppModel->findAll()
 4 SYSTEMPATH\CodeIgniter.php(941): App\Controllers\Api\Pos->items('6')
 5 SYSTEMPATH\CodeIgniter.php(502): CodeIgniter\CodeIgniter->runController(Object(App\Controllers\Api\Pos))
 6 SYSTEMPATH\CodeIgniter.php(361): CodeIgniter\CodeIgniter->handleRequest(null, Object(Config\Cache), false)
 7 FCPATH\index.php(79): CodeIgniter\CodeIgniter->run()
CRITICAL - 2025-09-25 00:56:44 --> [Caused by] CodeIgniter\Database\Exceptions\DatabaseException: Unknown column 'id_contador' in 'where clause'
in SYSTEMPATH\Database\MySQLi\Connection.php on line 311.
 1 SYSTEMPATH\Database\BaseConnection.php(693): CodeIgniter\Database\MySQLi\Connection->execute('SELECT *
FROM `pos_sale_items`
WHERE `id_pos_sale` = 6
AND `id_contador` = 1
AND `id_empresa` = 6
ORDER BY `id_item` ASC')
 2 SYSTEMPATH\Database\BaseConnection.php(607): CodeIgniter\Database\BaseConnection->simpleQuery('SELECT *
FROM `pos_sale_items`
WHERE `id_pos_sale` = 6
AND `id_contador` = 1
AND `id_empresa` = 6
ORDER BY `id_item` ASC')
 3 SYSTEMPATH\Database\BaseBuilder.php(1616): CodeIgniter\Database\BaseConnection->query('SELECT *
FROM `pos_sale_items`
WHERE `id_pos_sale` = :id_pos_sale:
AND `id_contador` = :id_contador:
AND `id_empresa` = :id_empresa:
ORDER BY `id_item` ASC', [...], false)
 4 APPPATH\Models\BaseAppModel.php(99): CodeIgniter\Database\BaseBuilder->get()
 5 APPPATH\Controllers\Api\Pos.php(427): App\Models\BaseAppModel->findAll()
 6 SYSTEMPATH\CodeIgniter.php(941): App\Controllers\Api\Pos->items('6')
 7 SYSTEMPATH\CodeIgniter.php(502): CodeIgniter\CodeIgniter->runController(Object(App\Controllers\Api\Pos))
 8 SYSTEMPATH\CodeIgniter.php(361): CodeIgniter\CodeIgniter->handleRequest(null, Object(Config\Cache), false)
 9 FCPATH\index.php(79): CodeIgniter\CodeIgniter->run()
CRITICAL - 2025-09-25 00:56:44 --> [Caused by] mysqli_sql_exception: Unknown column 'id_contador' in 'where clause'
in SYSTEMPATH\Database\MySQLi\Connection.php on line 306.
 1 SYSTEMPATH\Database\MySQLi\Connection.php(306): mysqli->query('SELECT *
FROM `pos_sale_items`
WHERE `id_pos_sale` = 6
AND `id_contador` = 1
AND `id_empresa` = 6
ORDER BY `id_item` ASC', 0)
 2 SYSTEMPATH\Database\BaseConnection.php(693): CodeIgniter\Database\MySQLi\Connection->execute('SELECT *
FROM `pos_sale_items`
WHERE `id_pos_sale` = 6
AND `id_contador` = 1
AND `id_empresa` = 6
ORDER BY `id_item` ASC')
 3 SYSTEMPATH\Database\BaseConnection.php(607): CodeIgniter\Database\BaseConnection->simpleQuery('SELECT *
FROM `pos_sale_items`
WHERE `id_pos_sale` = 6
AND `id_contador` = 1
AND `id_empresa` = 6
ORDER BY `id_item` ASC')
 4 SYSTEMPATH\Database\BaseBuilder.php(1616): CodeIgniter\Database\BaseConnection->query('SELECT *
FROM `pos_sale_items`
WHERE `id_pos_sale` = :id_pos_sale:
AND `id_contador` = :id_contador:
AND `id_empresa` = :id_empresa:
ORDER BY `id_item` ASC', [...], false)
 5 APPPATH\Models\BaseAppModel.php(99): CodeIgniter\Database\BaseBuilder->get()
 6 APPPATH\Controllers\Api\Pos.php(427): App\Models\BaseAppModel->findAll()
 7 SYSTEMPATH\CodeIgniter.php(941): App\Controllers\Api\Pos->items('6')
 8 SYSTEMPATH\CodeIgniter.php(502): CodeIgniter\CodeIgniter->runController(Object(App\Controllers\Api\Pos))
 9 SYSTEMPATH\CodeIgniter.php(361): CodeIgniter\CodeIgniter->handleRequest(null, Object(Config\Cache), false)
10 FCPATH\index.php(79): CodeIgniter\CodeIgniter->run()
INFO - 2025-09-25 01:21:41 --> Session: Class initialized using 'CodeIgniter\Session\Handlers\FileHandler' driver.
INFO - 2025-09-25 00:01:05 --> Session: Class initialized using 'CodeIgniter\Session\Handlers\FileHandler' driver.
INFO - 2025-09-25 00:02:07 --> Session: Class initialized using 'CodeIgniter\Session\Handlers\FileHandler' driver.
INFO - 2025-09-25 00:07:51 --> Session: Class initialized using 'CodeIgniter\Session\Handlers\FileHandler' driver.
INFO - 2025-09-25 00:07:52 --> Session: Class initialized using 'CodeIgniter\Session\Handlers\FileHandler' driver.
INFO - 2025-09-25 00:07:52 --> Session: Class initialized using 'CodeIgniter\Session\Handlers\FileHandler' driver.
INFO - 2025-09-25 00:07:52 --> Session: Class initialized using 'CodeIgniter\Session\Handlers\FileHandler' driver.
INFO - 2025-09-25 00:07:52 --> Session: Class initialized using 'CodeIgniter\Session\Handlers\FileHandler' driver.
INFO - 2025-09-25 00:07:54 --> Session: Class initialized using 'CodeIgniter\Session\Handlers\FileHandler' driver.
INFO - 2025-09-25 00:08:04 --> Session: Class initialized using 'CodeIgniter\Session\Handlers\FileHandler' driver.
INFO - 2025-09-25 00:08:10 --> Session: Class initialized using 'CodeIgniter\Session\Handlers\FileHandler' driver.
INFO - 2025-09-25 00:08:28 --> Session: Class initialized using 'CodeIgniter\Session\Handlers\FileHandler' driver.
INFO - 2025-09-25 00:08:43 --> Session: Class initialized using 'CodeIgniter\Session\Handlers\FileHandler' driver.
INFO - 2025-09-25 00:09:29 --> Session: Class initialized using 'CodeIgniter\Session\Handlers\FileHandler' driver.
INFO - 2025-09-25 00:09:34 --> Session: Class initialized using 'CodeIgniter\Session\Handlers\FileHandler' driver.
INFO - 2025-09-25 00:09:34 --> Shifts::open - Caixa sessão aberta via model centralizado.
INFO - 2025-09-25 00:09:35 --> Session: Class initialized using 'CodeIgniter\Session\Handlers\FileHandler' driver.
INFO - 2025-09-25 00:09:37 --> Session: Class initialized using 'CodeIgniter\Session\Handlers\FileHandler' driver.
CRITICAL - 2025-09-25 00:09:55 --> ATENÇÃO: Shifts::close() FOI EXECUTADO. id=29
DEBUG - 2025-09-25 00:09:55 --> Shifts::close - Início. ID turno=29, payload={"closed_by":"pdv","closing_amount":"10,00","id_cash_register":"4"}
DEBUG - 2025-09-25 00:09:55 --> Shifts::close - closing_amount normalizado=10
INFO - 2025-09-25 00:09:55 --> Session: Class initialized using 'CodeIgniter\Session\Handlers\FileHandler' driver.
DEBUG - 2025-09-25 00:09:55 --> Shifts::close - Turno atual carregado: {"id_shift":"29","id_cash_register":"4","opened_by":"pdv","closed_by":"","opened_at":"2025-09-25 00:09:34","closed_at":"0000-00-00 00:00:00","opening_amount":"0.00","closing_amount":"0.00","status":"open","id_contador":"1","id_empresa":"7","created_at":"2025-09-25 00:09:34","updated_at":"2025-09-25 00:09:34","deleted_at":"0000-00-00 00:00:00"}
DEBUG - 2025-09-25 00:09:55 --> Shifts::close - Totais por pagamento: []
DEBUG - 2025-09-25 00:09:55 --> Shifts::close - Dados para update: {"closed_by":"pdv","closed_at":"2025-09-25 00:09:55","closing_amount":10,"status":"closed","id_cash_register":4}
DEBUG - 2025-09-25 00:09:55 --> Shifts::close - Sucesso. Registro atualizado: {"id_shift":"29","id_cash_register":"4","opened_by":"pdv","closed_by":"pdv","opened_at":"2025-09-25 00:09:34","closed_at":"2025-09-25 00:09:55","opening_amount":"0.00","closing_amount":"10.00","status":"closed","id_contador":"1","id_empresa":"7","created_at":"2025-09-25 00:09:34","updated_at":"2025-09-25 00:09:55","deleted_at":"0000-00-00 00:00:00"}
DEBUG - 2025-09-25 00:09:55 --> Shifts::close - Tentando fechar caixa com: contador=1, empresa=7, usuario=0, valor=10
DEBUG - 2025-09-25 00:09:55 --> CaixaSessaoModel::closeOpenSession - Início: contador=1, empresa=7, usuario=0, valor=10
DEBUG - 2025-09-25 00:09:55 --> CaixaSessaoModel::closeOpenSession - Resultado query: {"id":"21","id_contador":"1","id_empresa":"7","id_usuario_abertura":null,"data_abertura":"2025-09-25 00:09:34","valor_inicial":"0.00","id_usuario_fechamento":null,"data_fechamento":null,"valor_final_contado_dinheiro":"0.00","valor_final_calculado_dinheiro":"0.00","total_vendas_cartao":"0.00","total_vendas_pix":"0.00","total_vendas_outros":"0.00","diferenca_dinheiro":"0.00","status":"aberto","created_at":"2025-09-25 00:09:34","updated_at":"2025-09-25 00:09:34","deleted_at":null}
DEBUG - 2025-09-25 00:09:55 --> CaixaSessaoModel::closeOpenSession - Caixa encontrado: id=21, valor_inicial=0
DEBUG - 2025-09-25 00:09:55 --> CaixaSessaoModel::closeOpenSession - Fazendo update: id=21, dados={"id_usuario_fechamento":null,"data_fechamento":"2025-09-25 00:09:55","valor_final_contado_dinheiro":10,"valor_final_calculado_dinheiro":0,"total_vendas_cartao":0,"total_vendas_pix":0,"total_vendas_outros":0,"diferenca_dinheiro":10,"status":"fechado"}
DEBUG - 2025-09-25 00:09:55 --> CaixaSessaoModel::closeOpenSession - Update result: ok=true, affected=1
INFO - 2025-09-25 00:09:55 --> CaixaSessaoModel::closeOpenSession - Sucesso! Sessão fechada: id=21
INFO - 2025-09-25 00:09:55 --> Shifts::close - Caixa sessão fechada via model centralizado. id=21
INFO - 2025-09-25 00:09:57 --> Session: Class initialized using 'CodeIgniter\Session\Handlers\FileHandler' driver.
INFO - 2025-09-25 00:10:04 --> Session: Class initialized using 'CodeIgniter\Session\Handlers\FileHandler' driver.
INFO - 2025-09-25 00:10:11 --> Session: Class initialized using 'CodeIgniter\Session\Handlers\FileHandler' driver.
INFO - 2025-09-25 00:10:25 --> Session: Class initialized using 'CodeIgniter\Session\Handlers\FileHandler' driver.
INFO - 2025-09-25 00:10:25 --> Shifts::open - Caixa sessão aberta via model centralizado.
INFO - 2025-09-25 00:10:25 --> Session: Class initialized using 'CodeIgniter\Session\Handlers\FileHandler' driver.
INFO - 2025-09-25 00:10:27 --> Session: Class initialized using 'CodeIgniter\Session\Handlers\FileHandler' driver.
INFO - 2025-09-25 00:10:29 --> Session: Class initialized using 'CodeIgniter\Session\Handlers\FileHandler' driver.
DEBUG - 2025-09-25 00:10:29 --> Products::search - Termo: , Contador: 1, Empresa: 7, Page: 1, Limit: 50
INFO - 2025-09-25 00:10:30 --> Session: Class initialized using 'CodeIgniter\Session\Handlers\FileHandler' driver.
DEBUG - 2025-09-25 00:10:30 --> Products::search - Termo: 29, Contador: 1, Empresa: 7, Page: 1, Limit: 50
DEBUG - 2025-09-25 00:10:30 --> Products::search - Resultados encontrados: 1
DEBUG - 2025-09-25 00:10:30 --> Products::search - Primeiro resultado: {"id_produto":"29","nome":"TEST","codigo_de_barras":"21","valor_unitario":"20","CFOP_NFe":"5403","CFOP_NFCe":"5102","CFOP_Externo":"6104","NCM":"00000000","CSOSN":"103","id_unidade":"1","id_contador":"1","id_empresa":"7","created_at":"2025-09-24 03:07:13","updated_at":"2025-09-24 03:10:46","deleted_at":"0000-00-00 00:00:00","estoque":"11.000","estoque_minimo":"20.000"}
DEBUG - 2025-09-25 00:10:30 --> Products::search - Primeiro resultado mapeado: {"id_produto":"29","nome":"TEST","codigo_de_barras":"21","valor_unitario":"20","CFOP_NFe":"5403","CFOP_NFCe":"5102","CFOP_Externo":"6104","NCM":"00000000","CSOSN":"103","id_unidade":"1","id_contador":"1","id_empresa":"7","created_at":"2025-09-24 03:07:13","updated_at":"2025-09-24 03:10:46","deleted_at":"0000-00-00 00:00:00","estoque":"11.000","estoque_minimo":"20.000","quantidade_estoque":11,"id":"29","codigo_barras":"21","preco_unitario":"20.00"}
INFO - 2025-09-25 00:10:30 --> Session: Class initialized using 'CodeIgniter\Session\Handlers\FileHandler' driver.
INFO - 2025-09-25 00:10:30 --> Session: Class initialized using 'CodeIgniter\Session\Handlers\FileHandler' driver.
INFO - 2025-09-25 00:10:33 --> Session: Class initialized using 'CodeIgniter\Session\Handlers\FileHandler' driver.
INFO - 2025-09-25 00:10:33 --> Session: Class initialized using 'CodeIgniter\Session\Handlers\FileHandler' driver.
INFO - 2025-09-25 00:10:33 --> Session: Class initialized using 'CodeIgniter\Session\Handlers\FileHandler' driver.
INFO - 2025-09-25 00:10:34 --> Session: Class initialized using 'CodeIgniter\Session\Handlers\FileHandler' driver.
INFO - 2025-09-25 00:10:49 --> Session: Class initialized using 'CodeIgniter\Session\Handlers\FileHandler' driver.
INFO - 2025-09-25 00:10:59 --> Session: Class initialized using 'CodeIgniter\Session\Handlers\FileHandler' driver.
INFO - 2025-09-25 00:11:14 --> Session: Class initialized using 'CodeIgniter\Session\Handlers\FileHandler' driver.
CRITICAL - 2025-09-25 00:11:16 --> ATENÇÃO: Shifts::close() FOI EXECUTADO. id=30
DEBUG - 2025-09-25 00:11:16 --> Shifts::close - Início. ID turno=30, payload={"closed_by":"pdv","closing_amount":"0,00","id_cash_register":"4"}
DEBUG - 2025-09-25 00:11:16 --> Shifts::close - closing_amount normalizado=0
INFO - 2025-09-25 00:11:16 --> Session: Class initialized using 'CodeIgniter\Session\Handlers\FileHandler' driver.
DEBUG - 2025-09-25 00:11:16 --> Shifts::close - Turno atual carregado: {"id_shift":"30","id_cash_register":"4","opened_by":"pdv","closed_by":"","opened_at":"2025-09-25 00:10:25","closed_at":"0000-00-00 00:00:00","opening_amount":"0.00","closing_amount":"0.00","status":"open","id_contador":"1","id_empresa":"7","created_at":"2025-09-25 00:10:25","updated_at":"2025-09-25 00:10:25","deleted_at":"0000-00-00 00:00:00"}
DEBUG - 2025-09-25 00:11:16 --> Shifts::close - Totais por pagamento: [{"payment_type":"cash","valor":"20.00","qtd":"1"}]
DEBUG - 2025-09-25 00:11:16 --> Shifts::close - Dados para update: {"closed_by":"pdv","closed_at":"2025-09-25 00:11:16","closing_amount":0,"status":"closed","id_cash_register":4}
DEBUG - 2025-09-25 00:11:16 --> Shifts::close - Sucesso. Registro atualizado: {"id_shift":"30","id_cash_register":"4","opened_by":"pdv","closed_by":"pdv","opened_at":"2025-09-25 00:10:25","closed_at":"2025-09-25 00:11:16","opening_amount":"0.00","closing_amount":"0.00","status":"closed","id_contador":"1","id_empresa":"7","created_at":"2025-09-25 00:10:25","updated_at":"2025-09-25 00:11:16","deleted_at":"0000-00-00 00:00:00"}
DEBUG - 2025-09-25 00:11:16 --> Shifts::close - Tentando fechar caixa com: contador=1, empresa=7, usuario=0, valor=0
DEBUG - 2025-09-25 00:11:16 --> CaixaSessaoModel::closeOpenSession - Início: contador=1, empresa=7, usuario=0, valor=0
DEBUG - 2025-09-25 00:11:16 --> CaixaSessaoModel::closeOpenSession - Resultado query: {"id":"22","id_contador":"1","id_empresa":"7","id_usuario_abertura":null,"data_abertura":"2025-09-25 00:10:25","valor_inicial":"0.00","id_usuario_fechamento":null,"data_fechamento":null,"valor_final_contado_dinheiro":"0.00","valor_final_calculado_dinheiro":"0.00","total_vendas_cartao":"0.00","total_vendas_pix":"0.00","total_vendas_outros":"0.00","diferenca_dinheiro":"0.00","status":"aberto","created_at":"2025-09-25 00:10:25","updated_at":"2025-09-25 00:10:25","deleted_at":null}
DEBUG - 2025-09-25 00:11:16 --> CaixaSessaoModel::closeOpenSession - Caixa encontrado: id=22, valor_inicial=0
DEBUG - 2025-09-25 00:11:16 --> CaixaSessaoModel::closeOpenSession - Fazendo update: id=22, dados={"id_usuario_fechamento":null,"data_fechamento":"2025-09-25 00:11:16","valor_final_contado_dinheiro":0,"valor_final_calculado_dinheiro":20,"total_vendas_cartao":0,"total_vendas_pix":0,"total_vendas_outros":0,"diferenca_dinheiro":-20,"status":"fechado"}
DEBUG - 2025-09-25 00:11:16 --> CaixaSessaoModel::closeOpenSession - Update result: ok=true, affected=1
INFO - 2025-09-25 00:11:16 --> CaixaSessaoModel::closeOpenSession - Sucesso! Sessão fechada: id=22
INFO - 2025-09-25 00:11:16 --> Shifts::close - Caixa sessão fechada via model centralizado. id=22
INFO - 2025-09-25 00:11:19 --> Session: Class initialized using 'CodeIgniter\Session\Handlers\FileHandler' driver.
INFO - 2025-09-25 00:11:46 --> Session: Class initialized using 'CodeIgniter\Session\Handlers\FileHandler' driver.
INFO - 2025-09-25 00:11:50 --> Session: Class initialized using 'CodeIgniter\Session\Handlers\FileHandler' driver.
DEBUG - 2025-09-25 00:11:50 --> Products::search - Termo: , Contador: 1, Empresa: 7, Page: 1, Limit: 50
INFO - 2025-09-25 00:11:54 --> Session: Class initialized using 'CodeIgniter\Session\Handlers\FileHandler' driver.
INFO - 2025-09-25 00:11:56 --> Session: Class initialized using 'CodeIgniter\Session\Handlers\FileHandler' driver.
INFO - 2025-09-25 00:11:56 --> Session: Class initialized using 'CodeIgniter\Session\Handlers\FileHandler' driver.
INFO - 2025-09-25 00:11:56 --> Session: Class initialized using 'CodeIgniter\Session\Handlers\FileHandler' driver.
INFO - 2025-09-25 00:11:56 --> Session: Class initialized using 'CodeIgniter\Session\Handlers\FileHandler' driver.
INFO - 2025-09-25 00:11:56 --> Session: Class initialized using 'CodeIgniter\Session\Handlers\FileHandler' driver.
INFO - 2025-09-25 00:12:00 --> Session: Class initialized using 'CodeIgniter\Session\Handlers\FileHandler' driver.
INFO - 2025-09-25 00:12:00 --> Shifts::open - Caixa sessão aberta via model centralizado.
INFO - 2025-09-25 00:12:01 --> Session: Class initialized using 'CodeIgniter\Session\Handlers\FileHandler' driver.
INFO - 2025-09-25 00:12:03 --> Session: Class initialized using 'CodeIgniter\Session\Handlers\FileHandler' driver.
INFO - 2025-09-25 00:12:04 --> Session: Class initialized using 'CodeIgniter\Session\Handlers\FileHandler' driver.
INFO - 2025-09-25 00:12:04 --> Session: Class initialized using 'CodeIgniter\Session\Handlers\FileHandler' driver.
INFO - 2025-09-25 00:12:04 --> Session: Class initialized using 'CodeIgniter\Session\Handlers\FileHandler' driver.
INFO - 2025-09-25 00:12:04 --> Session: Class initialized using 'CodeIgniter\Session\Handlers\FileHandler' driver.
INFO - 2025-09-25 00:12:04 --> Session: Class initialized using 'CodeIgniter\Session\Handlers\FileHandler' driver.
INFO - 2025-09-25 00:12:06 --> Session: Class initialized using 'CodeIgniter\Session\Handlers\FileHandler' driver.
INFO - 2025-09-25 00:12:07 --> Session: Class initialized using 'CodeIgniter\Session\Handlers\FileHandler' driver.
INFO - 2025-09-25 00:12:07 --> Session: Class initialized using 'CodeIgniter\Session\Handlers\FileHandler' driver.
INFO - 2025-09-25 00:12:07 --> Session: Class initialized using 'CodeIgniter\Session\Handlers\FileHandler' driver.
INFO - 2025-09-25 00:12:07 --> Session: Class initialized using 'CodeIgniter\Session\Handlers\FileHandler' driver.
INFO - 2025-09-25 00:12:07 --> Session: Class initialized using 'CodeIgniter\Session\Handlers\FileHandler' driver.
INFO - 2025-09-25 00:12:09 --> Session: Class initialized using 'CodeIgniter\Session\Handlers\FileHandler' driver.
INFO - 2025-09-25 00:12:09 --> Session: Class initialized using 'CodeIgniter\Session\Handlers\FileHandler' driver.
INFO - 2025-09-25 00:12:15 --> Session: Class initialized using 'CodeIgniter\Session\Handlers\FileHandler' driver.
INFO - 2025-09-25 00:12:16 --> Session: Class initialized using 'CodeIgniter\Session\Handlers\FileHandler' driver.
INFO - 2025-09-25 00:12:17 --> Session: Class initialized using 'CodeIgniter\Session\Handlers\FileHandler' driver.
INFO - 2025-09-25 00:12:17 --> Session: Class initialized using 'CodeIgniter\Session\Handlers\FileHandler' driver.
INFO - 2025-09-25 00:12:17 --> Session: Class initialized using 'CodeIgniter\Session\Handlers\FileHandler' driver.
INFO - 2025-09-25 00:12:17 --> Session: Class initialized using 'CodeIgniter\Session\Handlers\FileHandler' driver.
INFO - 2025-09-25 00:12:17 --> Session: Class initialized using 'CodeIgniter\Session\Handlers\FileHandler' driver.
INFO - 2025-09-25 00:12:32 --> Session: Class initialized using 'CodeIgniter\Session\Handlers\FileHandler' driver.
INFO - 2025-09-25 00:12:37 --> Session: Class initialized using 'CodeIgniter\Session\Handlers\FileHandler' driver.
INFO - 2025-09-25 00:12:42 --> Session: Class initialized using 'CodeIgniter\Session\Handlers\FileHandler' driver.
INFO - 2025-09-25 00:12:43 --> Session: Class initialized using 'CodeIgniter\Session\Handlers\FileHandler' driver.
INFO - 2025-09-25 00:12:43 --> Session: Class initialized using 'CodeIgniter\Session\Handlers\FileHandler' driver.
INFO - 2025-09-25 00:12:43 --> Session: Class initialized using 'CodeIgniter\Session\Handlers\FileHandler' driver.
INFO - 2025-09-25 00:12:43 --> Session: Class initialized using 'CodeIgniter\Session\Handlers\FileHandler' driver.
INFO - 2025-09-25 00:12:43 --> Session: Class initialized using 'CodeIgniter\Session\Handlers\FileHandler' driver.
ERROR - 2025-09-25 00:41:39 --> mysqli_sql_exception: Can't create table `erp_local`.`usuarios_caixa` (errno: 150 "Foreign key constraint is incorrectly formed") in C:\xampp\htdocs\erp.local\system\Database\MySQLi\Connection.php:306
Stack trace:
#0 C:\xampp\htdocs\erp.local\system\Database\MySQLi\Connection.php(306): mysqli->query('CREATE TABLE `u...', 0)
#1 C:\xampp\htdocs\erp.local\system\Database\BaseConnection.php(693): CodeIgniter\Database\MySQLi\Connection->execute('CREATE TABLE `u...')
#2 C:\xampp\htdocs\erp.local\system\Database\BaseConnection.php(607): CodeIgniter\Database\BaseConnection->simpleQuery('CREATE TABLE `u...')
#3 C:\xampp\htdocs\erp.local\system\Database\Forge.php(555): CodeIgniter\Database\BaseConnection->query('CREATE TABLE `u...')
#4 C:\xampp\htdocs\erp.local\app\Database\Migrations\2025-09-25-120000_usuarios_caixa.php(64): CodeIgniter\Database\Forge->createTable('usuarios_caixa')
#5 C:\xampp\htdocs\erp.local\system\Database\MigrationRunner.php(865): App\Database\Migrations\UsuariosCaixa->up()
#6 C:\xampp\htdocs\erp.local\system\Database\MigrationRunner.php(181): CodeIgniter\Database\MigrationRunner->migrate('up', Object(stdClass))
#7 C:\xampp\htdocs\erp.local\system\Commands\Database\Migrate.php(84): CodeIgniter\Database\MigrationRunner->latest(NULL)
#8 C:\xampp\htdocs\erp.local\system\CLI\Commands.php(65): CodeIgniter\Commands\Database\Migrate->run(Array)
#9 C:\xampp\htdocs\erp.local\system\CLI\Console.php(46): CodeIgniter\CLI\Commands->run('migrate', Array)
#10 C:\xampp\htdocs\erp.local\spark(102): CodeIgniter\CLI\Console->run()
#11 {main}
INFO - 2025-09-25 00:42:38 --> Session: Class initialized using 'CodeIgniter\Session\Handlers\FileHandler' driver.
INFO - 2025-09-25 00:42:51 --> Session: Class initialized using 'CodeIgniter\Session\Handlers\FileHandler' driver.
INFO - 2025-09-25 00:42:51 --> Session: Class initialized using 'CodeIgniter\Session\Handlers\FileHandler' driver.
CRITICAL - 2025-09-25 00:42:51 --> CodeIgniter\View\Exceptions\ViewException: Invalid file: "templates/default.php"
in SYSTEMPATH\Exceptions\FrameworkException.php on line 39.
 1 SYSTEMPATH\View\View.php(216): CodeIgniter\Exceptions\FrameworkException::forInvalidFile('templates/default.php')
 2 SYSTEMPATH\View\View.php(244): CodeIgniter\View\View->render('templates/default', [], true)
 3 SYSTEMPATH\Common.php(1178): CodeIgniter\View\View->render('painel_empresa/index', [], true)
 4 APPPATH\Controllers\PainelEmpresa.php(40): view('painel_empresa/index', [...])
 5 SYSTEMPATH\CodeIgniter.php(941): App\Controllers\PainelEmpresa->index()
 6 SYSTEMPATH\CodeIgniter.php(502): CodeIgniter\CodeIgniter->runController(Object(App\Controllers\PainelEmpresa))
 7 SYSTEMPATH\CodeIgniter.php(361): CodeIgniter\CodeIgniter->handleRequest(null, Object(Config\Cache), false)
 8 FCPATH\index.php(79): CodeIgniter\CodeIgniter->run()
CRITICAL - 2025-09-25 00:42:51 --> ErrorException: Uncaught TypeError: htmlspecialchars(): Argument #1 ($string) must be of type string, resource given in C:\xampp\htdocs\erp.local\app\Views\errors\html\error_exception.php:182
Stack trace:
#0 C:\xampp\htdocs\erp.local\app\Views\errors\html\error_exception.php(182): htmlspecialchars(Resource id #42, 8, 'UTF-8')
#1 C:\xampp\htdocs\erp.local\system\Debug\BaseExceptionHandler.php(258): include('C:\\xampp\\htdocs...')
#2 C:\xampp\htdocs\erp.local\system\Debug\BaseExceptionHandler.php(261): CodeIgniter\Debug\BaseExceptionHandler->CodeIgniter\Debug\{closure}()
#3 C:\xampp\htdocs\erp.local\system\Debug\ExceptionHandler.php(112): CodeIgniter\Debug\BaseExceptionHandler->render(Object(CodeIgniter\View\Exceptions\ViewException), 500, 'C:\\xampp\\htdocs...')
#4 C:\xampp\htdocs\erp.local\system\Debug\Exceptions.php(156): CodeIgniter\Debug\ExceptionHandler->handle(Object(CodeIgniter\View\Exceptions\ViewException), Object(CodeIgniter\HTTP\IncomingRequest), Object(CodeIgniter\HTTP\Response), 500, 1)
#5 [internal function]: CodeIgniter\Debug\Exceptions->exceptionHandler(Object(CodeIgniter\View\Exceptions\ViewException))
#6 {main}
  thrown
【Previous Exception】
CodeIgniter\View\Exceptions\ViewException
Invalid file: "templates/default.php"
#0 C:\xampp\htdocs\erp.local\system\View\View.php(216): CodeIgniter\Exceptions\FrameworkException::forInvalidFile('templates/defau...')
#1 C:\xampp\htdocs\erp.local\system\View\View.php(244): CodeIgniter\View\View->render('templates/defau...', Array, true)
#2 C:\xampp\htdocs\erp.local\system\Common.php(1178): CodeIgniter\View\View->render('painel_empresa/...', Array, true)
#3 C:\xampp\htdocs\erp.local\app\Controllers\PainelEmpresa.php(40): view('painel_empresa/...', Array)
#4 C:\xampp\htdocs\erp.local\system\CodeIgniter.php(941): App\Controllers\PainelEmpresa->index()
#5 C:\xampp\htdocs\erp.local\system\CodeIgniter.php(502): CodeIgniter\CodeIgniter->runController(Object(App\Controllers\PainelEmpresa))
#6 C:\xampp\htdocs\erp.local\system\CodeIgniter.php(361): CodeIgniter\CodeIgniter->handleRequest(NULL, Object(Config\Cache), false)
#7 C:\xampp\htdocs\erp.local\public\index.php(79): CodeIgniter\CodeIgniter->run()
#8 {main}
in APPPATH\Views\errors\html\error_exception.php on line 182.
 1 [internal function]: CodeIgniter\Debug\Exceptions->shutdownHandler()
INFO - 2025-09-25 00:43:02 --> Session: Class initialized using 'CodeIgniter\Session\Handlers\FileHandler' driver.
INFO - 2025-09-25 00:43:07 --> Session: Class initialized using 'CodeIgniter\Session\Handlers\FileHandler' driver.
INFO - 2025-09-25 00:43:08 --> Session: Class initialized using 'CodeIgniter\Session\Handlers\FileHandler' driver.
CRITICAL - 2025-09-25 00:43:08 --> CodeIgniter\View\Exceptions\ViewException: Invalid file: "templates/default.php"
in SYSTEMPATH\Exceptions\FrameworkException.php on line 39.
 1 SYSTEMPATH\View\View.php(216): CodeIgniter\Exceptions\FrameworkException::forInvalidFile('templates/default.php')
 2 SYSTEMPATH\View\View.php(244): CodeIgniter\View\View->render('templates/default', [], true)
 3 SYSTEMPATH\Common.php(1178): CodeIgniter\View\View->render('painel_empresa/index', [], true)
 4 APPPATH\Controllers\PainelEmpresa.php(40): view('painel_empresa/index', [...])
 5 SYSTEMPATH\CodeIgniter.php(941): App\Controllers\PainelEmpresa->index()
 6 SYSTEMPATH\CodeIgniter.php(502): CodeIgniter\CodeIgniter->runController(Object(App\Controllers\PainelEmpresa))
 7 SYSTEMPATH\CodeIgniter.php(361): CodeIgniter\CodeIgniter->handleRequest(null, Object(Config\Cache), false)
 8 FCPATH\index.php(79): CodeIgniter\CodeIgniter->run()
CRITICAL - 2025-09-25 00:43:08 --> ErrorException: Uncaught TypeError: htmlspecialchars(): Argument #1 ($string) must be of type string, resource given in C:\xampp\htdocs\erp.local\app\Views\errors\html\error_exception.php:182
Stack trace:
#0 C:\xampp\htdocs\erp.local\app\Views\errors\html\error_exception.php(182): htmlspecialchars(Resource id #42, 8, 'UTF-8')
#1 C:\xampp\htdocs\erp.local\system\Debug\BaseExceptionHandler.php(258): include('C:\\xampp\\htdocs...')
#2 C:\xampp\htdocs\erp.local\system\Debug\BaseExceptionHandler.php(261): CodeIgniter\Debug\BaseExceptionHandler->CodeIgniter\Debug\{closure}()
#3 C:\xampp\htdocs\erp.local\system\Debug\ExceptionHandler.php(112): CodeIgniter\Debug\BaseExceptionHandler->render(Object(CodeIgniter\View\Exceptions\ViewException), 500, 'C:\\xampp\\htdocs...')
#4 C:\xampp\htdocs\erp.local\system\Debug\Exceptions.php(156): CodeIgniter\Debug\ExceptionHandler->handle(Object(CodeIgniter\View\Exceptions\ViewException), Object(CodeIgniter\HTTP\IncomingRequest), Object(CodeIgniter\HTTP\Response), 500, 1)
#5 [internal function]: CodeIgniter\Debug\Exceptions->exceptionHandler(Object(CodeIgniter\View\Exceptions\ViewException))
#6 {main}
  thrown
【Previous Exception】
CodeIgniter\View\Exceptions\ViewException
Invalid file: "templates/default.php"
#0 C:\xampp\htdocs\erp.local\system\View\View.php(216): CodeIgniter\Exceptions\FrameworkException::forInvalidFile('templates/defau...')
#1 C:\xampp\htdocs\erp.local\system\View\View.php(244): CodeIgniter\View\View->render('templates/defau...', Array, true)
#2 C:\xampp\htdocs\erp.local\system\Common.php(1178): CodeIgniter\View\View->render('painel_empresa/...', Array, true)
#3 C:\xampp\htdocs\erp.local\app\Controllers\PainelEmpresa.php(40): view('painel_empresa/...', Array)
#4 C:\xampp\htdocs\erp.local\system\CodeIgniter.php(941): App\Controllers\PainelEmpresa->index()
#5 C:\xampp\htdocs\erp.local\system\CodeIgniter.php(502): CodeIgniter\CodeIgniter->runController(Object(App\Controllers\PainelEmpresa))
#6 C:\xampp\htdocs\erp.local\system\CodeIgniter.php(361): CodeIgniter\CodeIgniter->handleRequest(NULL, Object(Config\Cache), false)
#7 C:\xampp\htdocs\erp.local\public\index.php(79): CodeIgniter\CodeIgniter->run()
#8 {main}
in APPPATH\Views\errors\html\error_exception.php on line 182.
 1 [internal function]: CodeIgniter\Debug\Exceptions->shutdownHandler()
INFO - 2025-09-25 00:44:02 --> Session: Class initialized using 'CodeIgniter\Session\Handlers\FileHandler' driver.
INFO - 2025-09-25 00:44:02 --> Session: Class initialized using 'CodeIgniter\Session\Handlers\FileHandler' driver.
INFO - 2025-09-25 00:44:02 --> Session: Class initialized using 'CodeIgniter\Session\Handlers\FileHandler' driver.
INFO - 2025-09-25 00:44:02 --> Session: Class initialized using 'CodeIgniter\Session\Handlers\FileHandler' driver.
INFO - 2025-09-25 00:44:02 --> Session: Class initialized using 'CodeIgniter\Session\Handlers\FileHandler' driver.
INFO - 2025-09-25 00:44:07 --> Session: Class initialized using 'CodeIgniter\Session\Handlers\FileHandler' driver.
INFO - 2025-09-25 00:44:07 --> Session: Class initialized using 'CodeIgniter\Session\Handlers\FileHandler' driver.
INFO - 2025-09-25 00:44:07 --> Session: Class initialized using 'CodeIgniter\Session\Handlers\FileHandler' driver.
INFO - 2025-09-25 00:44:07 --> Session: Class initialized using 'CodeIgniter\Session\Handlers\FileHandler' driver.
INFO - 2025-09-25 00:44:08 --> Session: Class initialized using 'CodeIgniter\Session\Handlers\FileHandler' driver.
INFO - 2025-09-25 00:44:09 --> Session: Class initialized using 'CodeIgniter\Session\Handlers\FileHandler' driver.
INFO - 2025-09-25 00:44:11 --> Session: Class initialized using 'CodeIgniter\Session\Handlers\FileHandler' driver.
INFO - 2025-09-25 00:44:16 --> Session: Class initialized using 'CodeIgniter\Session\Handlers\FileHandler' driver.
INFO - 2025-09-25 00:44:16 --> Session: Class initialized using 'CodeIgniter\Session\Handlers\FileHandler' driver.
INFO - 2025-09-25 00:44:21 --> Session: Class initialized using 'CodeIgniter\Session\Handlers\FileHandler' driver.
INFO - 2025-09-25 00:44:21 --> Session: Class initialized using 'CodeIgniter\Session\Handlers\FileHandler' driver.
CRITICAL - 2025-09-25 00:44:21 --> CodeIgniter\View\Exceptions\ViewException: Invalid file: "templates/default.php"
in SYSTEMPATH\Exceptions\FrameworkException.php on line 39.
 1 SYSTEMPATH\View\View.php(216): CodeIgniter\Exceptions\FrameworkException::forInvalidFile('templates/default.php')
 2 SYSTEMPATH\View\View.php(244): CodeIgniter\View\View->render('templates/default', [], true)
 3 SYSTEMPATH\Common.php(1178): CodeIgniter\View\View->render('painel_empresa/index', [], true)
 4 APPPATH\Controllers\PainelEmpresa.php(40): view('painel_empresa/index', [...])
 5 SYSTEMPATH\CodeIgniter.php(941): App\Controllers\PainelEmpresa->index()
 6 SYSTEMPATH\CodeIgniter.php(502): CodeIgniter\CodeIgniter->runController(Object(App\Controllers\PainelEmpresa))
 7 SYSTEMPATH\CodeIgniter.php(361): CodeIgniter\CodeIgniter->handleRequest(null, Object(Config\Cache), false)
 8 FCPATH\index.php(79): CodeIgniter\CodeIgniter->run()
CRITICAL - 2025-09-25 00:44:21 --> ErrorException: Uncaught TypeError: htmlspecialchars(): Argument #1 ($string) must be of type string, resource given in C:\xampp\htdocs\erp.local\app\Views\errors\html\error_exception.php:182
Stack trace:
#0 C:\xampp\htdocs\erp.local\app\Views\errors\html\error_exception.php(182): htmlspecialchars(Resource id #42, 8, 'UTF-8')
#1 C:\xampp\htdocs\erp.local\system\Debug\BaseExceptionHandler.php(258): include('C:\\xampp\\htdocs...')
#2 C:\xampp\htdocs\erp.local\system\Debug\BaseExceptionHandler.php(261): CodeIgniter\Debug\BaseExceptionHandler->CodeIgniter\Debug\{closure}()
#3 C:\xampp\htdocs\erp.local\system\Debug\ExceptionHandler.php(112): CodeIgniter\Debug\BaseExceptionHandler->render(Object(CodeIgniter\View\Exceptions\ViewException), 500, 'C:\\xampp\\htdocs...')
#4 C:\xampp\htdocs\erp.local\system\Debug\Exceptions.php(156): CodeIgniter\Debug\ExceptionHandler->handle(Object(CodeIgniter\View\Exceptions\ViewException), Object(CodeIgniter\HTTP\IncomingRequest), Object(CodeIgniter\HTTP\Response), 500, 1)
#5 [internal function]: CodeIgniter\Debug\Exceptions->exceptionHandler(Object(CodeIgniter\View\Exceptions\ViewException))
#6 {main}
  thrown
【Previous Exception】
CodeIgniter\View\Exceptions\ViewException
Invalid file: "templates/default.php"
#0 C:\xampp\htdocs\erp.local\system\View\View.php(216): CodeIgniter\Exceptions\FrameworkException::forInvalidFile('templates/defau...')
#1 C:\xampp\htdocs\erp.local\system\View\View.php(244): CodeIgniter\View\View->render('templates/defau...', Array, true)
#2 C:\xampp\htdocs\erp.local\system\Common.php(1178): CodeIgniter\View\View->render('painel_empresa/...', Array, true)
#3 C:\xampp\htdocs\erp.local\app\Controllers\PainelEmpresa.php(40): view('painel_empresa/...', Array)
#4 C:\xampp\htdocs\erp.local\system\CodeIgniter.php(941): App\Controllers\PainelEmpresa->index()
#5 C:\xampp\htdocs\erp.local\system\CodeIgniter.php(502): CodeIgniter\CodeIgniter->runController(Object(App\Controllers\PainelEmpresa))
#6 C:\xampp\htdocs\erp.local\system\CodeIgniter.php(361): CodeIgniter\CodeIgniter->handleRequest(NULL, Object(Config\Cache), false)
#7 C:\xampp\htdocs\erp.local\public\index.php(79): CodeIgniter\CodeIgniter->run()
#8 {main}
in APPPATH\Views\errors\html\error_exception.php on line 182.
 1 [internal function]: CodeIgniter\Debug\Exceptions->shutdownHandler()
INFO - 2025-09-25 00:44:24 --> Session: Class initialized using 'CodeIgniter\Session\Handlers\FileHandler' driver.
INFO - 2025-09-25 00:44:28 --> Session: Class initialized using 'CodeIgniter\Session\Handlers\FileHandler' driver.
INFO - 2025-09-25 00:44:28 --> Session: Class initialized using 'CodeIgniter\Session\Handlers\FileHandler' driver.
INFO - 2025-09-25 00:44:32 --> Session: Class initialized using 'CodeIgniter\Session\Handlers\FileHandler' driver.
INFO - 2025-09-25 00:44:32 --> Session: Class initialized using 'CodeIgniter\Session\Handlers\FileHandler' driver.
INFO - 2025-09-25 00:44:37 --> Session: Class initialized using 'CodeIgniter\Session\Handlers\FileHandler' driver.
INFO - 2025-09-25 00:44:37 --> Session: Class initialized using 'CodeIgniter\Session\Handlers\FileHandler' driver.
INFO - 2025-09-25 00:44:39 --> Session: Class initialized using 'CodeIgniter\Session\Handlers\FileHandler' driver.
ERROR - 2025-09-25 00:44:39 --> mysqli_sql_exception: Column 'id_contador' in where clause is ambiguous in C:\xampp\htdocs\erp.local\system\Database\MySQLi\Connection.php:306
Stack trace:
#0 C:\xampp\htdocs\erp.local\system\Database\MySQLi\Connection.php(306): mysqli->query('SELECT `cobranc...', 0)
#1 C:\xampp\htdocs\erp.local\system\Database\BaseConnection.php(693): CodeIgniter\Database\MySQLi\Connection->execute('SELECT `cobranc...')
#2 C:\xampp\htdocs\erp.local\system\Database\BaseConnection.php(607): CodeIgniter\Database\BaseConnection->simpleQuery('SELECT `cobranc...')
#3 C:\xampp\htdocs\erp.local\system\Database\BaseBuilder.php(1616): CodeIgniter\Database\BaseConnection->query('SELECT `cobranc...', Array, false)
#4 C:\xampp\htdocs\erp.local\app\Models\BaseAppModel.php(99): CodeIgniter\Database\BaseBuilder->get()
#5 C:\xampp\htdocs\erp.local\app\Controllers\Cobranca.php(296): App\Models\BaseAppModel->findAll()
#6 C:\xampp\htdocs\erp.local\system\CodeIgniter.php(941): App\Controllers\Cobranca->adminLista()
#7 C:\xampp\htdocs\erp.local\system\CodeIgniter.php(502): CodeIgniter\CodeIgniter->runController(Object(App\Controllers\Cobranca))
#8 C:\xampp\htdocs\erp.local\system\CodeIgniter.php(361): CodeIgniter\CodeIgniter->handleRequest(NULL, Object(Config\Cache), false)
#9 C:\xampp\htdocs\erp.local\public\index.php(79): CodeIgniter\CodeIgniter->run()
#10 {main}
CRITICAL - 2025-09-25 00:44:39 --> CodeIgniter\Database\Exceptions\DatabaseException: Column 'id_contador' in where clause is ambiguous
in SYSTEMPATH\Database\BaseConnection.php on line 647.
 1 SYSTEMPATH\Database\BaseBuilder.php(1616): CodeIgniter\Database\BaseConnection->query('SELECT `cobrancas_mensais`.*, `empresas`.`xFant` as `empresa_nome`, `empresas`.`status` as `status_empresa`
FROM `cobrancas_mensais`
JOIN `empresas` ON `empresas`.`id_empresa` = `cobrancas_mensais`.`id_empresa`
WHERE   (
`cobrancas_mensais`.`status` = :cobrancas_mensais.status:
OR `cobrancas_mensais`.`status` = :cobrancas_mensais.status.1:
 )
AND `id_contador` = :id_contador:
AND `id_empresa` = :id_empresa:
ORDER BY `ano_referencia` DESC, `mes_referencia` DESC', [...], false)
 2 APPPATH\Models\BaseAppModel.php(99): CodeIgniter\Database\BaseBuilder->get()
 3 APPPATH\Controllers\Cobranca.php(296): App\Models\BaseAppModel->findAll()
 4 SYSTEMPATH\CodeIgniter.php(941): App\Controllers\Cobranca->adminLista()
 5 SYSTEMPATH\CodeIgniter.php(502): CodeIgniter\CodeIgniter->runController(Object(App\Controllers\Cobranca))
 6 SYSTEMPATH\CodeIgniter.php(361): CodeIgniter\CodeIgniter->handleRequest(null, Object(Config\Cache), false)
 7 FCPATH\index.php(79): CodeIgniter\CodeIgniter->run()
CRITICAL - 2025-09-25 00:44:39 --> [Caused by] CodeIgniter\Database\Exceptions\DatabaseException: Column 'id_contador' in where clause is ambiguous
in SYSTEMPATH\Database\MySQLi\Connection.php on line 311.
 1 SYSTEMPATH\Database\BaseConnection.php(693): CodeIgniter\Database\MySQLi\Connection->execute('SELECT `cobrancas_mensais`.*, `empresas`.`xFant` as `empresa_nome`, `empresas`.`status` as `status_empresa`
FROM `cobrancas_mensais`
JOIN `empresas` ON `empresas`.`id_empresa` = `cobrancas_mensais`.`id_empresa`
WHERE   (
`cobrancas_mensais`.`status` = \'Pendente\'
OR `cobrancas_mensais`.`status` = \'Vencido\'
 )
AND `id_contador` = 2
AND `id_empresa` = 5
ORDER BY `ano_referencia` DESC, `mes_referencia` DESC')
 2 SYSTEMPATH\Database\BaseConnection.php(607): CodeIgniter\Database\BaseConnection->simpleQuery('SELECT `cobrancas_mensais`.*, `empresas`.`xFant` as `empresa_nome`, `empresas`.`status` as `status_empresa`
FROM `cobrancas_mensais`
JOIN `empresas` ON `empresas`.`id_empresa` = `cobrancas_mensais`.`id_empresa`
WHERE   (
`cobrancas_mensais`.`status` = \'Pendente\'
OR `cobrancas_mensais`.`status` = \'Vencido\'
 )
AND `id_contador` = 2
AND `id_empresa` = 5
ORDER BY `ano_referencia` DESC, `mes_referencia` DESC')
 3 SYSTEMPATH\Database\BaseBuilder.php(1616): CodeIgniter\Database\BaseConnection->query('SELECT `cobrancas_mensais`.*, `empresas`.`xFant` as `empresa_nome`, `empresas`.`status` as `status_empresa`
FROM `cobrancas_mensais`
JOIN `empresas` ON `empresas`.`id_empresa` = `cobrancas_mensais`.`id_empresa`
WHERE   (
`cobrancas_mensais`.`status` = :cobrancas_mensais.status:
OR `cobrancas_mensais`.`status` = :cobrancas_mensais.status.1:
 )
AND `id_contador` = :id_contador:
AND `id_empresa` = :id_empresa:
ORDER BY `ano_referencia` DESC, `mes_referencia` DESC', [...], false)
 4 APPPATH\Models\BaseAppModel.php(99): CodeIgniter\Database\BaseBuilder->get()
 5 APPPATH\Controllers\Cobranca.php(296): App\Models\BaseAppModel->findAll()
 6 SYSTEMPATH\CodeIgniter.php(941): App\Controllers\Cobranca->adminLista()
 7 SYSTEMPATH\CodeIgniter.php(502): CodeIgniter\CodeIgniter->runController(Object(App\Controllers\Cobranca))
 8 SYSTEMPATH\CodeIgniter.php(361): CodeIgniter\CodeIgniter->handleRequest(null, Object(Config\Cache), false)
 9 FCPATH\index.php(79): CodeIgniter\CodeIgniter->run()
CRITICAL - 2025-09-25 00:44:39 --> [Caused by] mysqli_sql_exception: Column 'id_contador' in where clause is ambiguous
in SYSTEMPATH\Database\MySQLi\Connection.php on line 306.
 1 SYSTEMPATH\Database\MySQLi\Connection.php(306): mysqli->query('SELECT `cobrancas_mensais`.*, `empresas`.`xFant` as `empresa_nome`, `empresas`.`status` as `status_empresa`
FROM `cobrancas_mensais`
JOIN `empresas` ON `empresas`.`id_empresa` = `cobrancas_mensais`.`id_empresa`
WHERE   (
`cobrancas_mensais`.`status` = \'Pendente\'
OR `cobrancas_mensais`.`status` = \'Vencido\'
 )
AND `id_contador` = 2
AND `id_empresa` = 5
ORDER BY `ano_referencia` DESC, `mes_referencia` DESC', 0)
 2 SYSTEMPATH\Database\BaseConnection.php(693): CodeIgniter\Database\MySQLi\Connection->execute('SELECT `cobrancas_mensais`.*, `empresas`.`xFant` as `empresa_nome`, `empresas`.`status` as `status_empresa`
FROM `cobrancas_mensais`
JOIN `empresas` ON `empresas`.`id_empresa` = `cobrancas_mensais`.`id_empresa`
WHERE   (
`cobrancas_mensais`.`status` = \'Pendente\'
OR `cobrancas_mensais`.`status` = \'Vencido\'
 )
AND `id_contador` = 2
AND `id_empresa` = 5
ORDER BY `ano_referencia` DESC, `mes_referencia` DESC')
 3 SYSTEMPATH\Database\BaseConnection.php(607): CodeIgniter\Database\BaseConnection->simpleQuery('SELECT `cobrancas_mensais`.*, `empresas`.`xFant` as `empresa_nome`, `empresas`.`status` as `status_empresa`
FROM `cobrancas_mensais`
JOIN `empresas` ON `empresas`.`id_empresa` = `cobrancas_mensais`.`id_empresa`
WHERE   (
`cobrancas_mensais`.`status` = \'Pendente\'
OR `cobrancas_mensais`.`status` = \'Vencido\'
 )
AND `id_contador` = 2
AND `id_empresa` = 5
ORDER BY `ano_referencia` DESC, `mes_referencia` DESC')
 4 SYSTEMPATH\Database\BaseBuilder.php(1616): CodeIgniter\Database\BaseConnection->query('SELECT `cobrancas_mensais`.*, `empresas`.`xFant` as `empresa_nome`, `empresas`.`status` as `status_empresa`
FROM `cobrancas_mensais`
JOIN `empresas` ON `empresas`.`id_empresa` = `cobrancas_mensais`.`id_empresa`
WHERE   (
`cobrancas_mensais`.`status` = :cobrancas_mensais.status:
OR `cobrancas_mensais`.`status` = :cobrancas_mensais.status.1:
 )
AND `id_contador` = :id_contador:
AND `id_empresa` = :id_empresa:
ORDER BY `ano_referencia` DESC, `mes_referencia` DESC', [...], false)
 5 APPPATH\Models\BaseAppModel.php(99): CodeIgniter\Database\BaseBuilder->get()
 6 APPPATH\Controllers\Cobranca.php(296): App\Models\BaseAppModel->findAll()
 7 SYSTEMPATH\CodeIgniter.php(941): App\Controllers\Cobranca->adminLista()
 8 SYSTEMPATH\CodeIgniter.php(502): CodeIgniter\CodeIgniter->runController(Object(App\Controllers\Cobranca))
 9 SYSTEMPATH\CodeIgniter.php(361): CodeIgniter\CodeIgniter->handleRequest(null, Object(Config\Cache), false)
10 FCPATH\index.php(79): CodeIgniter\CodeIgniter->run()
CRITICAL - 2025-09-25 00:44:39 --> ErrorException: Uncaught TypeError: htmlspecialchars(): Argument #1 ($string) must be of type string, resource given in C:\xampp\htdocs\erp.local\app\Views\errors\html\error_exception.php:182
Stack trace:
#0 C:\xampp\htdocs\erp.local\app\Views\errors\html\error_exception.php(182): htmlspecialchars(Resource id #42, 8, 'UTF-8')
#1 C:\xampp\htdocs\erp.local\system\Debug\BaseExceptionHandler.php(258): include('C:\\xampp\\htdocs...')
#2 C:\xampp\htdocs\erp.local\system\Debug\BaseExceptionHandler.php(261): CodeIgniter\Debug\BaseExceptionHandler->CodeIgniter\Debug\{closure}()
#3 C:\xampp\htdocs\erp.local\system\Debug\ExceptionHandler.php(112): CodeIgniter\Debug\BaseExceptionHandler->render(Object(CodeIgniter\Database\Exceptions\DatabaseException), 500, 'C:\\xampp\\htdocs...')
#4 C:\xampp\htdocs\erp.local\system\Debug\Exceptions.php(156): CodeIgniter\Debug\ExceptionHandler->handle(Object(CodeIgniter\Database\Exceptions\DatabaseException), Object(CodeIgniter\HTTP\IncomingRequest), Object(CodeIgniter\HTTP\Response), 500, 8)
#5 [internal function]: CodeIgniter\Debug\Exceptions->exceptionHandler(Object(CodeIgniter\Database\Exceptions\DatabaseException))
#6 {main}
  thrown
【Previous Exception】
CodeIgniter\Database\Exceptions\DatabaseException
Column 'id_contador' in where clause is ambiguous
#0 C:\xampp\htdocs\erp.local\system\Database\BaseBuilder.php(1616): CodeIgniter\Database\BaseConnection->query('SELECT `cobranc...', Array, false)
#1 C:\xampp\htdocs\erp.local\app\Models\BaseAppModel.php(99): CodeIgniter\Database\BaseBuilder->get()
#2 C:\xampp\htdocs\erp.local\app\Controllers\Cobranca.php(296): App\Models\BaseAppModel->findAll()
#3 C:\xampp\htdocs\erp.local\system\CodeIgniter.php(941): App\Controllers\Cobranca->adminLista()
#4 C:\xampp\htdocs\erp.local\system\CodeIgniter.php(502): CodeIgniter\CodeIgniter->runController(Object(App\Controllers\Cobranca))
#5 C:\xampp\htdocs\erp.local\system\CodeIgniter.php(361): CodeIgniter\CodeIgniter->handleRequest(NULL, Object(Config\Cache), false)
#6 C:\xampp\htdocs\erp.local\public\index.php(79): CodeIgniter\CodeIgniter->run()
#7 {main}
in APPPATH\Views\errors\html\error_exception.php on line 182.
 1 [internal function]: CodeIgniter\Debug\Exceptions->shutdownHandler()
INFO - 2025-09-25 00:44:51 --> Session: Class initialized using 'CodeIgniter\Session\Handlers\FileHandler' driver.
INFO - 2025-09-25 00:44:52 --> Session: Class initialized using 'CodeIgniter\Session\Handlers\FileHandler' driver.
ERROR - 2025-09-25 00:44:52 --> mysqli_sql_exception: Unknown column 'id_empresa' in 'where clause' in C:\xampp\htdocs\erp.local\system\Database\MySQLi\Connection.php:306
Stack trace:
#0 C:\xampp\htdocs\erp.local\system\Database\MySQLi\Connection.php(306): mysqli->query('SELECT *\nFROM `...', 0)
#1 C:\xampp\htdocs\erp.local\system\Database\BaseConnection.php(693): CodeIgniter\Database\MySQLi\Connection->execute('SELECT *\nFROM `...')
#2 C:\xampp\htdocs\erp.local\system\Database\BaseConnection.php(607): CodeIgniter\Database\BaseConnection->simpleQuery('SELECT *\nFROM `...')
#3 C:\xampp\htdocs\erp.local\system\Database\BaseBuilder.php(1616): CodeIgniter\Database\BaseConnection->query('SELECT *\nFROM `...', Array, false)
#4 C:\xampp\htdocs\erp.local\app\Models\BaseAppModel.php(99): CodeIgniter\Database\BaseBuilder->get()
#5 C:\xampp\htdocs\erp.local\app\Controllers\Contadores.php(60): App\Models\BaseAppModel->findAll()
#6 C:\xampp\htdocs\erp.local\system\CodeIgniter.php(941): App\Controllers\Contadores->index()
#7 C:\xampp\htdocs\erp.local\system\CodeIgniter.php(502): CodeIgniter\CodeIgniter->runController(Object(App\Controllers\Contadores))
#8 C:\xampp\htdocs\erp.local\system\CodeIgniter.php(361): CodeIgniter\CodeIgniter->handleRequest(NULL, Object(Config\Cache), false)
#9 C:\xampp\htdocs\erp.local\public\index.php(79): CodeIgniter\CodeIgniter->run()
#10 {main}
CRITICAL - 2025-09-25 00:44:52 --> CodeIgniter\Database\Exceptions\DatabaseException: Unknown column 'id_empresa' in 'where clause'
in SYSTEMPATH\Database\BaseConnection.php on line 647.
 1 SYSTEMPATH\Database\BaseBuilder.php(1616): CodeIgniter\Database\BaseConnection->query('SELECT *
FROM `contadores`
WHERE `id_contador` = :id_contador:
AND `id_empresa` = :id_empresa:', [...], false)
 2 APPPATH\Models\BaseAppModel.php(99): CodeIgniter\Database\BaseBuilder->get()
 3 APPPATH\Controllers\Contadores.php(60): App\Models\BaseAppModel->findAll()
 4 SYSTEMPATH\CodeIgniter.php(941): App\Controllers\Contadores->index()
 5 SYSTEMPATH\CodeIgniter.php(502): CodeIgniter\CodeIgniter->runController(Object(App\Controllers\Contadores))
 6 SYSTEMPATH\CodeIgniter.php(361): CodeIgniter\CodeIgniter->handleRequest(null, Object(Config\Cache), false)
 7 FCPATH\index.php(79): CodeIgniter\CodeIgniter->run()
CRITICAL - 2025-09-25 00:44:52 --> [Caused by] CodeIgniter\Database\Exceptions\DatabaseException: Unknown column 'id_empresa' in 'where clause'
in SYSTEMPATH\Database\MySQLi\Connection.php on line 311.
 1 SYSTEMPATH\Database\BaseConnection.php(693): CodeIgniter\Database\MySQLi\Connection->execute('SELECT *
FROM `contadores`
WHERE `id_contador` = 2
AND `id_empresa` = 5')
 2 SYSTEMPATH\Database\BaseConnection.php(607): CodeIgniter\Database\BaseConnection->simpleQuery('SELECT *
FROM `contadores`
WHERE `id_contador` = 2
AND `id_empresa` = 5')
 3 SYSTEMPATH\Database\BaseBuilder.php(1616): CodeIgniter\Database\BaseConnection->query('SELECT *
FROM `contadores`
WHERE `id_contador` = :id_contador:
AND `id_empresa` = :id_empresa:', [...], false)
 4 APPPATH\Models\BaseAppModel.php(99): CodeIgniter\Database\BaseBuilder->get()
 5 APPPATH\Controllers\Contadores.php(60): App\Models\BaseAppModel->findAll()
 6 SYSTEMPATH\CodeIgniter.php(941): App\Controllers\Contadores->index()
 7 SYSTEMPATH\CodeIgniter.php(502): CodeIgniter\CodeIgniter->runController(Object(App\Controllers\Contadores))
 8 SYSTEMPATH\CodeIgniter.php(361): CodeIgniter\CodeIgniter->handleRequest(null, Object(Config\Cache), false)
 9 FCPATH\index.php(79): CodeIgniter\CodeIgniter->run()
CRITICAL - 2025-09-25 00:44:52 --> [Caused by] mysqli_sql_exception: Unknown column 'id_empresa' in 'where clause'
in SYSTEMPATH\Database\MySQLi\Connection.php on line 306.
 1 SYSTEMPATH\Database\MySQLi\Connection.php(306): mysqli->query('SELECT *
FROM `contadores`
WHERE `id_contador` = 2
AND `id_empresa` = 5', 0)
 2 SYSTEMPATH\Database\BaseConnection.php(693): CodeIgniter\Database\MySQLi\Connection->execute('SELECT *
FROM `contadores`
WHERE `id_contador` = 2
AND `id_empresa` = 5')
 3 SYSTEMPATH\Database\BaseConnection.php(607): CodeIgniter\Database\BaseConnection->simpleQuery('SELECT *
FROM `contadores`
WHERE `id_contador` = 2
AND `id_empresa` = 5')
 4 SYSTEMPATH\Database\BaseBuilder.php(1616): CodeIgniter\Database\BaseConnection->query('SELECT *
FROM `contadores`
WHERE `id_contador` = :id_contador:
AND `id_empresa` = :id_empresa:', [...], false)
 5 APPPATH\Models\BaseAppModel.php(99): CodeIgniter\Database\BaseBuilder->get()
 6 APPPATH\Controllers\Contadores.php(60): App\Models\BaseAppModel->findAll()
 7 SYSTEMPATH\CodeIgniter.php(941): App\Controllers\Contadores->index()
 8 SYSTEMPATH\CodeIgniter.php(502): CodeIgniter\CodeIgniter->runController(Object(App\Controllers\Contadores))
 9 SYSTEMPATH\CodeIgniter.php(361): CodeIgniter\CodeIgniter->handleRequest(null, Object(Config\Cache), false)
10 FCPATH\index.php(79): CodeIgniter\CodeIgniter->run()
CRITICAL - 2025-09-25 00:44:52 --> ErrorException: Uncaught TypeError: htmlspecialchars(): Argument #1 ($string) must be of type string, resource given in C:\xampp\htdocs\erp.local\app\Views\errors\html\error_exception.php:182
Stack trace:
#0 C:\xampp\htdocs\erp.local\app\Views\errors\html\error_exception.php(182): htmlspecialchars(Resource id #42, 8, 'UTF-8')
#1 C:\xampp\htdocs\erp.local\system\Debug\BaseExceptionHandler.php(258): include('C:\\xampp\\htdocs...')
#2 C:\xampp\htdocs\erp.local\system\Debug\BaseExceptionHandler.php(261): CodeIgniter\Debug\BaseExceptionHandler->CodeIgniter\Debug\{closure}()
#3 C:\xampp\htdocs\erp.local\system\Debug\ExceptionHandler.php(112): CodeIgniter\Debug\BaseExceptionHandler->render(Object(CodeIgniter\Database\Exceptions\DatabaseException), 500, 'C:\\xampp\\htdocs...')
#4 C:\xampp\htdocs\erp.local\system\Debug\Exceptions.php(156): CodeIgniter\Debug\ExceptionHandler->handle(Object(CodeIgniter\Database\Exceptions\DatabaseException), Object(CodeIgniter\HTTP\IncomingRequest), Object(CodeIgniter\HTTP\Response), 500, 8)
#5 [internal function]: CodeIgniter\Debug\Exceptions->exceptionHandler(Object(CodeIgniter\Database\Exceptions\DatabaseException))
#6 {main}
  thrown
【Previous Exception】
CodeIgniter\Database\Exceptions\DatabaseException
Unknown column 'id_empresa' in 'where clause'
#0 C:\xampp\htdocs\erp.local\system\Database\BaseBuilder.php(1616): CodeIgniter\Database\BaseConnection->query('SELECT *\nFROM `...', Array, false)
#1 C:\xampp\htdocs\erp.local\app\Models\BaseAppModel.php(99): CodeIgniter\Database\BaseBuilder->get()
#2 C:\xampp\htdocs\erp.local\app\Controllers\Contadores.php(60): App\Models\BaseAppModel->findAll()
#3 C:\xampp\htdocs\erp.local\system\CodeIgniter.php(941): App\Controllers\Contadores->index()
#4 C:\xampp\htdocs\erp.local\system\CodeIgniter.php(502): CodeIgniter\CodeIgniter->runController(Object(App\Controllers\Contadores))
#5 C:\xampp\htdocs\erp.local\system\CodeIgniter.php(361): CodeIgniter\CodeIgniter->handleRequest(NULL, Object(Config\Cache), false)
#6 C:\xampp\htdocs\erp.local\public\index.php(79): CodeIgniter\CodeIgniter->run()
#7 {main}
in APPPATH\Views\errors\html\error_exception.php on line 182.
 1 [internal function]: CodeIgniter\Debug\Exceptions->shutdownHandler()
INFO - 2025-09-25 00:44:53 --> Session: Class initialized using 'CodeIgniter\Session\Handlers\FileHandler' driver.
INFO - 2025-09-25 00:44:54 --> Session: Class initialized using 'CodeIgniter\Session\Handlers\FileHandler' driver.
ERROR - 2025-09-25 00:44:54 --> mysqli_sql_exception: Unknown column 'id_empresa' in 'where clause' in C:\xampp\htdocs\erp.local\system\Database\MySQLi\Connection.php:306
Stack trace:
#0 C:\xampp\htdocs\erp.local\system\Database\MySQLi\Connection.php(306): mysqli->query('SELECT `id_cont...', 0)
#1 C:\xampp\htdocs\erp.local\system\Database\BaseConnection.php(693): CodeIgniter\Database\MySQLi\Connection->execute('SELECT `id_cont...')
#2 C:\xampp\htdocs\erp.local\system\Database\BaseConnection.php(607): CodeIgniter\Database\BaseConnection->simpleQuery('SELECT `id_cont...')
#3 C:\xampp\htdocs\erp.local\system\Database\BaseBuilder.php(1616): CodeIgniter\Database\BaseConnection->query('SELECT `id_cont...', Array, false)
#4 C:\xampp\htdocs\erp.local\app\Models\BaseAppModel.php(99): CodeIgniter\Database\BaseBuilder->get()
#5 C:\xampp\htdocs\erp.local\app\Controllers\Relatorios.php(168): App\Models\BaseAppModel->findAll()
#6 C:\xampp\htdocs\erp.local\system\CodeIgniter.php(941): App\Controllers\Relatorios->contadores()
#7 C:\xampp\htdocs\erp.local\system\CodeIgniter.php(502): CodeIgniter\CodeIgniter->runController(Object(App\Controllers\Relatorios))
#8 C:\xampp\htdocs\erp.local\system\CodeIgniter.php(361): CodeIgniter\CodeIgniter->handleRequest(NULL, Object(Config\Cache), false)
#9 C:\xampp\htdocs\erp.local\public\index.php(79): CodeIgniter\CodeIgniter->run()
#10 {main}
CRITICAL - 2025-09-25 00:44:54 --> CodeIgniter\Database\Exceptions\DatabaseException: Unknown column 'id_empresa' in 'where clause'
in SYSTEMPATH\Database\BaseConnection.php on line 647.
 1 SYSTEMPATH\Database\BaseBuilder.php(1616): CodeIgniter\Database\BaseConnection->query('SELECT `id_contador`, `status`, `nome`, `nome_fantasia`, `cnpj`, `status`
FROM `contadores`
WHERE `id_contador` = :id_contador:
AND `id_empresa` = :id_empresa:', [...], false)
 2 APPPATH\Models\BaseAppModel.php(99): CodeIgniter\Database\BaseBuilder->get()
 3 APPPATH\Controllers\Relatorios.php(168): App\Models\BaseAppModel->findAll()
 4 SYSTEMPATH\CodeIgniter.php(941): App\Controllers\Relatorios->contadores()
 5 SYSTEMPATH\CodeIgniter.php(502): CodeIgniter\CodeIgniter->runController(Object(App\Controllers\Relatorios))
 6 SYSTEMPATH\CodeIgniter.php(361): CodeIgniter\CodeIgniter->handleRequest(null, Object(Config\Cache), false)
 7 FCPATH\index.php(79): CodeIgniter\CodeIgniter->run()
CRITICAL - 2025-09-25 00:44:54 --> [Caused by] CodeIgniter\Database\Exceptions\DatabaseException: Unknown column 'id_empresa' in 'where clause'
in SYSTEMPATH\Database\MySQLi\Connection.php on line 311.
 1 SYSTEMPATH\Database\BaseConnection.php(693): CodeIgniter\Database\MySQLi\Connection->execute('SELECT `id_contador`, `status`, `nome`, `nome_fantasia`, `cnpj`, `status`
FROM `contadores`
WHERE `id_contador` = 2
AND `id_empresa` = 5')
 2 SYSTEMPATH\Database\BaseConnection.php(607): CodeIgniter\Database\BaseConnection->simpleQuery('SELECT `id_contador`, `status`, `nome`, `nome_fantasia`, `cnpj`, `status`
FROM `contadores`
WHERE `id_contador` = 2
AND `id_empresa` = 5')
 3 SYSTEMPATH\Database\BaseBuilder.php(1616): CodeIgniter\Database\BaseConnection->query('SELECT `id_contador`, `status`, `nome`, `nome_fantasia`, `cnpj`, `status`
FROM `contadores`
WHERE `id_contador` = :id_contador:
AND `id_empresa` = :id_empresa:', [...], false)
 4 APPPATH\Models\BaseAppModel.php(99): CodeIgniter\Database\BaseBuilder->get()
 5 APPPATH\Controllers\Relatorios.php(168): App\Models\BaseAppModel->findAll()
 6 SYSTEMPATH\CodeIgniter.php(941): App\Controllers\Relatorios->contadores()
 7 SYSTEMPATH\CodeIgniter.php(502): CodeIgniter\CodeIgniter->runController(Object(App\Controllers\Relatorios))
 8 SYSTEMPATH\CodeIgniter.php(361): CodeIgniter\CodeIgniter->handleRequest(null, Object(Config\Cache), false)
 9 FCPATH\index.php(79): CodeIgniter\CodeIgniter->run()
CRITICAL - 2025-09-25 00:44:54 --> [Caused by] mysqli_sql_exception: Unknown column 'id_empresa' in 'where clause'
in SYSTEMPATH\Database\MySQLi\Connection.php on line 306.
 1 SYSTEMPATH\Database\MySQLi\Connection.php(306): mysqli->query('SELECT `id_contador`, `status`, `nome`, `nome_fantasia`, `cnpj`, `status`
FROM `contadores`
WHERE `id_contador` = 2
AND `id_empresa` = 5', 0)
 2 SYSTEMPATH\Database\BaseConnection.php(693): CodeIgniter\Database\MySQLi\Connection->execute('SELECT `id_contador`, `status`, `nome`, `nome_fantasia`, `cnpj`, `status`
FROM `contadores`
WHERE `id_contador` = 2
AND `id_empresa` = 5')
 3 SYSTEMPATH\Database\BaseConnection.php(607): CodeIgniter\Database\BaseConnection->simpleQuery('SELECT `id_contador`, `status`, `nome`, `nome_fantasia`, `cnpj`, `status`
FROM `contadores`
WHERE `id_contador` = 2
AND `id_empresa` = 5')
 4 SYSTEMPATH\Database\BaseBuilder.php(1616): CodeIgniter\Database\BaseConnection->query('SELECT `id_contador`, `status`, `nome`, `nome_fantasia`, `cnpj`, `status`
FROM `contadores`
WHERE `id_contador` = :id_contador:
AND `id_empresa` = :id_empresa:', [...], false)
 5 APPPATH\Models\BaseAppModel.php(99): CodeIgniter\Database\BaseBuilder->get()
 6 APPPATH\Controllers\Relatorios.php(168): App\Models\BaseAppModel->findAll()
 7 SYSTEMPATH\CodeIgniter.php(941): App\Controllers\Relatorios->contadores()
 8 SYSTEMPATH\CodeIgniter.php(502): CodeIgniter\CodeIgniter->runController(Object(App\Controllers\Relatorios))
 9 SYSTEMPATH\CodeIgniter.php(361): CodeIgniter\CodeIgniter->handleRequest(null, Object(Config\Cache), false)
10 FCPATH\index.php(79): CodeIgniter\CodeIgniter->run()
CRITICAL - 2025-09-25 00:44:54 --> ErrorException: Uncaught TypeError: htmlspecialchars(): Argument #1 ($string) must be of type string, resource given in C:\xampp\htdocs\erp.local\app\Views\errors\html\error_exception.php:182
Stack trace:
#0 C:\xampp\htdocs\erp.local\app\Views\errors\html\error_exception.php(182): htmlspecialchars(Resource id #42, 8, 'UTF-8')
#1 C:\xampp\htdocs\erp.local\system\Debug\BaseExceptionHandler.php(258): include('C:\\xampp\\htdocs...')
#2 C:\xampp\htdocs\erp.local\system\Debug\BaseExceptionHandler.php(261): CodeIgniter\Debug\BaseExceptionHandler->CodeIgniter\Debug\{closure}()
#3 C:\xampp\htdocs\erp.local\system\Debug\ExceptionHandler.php(112): CodeIgniter\Debug\BaseExceptionHandler->render(Object(CodeIgniter\Database\Exceptions\DatabaseException), 500, 'C:\\xampp\\htdocs...')
#4 C:\xampp\htdocs\erp.local\system\Debug\Exceptions.php(156): CodeIgniter\Debug\ExceptionHandler->handle(Object(CodeIgniter\Database\Exceptions\DatabaseException), Object(CodeIgniter\HTTP\IncomingRequest), Object(CodeIgniter\HTTP\Response), 500, 8)
#5 [internal function]: CodeIgniter\Debug\Exceptions->exceptionHandler(Object(CodeIgniter\Database\Exceptions\DatabaseException))
#6 {main}
  thrown
【Previous Exception】
CodeIgniter\Database\Exceptions\DatabaseException
Unknown column 'id_empresa' in 'where clause'
#0 C:\xampp\htdocs\erp.local\system\Database\BaseBuilder.php(1616): CodeIgniter\Database\BaseConnection->query('SELECT `id_cont...', Array, false)
#1 C:\xampp\htdocs\erp.local\app\Models\BaseAppModel.php(99): CodeIgniter\Database\BaseBuilder->get()
#2 C:\xampp\htdocs\erp.local\app\Controllers\Relatorios.php(168): App\Models\BaseAppModel->findAll()
#3 C:\xampp\htdocs\erp.local\system\CodeIgniter.php(941): App\Controllers\Relatorios->contadores()
#4 C:\xampp\htdocs\erp.local\system\CodeIgniter.php(502): CodeIgniter\CodeIgniter->runController(Object(App\Controllers\Relatorios))
#5 C:\xampp\htdocs\erp.local\system\CodeIgniter.php(361): CodeIgniter\CodeIgniter->handleRequest(NULL, Object(Config\Cache), false)
#6 C:\xampp\htdocs\erp.local\public\index.php(79): CodeIgniter\CodeIgniter->run()
#7 {main}
in APPPATH\Views\errors\html\error_exception.php on line 182.
 1 [internal function]: CodeIgniter\Debug\Exceptions->shutdownHandler()
INFO - 2025-09-25 00:44:55 --> Session: Class initialized using 'CodeIgniter\Session\Handlers\FileHandler' driver.
INFO - 2025-09-25 00:44:56 --> Session: Class initialized using 'CodeIgniter\Session\Handlers\FileHandler' driver.
ERROR - 2025-09-25 00:44:56 --> mysqli_sql_exception: Column 'id_contador' in where clause is ambiguous in C:\xampp\htdocs\erp.local\system\Database\MySQLi\Connection.php:306
Stack trace:
#0 C:\xampp\htdocs\erp.local\system\Database\MySQLi\Connection.php(306): mysqli->query('SELECT `cobranc...', 0)
#1 C:\xampp\htdocs\erp.local\system\Database\BaseConnection.php(693): CodeIgniter\Database\MySQLi\Connection->execute('SELECT `cobranc...')
#2 C:\xampp\htdocs\erp.local\system\Database\BaseConnection.php(607): CodeIgniter\Database\BaseConnection->simpleQuery('SELECT `cobranc...')
#3 C:\xampp\htdocs\erp.local\system\Database\BaseBuilder.php(1616): CodeIgniter\Database\BaseConnection->query('SELECT `cobranc...', Array, false)
#4 C:\xampp\htdocs\erp.local\app\Models\BaseAppModel.php(99): CodeIgniter\Database\BaseBuilder->get()
#5 C:\xampp\htdocs\erp.local\app\Controllers\Cobranca.php(296): App\Models\BaseAppModel->findAll()
#6 C:\xampp\htdocs\erp.local\system\CodeIgniter.php(941): App\Controllers\Cobranca->adminLista()
#7 C:\xampp\htdocs\erp.local\system\CodeIgniter.php(502): CodeIgniter\CodeIgniter->runController(Object(App\Controllers\Cobranca))
#8 C:\xampp\htdocs\erp.local\system\CodeIgniter.php(361): CodeIgniter\CodeIgniter->handleRequest(NULL, Object(Config\Cache), false)
#9 C:\xampp\htdocs\erp.local\public\index.php(79): CodeIgniter\CodeIgniter->run()
#10 {main}
CRITICAL - 2025-09-25 00:44:56 --> CodeIgniter\Database\Exceptions\DatabaseException: Column 'id_contador' in where clause is ambiguous
in SYSTEMPATH\Database\BaseConnection.php on line 647.
 1 SYSTEMPATH\Database\BaseBuilder.php(1616): CodeIgniter\Database\BaseConnection->query('SELECT `cobrancas_mensais`.*, `empresas`.`xFant` as `empresa_nome`, `empresas`.`status` as `status_empresa`
FROM `cobrancas_mensais`
JOIN `empresas` ON `empresas`.`id_empresa` = `cobrancas_mensais`.`id_empresa`
WHERE   (
`cobrancas_mensais`.`status` = :cobrancas_mensais.status:
OR `cobrancas_mensais`.`status` = :cobrancas_mensais.status.1:
 )
AND `id_contador` = :id_contador:
AND `id_empresa` = :id_empresa:
ORDER BY `ano_referencia` DESC, `mes_referencia` DESC', [...], false)
 2 APPPATH\Models\BaseAppModel.php(99): CodeIgniter\Database\BaseBuilder->get()
 3 APPPATH\Controllers\Cobranca.php(296): App\Models\BaseAppModel->findAll()
 4 SYSTEMPATH\CodeIgniter.php(941): App\Controllers\Cobranca->adminLista()
 5 SYSTEMPATH\CodeIgniter.php(502): CodeIgniter\CodeIgniter->runController(Object(App\Controllers\Cobranca))
 6 SYSTEMPATH\CodeIgniter.php(361): CodeIgniter\CodeIgniter->handleRequest(null, Object(Config\Cache), false)
 7 FCPATH\index.php(79): CodeIgniter\CodeIgniter->run()
CRITICAL - 2025-09-25 00:44:56 --> [Caused by] CodeIgniter\Database\Exceptions\DatabaseException: Column 'id_contador' in where clause is ambiguous
in SYSTEMPATH\Database\MySQLi\Connection.php on line 311.
 1 SYSTEMPATH\Database\BaseConnection.php(693): CodeIgniter\Database\MySQLi\Connection->execute('SELECT `cobrancas_mensais`.*, `empresas`.`xFant` as `empresa_nome`, `empresas`.`status` as `status_empresa`
FROM `cobrancas_mensais`
JOIN `empresas` ON `empresas`.`id_empresa` = `cobrancas_mensais`.`id_empresa`
WHERE   (
`cobrancas_mensais`.`status` = \'Pendente\'
OR `cobrancas_mensais`.`status` = \'Vencido\'
 )
AND `id_contador` = 2
AND `id_empresa` = 5
ORDER BY `ano_referencia` DESC, `mes_referencia` DESC')
 2 SYSTEMPATH\Database\BaseConnection.php(607): CodeIgniter\Database\BaseConnection->simpleQuery('SELECT `cobrancas_mensais`.*, `empresas`.`xFant` as `empresa_nome`, `empresas`.`status` as `status_empresa`
FROM `cobrancas_mensais`
JOIN `empresas` ON `empresas`.`id_empresa` = `cobrancas_mensais`.`id_empresa`
WHERE   (
`cobrancas_mensais`.`status` = \'Pendente\'
OR `cobrancas_mensais`.`status` = \'Vencido\'
 )
AND `id_contador` = 2
AND `id_empresa` = 5
ORDER BY `ano_referencia` DESC, `mes_referencia` DESC')
 3 SYSTEMPATH\Database\BaseBuilder.php(1616): CodeIgniter\Database\BaseConnection->query('SELECT `cobrancas_mensais`.*, `empresas`.`xFant` as `empresa_nome`, `empresas`.`status` as `status_empresa`
FROM `cobrancas_mensais`
JOIN `empresas` ON `empresas`.`id_empresa` = `cobrancas_mensais`.`id_empresa`
WHERE   (
`cobrancas_mensais`.`status` = :cobrancas_mensais.status:
OR `cobrancas_mensais`.`status` = :cobrancas_mensais.status.1:
 )
AND `id_contador` = :id_contador:
AND `id_empresa` = :id_empresa:
ORDER BY `ano_referencia` DESC, `mes_referencia` DESC', [...], false)
 4 APPPATH\Models\BaseAppModel.php(99): CodeIgniter\Database\BaseBuilder->get()
 5 APPPATH\Controllers\Cobranca.php(296): App\Models\BaseAppModel->findAll()
 6 SYSTEMPATH\CodeIgniter.php(941): App\Controllers\Cobranca->adminLista()
 7 SYSTEMPATH\CodeIgniter.php(502): CodeIgniter\CodeIgniter->runController(Object(App\Controllers\Cobranca))
 8 SYSTEMPATH\CodeIgniter.php(361): CodeIgniter\CodeIgniter->handleRequest(null, Object(Config\Cache), false)
 9 FCPATH\index.php(79): CodeIgniter\CodeIgniter->run()
CRITICAL - 2025-09-25 00:44:56 --> [Caused by] mysqli_sql_exception: Column 'id_contador' in where clause is ambiguous
in SYSTEMPATH\Database\MySQLi\Connection.php on line 306.
 1 SYSTEMPATH\Database\MySQLi\Connection.php(306): mysqli->query('SELECT `cobrancas_mensais`.*, `empresas`.`xFant` as `empresa_nome`, `empresas`.`status` as `status_empresa`
FROM `cobrancas_mensais`
JOIN `empresas` ON `empresas`.`id_empresa` = `cobrancas_mensais`.`id_empresa`
WHERE   (
`cobrancas_mensais`.`status` = \'Pendente\'
OR `cobrancas_mensais`.`status` = \'Vencido\'
 )
AND `id_contador` = 2
AND `id_empresa` = 5
ORDER BY `ano_referencia` DESC, `mes_referencia` DESC', 0)
 2 SYSTEMPATH\Database\BaseConnection.php(693): CodeIgniter\Database\MySQLi\Connection->execute('SELECT `cobrancas_mensais`.*, `empresas`.`xFant` as `empresa_nome`, `empresas`.`status` as `status_empresa`
FROM `cobrancas_mensais`
JOIN `empresas` ON `empresas`.`id_empresa` = `cobrancas_mensais`.`id_empresa`
WHERE   (
`cobrancas_mensais`.`status` = \'Pendente\'
OR `cobrancas_mensais`.`status` = \'Vencido\'
 )
AND `id_contador` = 2
AND `id_empresa` = 5
ORDER BY `ano_referencia` DESC, `mes_referencia` DESC')
 3 SYSTEMPATH\Database\BaseConnection.php(607): CodeIgniter\Database\BaseConnection->simpleQuery('SELECT `cobrancas_mensais`.*, `empresas`.`xFant` as `empresa_nome`, `empresas`.`status` as `status_empresa`
FROM `cobrancas_mensais`
JOIN `empresas` ON `empresas`.`id_empresa` = `cobrancas_mensais`.`id_empresa`
WHERE   (
`cobrancas_mensais`.`status` = \'Pendente\'
OR `cobrancas_mensais`.`status` = \'Vencido\'
 )
AND `id_contador` = 2
AND `id_empresa` = 5
ORDER BY `ano_referencia` DESC, `mes_referencia` DESC')
 4 SYSTEMPATH\Database\BaseBuilder.php(1616): CodeIgniter\Database\BaseConnection->query('SELECT `cobrancas_mensais`.*, `empresas`.`xFant` as `empresa_nome`, `empresas`.`status` as `status_empresa`
FROM `cobrancas_mensais`
JOIN `empresas` ON `empresas`.`id_empresa` = `cobrancas_mensais`.`id_empresa`
WHERE   (
`cobrancas_mensais`.`status` = :cobrancas_mensais.status:
OR `cobrancas_mensais`.`status` = :cobrancas_mensais.status.1:
 )
AND `id_contador` = :id_contador:
AND `id_empresa` = :id_empresa:
ORDER BY `ano_referencia` DESC, `mes_referencia` DESC', [...], false)
 5 APPPATH\Models\BaseAppModel.php(99): CodeIgniter\Database\BaseBuilder->get()
 6 APPPATH\Controllers\Cobranca.php(296): App\Models\BaseAppModel->findAll()
 7 SYSTEMPATH\CodeIgniter.php(941): App\Controllers\Cobranca->adminLista()
 8 SYSTEMPATH\CodeIgniter.php(502): CodeIgniter\CodeIgniter->runController(Object(App\Controllers\Cobranca))
 9 SYSTEMPATH\CodeIgniter.php(361): CodeIgniter\CodeIgniter->handleRequest(null, Object(Config\Cache), false)
10 FCPATH\index.php(79): CodeIgniter\CodeIgniter->run()
CRITICAL - 2025-09-25 00:44:56 --> ErrorException: Uncaught TypeError: htmlspecialchars(): Argument #1 ($string) must be of type string, resource given in C:\xampp\htdocs\erp.local\app\Views\errors\html\error_exception.php:182
Stack trace:
#0 C:\xampp\htdocs\erp.local\app\Views\errors\html\error_exception.php(182): htmlspecialchars(Resource id #42, 8, 'UTF-8')
#1 C:\xampp\htdocs\erp.local\system\Debug\BaseExceptionHandler.php(258): include('C:\\xampp\\htdocs...')
#2 C:\xampp\htdocs\erp.local\system\Debug\BaseExceptionHandler.php(261): CodeIgniter\Debug\BaseExceptionHandler->CodeIgniter\Debug\{closure}()
#3 C:\xampp\htdocs\erp.local\system\Debug\ExceptionHandler.php(112): CodeIgniter\Debug\BaseExceptionHandler->render(Object(CodeIgniter\Database\Exceptions\DatabaseException), 500, 'C:\\xampp\\htdocs...')
#4 C:\xampp\htdocs\erp.local\system\Debug\Exceptions.php(156): CodeIgniter\Debug\ExceptionHandler->handle(Object(CodeIgniter\Database\Exceptions\DatabaseException), Object(CodeIgniter\HTTP\IncomingRequest), Object(CodeIgniter\HTTP\Response), 500, 8)
#5 [internal function]: CodeIgniter\Debug\Exceptions->exceptionHandler(Object(CodeIgniter\Database\Exceptions\DatabaseException))
#6 {main}
  thrown
【Previous Exception】
CodeIgniter\Database\Exceptions\DatabaseException
Column 'id_contador' in where clause is ambiguous
#0 C:\xampp\htdocs\erp.local\system\Database\BaseBuilder.php(1616): CodeIgniter\Database\BaseConnection->query('SELECT `cobranc...', Array, false)
#1 C:\xampp\htdocs\erp.local\app\Models\BaseAppModel.php(99): CodeIgniter\Database\BaseBuilder->get()
#2 C:\xampp\htdocs\erp.local\app\Controllers\Cobranca.php(296): App\Models\BaseAppModel->findAll()
#3 C:\xampp\htdocs\erp.local\system\CodeIgniter.php(941): App\Controllers\Cobranca->adminLista()
#4 C:\xampp\htdocs\erp.local\system\CodeIgniter.php(502): CodeIgniter\CodeIgniter->runController(Object(App\Controllers\Cobranca))
#5 C:\xampp\htdocs\erp.local\system\CodeIgniter.php(361): CodeIgniter\CodeIgniter->handleRequest(NULL, Object(Config\Cache), false)
#6 C:\xampp\htdocs\erp.local\public\index.php(79): CodeIgniter\CodeIgniter->run()
#7 {main}
in APPPATH\Views\errors\html\error_exception.php on line 182.
 1 [internal function]: CodeIgniter\Debug\Exceptions->shutdownHandler()
INFO - 2025-09-25 00:44:57 --> Session: Class initialized using 'CodeIgniter\Session\Handlers\FileHandler' driver.
INFO - 2025-09-25 00:44:58 --> Session: Class initialized using 'CodeIgniter\Session\Handlers\FileHandler' driver.
INFO - 2025-09-25 00:44:59 --> Session: Class initialized using 'CodeIgniter\Session\Handlers\FileHandler' driver.
ERROR - 2025-09-25 00:44:59 --> mysqli_sql_exception: Unknown column 'id_empresa' in 'where clause' in C:\xampp\htdocs\erp.local\system\Database\MySQLi\Connection.php:306
Stack trace:
#0 C:\xampp\htdocs\erp.local\system\Database\MySQLi\Connection.php(306): mysqli->query('SELECT *\nFROM `...', 0)
#1 C:\xampp\htdocs\erp.local\system\Database\BaseConnection.php(693): CodeIgniter\Database\MySQLi\Connection->execute('SELECT *\nFROM `...')
#2 C:\xampp\htdocs\erp.local\system\Database\BaseConnection.php(607): CodeIgniter\Database\BaseConnection->simpleQuery('SELECT *\nFROM `...')
#3 C:\xampp\htdocs\erp.local\system\Database\BaseBuilder.php(1616): CodeIgniter\Database\BaseConnection->query('SELECT *\nFROM `...', Array, false)
#4 C:\xampp\htdocs\erp.local\app\Models\BaseAppModel.php(99): CodeIgniter\Database\BaseBuilder->get()
#5 C:\xampp\htdocs\erp.local\app\Controllers\Contadores.php(60): App\Models\BaseAppModel->findAll()
#6 C:\xampp\htdocs\erp.local\system\CodeIgniter.php(941): App\Controllers\Contadores->index()
#7 C:\xampp\htdocs\erp.local\system\CodeIgniter.php(502): CodeIgniter\CodeIgniter->runController(Object(App\Controllers\Contadores))
#8 C:\xampp\htdocs\erp.local\system\CodeIgniter.php(361): CodeIgniter\CodeIgniter->handleRequest(NULL, Object(Config\Cache), false)
#9 C:\xampp\htdocs\erp.local\public\index.php(79): CodeIgniter\CodeIgniter->run()
#10 {main}
CRITICAL - 2025-09-25 00:44:59 --> CodeIgniter\Database\Exceptions\DatabaseException: Unknown column 'id_empresa' in 'where clause'
in SYSTEMPATH\Database\BaseConnection.php on line 647.
 1 SYSTEMPATH\Database\BaseBuilder.php(1616): CodeIgniter\Database\BaseConnection->query('SELECT *
FROM `contadores`
WHERE `id_contador` = :id_contador:
AND `id_empresa` = :id_empresa:', [...], false)
 2 APPPATH\Models\BaseAppModel.php(99): CodeIgniter\Database\BaseBuilder->get()
 3 APPPATH\Controllers\Contadores.php(60): App\Models\BaseAppModel->findAll()
 4 SYSTEMPATH\CodeIgniter.php(941): App\Controllers\Contadores->index()
 5 SYSTEMPATH\CodeIgniter.php(502): CodeIgniter\CodeIgniter->runController(Object(App\Controllers\Contadores))
 6 SYSTEMPATH\CodeIgniter.php(361): CodeIgniter\CodeIgniter->handleRequest(null, Object(Config\Cache), false)
 7 FCPATH\index.php(79): CodeIgniter\CodeIgniter->run()
CRITICAL - 2025-09-25 00:44:59 --> [Caused by] CodeIgniter\Database\Exceptions\DatabaseException: Unknown column 'id_empresa' in 'where clause'
in SYSTEMPATH\Database\MySQLi\Connection.php on line 311.
 1 SYSTEMPATH\Database\BaseConnection.php(693): CodeIgniter\Database\MySQLi\Connection->execute('SELECT *
FROM `contadores`
WHERE `id_contador` = 2
AND `id_empresa` = 5')
 2 SYSTEMPATH\Database\BaseConnection.php(607): CodeIgniter\Database\BaseConnection->simpleQuery('SELECT *
FROM `contadores`
WHERE `id_contador` = 2
AND `id_empresa` = 5')
 3 SYSTEMPATH\Database\BaseBuilder.php(1616): CodeIgniter\Database\BaseConnection->query('SELECT *
FROM `contadores`
WHERE `id_contador` = :id_contador:
AND `id_empresa` = :id_empresa:', [...], false)
 4 APPPATH\Models\BaseAppModel.php(99): CodeIgniter\Database\BaseBuilder->get()
 5 APPPATH\Controllers\Contadores.php(60): App\Models\BaseAppModel->findAll()
 6 SYSTEMPATH\CodeIgniter.php(941): App\Controllers\Contadores->index()
 7 SYSTEMPATH\CodeIgniter.php(502): CodeIgniter\CodeIgniter->runController(Object(App\Controllers\Contadores))
 8 SYSTEMPATH\CodeIgniter.php(361): CodeIgniter\CodeIgniter->handleRequest(null, Object(Config\Cache), false)
 9 FCPATH\index.php(79): CodeIgniter\CodeIgniter->run()
CRITICAL - 2025-09-25 00:44:59 --> [Caused by] mysqli_sql_exception: Unknown column 'id_empresa' in 'where clause'
in SYSTEMPATH\Database\MySQLi\Connection.php on line 306.
 1 SYSTEMPATH\Database\MySQLi\Connection.php(306): mysqli->query('SELECT *
FROM `contadores`
WHERE `id_contador` = 2
AND `id_empresa` = 5', 0)
 2 SYSTEMPATH\Database\BaseConnection.php(693): CodeIgniter\Database\MySQLi\Connection->execute('SELECT *
FROM `contadores`
WHERE `id_contador` = 2
AND `id_empresa` = 5')
 3 SYSTEMPATH\Database\BaseConnection.php(607): CodeIgniter\Database\BaseConnection->simpleQuery('SELECT *
FROM `contadores`
WHERE `id_contador` = 2
AND `id_empresa` = 5')
 4 SYSTEMPATH\Database\BaseBuilder.php(1616): CodeIgniter\Database\BaseConnection->query('SELECT *
FROM `contadores`
WHERE `id_contador` = :id_contador:
AND `id_empresa` = :id_empresa:', [...], false)
 5 APPPATH\Models\BaseAppModel.php(99): CodeIgniter\Database\BaseBuilder->get()
 6 APPPATH\Controllers\Contadores.php(60): App\Models\BaseAppModel->findAll()
 7 SYSTEMPATH\CodeIgniter.php(941): App\Controllers\Contadores->index()
 8 SYSTEMPATH\CodeIgniter.php(502): CodeIgniter\CodeIgniter->runController(Object(App\Controllers\Contadores))
 9 SYSTEMPATH\CodeIgniter.php(361): CodeIgniter\CodeIgniter->handleRequest(null, Object(Config\Cache), false)
10 FCPATH\index.php(79): CodeIgniter\CodeIgniter->run()
CRITICAL - 2025-09-25 00:44:59 --> ErrorException: Uncaught TypeError: htmlspecialchars(): Argument #1 ($string) must be of type string, resource given in C:\xampp\htdocs\erp.local\app\Views\errors\html\error_exception.php:182
Stack trace:
#0 C:\xampp\htdocs\erp.local\app\Views\errors\html\error_exception.php(182): htmlspecialchars(Resource id #42, 8, 'UTF-8')
#1 C:\xampp\htdocs\erp.local\system\Debug\BaseExceptionHandler.php(258): include('C:\\xampp\\htdocs...')
#2 C:\xampp\htdocs\erp.local\system\Debug\BaseExceptionHandler.php(261): CodeIgniter\Debug\BaseExceptionHandler->CodeIgniter\Debug\{closure}()
#3 C:\xampp\htdocs\erp.local\system\Debug\ExceptionHandler.php(112): CodeIgniter\Debug\BaseExceptionHandler->render(Object(CodeIgniter\Database\Exceptions\DatabaseException), 500, 'C:\\xampp\\htdocs...')
#4 C:\xampp\htdocs\erp.local\system\Debug\Exceptions.php(156): CodeIgniter\Debug\ExceptionHandler->handle(Object(CodeIgniter\Database\Exceptions\DatabaseException), Object(CodeIgniter\HTTP\IncomingRequest), Object(CodeIgniter\HTTP\Response), 500, 8)
#5 [internal function]: CodeIgniter\Debug\Exceptions->exceptionHandler(Object(CodeIgniter\Database\Exceptions\DatabaseException))
#6 {main}
  thrown
【Previous Exception】
CodeIgniter\Database\Exceptions\DatabaseException
Unknown column 'id_empresa' in 'where clause'
#0 C:\xampp\htdocs\erp.local\system\Database\BaseBuilder.php(1616): CodeIgniter\Database\BaseConnection->query('SELECT *\nFROM `...', Array, false)
#1 C:\xampp\htdocs\erp.local\app\Models\BaseAppModel.php(99): CodeIgniter\Database\BaseBuilder->get()
#2 C:\xampp\htdocs\erp.local\app\Controllers\Contadores.php(60): App\Models\BaseAppModel->findAll()
#3 C:\xampp\htdocs\erp.local\system\CodeIgniter.php(941): App\Controllers\Contadores->index()
#4 C:\xampp\htdocs\erp.local\system\CodeIgniter.php(502): CodeIgniter\CodeIgniter->runController(Object(App\Controllers\Contadores))
#5 C:\xampp\htdocs\erp.local\system\CodeIgniter.php(361): CodeIgniter\CodeIgniter->handleRequest(NULL, Object(Config\Cache), false)
#6 C:\xampp\htdocs\erp.local\public\index.php(79): CodeIgniter\CodeIgniter->run()
#7 {main}
in APPPATH\Views\errors\html\error_exception.php on line 182.
 1 [internal function]: CodeIgniter\Debug\Exceptions->shutdownHandler()
INFO - 2025-09-25 00:45:04 --> Session: Class initialized using 'CodeIgniter\Session\Handlers\FileHandler' driver.
INFO - 2025-09-25 00:45:04 --> Session: Class initialized using 'CodeIgniter\Session\Handlers\FileHandler' driver.
INFO - 2025-09-25 00:45:05 --> Session: Class initialized using 'CodeIgniter\Session\Handlers\FileHandler' driver.
INFO - 2025-09-25 00:45:08 --> Session: Class initialized using 'CodeIgniter\Session\Handlers\FileHandler' driver.
INFO - 2025-09-25 00:45:08 --> Session: Class initialized using 'CodeIgniter\Session\Handlers\FileHandler' driver.
INFO - 2025-09-25 00:45:09 --> Session: Class initialized using 'CodeIgniter\Session\Handlers\FileHandler' driver.
INFO - 2025-09-25 00:45:10 --> Session: Class initialized using 'CodeIgniter\Session\Handlers\FileHandler' driver.
INFO - 2025-09-25 00:45:11 --> Session: Class initialized using 'CodeIgniter\Session\Handlers\FileHandler' driver.
INFO - 2025-09-25 00:45:16 --> Session: Class initialized using 'CodeIgniter\Session\Handlers\FileHandler' driver.
INFO - 2025-09-25 00:45:16 --> Session: Class initialized using 'CodeIgniter\Session\Handlers\FileHandler' driver.
ERROR - 2025-09-25 00:45:16 --> mysqli_sql_exception: Unknown column 'id_contador' in 'where clause' in C:\xampp\htdocs\erp.local\system\Database\MySQLi\Connection.php:306
Stack trace:
#0 C:\xampp\htdocs\erp.local\system\Database\MySQLi\Connection.php(306): mysqli->query('SELECT *\nFROM `...', 0)
#1 C:\xampp\htdocs\erp.local\system\Database\BaseConnection.php(693): CodeIgniter\Database\MySQLi\Connection->execute('SELECT *\nFROM `...')
#2 C:\xampp\htdocs\erp.local\system\Database\BaseConnection.php(607): CodeIgniter\Database\BaseConnection->simpleQuery('SELECT *\nFROM `...')
#3 C:\xampp\htdocs\erp.local\system\Database\BaseBuilder.php(1616): CodeIgniter\Database\BaseConnection->query('SELECT *\nFROM `...', Array, false)
#4 C:\xampp\htdocs\erp.local\app\Models\BaseAppModel.php(99): CodeIgniter\Database\BaseBuilder->get()
#5 C:\xampp\htdocs\erp.local\app\Controllers\Empresas.php(118): App\Models\BaseAppModel->findAll()
#6 C:\xampp\htdocs\erp.local\system\CodeIgniter.php(941): App\Controllers\Empresas->create()
#7 C:\xampp\htdocs\erp.local\system\CodeIgniter.php(502): CodeIgniter\CodeIgniter->runController(Object(App\Controllers\Empresas))
#8 C:\xampp\htdocs\erp.local\system\CodeIgniter.php(361): CodeIgniter\CodeIgniter->handleRequest(NULL, Object(Config\Cache), false)
#9 C:\xampp\htdocs\erp.local\public\index.php(79): CodeIgniter\CodeIgniter->run()
#10 {main}
CRITICAL - 2025-09-25 00:45:16 --> CodeIgniter\Database\Exceptions\DatabaseException: Unknown column 'id_contador' in 'where clause'
in SYSTEMPATH\Database\BaseConnection.php on line 647.
 1 SYSTEMPATH\Database\BaseBuilder.php(1616): CodeIgniter\Database\BaseConnection->query('SELECT *
FROM `ufs`
WHERE `id_contador` = :id_contador:
AND `id_empresa` = :id_empresa:', [...], false)
 2 APPPATH\Models\BaseAppModel.php(99): CodeIgniter\Database\BaseBuilder->get()
 3 APPPATH\Controllers\Empresas.php(118): App\Models\BaseAppModel->findAll()
 4 SYSTEMPATH\CodeIgniter.php(941): App\Controllers\Empresas->create()
 5 SYSTEMPATH\CodeIgniter.php(502): CodeIgniter\CodeIgniter->runController(Object(App\Controllers\Empresas))
 6 SYSTEMPATH\CodeIgniter.php(361): CodeIgniter\CodeIgniter->handleRequest(null, Object(Config\Cache), false)
 7 FCPATH\index.php(79): CodeIgniter\CodeIgniter->run()
CRITICAL - 2025-09-25 00:45:16 --> [Caused by] CodeIgniter\Database\Exceptions\DatabaseException: Unknown column 'id_contador' in 'where clause'
in SYSTEMPATH\Database\MySQLi\Connection.php on line 311.
 1 SYSTEMPATH\Database\BaseConnection.php(693): CodeIgniter\Database\MySQLi\Connection->execute('SELECT *
FROM `ufs`
WHERE `id_contador` = 2
AND `id_empresa` = 5')
 2 SYSTEMPATH\Database\BaseConnection.php(607): CodeIgniter\Database\BaseConnection->simpleQuery('SELECT *
FROM `ufs`
WHERE `id_contador` = 2
AND `id_empresa` = 5')
 3 SYSTEMPATH\Database\BaseBuilder.php(1616): CodeIgniter\Database\BaseConnection->query('SELECT *
FROM `ufs`
WHERE `id_contador` = :id_contador:
AND `id_empresa` = :id_empresa:', [...], false)
 4 APPPATH\Models\BaseAppModel.php(99): CodeIgniter\Database\BaseBuilder->get()
 5 APPPATH\Controllers\Empresas.php(118): App\Models\BaseAppModel->findAll()
 6 SYSTEMPATH\CodeIgniter.php(941): App\Controllers\Empresas->create()
 7 SYSTEMPATH\CodeIgniter.php(502): CodeIgniter\CodeIgniter->runController(Object(App\Controllers\Empresas))
 8 SYSTEMPATH\CodeIgniter.php(361): CodeIgniter\CodeIgniter->handleRequest(null, Object(Config\Cache), false)
 9 FCPATH\index.php(79): CodeIgniter\CodeIgniter->run()
CRITICAL - 2025-09-25 00:45:16 --> [Caused by] mysqli_sql_exception: Unknown column 'id_contador' in 'where clause'
in SYSTEMPATH\Database\MySQLi\Connection.php on line 306.
 1 SYSTEMPATH\Database\MySQLi\Connection.php(306): mysqli->query('SELECT *
FROM `ufs`
WHERE `id_contador` = 2
AND `id_empresa` = 5', 0)
 2 SYSTEMPATH\Database\BaseConnection.php(693): CodeIgniter\Database\MySQLi\Connection->execute('SELECT *
FROM `ufs`
WHERE `id_contador` = 2
AND `id_empresa` = 5')
 3 SYSTEMPATH\Database\BaseConnection.php(607): CodeIgniter\Database\BaseConnection->simpleQuery('SELECT *
FROM `ufs`
WHERE `id_contador` = 2
AND `id_empresa` = 5')
 4 SYSTEMPATH\Database\BaseBuilder.php(1616): CodeIgniter\Database\BaseConnection->query('SELECT *
FROM `ufs`
WHERE `id_contador` = :id_contador:
AND `id_empresa` = :id_empresa:', [...], false)
 5 APPPATH\Models\BaseAppModel.php(99): CodeIgniter\Database\BaseBuilder->get()
 6 APPPATH\Controllers\Empresas.php(118): App\Models\BaseAppModel->findAll()
 7 SYSTEMPATH\CodeIgniter.php(941): App\Controllers\Empresas->create()
 8 SYSTEMPATH\CodeIgniter.php(502): CodeIgniter\CodeIgniter->runController(Object(App\Controllers\Empresas))
 9 SYSTEMPATH\CodeIgniter.php(361): CodeIgniter\CodeIgniter->handleRequest(null, Object(Config\Cache), false)
10 FCPATH\index.php(79): CodeIgniter\CodeIgniter->run()
CRITICAL - 2025-09-25 00:45:16 --> ErrorException: Uncaught TypeError: htmlspecialchars(): Argument #1 ($string) must be of type string, resource given in C:\xampp\htdocs\erp.local\app\Views\errors\html\error_exception.php:182
Stack trace:
#0 C:\xampp\htdocs\erp.local\app\Views\errors\html\error_exception.php(182): htmlspecialchars(Resource id #42, 8, 'UTF-8')
#1 C:\xampp\htdocs\erp.local\system\Debug\BaseExceptionHandler.php(258): include('C:\\xampp\\htdocs...')
#2 C:\xampp\htdocs\erp.local\system\Debug\BaseExceptionHandler.php(261): CodeIgniter\Debug\BaseExceptionHandler->CodeIgniter\Debug\{closure}()
#3 C:\xampp\htdocs\erp.local\system\Debug\ExceptionHandler.php(112): CodeIgniter\Debug\BaseExceptionHandler->render(Object(CodeIgniter\Database\Exceptions\DatabaseException), 500, 'C:\\xampp\\htdocs...')
#4 C:\xampp\htdocs\erp.local\system\Debug\Exceptions.php(156): CodeIgniter\Debug\ExceptionHandler->handle(Object(CodeIgniter\Database\Exceptions\DatabaseException), Object(CodeIgniter\HTTP\IncomingRequest), Object(CodeIgniter\HTTP\Response), 500, 8)
#5 [internal function]: CodeIgniter\Debug\Exceptions->exceptionHandler(Object(CodeIgniter\Database\Exceptions\DatabaseException))
#6 {main}
  thrown
【Previous Exception】
CodeIgniter\Database\Exceptions\DatabaseException
Unknown column 'id_contador' in 'where clause'
#0 C:\xampp\htdocs\erp.local\system\Database\BaseBuilder.php(1616): CodeIgniter\Database\BaseConnection->query('SELECT *\nFROM `...', Array, false)
#1 C:\xampp\htdocs\erp.local\app\Models\BaseAppModel.php(99): CodeIgniter\Database\BaseBuilder->get()
#2 C:\xampp\htdocs\erp.local\app\Controllers\Empresas.php(118): App\Models\BaseAppModel->findAll()
#3 C:\xampp\htdocs\erp.local\system\CodeIgniter.php(941): App\Controllers\Empresas->create()
#4 C:\xampp\htdocs\erp.local\system\CodeIgniter.php(502): CodeIgniter\CodeIgniter->runController(Object(App\Controllers\Empresas))
#5 C:\xampp\htdocs\erp.local\system\CodeIgniter.php(361): CodeIgniter\CodeIgniter->handleRequest(NULL, Object(Config\Cache), false)
#6 C:\xampp\htdocs\erp.local\public\index.php(79): CodeIgniter\CodeIgniter->run()
#7 {main}
in APPPATH\Views\errors\html\error_exception.php on line 182.
 1 [internal function]: CodeIgniter\Debug\Exceptions->shutdownHandler()
INFO - 2025-09-25 00:45:20 --> Session: Class initialized using 'CodeIgniter\Session\Handlers\FileHandler' driver.
INFO - 2025-09-25 00:45:21 --> Session: Class initialized using 'CodeIgniter\Session\Handlers\FileHandler' driver.
INFO - 2025-09-25 00:45:22 --> Session: Class initialized using 'CodeIgniter\Session\Handlers\FileHandler' driver.
INFO - 2025-09-25 00:45:23 --> Session: Class initialized using 'CodeIgniter\Session\Handlers\FileHandler' driver.
INFO - 2025-09-25 00:45:24 --> Session: Class initialized using 'CodeIgniter\Session\Handlers\FileHandler' driver.
INFO - 2025-09-25 00:45:24 --> Session: Class initialized using 'CodeIgniter\Session\Handlers\FileHandler' driver.
INFO - 2025-09-25 00:45:24 --> Session: Class initialized using 'CodeIgniter\Session\Handlers\FileHandler' driver.
INFO - 2025-09-25 00:45:25 --> Session: Class initialized using 'CodeIgniter\Session\Handlers\FileHandler' driver.
INFO - 2025-09-25 00:45:30 --> Session: Class initialized using 'CodeIgniter\Session\Handlers\FileHandler' driver.
INFO - 2025-09-25 00:45:30 --> Session: Class initialized using 'CodeIgniter\Session\Handlers\FileHandler' driver.
CRITICAL - 2025-09-25 00:45:30 --> CodeIgniter\View\Exceptions\ViewException: Invalid file: "templates/default.php"
in SYSTEMPATH\Exceptions\FrameworkException.php on line 39.
 1 SYSTEMPATH\View\View.php(216): CodeIgniter\Exceptions\FrameworkException::forInvalidFile('templates/default.php')
 2 SYSTEMPATH\View\View.php(244): CodeIgniter\View\View->render('templates/default', [], true)
 3 SYSTEMPATH\Common.php(1178): CodeIgniter\View\View->render('painel_empresa/index', [], true)
 4 APPPATH\Controllers\PainelEmpresa.php(40): view('painel_empresa/index', [...])
 5 SYSTEMPATH\CodeIgniter.php(941): App\Controllers\PainelEmpresa->index()
 6 SYSTEMPATH\CodeIgniter.php(502): CodeIgniter\CodeIgniter->runController(Object(App\Controllers\PainelEmpresa))
 7 SYSTEMPATH\CodeIgniter.php(361): CodeIgniter\CodeIgniter->handleRequest(null, Object(Config\Cache), false)
 8 FCPATH\index.php(79): CodeIgniter\CodeIgniter->run()
CRITICAL - 2025-09-25 00:45:30 --> ErrorException: Uncaught TypeError: htmlspecialchars(): Argument #1 ($string) must be of type string, resource given in C:\xampp\htdocs\erp.local\app\Views\errors\html\error_exception.php:182
Stack trace:
#0 C:\xampp\htdocs\erp.local\app\Views\errors\html\error_exception.php(182): htmlspecialchars(Resource id #42, 8, 'UTF-8')
#1 C:\xampp\htdocs\erp.local\system\Debug\BaseExceptionHandler.php(258): include('C:\\xampp\\htdocs...')
#2 C:\xampp\htdocs\erp.local\system\Debug\BaseExceptionHandler.php(261): CodeIgniter\Debug\BaseExceptionHandler->CodeIgniter\Debug\{closure}()
#3 C:\xampp\htdocs\erp.local\system\Debug\ExceptionHandler.php(112): CodeIgniter\Debug\BaseExceptionHandler->render(Object(CodeIgniter\View\Exceptions\ViewException), 500, 'C:\\xampp\\htdocs...')
#4 C:\xampp\htdocs\erp.local\system\Debug\Exceptions.php(156): CodeIgniter\Debug\ExceptionHandler->handle(Object(CodeIgniter\View\Exceptions\ViewException), Object(CodeIgniter\HTTP\IncomingRequest), Object(CodeIgniter\HTTP\Response), 500, 1)
#5 [internal function]: CodeIgniter\Debug\Exceptions->exceptionHandler(Object(CodeIgniter\View\Exceptions\ViewException))
#6 {main}
  thrown
【Previous Exception】
CodeIgniter\View\Exceptions\ViewException
Invalid file: "templates/default.php"
#0 C:\xampp\htdocs\erp.local\system\View\View.php(216): CodeIgniter\Exceptions\FrameworkException::forInvalidFile('templates/defau...')
#1 C:\xampp\htdocs\erp.local\system\View\View.php(244): CodeIgniter\View\View->render('templates/defau...', Array, true)
#2 C:\xampp\htdocs\erp.local\system\Common.php(1178): CodeIgniter\View\View->render('painel_empresa/...', Array, true)
#3 C:\xampp\htdocs\erp.local\app\Controllers\PainelEmpresa.php(40): view('painel_empresa/...', Array)
#4 C:\xampp\htdocs\erp.local\system\CodeIgniter.php(941): App\Controllers\PainelEmpresa->index()
#5 C:\xampp\htdocs\erp.local\system\CodeIgniter.php(502): CodeIgniter\CodeIgniter->runController(Object(App\Controllers\PainelEmpresa))
#6 C:\xampp\htdocs\erp.local\system\CodeIgniter.php(361): CodeIgniter\CodeIgniter->handleRequest(NULL, Object(Config\Cache), false)
#7 C:\xampp\htdocs\erp.local\public\index.php(79): CodeIgniter\CodeIgniter->run()
#8 {main}
in APPPATH\Views\errors\html\error_exception.php on line 182.
 1 [internal function]: CodeIgniter\Debug\Exceptions->shutdownHandler()
INFO - 2025-09-25 00:46:59 --> Session: Class initialized using 'CodeIgniter\Session\Handlers\FileHandler' driver.
INFO - 2025-09-25 00:47:02 --> Session: Class initialized using 'CodeIgniter\Session\Handlers\FileHandler' driver.
INFO - 2025-09-25 00:47:02 --> Session: Class initialized using 'CodeIgniter\Session\Handlers\FileHandler' driver.
INFO - 2025-09-25 00:47:03 --> Session: Class initialized using 'CodeIgniter\Session\Handlers\FileHandler' driver.
INFO - 2025-09-25 00:47:04 --> Session: Class initialized using 'CodeIgniter\Session\Handlers\FileHandler' driver.
ERROR - 2025-09-25 00:47:04 --> mysqli_sql_exception: Unknown column 'id_contador' in 'where clause' in C:\xampp\htdocs\erp.local\system\Database\MySQLi\Connection.php:306
Stack trace:
#0 C:\xampp\htdocs\erp.local\system\Database\MySQLi\Connection.php(306): mysqli->query('SELECT *\nFROM `...', 0)
#1 C:\xampp\htdocs\erp.local\system\Database\BaseConnection.php(693): CodeIgniter\Database\MySQLi\Connection->execute('SELECT *\nFROM `...')
#2 C:\xampp\htdocs\erp.local\system\Database\BaseConnection.php(607): CodeIgniter\Database\BaseConnection->simpleQuery('SELECT *\nFROM `...')
#3 C:\xampp\htdocs\erp.local\system\Database\BaseBuilder.php(1616): CodeIgniter\Database\BaseConnection->query('SELECT *\nFROM `...', Array, false)
#4 C:\xampp\htdocs\erp.local\app\Models\BaseAppModel.php(99): CodeIgniter\Database\BaseBuilder->get()
#5 C:\xampp\htdocs\erp.local\app\Controllers\Empresas.php(118): App\Models\BaseAppModel->findAll()
#6 C:\xampp\htdocs\erp.local\system\CodeIgniter.php(941): App\Controllers\Empresas->create()
#7 C:\xampp\htdocs\erp.local\system\CodeIgniter.php(502): CodeIgniter\CodeIgniter->runController(Object(App\Controllers\Empresas))
#8 C:\xampp\htdocs\erp.local\system\CodeIgniter.php(361): CodeIgniter\CodeIgniter->handleRequest(NULL, Object(Config\Cache), false)
#9 C:\xampp\htdocs\erp.local\public\index.php(79): CodeIgniter\CodeIgniter->run()
#10 {main}
CRITICAL - 2025-09-25 00:47:04 --> CodeIgniter\Database\Exceptions\DatabaseException: Unknown column 'id_contador' in 'where clause'
in SYSTEMPATH\Database\BaseConnection.php on line 647.
 1 SYSTEMPATH\Database\BaseBuilder.php(1616): CodeIgniter\Database\BaseConnection->query('SELECT *
FROM `ufs`
WHERE `id_contador` = :id_contador:
AND `id_empresa` = :id_empresa:', [...], false)
 2 APPPATH\Models\BaseAppModel.php(99): CodeIgniter\Database\BaseBuilder->get()
 3 APPPATH\Controllers\Empresas.php(118): App\Models\BaseAppModel->findAll()
 4 SYSTEMPATH\CodeIgniter.php(941): App\Controllers\Empresas->create()
 5 SYSTEMPATH\CodeIgniter.php(502): CodeIgniter\CodeIgniter->runController(Object(App\Controllers\Empresas))
 6 SYSTEMPATH\CodeIgniter.php(361): CodeIgniter\CodeIgniter->handleRequest(null, Object(Config\Cache), false)
 7 FCPATH\index.php(79): CodeIgniter\CodeIgniter->run()
CRITICAL - 2025-09-25 00:47:04 --> [Caused by] CodeIgniter\Database\Exceptions\DatabaseException: Unknown column 'id_contador' in 'where clause'
in SYSTEMPATH\Database\MySQLi\Connection.php on line 311.
 1 SYSTEMPATH\Database\BaseConnection.php(693): CodeIgniter\Database\MySQLi\Connection->execute('SELECT *
FROM `ufs`
WHERE `id_contador` = 1
AND `id_empresa` = 6')
 2 SYSTEMPATH\Database\BaseConnection.php(607): CodeIgniter\Database\BaseConnection->simpleQuery('SELECT *
FROM `ufs`
WHERE `id_contador` = 1
AND `id_empresa` = 6')
 3 SYSTEMPATH\Database\BaseBuilder.php(1616): CodeIgniter\Database\BaseConnection->query('SELECT *
FROM `ufs`
WHERE `id_contador` = :id_contador:
AND `id_empresa` = :id_empresa:', [...], false)
 4 APPPATH\Models\BaseAppModel.php(99): CodeIgniter\Database\BaseBuilder->get()
 5 APPPATH\Controllers\Empresas.php(118): App\Models\BaseAppModel->findAll()
 6 SYSTEMPATH\CodeIgniter.php(941): App\Controllers\Empresas->create()
 7 SYSTEMPATH\CodeIgniter.php(502): CodeIgniter\CodeIgniter->runController(Object(App\Controllers\Empresas))
 8 SYSTEMPATH\CodeIgniter.php(361): CodeIgniter\CodeIgniter->handleRequest(null, Object(Config\Cache), false)
 9 FCPATH\index.php(79): CodeIgniter\CodeIgniter->run()
CRITICAL - 2025-09-25 00:47:04 --> [Caused by] mysqli_sql_exception: Unknown column 'id_contador' in 'where clause'
in SYSTEMPATH\Database\MySQLi\Connection.php on line 306.
 1 SYSTEMPATH\Database\MySQLi\Connection.php(306): mysqli->query('SELECT *
FROM `ufs`
WHERE `id_contador` = 1
AND `id_empresa` = 6', 0)
 2 SYSTEMPATH\Database\BaseConnection.php(693): CodeIgniter\Database\MySQLi\Connection->execute('SELECT *
FROM `ufs`
WHERE `id_contador` = 1
AND `id_empresa` = 6')
 3 SYSTEMPATH\Database\BaseConnection.php(607): CodeIgniter\Database\BaseConnection->simpleQuery('SELECT *
FROM `ufs`
WHERE `id_contador` = 1
AND `id_empresa` = 6')
 4 SYSTEMPATH\Database\BaseBuilder.php(1616): CodeIgniter\Database\BaseConnection->query('SELECT *
FROM `ufs`
WHERE `id_contador` = :id_contador:
AND `id_empresa` = :id_empresa:', [...], false)
 5 APPPATH\Models\BaseAppModel.php(99): CodeIgniter\Database\BaseBuilder->get()
 6 APPPATH\Controllers\Empresas.php(118): App\Models\BaseAppModel->findAll()
 7 SYSTEMPATH\CodeIgniter.php(941): App\Controllers\Empresas->create()
 8 SYSTEMPATH\CodeIgniter.php(502): CodeIgniter\CodeIgniter->runController(Object(App\Controllers\Empresas))
 9 SYSTEMPATH\CodeIgniter.php(361): CodeIgniter\CodeIgniter->handleRequest(null, Object(Config\Cache), false)
10 FCPATH\index.php(79): CodeIgniter\CodeIgniter->run()
CRITICAL - 2025-09-25 00:47:04 --> ErrorException: Uncaught TypeError: htmlspecialchars(): Argument #1 ($string) must be of type string, resource given in C:\xampp\htdocs\erp.local\app\Views\errors\html\error_exception.php:182
Stack trace:
#0 C:\xampp\htdocs\erp.local\app\Views\errors\html\error_exception.php(182): htmlspecialchars(Resource id #42, 8, 'UTF-8')
#1 C:\xampp\htdocs\erp.local\system\Debug\BaseExceptionHandler.php(258): include('C:\\xampp\\htdocs...')
#2 C:\xampp\htdocs\erp.local\system\Debug\BaseExceptionHandler.php(261): CodeIgniter\Debug\BaseExceptionHandler->CodeIgniter\Debug\{closure}()
#3 C:\xampp\htdocs\erp.local\system\Debug\ExceptionHandler.php(112): CodeIgniter\Debug\BaseExceptionHandler->render(Object(CodeIgniter\Database\Exceptions\DatabaseException), 500, 'C:\\xampp\\htdocs...')
#4 C:\xampp\htdocs\erp.local\system\Debug\Exceptions.php(156): CodeIgniter\Debug\ExceptionHandler->handle(Object(CodeIgniter\Database\Exceptions\DatabaseException), Object(CodeIgniter\HTTP\IncomingRequest), Object(CodeIgniter\HTTP\Response), 500, 8)
#5 [internal function]: CodeIgniter\Debug\Exceptions->exceptionHandler(Object(CodeIgniter\Database\Exceptions\DatabaseException))
#6 {main}
  thrown
【Previous Exception】
CodeIgniter\Database\Exceptions\DatabaseException
Unknown column 'id_contador' in 'where clause'
#0 C:\xampp\htdocs\erp.local\system\Database\BaseBuilder.php(1616): CodeIgniter\Database\BaseConnection->query('SELECT *\nFROM `...', Array, false)
#1 C:\xampp\htdocs\erp.local\app\Models\BaseAppModel.php(99): CodeIgniter\Database\BaseBuilder->get()
#2 C:\xampp\htdocs\erp.local\app\Controllers\Empresas.php(118): App\Models\BaseAppModel->findAll()
#3 C:\xampp\htdocs\erp.local\system\CodeIgniter.php(941): App\Controllers\Empresas->create()
#4 C:\xampp\htdocs\erp.local\system\CodeIgniter.php(502): CodeIgniter\CodeIgniter->runController(Object(App\Controllers\Empresas))
#5 C:\xampp\htdocs\erp.local\system\CodeIgniter.php(361): CodeIgniter\CodeIgniter->handleRequest(NULL, Object(Config\Cache), false)
#6 C:\xampp\htdocs\erp.local\public\index.php(79): CodeIgniter\CodeIgniter->run()
#7 {main}
in APPPATH\Views\errors\html\error_exception.php on line 182.
 1 [internal function]: CodeIgniter\Debug\Exceptions->shutdownHandler()
INFO - 2025-09-25 00:47:46 --> Session: Class initialized using 'CodeIgniter\Session\Handlers\FileHandler' driver.
INFO - 2025-09-25 00:47:47 --> Session: Class initialized using 'CodeIgniter\Session\Handlers\FileHandler' driver.
INFO - 2025-09-25 00:47:48 --> Session: Class initialized using 'CodeIgniter\Session\Handlers\FileHandler' driver.
INFO - 2025-09-25 00:47:50 --> Session: Class initialized using 'CodeIgniter\Session\Handlers\FileHandler' driver.
INFO - 2025-09-25 00:47:51 --> Session: Class initialized using 'CodeIgniter\Session\Handlers\FileHandler' driver.
INFO - 2025-09-25 00:47:57 --> Session: Class initialized using 'CodeIgniter\Session\Handlers\FileHandler' driver.
CRITICAL - 2025-09-25 00:47:57 --> CodeIgniter\HTTP\Exceptions\HTTPException: Failed to parse JSON string. Error: Syntax error
in SYSTEMPATH\HTTP\IncomingRequest.php on line 588.
 1 SYSTEMPATH\HTTP\IncomingRequest.php(588): CodeIgniter\HTTP\Exceptions\HTTPException::forInvalidJSON('Syntax error')
 2 APPPATH\Controllers\LoginPDV.php(50): CodeIgniter\HTTP\IncomingRequest->getJSON(true)
 3 SYSTEMPATH\CodeIgniter.php(941): App\Controllers\LoginPDV->autenticar()
 4 SYSTEMPATH\CodeIgniter.php(502): CodeIgniter\CodeIgniter->runController(Object(App\Controllers\LoginPDV))
 5 SYSTEMPATH\CodeIgniter.php(361): CodeIgniter\CodeIgniter->handleRequest(null, Object(Config\Cache), false)
 6 FCPATH\index.php(79): CodeIgniter\CodeIgniter->run()
INFO - 2025-09-25 00:48:06 --> Session: Class initialized using 'CodeIgniter\Session\Handlers\FileHandler' driver.
CRITICAL - 2025-09-25 00:48:06 --> CodeIgniter\HTTP\Exceptions\HTTPException: Failed to parse JSON string. Error: Syntax error
in SYSTEMPATH\HTTP\IncomingRequest.php on line 588.
 1 SYSTEMPATH\HTTP\IncomingRequest.php(588): CodeIgniter\HTTP\Exceptions\HTTPException::forInvalidJSON('Syntax error')
 2 APPPATH\Controllers\LoginPDV.php(50): CodeIgniter\HTTP\IncomingRequest->getJSON(true)
 3 SYSTEMPATH\CodeIgniter.php(941): App\Controllers\LoginPDV->autenticar()
 4 SYSTEMPATH\CodeIgniter.php(502): CodeIgniter\CodeIgniter->runController(Object(App\Controllers\LoginPDV))
 5 SYSTEMPATH\CodeIgniter.php(361): CodeIgniter\CodeIgniter->handleRequest(null, Object(Config\Cache), false)
 6 FCPATH\index.php(79): CodeIgniter\CodeIgniter->run()
INFO - 2025-09-25 00:48:13 --> Session: Class initialized using 'CodeIgniter\Session\Handlers\FileHandler' driver.
INFO - 2025-09-25 00:48:15 --> Session: Class initialized using 'CodeIgniter\Session\Handlers\FileHandler' driver.
INFO - 2025-09-25 00:48:15 --> Session: Class initialized using 'CodeIgniter\Session\Handlers\FileHandler' driver.
INFO - 2025-09-25 00:48:19 --> Session: Class initialized using 'CodeIgniter\Session\Handlers\FileHandler' driver.
CRITICAL - 2025-09-25 00:48:19 --> CodeIgniter\HTTP\Exceptions\HTTPException: Failed to parse JSON string. Error: Syntax error
in SYSTEMPATH\HTTP\IncomingRequest.php on line 588.
 1 SYSTEMPATH\HTTP\IncomingRequest.php(588): CodeIgniter\HTTP\Exceptions\HTTPException::forInvalidJSON('Syntax error')
 2 APPPATH\Controllers\LoginPDV.php(50): CodeIgniter\HTTP\IncomingRequest->getJSON(true)
 3 SYSTEMPATH\CodeIgniter.php(941): App\Controllers\LoginPDV->autenticar()
 4 SYSTEMPATH\CodeIgniter.php(502): CodeIgniter\CodeIgniter->runController(Object(App\Controllers\LoginPDV))
 5 SYSTEMPATH\CodeIgniter.php(361): CodeIgniter\CodeIgniter->handleRequest(null, Object(Config\Cache), false)
 6 FCPATH\index.php(79): CodeIgniter\CodeIgniter->run()
INFO - 2025-09-25 00:48:27 --> Session: Class initialized using 'CodeIgniter\Session\Handlers\FileHandler' driver.
INFO - 2025-09-25 00:48:47 --> Session: Class initialized using 'CodeIgniter\Session\Handlers\FileHandler' driver.
INFO - 2025-09-25 00:48:48 --> Session: Class initialized using 'CodeIgniter\Session\Handlers\FileHandler' driver.
INFO - 2025-09-25 00:51:10 --> Session: Class initialized using 'CodeIgniter\Session\Handlers\FileHandler' driver.
INFO - 2025-09-25 00:51:14 --> Session: Class initialized using 'CodeIgniter\Session\Handlers\FileHandler' driver.
INFO - 2025-09-25 00:51:14 --> Session: Class initialized using 'CodeIgniter\Session\Handlers\FileHandler' driver.
CRITICAL - 2025-09-25 00:51:14 --> ErrorException: Undefined variable $link
in APPPATH\Views\templates\footer.php on line 41.
 1 APPPATH\Views\templates\footer.php(41): CodeIgniter\Debug\Exceptions->errorHandler(2, 'Undefined variable $link', 'C:\\xampp\\htdocs\\erp.local\\app\\Views\\templates\\footer.php', 41)
 2 SYSTEMPATH\View\View.php(228): include('C:\\xampp\\htdocs\\erp.local\\app\\Views\\templates\\footer.php')
 3 SYSTEMPATH\View\View.php(231): CodeIgniter\View\View->CodeIgniter\View\{closure}()
 4 SYSTEMPATH\View\View.php(469): CodeIgniter\View\View->render('templates/footer', null, true)
 5 APPPATH\Views\templates\default.php(101): CodeIgniter\View\View->include('templates/footer')
 6 SYSTEMPATH\View\View.php(228): include('C:\\xampp\\htdocs\\erp.local\\app\\Views\\templates\\default.php')
 7 SYSTEMPATH\View\View.php(231): CodeIgniter\View\View->CodeIgniter\View\{closure}()
 8 SYSTEMPATH\View\View.php(244): CodeIgniter\View\View->render('templates/default', [], true)
 9 SYSTEMPATH\Common.php(1178): CodeIgniter\View\View->render('painel_empresa/index', [], true)
10 APPPATH\Controllers\PainelEmpresa.php(40): view('painel_empresa/index', [...])
11 SYSTEMPATH\CodeIgniter.php(941): App\Controllers\PainelEmpresa->index()
12 SYSTEMPATH\CodeIgniter.php(502): CodeIgniter\CodeIgniter->runController(Object(App\Controllers\PainelEmpresa))
13 SYSTEMPATH\CodeIgniter.php(361): CodeIgniter\CodeIgniter->handleRequest(null, Object(Config\Cache), false)
14 FCPATH\index.php(79): CodeIgniter\CodeIgniter->run()
CRITICAL - 2025-09-25 00:51:14 --> ErrorException: Uncaught TypeError: htmlspecialchars(): Argument #1 ($string) must be of type string, resource given in C:\xampp\htdocs\erp.local\app\Views\errors\html\error_exception.php:182
Stack trace:
#0 C:\xampp\htdocs\erp.local\app\Views\errors\html\error_exception.php(182): htmlspecialchars(Resource id #42, 8, 'UTF-8')
#1 C:\xampp\htdocs\erp.local\system\Debug\BaseExceptionHandler.php(258): include('C:\\xampp\\htdocs...')
#2 C:\xampp\htdocs\erp.local\system\Debug\BaseExceptionHandler.php(261): CodeIgniter\Debug\BaseExceptionHandler->CodeIgniter\Debug\{closure}()
#3 C:\xampp\htdocs\erp.local\system\Debug\ExceptionHandler.php(112): CodeIgniter\Debug\BaseExceptionHandler->render(Object(ErrorException), 500, 'C:\\xampp\\htdocs...')
#4 C:\xampp\htdocs\erp.local\system\Debug\Exceptions.php(156): CodeIgniter\Debug\ExceptionHandler->handle(Object(ErrorException), Object(CodeIgniter\HTTP\IncomingRequest), Object(CodeIgniter\HTTP\Response), 500, 1)
#5 [internal function]: CodeIgniter\Debug\Exceptions->exceptionHandler(Object(ErrorException))
#6 {main}
  thrown
【Previous Exception】
ErrorException
Undefined variable $link
#0 C:\xampp\htdocs\erp.local\app\Views\templates\footer.php(41): CodeIgniter\Debug\Exceptions->errorHandler(2, 'Undefined varia...', 'C:\\xampp\\htdocs...', 41)
#1 C:\xampp\htdocs\erp.local\system\View\View.php(228): include('C:\\xampp\\htdocs...')
#2 C:\xampp\htdocs\erp.local\system\View\View.php(231): CodeIgniter\View\View->CodeIgniter\View\{closure}()
#3 C:\xampp\htdocs\erp.local\system\View\View.php(469): CodeIgniter\View\View->render('templates/foote...', NULL, true)
#4 C:\xampp\htdocs\erp.local\app\Views\templates\default.php(101): CodeIgniter\View\View->include('templates/foote...')
#5 C:\xampp\htdocs\erp.local\system\View\View.php(228): include('C:\\xampp\\htdocs...')
#6 C:\xampp\htdocs\erp.local\system\View\View.php(231): CodeIgniter\View\View->CodeIgniter\View\{closure}()
#7 C:\xampp\htdocs\erp.local\system\View\View.php(244): CodeIgniter\View\View->render('templates/defau...', Array, true)
#8 C:\xampp\htdocs\erp.local\system\Common.php(1178): CodeIgniter\View\View->render('painel_empresa/...', Array, true)
#9 C:\xampp\htdocs\erp.local\app\Controllers\PainelEmpresa.php(40): view('painel_empresa/...', Array)
#10 C:\xampp\htdocs\erp.local\system\CodeIgniter.php(941): App\Controllers\PainelEmpresa->index()
#11 C:\xampp\htdocs\erp.local\system\CodeIgniter.php(502): CodeIgniter\CodeIgniter->runController(Object(App\Controllers\PainelEmpresa))
#12 C:\xampp\htdocs\erp.local\system\CodeIgniter.php(361): CodeIgniter\CodeIgniter->handleRequest(NULL, Object(Config\Cache), false)
#13 C:\xampp\htdocs\erp.local\public\index.php(79): CodeIgniter\CodeIgniter->run()
#14 {main}
in APPPATH\Views\errors\html\error_exception.php on line 182.
 1 [internal function]: CodeIgniter\Debug\Exceptions->shutdownHandler()
INFO - 2025-09-25 00:51:17 --> Session: Class initialized using 'CodeIgniter\Session\Handlers\FileHandler' driver.
INFO - 2025-09-25 00:51:22 --> Session: Class initialized using 'CodeIgniter\Session\Handlers\FileHandler' driver.
INFO - 2025-09-25 00:51:23 --> Session: Class initialized using 'CodeIgniter\Session\Handlers\FileHandler' driver.
INFO - 2025-09-25 00:51:24 --> Session: Class initialized using 'CodeIgniter\Session\Handlers\FileHandler' driver.
INFO - 2025-09-25 00:51:25 --> Session: Class initialized using 'CodeIgniter\Session\Handlers\FileHandler' driver.
INFO - 2025-09-25 00:51:26 --> Session: Class initialized using 'CodeIgniter\Session\Handlers\FileHandler' driver.
ERROR - 2025-09-25 00:51:26 --> mysqli_sql_exception: Column 'id_contador' in where clause is ambiguous in C:\xampp\htdocs\erp.local\system\Database\MySQLi\Connection.php:306
Stack trace:
#0 C:\xampp\htdocs\erp.local\system\Database\MySQLi\Connection.php(306): mysqli->query('SELECT `cobranc...', 0)
#1 C:\xampp\htdocs\erp.local\system\Database\BaseConnection.php(693): CodeIgniter\Database\MySQLi\Connection->execute('SELECT `cobranc...')
#2 C:\xampp\htdocs\erp.local\system\Database\BaseConnection.php(607): CodeIgniter\Database\BaseConnection->simpleQuery('SELECT `cobranc...')
#3 C:\xampp\htdocs\erp.local\system\Database\BaseBuilder.php(1616): CodeIgniter\Database\BaseConnection->query('SELECT `cobranc...', Array, false)
#4 C:\xampp\htdocs\erp.local\app\Models\BaseAppModel.php(129): CodeIgniter\Database\BaseBuilder->get()
#5 C:\xampp\htdocs\erp.local\app\Controllers\Cobranca.php(296): App\Models\BaseAppModel->findAll()
#6 C:\xampp\htdocs\erp.local\system\CodeIgniter.php(941): App\Controllers\Cobranca->adminLista()
#7 C:\xampp\htdocs\erp.local\system\CodeIgniter.php(502): CodeIgniter\CodeIgniter->runController(Object(App\Controllers\Cobranca))
#8 C:\xampp\htdocs\erp.local\system\CodeIgniter.php(361): CodeIgniter\CodeIgniter->handleRequest(NULL, Object(Config\Cache), false)
#9 C:\xampp\htdocs\erp.local\public\index.php(79): CodeIgniter\CodeIgniter->run()
#10 {main}
CRITICAL - 2025-09-25 00:51:26 --> CodeIgniter\Database\Exceptions\DatabaseException: Column 'id_contador' in where clause is ambiguous
in SYSTEMPATH\Database\BaseConnection.php on line 647.
 1 SYSTEMPATH\Database\BaseBuilder.php(1616): CodeIgniter\Database\BaseConnection->query('SELECT `cobrancas_mensais`.*, `empresas`.`xFant` as `empresa_nome`, `empresas`.`status` as `status_empresa`
FROM `cobrancas_mensais`
JOIN `empresas` ON `empresas`.`id_empresa` = `cobrancas_mensais`.`id_empresa`
WHERE   (
`cobrancas_mensais`.`status` = :cobrancas_mensais.status:
OR `cobrancas_mensais`.`status` = :cobrancas_mensais.status.1:
 )
AND `id_contador` = :id_contador:
AND `id_empresa` = :id_empresa:
ORDER BY `ano_referencia` DESC, `mes_referencia` DESC', [...], false)
 2 APPPATH\Models\BaseAppModel.php(129): CodeIgniter\Database\BaseBuilder->get()
 3 APPPATH\Controllers\Cobranca.php(296): App\Models\BaseAppModel->findAll()
 4 SYSTEMPATH\CodeIgniter.php(941): App\Controllers\Cobranca->adminLista()
 5 SYSTEMPATH\CodeIgniter.php(502): CodeIgniter\CodeIgniter->runController(Object(App\Controllers\Cobranca))
 6 SYSTEMPATH\CodeIgniter.php(361): CodeIgniter\CodeIgniter->handleRequest(null, Object(Config\Cache), false)
 7 FCPATH\index.php(79): CodeIgniter\CodeIgniter->run()
CRITICAL - 2025-09-25 00:51:26 --> [Caused by] CodeIgniter\Database\Exceptions\DatabaseException: Column 'id_contador' in where clause is ambiguous
in SYSTEMPATH\Database\MySQLi\Connection.php on line 311.
 1 SYSTEMPATH\Database\BaseConnection.php(693): CodeIgniter\Database\MySQLi\Connection->execute('SELECT `cobrancas_mensais`.*, `empresas`.`xFant` as `empresa_nome`, `empresas`.`status` as `status_empresa`
FROM `cobrancas_mensais`
JOIN `empresas` ON `empresas`.`id_empresa` = `cobrancas_mensais`.`id_empresa`
WHERE   (
`cobrancas_mensais`.`status` = \'Pendente\'
OR `cobrancas_mensais`.`status` = \'Vencido\'
 )
AND `id_contador` = 1
AND `id_empresa` = 6
ORDER BY `ano_referencia` DESC, `mes_referencia` DESC')
 2 SYSTEMPATH\Database\BaseConnection.php(607): CodeIgniter\Database\BaseConnection->simpleQuery('SELECT `cobrancas_mensais`.*, `empresas`.`xFant` as `empresa_nome`, `empresas`.`status` as `status_empresa`
FROM `cobrancas_mensais`
JOIN `empresas` ON `empresas`.`id_empresa` = `cobrancas_mensais`.`id_empresa`
WHERE   (
`cobrancas_mensais`.`status` = \'Pendente\'
OR `cobrancas_mensais`.`status` = \'Vencido\'
 )
AND `id_contador` = 1
AND `id_empresa` = 6
ORDER BY `ano_referencia` DESC, `mes_referencia` DESC')
 3 SYSTEMPATH\Database\BaseBuilder.php(1616): CodeIgniter\Database\BaseConnection->query('SELECT `cobrancas_mensais`.*, `empresas`.`xFant` as `empresa_nome`, `empresas`.`status` as `status_empresa`
FROM `cobrancas_mensais`
JOIN `empresas` ON `empresas`.`id_empresa` = `cobrancas_mensais`.`id_empresa`
WHERE   (
`cobrancas_mensais`.`status` = :cobrancas_mensais.status:
OR `cobrancas_mensais`.`status` = :cobrancas_mensais.status.1:
 )
AND `id_contador` = :id_contador:
AND `id_empresa` = :id_empresa:
ORDER BY `ano_referencia` DESC, `mes_referencia` DESC', [...], false)
 4 APPPATH\Models\BaseAppModel.php(129): CodeIgniter\Database\BaseBuilder->get()
 5 APPPATH\Controllers\Cobranca.php(296): App\Models\BaseAppModel->findAll()
 6 SYSTEMPATH\CodeIgniter.php(941): App\Controllers\Cobranca->adminLista()
 7 SYSTEMPATH\CodeIgniter.php(502): CodeIgniter\CodeIgniter->runController(Object(App\Controllers\Cobranca))
 8 SYSTEMPATH\CodeIgniter.php(361): CodeIgniter\CodeIgniter->handleRequest(null, Object(Config\Cache), false)
 9 FCPATH\index.php(79): CodeIgniter\CodeIgniter->run()
CRITICAL - 2025-09-25 00:51:26 --> [Caused by] mysqli_sql_exception: Column 'id_contador' in where clause is ambiguous
in SYSTEMPATH\Database\MySQLi\Connection.php on line 306.
 1 SYSTEMPATH\Database\MySQLi\Connection.php(306): mysqli->query('SELECT `cobrancas_mensais`.*, `empresas`.`xFant` as `empresa_nome`, `empresas`.`status` as `status_empresa`
FROM `cobrancas_mensais`
JOIN `empresas` ON `empresas`.`id_empresa` = `cobrancas_mensais`.`id_empresa`
WHERE   (
`cobrancas_mensais`.`status` = \'Pendente\'
OR `cobrancas_mensais`.`status` = \'Vencido\'
 )
AND `id_contador` = 1
AND `id_empresa` = 6
ORDER BY `ano_referencia` DESC, `mes_referencia` DESC', 0)
 2 SYSTEMPATH\Database\BaseConnection.php(693): CodeIgniter\Database\MySQLi\Connection->execute('SELECT `cobrancas_mensais`.*, `empresas`.`xFant` as `empresa_nome`, `empresas`.`status` as `status_empresa`
FROM `cobrancas_mensais`
JOIN `empresas` ON `empresas`.`id_empresa` = `cobrancas_mensais`.`id_empresa`
WHERE   (
`cobrancas_mensais`.`status` = \'Pendente\'
OR `cobrancas_mensais`.`status` = \'Vencido\'
 )
AND `id_contador` = 1
AND `id_empresa` = 6
ORDER BY `ano_referencia` DESC, `mes_referencia` DESC')
 3 SYSTEMPATH\Database\BaseConnection.php(607): CodeIgniter\Database\BaseConnection->simpleQuery('SELECT `cobrancas_mensais`.*, `empresas`.`xFant` as `empresa_nome`, `empresas`.`status` as `status_empresa`
FROM `cobrancas_mensais`
JOIN `empresas` ON `empresas`.`id_empresa` = `cobrancas_mensais`.`id_empresa`
WHERE   (
`cobrancas_mensais`.`status` = \'Pendente\'
OR `cobrancas_mensais`.`status` = \'Vencido\'
 )
AND `id_contador` = 1
AND `id_empresa` = 6
ORDER BY `ano_referencia` DESC, `mes_referencia` DESC')
 4 SYSTEMPATH\Database\BaseBuilder.php(1616): CodeIgniter\Database\BaseConnection->query('SELECT `cobrancas_mensais`.*, `empresas`.`xFant` as `empresa_nome`, `empresas`.`status` as `status_empresa`
FROM `cobrancas_mensais`
JOIN `empresas` ON `empresas`.`id_empresa` = `cobrancas_mensais`.`id_empresa`
WHERE   (
`cobrancas_mensais`.`status` = :cobrancas_mensais.status:
OR `cobrancas_mensais`.`status` = :cobrancas_mensais.status.1:
 )
AND `id_contador` = :id_contador:
AND `id_empresa` = :id_empresa:
ORDER BY `ano_referencia` DESC, `mes_referencia` DESC', [...], false)
 5 APPPATH\Models\BaseAppModel.php(129): CodeIgniter\Database\BaseBuilder->get()
 6 APPPATH\Controllers\Cobranca.php(296): App\Models\BaseAppModel->findAll()
 7 SYSTEMPATH\CodeIgniter.php(941): App\Controllers\Cobranca->adminLista()
 8 SYSTEMPATH\CodeIgniter.php(502): CodeIgniter\CodeIgniter->runController(Object(App\Controllers\Cobranca))
 9 SYSTEMPATH\CodeIgniter.php(361): CodeIgniter\CodeIgniter->handleRequest(null, Object(Config\Cache), false)
10 FCPATH\index.php(79): CodeIgniter\CodeIgniter->run()
CRITICAL - 2025-09-25 00:51:26 --> ErrorException: Uncaught TypeError: htmlspecialchars(): Argument #1 ($string) must be of type string, resource given in C:\xampp\htdocs\erp.local\app\Views\errors\html\error_exception.php:182
Stack trace:
#0 C:\xampp\htdocs\erp.local\app\Views\errors\html\error_exception.php(182): htmlspecialchars(Resource id #42, 8, 'UTF-8')
#1 C:\xampp\htdocs\erp.local\system\Debug\BaseExceptionHandler.php(258): include('C:\\xampp\\htdocs...')
#2 C:\xampp\htdocs\erp.local\system\Debug\BaseExceptionHandler.php(261): CodeIgniter\Debug\BaseExceptionHandler->CodeIgniter\Debug\{closure}()
#3 C:\xampp\htdocs\erp.local\system\Debug\ExceptionHandler.php(112): CodeIgniter\Debug\BaseExceptionHandler->render(Object(CodeIgniter\Database\Exceptions\DatabaseException), 500, 'C:\\xampp\\htdocs...')
#4 C:\xampp\htdocs\erp.local\system\Debug\Exceptions.php(156): CodeIgniter\Debug\ExceptionHandler->handle(Object(CodeIgniter\Database\Exceptions\DatabaseException), Object(CodeIgniter\HTTP\IncomingRequest), Object(CodeIgniter\HTTP\Response), 500, 8)
#5 [internal function]: CodeIgniter\Debug\Exceptions->exceptionHandler(Object(CodeIgniter\Database\Exceptions\DatabaseException))
#6 {main}
  thrown
【Previous Exception】
CodeIgniter\Database\Exceptions\DatabaseException
Column 'id_contador' in where clause is ambiguous
#0 C:\xampp\htdocs\erp.local\system\Database\BaseBuilder.php(1616): CodeIgniter\Database\BaseConnection->query('SELECT `cobranc...', Array, false)
#1 C:\xampp\htdocs\erp.local\app\Models\BaseAppModel.php(129): CodeIgniter\Database\BaseBuilder->get()
#2 C:\xampp\htdocs\erp.local\app\Controllers\Cobranca.php(296): App\Models\BaseAppModel->findAll()
#3 C:\xampp\htdocs\erp.local\system\CodeIgniter.php(941): App\Controllers\Cobranca->adminLista()
#4 C:\xampp\htdocs\erp.local\system\CodeIgniter.php(502): CodeIgniter\CodeIgniter->runController(Object(App\Controllers\Cobranca))
#5 C:\xampp\htdocs\erp.local\system\CodeIgniter.php(361): CodeIgniter\CodeIgniter->handleRequest(NULL, Object(Config\Cache), false)
#6 C:\xampp\htdocs\erp.local\public\index.php(79): CodeIgniter\CodeIgniter->run()
#7 {main}
in APPPATH\Views\errors\html\error_exception.php on line 182.
 1 [internal function]: CodeIgniter\Debug\Exceptions->shutdownHandler()
INFO - 2025-09-25 00:51:28 --> Session: Class initialized using 'CodeIgniter\Session\Handlers\FileHandler' driver.
INFO - 2025-09-25 00:51:29 --> Session: Class initialized using 'CodeIgniter\Session\Handlers\FileHandler' driver.
INFO - 2025-09-25 00:51:33 --> Session: Class initialized using 'CodeIgniter\Session\Handlers\FileHandler' driver.
INFO - 2025-09-25 00:51:36 --> Session: Class initialized using 'CodeIgniter\Session\Handlers\FileHandler' driver.
INFO - 2025-09-25 00:51:38 --> Session: Class initialized using 'CodeIgniter\Session\Handlers\FileHandler' driver.
INFO - 2025-09-25 00:51:38 --> Session: Class initialized using 'CodeIgniter\Session\Handlers\FileHandler' driver.
INFO - 2025-09-25 00:51:41 --> Session: Class initialized using 'CodeIgniter\Session\Handlers\FileHandler' driver.
INFO - 2025-09-25 00:51:41 --> Session: Class initialized using 'CodeIgniter\Session\Handlers\FileHandler' driver.
INFO - 2025-09-25 00:51:42 --> Session: Class initialized using 'CodeIgniter\Session\Handlers\FileHandler' driver.
INFO - 2025-09-25 00:51:44 --> Session: Class initialized using 'CodeIgniter\Session\Handlers\FileHandler' driver.
INFO - 2025-09-25 00:52:14 --> Session: Class initialized using 'CodeIgniter\Session\Handlers\FileHandler' driver.
INFO - 2025-09-25 00:52:43 --> Session: Class initialized using 'CodeIgniter\Session\Handlers\FileHandler' driver.
INFO - 2025-09-25 00:52:48 --> Session: Class initialized using 'CodeIgniter\Session\Handlers\FileHandler' driver.
INFO - 2025-09-25 00:52:56 --> Session: Class initialized using 'CodeIgniter\Session\Handlers\FileHandler' driver.
INFO - 2025-09-25 00:52:58 --> Session: Class initialized using 'CodeIgniter\Session\Handlers\FileHandler' driver.
ERROR - 2025-09-25 00:52:58 --> mysqli_sql_exception: Duplicate entry '5' for key 'PRIMARY' in C:\xampp\htdocs\erp.local\system\Database\MySQLi\Connection.php:306
Stack trace:
#0 C:\xampp\htdocs\erp.local\system\Database\MySQLi\Connection.php(306): mysqli->query('INSERT INTO `em...', 0)
#1 C:\xampp\htdocs\erp.local\system\Database\BaseConnection.php(693): CodeIgniter\Database\MySQLi\Connection->execute('INSERT INTO `em...')
#2 C:\xampp\htdocs\erp.local\system\Database\BaseConnection.php(607): CodeIgniter\Database\BaseConnection->simpleQuery('INSERT INTO `em...')
#3 C:\xampp\htdocs\erp.local\system\Database\BaseBuilder.php(2307): CodeIgniter\Database\BaseConnection->query('INSERT INTO `em...', Array, false)
#4 C:\xampp\htdocs\erp.local\system\Model.php(326): CodeIgniter\Database\BaseBuilder->insert()
#5 C:\xampp\htdocs\erp.local\system\BaseModel.php(802): CodeIgniter\Model->doInsert(Array)
#6 C:\xampp\htdocs\erp.local\system\Model.php(744): CodeIgniter\BaseModel->insert(Array, true)
#7 C:\xampp\htdocs\erp.local\app\Controllers\Empresas.php(308): CodeIgniter\Model->insert(Array)
#8 C:\xampp\htdocs\erp.local\system\CodeIgniter.php(941): App\Controllers\Empresas->store()
#9 C:\xampp\htdocs\erp.local\system\CodeIgniter.php(502): CodeIgniter\CodeIgniter->runController(Object(App\Controllers\Empresas))
#10 C:\xampp\htdocs\erp.local\system\CodeIgniter.php(361): CodeIgniter\CodeIgniter->handleRequest(NULL, Object(Config\Cache), false)
#11 C:\xampp\htdocs\erp.local\public\index.php(79): CodeIgniter\CodeIgniter->run()
#12 {main}
CRITICAL - 2025-09-25 00:52:58 --> CodeIgniter\Database\Exceptions\DatabaseException: Duplicate entry '5' for key 'PRIMARY'
in SYSTEMPATH\Database\BaseConnection.php on line 647.
 1 SYSTEMPATH\Database\BaseBuilder.php(2307): CodeIgniter\Database\BaseConnection->query('INSERT INTO `empresas` (`CNPJ`, `xNome`, `xFant`, `IE`, `dia_do_pagamento`, `CEP`, `xLgr`, `nro`, `xCpl`, `xBairro`, `id_uf`, `id_municipio`, `fone`, `natOp`, `serie`, `tpAmb_NFe`, `nNF_homologacao`, `tpAmb_NFCe`, `nNFC_homologacao`, `CSC`, `CSC_Id`, `senha_do_certificado`, `id_contador`, `status`, `certificado`, `id_login`, `created_at`, `updated_at`, `id_empresa`) VALUES (:CNPJ:, :xNome:, :xFant:, :IE:, :dia_do_pagamento:, :CEP:, :xLgr:, :nro:, :xCpl:, :xBairro:, :id_uf:, :id_municipio:, :fone:, :natOp:, :serie:, :tpAmb_NFe:, :nNF_homologacao:, :tpAmb_NFCe:, :nNFC_homologacao:, :CSC:, :CSC_Id:, :senha_do_certificado:, :id_contador:, :status:, :certificado:, :id_login:, :created_at:, :updated_at:, :id_empresa:)', [...], false)
 2 SYSTEMPATH\Model.php(326): CodeIgniter\Database\BaseBuilder->insert()
 3 SYSTEMPATH\BaseModel.php(802): CodeIgniter\Model->doInsert([...])
 4 SYSTEMPATH\Model.php(744): CodeIgniter\BaseModel->insert([...], true)
 5 APPPATH\Controllers\Empresas.php(308): CodeIgniter\Model->insert([...])
 6 SYSTEMPATH\CodeIgniter.php(941): App\Controllers\Empresas->store()
 7 SYSTEMPATH\CodeIgniter.php(502): CodeIgniter\CodeIgniter->runController(Object(App\Controllers\Empresas))
 8 SYSTEMPATH\CodeIgniter.php(361): CodeIgniter\CodeIgniter->handleRequest(null, Object(Config\Cache), false)
 9 FCPATH\index.php(79): CodeIgniter\CodeIgniter->run()
CRITICAL - 2025-09-25 00:52:58 --> [Caused by] CodeIgniter\Database\Exceptions\DatabaseException: Duplicate entry '5' for key 'PRIMARY'
in SYSTEMPATH\Database\MySQLi\Connection.php on line 311.
 1 SYSTEMPATH\Database\BaseConnection.php(693): CodeIgniter\Database\MySQLi\Connection->execute('INSERT INTO `empresas` (`CNPJ`, `xNome`, `xFant`, `IE`, `dia_do_pagamento`, `CEP`, `xLgr`, `nro`, `xCpl`, `xBairro`, `id_uf`, `id_municipio`, `fone`, `natOp`, `serie`, `tpAmb_NFe`, `nNF_homologacao`, `tpAmb_NFCe`, `nNFC_homologacao`, `CSC`, `CSC_Id`, `senha_do_certificado`, `id_contador`, `status`, `certificado`, `id_login`, `created_at`, `updated_at`, `id_empresa`) VALUES (\'54991097000170\', \'54.991.097 RAQUEL ZACARIAS LOURENCO\', \'Test\', \'0000\', \'00\', \'13406054\', \'AVENIDA AURELIANO FERNANDES DE ARAUJO NETO\', \'571\', \'BLOCO 18;APT 42\', \'VALE DO SOL\', \'35\', \'3703\', \'00000000000\', \'Venda de mercadorias.\', \'1\', \'2\', \'\', \'2\', \'\', \'\', \'\', NULL, \'1\', \'Ativo\', NULL, 15, \'2025-09-25 00:52:58\', \'2025-09-25 00:52:58\', 5)')
 2 SYSTEMPATH\Database\BaseConnection.php(607): CodeIgniter\Database\BaseConnection->simpleQuery('INSERT INTO `empresas` (`CNPJ`, `xNome`, `xFant`, `IE`, `dia_do_pagamento`, `CEP`, `xLgr`, `nro`, `xCpl`, `xBairro`, `id_uf`, `id_municipio`, `fone`, `natOp`, `serie`, `tpAmb_NFe`, `nNF_homologacao`, `tpAmb_NFCe`, `nNFC_homologacao`, `CSC`, `CSC_Id`, `senha_do_certificado`, `id_contador`, `status`, `certificado`, `id_login`, `created_at`, `updated_at`, `id_empresa`) VALUES (\'54991097000170\', \'54.991.097 RAQUEL ZACARIAS LOURENCO\', \'Test\', \'0000\', \'00\', \'13406054\', \'AVENIDA AURELIANO FERNANDES DE ARAUJO NETO\', \'571\', \'BLOCO 18;APT 42\', \'VALE DO SOL\', \'35\', \'3703\', \'00000000000\', \'Venda de mercadorias.\', \'1\', \'2\', \'\', \'2\', \'\', \'\', \'\', NULL, \'1\', \'Ativo\', NULL, 15, \'2025-09-25 00:52:58\', \'2025-09-25 00:52:58\', 5)')
 3 SYSTEMPATH\Database\BaseBuilder.php(2307): CodeIgniter\Database\BaseConnection->query('INSERT INTO `empresas` (`CNPJ`, `xNome`, `xFant`, `IE`, `dia_do_pagamento`, `CEP`, `xLgr`, `nro`, `xCpl`, `xBairro`, `id_uf`, `id_municipio`, `fone`, `natOp`, `serie`, `tpAmb_NFe`, `nNF_homologacao`, `tpAmb_NFCe`, `nNFC_homologacao`, `CSC`, `CSC_Id`, `senha_do_certificado`, `id_contador`, `status`, `certificado`, `id_login`, `created_at`, `updated_at`, `id_empresa`) VALUES (:CNPJ:, :xNome:, :xFant:, :IE:, :dia_do_pagamento:, :CEP:, :xLgr:, :nro:, :xCpl:, :xBairro:, :id_uf:, :id_municipio:, :fone:, :natOp:, :serie:, :tpAmb_NFe:, :nNF_homologacao:, :tpAmb_NFCe:, :nNFC_homologacao:, :CSC:, :CSC_Id:, :senha_do_certificado:, :id_contador:, :status:, :certificado:, :id_login:, :created_at:, :updated_at:, :id_empresa:)', [...], false)
 4 SYSTEMPATH\Model.php(326): CodeIgniter\Database\BaseBuilder->insert()
 5 SYSTEMPATH\BaseModel.php(802): CodeIgniter\Model->doInsert([...])
 6 SYSTEMPATH\Model.php(744): CodeIgniter\BaseModel->insert([...], true)
 7 APPPATH\Controllers\Empresas.php(308): CodeIgniter\Model->insert([...])
 8 SYSTEMPATH\CodeIgniter.php(941): App\Controllers\Empresas->store()
 9 SYSTEMPATH\CodeIgniter.php(502): CodeIgniter\CodeIgniter->runController(Object(App\Controllers\Empresas))
10 SYSTEMPATH\CodeIgniter.php(361): CodeIgniter\CodeIgniter->handleRequest(null, Object(Config\Cache), false)
11 FCPATH\index.php(79): CodeIgniter\CodeIgniter->run()
CRITICAL - 2025-09-25 00:52:58 --> [Caused by] mysqli_sql_exception: Duplicate entry '5' for key 'PRIMARY'
in SYSTEMPATH\Database\MySQLi\Connection.php on line 306.
 1 SYSTEMPATH\Database\MySQLi\Connection.php(306): mysqli->query('INSERT INTO `empresas` (`CNPJ`, `xNome`, `xFant`, `IE`, `dia_do_pagamento`, `CEP`, `xLgr`, `nro`, `xCpl`, `xBairro`, `id_uf`, `id_municipio`, `fone`, `natOp`, `serie`, `tpAmb_NFe`, `nNF_homologacao`, `tpAmb_NFCe`, `nNFC_homologacao`, `CSC`, `CSC_Id`, `senha_do_certificado`, `id_contador`, `status`, `certificado`, `id_login`, `created_at`, `updated_at`, `id_empresa`) VALUES (\'54991097000170\', \'54.991.097 RAQUEL ZACARIAS LOURENCO\', \'Test\', \'0000\', \'00\', \'13406054\', \'AVENIDA AURELIANO FERNANDES DE ARAUJO NETO\', \'571\', \'BLOCO 18;APT 42\', \'VALE DO SOL\', \'35\', \'3703\', \'00000000000\', \'Venda de mercadorias.\', \'1\', \'2\', \'\', \'2\', \'\', \'\', \'\', NULL, \'1\', \'Ativo\', NULL, 15, \'2025-09-25 00:52:58\', \'2025-09-25 00:52:58\', 5)', 0)
 2 SYSTEMPATH\Database\BaseConnection.php(693): CodeIgniter\Database\MySQLi\Connection->execute('INSERT INTO `empresas` (`CNPJ`, `xNome`, `xFant`, `IE`, `dia_do_pagamento`, `CEP`, `xLgr`, `nro`, `xCpl`, `xBairro`, `id_uf`, `id_municipio`, `fone`, `natOp`, `serie`, `tpAmb_NFe`, `nNF_homologacao`, `tpAmb_NFCe`, `nNFC_homologacao`, `CSC`, `CSC_Id`, `senha_do_certificado`, `id_contador`, `status`, `certificado`, `id_login`, `created_at`, `updated_at`, `id_empresa`) VALUES (\'54991097000170\', \'54.991.097 RAQUEL ZACARIAS LOURENCO\', \'Test\', \'0000\', \'00\', \'13406054\', \'AVENIDA AURELIANO FERNANDES DE ARAUJO NETO\', \'571\', \'BLOCO 18;APT 42\', \'VALE DO SOL\', \'35\', \'3703\', \'00000000000\', \'Venda de mercadorias.\', \'1\', \'2\', \'\', \'2\', \'\', \'\', \'\', NULL, \'1\', \'Ativo\', NULL, 15, \'2025-09-25 00:52:58\', \'2025-09-25 00:52:58\', 5)')
 3 SYSTEMPATH\Database\BaseConnection.php(607): CodeIgniter\Database\BaseConnection->simpleQuery('INSERT INTO `empresas` (`CNPJ`, `xNome`, `xFant`, `IE`, `dia_do_pagamento`, `CEP`, `xLgr`, `nro`, `xCpl`, `xBairro`, `id_uf`, `id_municipio`, `fone`, `natOp`, `serie`, `tpAmb_NFe`, `nNF_homologacao`, `tpAmb_NFCe`, `nNFC_homologacao`, `CSC`, `CSC_Id`, `senha_do_certificado`, `id_contador`, `status`, `certificado`, `id_login`, `created_at`, `updated_at`, `id_empresa`) VALUES (\'54991097000170\', \'54.991.097 RAQUEL ZACARIAS LOURENCO\', \'Test\', \'0000\', \'00\', \'13406054\', \'AVENIDA AURELIANO FERNANDES DE ARAUJO NETO\', \'571\', \'BLOCO 18;APT 42\', \'VALE DO SOL\', \'35\', \'3703\', \'00000000000\', \'Venda de mercadorias.\', \'1\', \'2\', \'\', \'2\', \'\', \'\', \'\', NULL, \'1\', \'Ativo\', NULL, 15, \'2025-09-25 00:52:58\', \'2025-09-25 00:52:58\', 5)')
 4 SYSTEMPATH\Database\BaseBuilder.php(2307): CodeIgniter\Database\BaseConnection->query('INSERT INTO `empresas` (`CNPJ`, `xNome`, `xFant`, `IE`, `dia_do_pagamento`, `CEP`, `xLgr`, `nro`, `xCpl`, `xBairro`, `id_uf`, `id_municipio`, `fone`, `natOp`, `serie`, `tpAmb_NFe`, `nNF_homologacao`, `tpAmb_NFCe`, `nNFC_homologacao`, `CSC`, `CSC_Id`, `senha_do_certificado`, `id_contador`, `status`, `certificado`, `id_login`, `created_at`, `updated_at`, `id_empresa`) VALUES (:CNPJ:, :xNome:, :xFant:, :IE:, :dia_do_pagamento:, :CEP:, :xLgr:, :nro:, :xCpl:, :xBairro:, :id_uf:, :id_municipio:, :fone:, :natOp:, :serie:, :tpAmb_NFe:, :nNF_homologacao:, :tpAmb_NFCe:, :nNFC_homologacao:, :CSC:, :CSC_Id:, :senha_do_certificado:, :id_contador:, :status:, :certificado:, :id_login:, :created_at:, :updated_at:, :id_empresa:)', [...], false)
 5 SYSTEMPATH\Model.php(326): CodeIgniter\Database\BaseBuilder->insert()
 6 SYSTEMPATH\BaseModel.php(802): CodeIgniter\Model->doInsert([...])
 7 SYSTEMPATH\Model.php(744): CodeIgniter\BaseModel->insert([...], true)
 8 APPPATH\Controllers\Empresas.php(308): CodeIgniter\Model->insert([...])
 9 SYSTEMPATH\CodeIgniter.php(941): App\Controllers\Empresas->store()
10 SYSTEMPATH\CodeIgniter.php(502): CodeIgniter\CodeIgniter->runController(Object(App\Controllers\Empresas))
11 SYSTEMPATH\CodeIgniter.php(361): CodeIgniter\CodeIgniter->handleRequest(null, Object(Config\Cache), false)
12 FCPATH\index.php(79): CodeIgniter\CodeIgniter->run()
CRITICAL - 2025-09-25 00:52:58 --> ErrorException: Uncaught TypeError: htmlspecialchars(): Argument #1 ($string) must be of type string, resource given in C:\xampp\htdocs\erp.local\app\Views\errors\html\error_exception.php:182
Stack trace:
#0 C:\xampp\htdocs\erp.local\app\Views\errors\html\error_exception.php(182): htmlspecialchars(Resource id #42, 8, 'UTF-8')
#1 C:\xampp\htdocs\erp.local\system\Debug\BaseExceptionHandler.php(258): include('C:\\xampp\\htdocs...')
#2 C:\xampp\htdocs\erp.local\system\Debug\BaseExceptionHandler.php(261): CodeIgniter\Debug\BaseExceptionHandler->CodeIgniter\Debug\{closure}()
#3 C:\xampp\htdocs\erp.local\system\Debug\ExceptionHandler.php(112): CodeIgniter\Debug\BaseExceptionHandler->render(Object(CodeIgniter\Database\Exceptions\DatabaseException), 500, 'C:\\xampp\\htdocs...')
#4 C:\xampp\htdocs\erp.local\system\Debug\Exceptions.php(156): CodeIgniter\Debug\ExceptionHandler->handle(Object(CodeIgniter\Database\Exceptions\DatabaseException), Object(CodeIgniter\HTTP\IncomingRequest), Object(CodeIgniter\HTTP\Response), 500, 8)
#5 [internal function]: CodeIgniter\Debug\Exceptions->exceptionHandler(Object(CodeIgniter\Database\Exceptions\DatabaseException))
#6 {main}
  thrown
【Previous Exception】
CodeIgniter\Database\Exceptions\DatabaseException
Duplicate entry '5' for key 'PRIMARY'
#0 C:\xampp\htdocs\erp.local\system\Database\BaseBuilder.php(2307): CodeIgniter\Database\BaseConnection->query('INSERT INTO `em...', Array, false)
#1 C:\xampp\htdocs\erp.local\system\Model.php(326): CodeIgniter\Database\BaseBuilder->insert()
#2 C:\xampp\htdocs\erp.local\system\BaseModel.php(802): CodeIgniter\Model->doInsert(Array)
#3 C:\xampp\htdocs\erp.local\system\Model.php(744): CodeIgniter\BaseModel->insert(Array, true)
#4 C:\xampp\htdocs\erp.local\app\Controllers\Empresas.php(308): CodeIgniter\Model->insert(Array)
#5 C:\xampp\htdocs\erp.local\system\CodeIgniter.php(941): App\Controllers\Empresas->store()
#6 C:\xampp\htdocs\erp.local\system\CodeIgniter.php(502): CodeIgniter\CodeIgniter->runController(Object(App\Controllers\Empresas))
#7 C:\xampp\htdocs\erp.local\system\CodeIgniter.php(361): CodeIgniter\CodeIgniter->handleRequest(NULL, Object(Config\Cache), false)
#8 C:\xampp\htdocs\erp.local\public\index.php(79): CodeIgniter\CodeIgniter->run()
#9 {main}
in APPPATH\Views\errors\html\error_exception.php on line 182.
 1 [internal function]: CodeIgniter\Debug\Exceptions->shutdownHandler()
INFO - 2025-09-25 00:53:55 --> Session: Class initialized using 'CodeIgniter\Session\Handlers\FileHandler' driver.
INFO - 2025-09-25 00:53:57 --> Session: Class initialized using 'CodeIgniter\Session\Handlers\FileHandler' driver.
INFO - 2025-09-25 00:54:15 --> Session: Class initialized using 'CodeIgniter\Session\Handlers\FileHandler' driver.
INFO - 2025-09-25 00:54:16 --> Session: Class initialized using 'CodeIgniter\Session\Handlers\FileHandler' driver.
INFO - 2025-09-25 00:54:16 --> Session: Class initialized using 'CodeIgniter\Session\Handlers\FileHandler' driver.
INFO - 2025-09-25 00:54:17 --> Session: Class initialized using 'CodeIgniter\Session\Handlers\FileHandler' driver.
INFO - 2025-09-25 00:54:21 --> Session: Class initialized using 'CodeIgniter\Session\Handlers\FileHandler' driver.
INFO - 2025-09-25 00:54:21 --> Session: Class initialized using 'CodeIgniter\Session\Handlers\FileHandler' driver.
INFO - 2025-09-25 00:54:22 --> Session: Class initialized using 'CodeIgniter\Session\Handlers\FileHandler' driver.
ERROR - 2025-09-25 00:54:22 --> mysqli_sql_exception: Column 'id_contador' in where clause is ambiguous in C:\xampp\htdocs\erp.local\system\Database\MySQLi\Connection.php:306
Stack trace:
#0 C:\xampp\htdocs\erp.local\system\Database\MySQLi\Connection.php(306): mysqli->query('SELECT `cobranc...', 0)
#1 C:\xampp\htdocs\erp.local\system\Database\BaseConnection.php(693): CodeIgniter\Database\MySQLi\Connection->execute('SELECT `cobranc...')
#2 C:\xampp\htdocs\erp.local\system\Database\BaseConnection.php(607): CodeIgniter\Database\BaseConnection->simpleQuery('SELECT `cobranc...')
#3 C:\xampp\htdocs\erp.local\system\Database\BaseBuilder.php(1616): CodeIgniter\Database\BaseConnection->query('SELECT `cobranc...', Array, false)
#4 C:\xampp\htdocs\erp.local\app\Models\BaseAppModel.php(129): CodeIgniter\Database\BaseBuilder->get()
#5 C:\xampp\htdocs\erp.local\app\Controllers\Cobranca.php(296): App\Models\BaseAppModel->findAll()
#6 C:\xampp\htdocs\erp.local\system\CodeIgniter.php(941): App\Controllers\Cobranca->adminLista()
#7 C:\xampp\htdocs\erp.local\system\CodeIgniter.php(502): CodeIgniter\CodeIgniter->runController(Object(App\Controllers\Cobranca))
#8 C:\xampp\htdocs\erp.local\system\CodeIgniter.php(361): CodeIgniter\CodeIgniter->handleRequest(NULL, Object(Config\Cache), false)
#9 C:\xampp\htdocs\erp.local\public\index.php(79): CodeIgniter\CodeIgniter->run()
#10 {main}
CRITICAL - 2025-09-25 00:54:22 --> CodeIgniter\Database\Exceptions\DatabaseException: Column 'id_contador' in where clause is ambiguous
in SYSTEMPATH\Database\BaseConnection.php on line 647.
 1 SYSTEMPATH\Database\BaseBuilder.php(1616): CodeIgniter\Database\BaseConnection->query('SELECT `cobrancas_mensais`.*, `empresas`.`xFant` as `empresa_nome`, `empresas`.`status` as `status_empresa`
FROM `cobrancas_mensais`
JOIN `empresas` ON `empresas`.`id_empresa` = `cobrancas_mensais`.`id_empresa`
WHERE   (
`cobrancas_mensais`.`status` = :cobrancas_mensais.status:
OR `cobrancas_mensais`.`status` = :cobrancas_mensais.status.1:
 )
AND `id_contador` = :id_contador:
AND `id_empresa` = :id_empresa:
ORDER BY `ano_referencia` DESC, `mes_referencia` DESC', [...], false)
 2 APPPATH\Models\BaseAppModel.php(129): CodeIgniter\Database\BaseBuilder->get()
 3 APPPATH\Controllers\Cobranca.php(296): App\Models\BaseAppModel->findAll()
 4 SYSTEMPATH\CodeIgniter.php(941): App\Controllers\Cobranca->adminLista()
 5 SYSTEMPATH\CodeIgniter.php(502): CodeIgniter\CodeIgniter->runController(Object(App\Controllers\Cobranca))
 6 SYSTEMPATH\CodeIgniter.php(361): CodeIgniter\CodeIgniter->handleRequest(null, Object(Config\Cache), false)
 7 FCPATH\index.php(79): CodeIgniter\CodeIgniter->run()
CRITICAL - 2025-09-25 00:54:22 --> [Caused by] CodeIgniter\Database\Exceptions\DatabaseException: Column 'id_contador' in where clause is ambiguous
in SYSTEMPATH\Database\MySQLi\Connection.php on line 311.
 1 SYSTEMPATH\Database\BaseConnection.php(693): CodeIgniter\Database\MySQLi\Connection->execute('SELECT `cobrancas_mensais`.*, `empresas`.`xFant` as `empresa_nome`, `empresas`.`status` as `status_empresa`
FROM `cobrancas_mensais`
JOIN `empresas` ON `empresas`.`id_empresa` = `cobrancas_mensais`.`id_empresa`
WHERE   (
`cobrancas_mensais`.`status` = \'Pendente\'
OR `cobrancas_mensais`.`status` = \'Vencido\'
 )
AND `id_contador` = 2
AND `id_empresa` = 5
ORDER BY `ano_referencia` DESC, `mes_referencia` DESC')
 2 SYSTEMPATH\Database\BaseConnection.php(607): CodeIgniter\Database\BaseConnection->simpleQuery('SELECT `cobrancas_mensais`.*, `empresas`.`xFant` as `empresa_nome`, `empresas`.`status` as `status_empresa`
FROM `cobrancas_mensais`
JOIN `empresas` ON `empresas`.`id_empresa` = `cobrancas_mensais`.`id_empresa`
WHERE   (
`cobrancas_mensais`.`status` = \'Pendente\'
OR `cobrancas_mensais`.`status` = \'Vencido\'
 )
AND `id_contador` = 2
AND `id_empresa` = 5
ORDER BY `ano_referencia` DESC, `mes_referencia` DESC')
 3 SYSTEMPATH\Database\BaseBuilder.php(1616): CodeIgniter\Database\BaseConnection->query('SELECT `cobrancas_mensais`.*, `empresas`.`xFant` as `empresa_nome`, `empresas`.`status` as `status_empresa`
FROM `cobrancas_mensais`
JOIN `empresas` ON `empresas`.`id_empresa` = `cobrancas_mensais`.`id_empresa`
WHERE   (
`cobrancas_mensais`.`status` = :cobrancas_mensais.status:
OR `cobrancas_mensais`.`status` = :cobrancas_mensais.status.1:
 )
AND `id_contador` = :id_contador:
AND `id_empresa` = :id_empresa:
ORDER BY `ano_referencia` DESC, `mes_referencia` DESC', [...], false)
 4 APPPATH\Models\BaseAppModel.php(129): CodeIgniter\Database\BaseBuilder->get()
 5 APPPATH\Controllers\Cobranca.php(296): App\Models\BaseAppModel->findAll()
 6 SYSTEMPATH\CodeIgniter.php(941): App\Controllers\Cobranca->adminLista()
 7 SYSTEMPATH\CodeIgniter.php(502): CodeIgniter\CodeIgniter->runController(Object(App\Controllers\Cobranca))
 8 SYSTEMPATH\CodeIgniter.php(361): CodeIgniter\CodeIgniter->handleRequest(null, Object(Config\Cache), false)
 9 FCPATH\index.php(79): CodeIgniter\CodeIgniter->run()
CRITICAL - 2025-09-25 00:54:22 --> [Caused by] mysqli_sql_exception: Column 'id_contador' in where clause is ambiguous
in SYSTEMPATH\Database\MySQLi\Connection.php on line 306.
 1 SYSTEMPATH\Database\MySQLi\Connection.php(306): mysqli->query('SELECT `cobrancas_mensais`.*, `empresas`.`xFant` as `empresa_nome`, `empresas`.`status` as `status_empresa`
FROM `cobrancas_mensais`
JOIN `empresas` ON `empresas`.`id_empresa` = `cobrancas_mensais`.`id_empresa`
WHERE   (
`cobrancas_mensais`.`status` = \'Pendente\'
OR `cobrancas_mensais`.`status` = \'Vencido\'
 )
AND `id_contador` = 2
AND `id_empresa` = 5
ORDER BY `ano_referencia` DESC, `mes_referencia` DESC', 0)
 2 SYSTEMPATH\Database\BaseConnection.php(693): CodeIgniter\Database\MySQLi\Connection->execute('SELECT `cobrancas_mensais`.*, `empresas`.`xFant` as `empresa_nome`, `empresas`.`status` as `status_empresa`
FROM `cobrancas_mensais`
JOIN `empresas` ON `empresas`.`id_empresa` = `cobrancas_mensais`.`id_empresa`
WHERE   (
`cobrancas_mensais`.`status` = \'Pendente\'
OR `cobrancas_mensais`.`status` = \'Vencido\'
 )
AND `id_contador` = 2
AND `id_empresa` = 5
ORDER BY `ano_referencia` DESC, `mes_referencia` DESC')
 3 SYSTEMPATH\Database\BaseConnection.php(607): CodeIgniter\Database\BaseConnection->simpleQuery('SELECT `cobrancas_mensais`.*, `empresas`.`xFant` as `empresa_nome`, `empresas`.`status` as `status_empresa`
FROM `cobrancas_mensais`
JOIN `empresas` ON `empresas`.`id_empresa` = `cobrancas_mensais`.`id_empresa`
WHERE   (
`cobrancas_mensais`.`status` = \'Pendente\'
OR `cobrancas_mensais`.`status` = \'Vencido\'
 )
AND `id_contador` = 2
AND `id_empresa` = 5
ORDER BY `ano_referencia` DESC, `mes_referencia` DESC')
 4 SYSTEMPATH\Database\BaseBuilder.php(1616): CodeIgniter\Database\BaseConnection->query('SELECT `cobrancas_mensais`.*, `empresas`.`xFant` as `empresa_nome`, `empresas`.`status` as `status_empresa`
FROM `cobrancas_mensais`
JOIN `empresas` ON `empresas`.`id_empresa` = `cobrancas_mensais`.`id_empresa`
WHERE   (
`cobrancas_mensais`.`status` = :cobrancas_mensais.status:
OR `cobrancas_mensais`.`status` = :cobrancas_mensais.status.1:
 )
AND `id_contador` = :id_contador:
AND `id_empresa` = :id_empresa:
ORDER BY `ano_referencia` DESC, `mes_referencia` DESC', [...], false)
 5 APPPATH\Models\BaseAppModel.php(129): CodeIgniter\Database\BaseBuilder->get()
 6 APPPATH\Controllers\Cobranca.php(296): App\Models\BaseAppModel->findAll()
 7 SYSTEMPATH\CodeIgniter.php(941): App\Controllers\Cobranca->adminLista()
 8 SYSTEMPATH\CodeIgniter.php(502): CodeIgniter\CodeIgniter->runController(Object(App\Controllers\Cobranca))
 9 SYSTEMPATH\CodeIgniter.php(361): CodeIgniter\CodeIgniter->handleRequest(null, Object(Config\Cache), false)
10 FCPATH\index.php(79): CodeIgniter\CodeIgniter->run()
CRITICAL - 2025-09-25 00:54:22 --> ErrorException: Uncaught TypeError: htmlspecialchars(): Argument #1 ($string) must be of type string, resource given in C:\xampp\htdocs\erp.local\app\Views\errors\html\error_exception.php:182
Stack trace:
#0 C:\xampp\htdocs\erp.local\app\Views\errors\html\error_exception.php(182): htmlspecialchars(Resource id #42, 8, 'UTF-8')
#1 C:\xampp\htdocs\erp.local\system\Debug\BaseExceptionHandler.php(258): include('C:\\xampp\\htdocs...')
#2 C:\xampp\htdocs\erp.local\system\Debug\BaseExceptionHandler.php(261): CodeIgniter\Debug\BaseExceptionHandler->CodeIgniter\Debug\{closure}()
#3 C:\xampp\htdocs\erp.local\system\Debug\ExceptionHandler.php(112): CodeIgniter\Debug\BaseExceptionHandler->render(Object(CodeIgniter\Database\Exceptions\DatabaseException), 500, 'C:\\xampp\\htdocs...')
#4 C:\xampp\htdocs\erp.local\system\Debug\Exceptions.php(156): CodeIgniter\Debug\ExceptionHandler->handle(Object(CodeIgniter\Database\Exceptions\DatabaseException), Object(CodeIgniter\HTTP\IncomingRequest), Object(CodeIgniter\HTTP\Response), 500, 8)
#5 [internal function]: CodeIgniter\Debug\Exceptions->exceptionHandler(Object(CodeIgniter\Database\Exceptions\DatabaseException))
#6 {main}
  thrown
【Previous Exception】
CodeIgniter\Database\Exceptions\DatabaseException
Column 'id_contador' in where clause is ambiguous
#0 C:\xampp\htdocs\erp.local\system\Database\BaseBuilder.php(1616): CodeIgniter\Database\BaseConnection->query('SELECT `cobranc...', Array, false)
#1 C:\xampp\htdocs\erp.local\app\Models\BaseAppModel.php(129): CodeIgniter\Database\BaseBuilder->get()
#2 C:\xampp\htdocs\erp.local\app\Controllers\Cobranca.php(296): App\Models\BaseAppModel->findAll()
#3 C:\xampp\htdocs\erp.local\system\CodeIgniter.php(941): App\Controllers\Cobranca->adminLista()
#4 C:\xampp\htdocs\erp.local\system\CodeIgniter.php(502): CodeIgniter\CodeIgniter->runController(Object(App\Controllers\Cobranca))
#5 C:\xampp\htdocs\erp.local\system\CodeIgniter.php(361): CodeIgniter\CodeIgniter->handleRequest(NULL, Object(Config\Cache), false)
#6 C:\xampp\htdocs\erp.local\public\index.php(79): CodeIgniter\CodeIgniter->run()
#7 {main}
in APPPATH\Views\errors\html\error_exception.php on line 182.
 1 [internal function]: CodeIgniter\Debug\Exceptions->shutdownHandler()
INFO - 2025-09-25 00:54:51 --> Session: Class initialized using 'CodeIgniter\Session\Handlers\FileHandler' driver.
INFO - 2025-09-25 00:54:52 --> Session: Class initialized using 'CodeIgniter\Session\Handlers\FileHandler' driver.
INFO - 2025-09-25 00:54:55 --> Session: Class initialized using 'CodeIgniter\Session\Handlers\FileHandler' driver.
INFO - 2025-09-25 00:54:55 --> Session: Class initialized using 'CodeIgniter\Session\Handlers\FileHandler' driver.
CRITICAL - 2025-09-25 00:54:55 --> ErrorException: Undefined variable $link
in APPPATH\Views\templates\footer.php on line 41.
 1 APPPATH\Views\templates\footer.php(41): CodeIgniter\Debug\Exceptions->errorHandler(2, 'Undefined variable $link', 'C:\\xampp\\htdocs\\erp.local\\app\\Views\\templates\\footer.php', 41)
 2 SYSTEMPATH\View\View.php(228): include('C:\\xampp\\htdocs\\erp.local\\app\\Views\\templates\\footer.php')
 3 SYSTEMPATH\View\View.php(231): CodeIgniter\View\View->CodeIgniter\View\{closure}()
 4 SYSTEMPATH\View\View.php(469): CodeIgniter\View\View->render('templates/footer', null, true)
 5 APPPATH\Views\templates\default.php(101): CodeIgniter\View\View->include('templates/footer')
 6 SYSTEMPATH\View\View.php(228): include('C:\\xampp\\htdocs\\erp.local\\app\\Views\\templates\\default.php')
 7 SYSTEMPATH\View\View.php(231): CodeIgniter\View\View->CodeIgniter\View\{closure}()
 8 SYSTEMPATH\View\View.php(244): CodeIgniter\View\View->render('templates/default', [], true)
 9 SYSTEMPATH\Common.php(1178): CodeIgniter\View\View->render('painel_empresa/index', [], true)
10 APPPATH\Controllers\PainelEmpresa.php(40): view('painel_empresa/index', [...])
11 SYSTEMPATH\CodeIgniter.php(941): App\Controllers\PainelEmpresa->index()
12 SYSTEMPATH\CodeIgniter.php(502): CodeIgniter\CodeIgniter->runController(Object(App\Controllers\PainelEmpresa))
13 SYSTEMPATH\CodeIgniter.php(361): CodeIgniter\CodeIgniter->handleRequest(null, Object(Config\Cache), false)
14 FCPATH\index.php(79): CodeIgniter\CodeIgniter->run()
CRITICAL - 2025-09-25 00:54:55 --> ErrorException: Uncaught TypeError: htmlspecialchars(): Argument #1 ($string) must be of type string, resource given in C:\xampp\htdocs\erp.local\app\Views\errors\html\error_exception.php:182
Stack trace:
#0 C:\xampp\htdocs\erp.local\app\Views\errors\html\error_exception.php(182): htmlspecialchars(Resource id #42, 8, 'UTF-8')
#1 C:\xampp\htdocs\erp.local\system\Debug\BaseExceptionHandler.php(258): include('C:\\xampp\\htdocs...')
#2 C:\xampp\htdocs\erp.local\system\Debug\BaseExceptionHandler.php(261): CodeIgniter\Debug\BaseExceptionHandler->CodeIgniter\Debug\{closure}()
#3 C:\xampp\htdocs\erp.local\system\Debug\ExceptionHandler.php(112): CodeIgniter\Debug\BaseExceptionHandler->render(Object(ErrorException), 500, 'C:\\xampp\\htdocs...')
#4 C:\xampp\htdocs\erp.local\system\Debug\Exceptions.php(156): CodeIgniter\Debug\ExceptionHandler->handle(Object(ErrorException), Object(CodeIgniter\HTTP\IncomingRequest), Object(CodeIgniter\HTTP\Response), 500, 1)
#5 [internal function]: CodeIgniter\Debug\Exceptions->exceptionHandler(Object(ErrorException))
#6 {main}
  thrown
【Previous Exception】
ErrorException
Undefined variable $link
#0 C:\xampp\htdocs\erp.local\app\Views\templates\footer.php(41): CodeIgniter\Debug\Exceptions->errorHandler(2, 'Undefined varia...', 'C:\\xampp\\htdocs...', 41)
#1 C:\xampp\htdocs\erp.local\system\View\View.php(228): include('C:\\xampp\\htdocs...')
#2 C:\xampp\htdocs\erp.local\system\View\View.php(231): CodeIgniter\View\View->CodeIgniter\View\{closure}()
#3 C:\xampp\htdocs\erp.local\system\View\View.php(469): CodeIgniter\View\View->render('templates/foote...', NULL, true)
#4 C:\xampp\htdocs\erp.local\app\Views\templates\default.php(101): CodeIgniter\View\View->include('templates/foote...')
#5 C:\xampp\htdocs\erp.local\system\View\View.php(228): include('C:\\xampp\\htdocs...')
#6 C:\xampp\htdocs\erp.local\system\View\View.php(231): CodeIgniter\View\View->CodeIgniter\View\{closure}()
#7 C:\xampp\htdocs\erp.local\system\View\View.php(244): CodeIgniter\View\View->render('templates/defau...', Array, true)
#8 C:\xampp\htdocs\erp.local\system\Common.php(1178): CodeIgniter\View\View->render('painel_empresa/...', Array, true)
#9 C:\xampp\htdocs\erp.local\app\Controllers\PainelEmpresa.php(40): view('painel_empresa/...', Array)
#10 C:\xampp\htdocs\erp.local\system\CodeIgniter.php(941): App\Controllers\PainelEmpresa->index()
#11 C:\xampp\htdocs\erp.local\system\CodeIgniter.php(502): CodeIgniter\CodeIgniter->runController(Object(App\Controllers\PainelEmpresa))
#12 C:\xampp\htdocs\erp.local\system\CodeIgniter.php(361): CodeIgniter\CodeIgniter->handleRequest(NULL, Object(Config\Cache), false)
#13 C:\xampp\htdocs\erp.local\public\index.php(79): CodeIgniter\CodeIgniter->run()
#14 {main}
in APPPATH\Views\errors\html\error_exception.php on line 182.
 1 [internal function]: CodeIgniter\Debug\Exceptions->shutdownHandler()
INFO - 2025-09-25 00:58:52 --> Session: Class initialized using 'CodeIgniter\Session\Handlers\FileHandler' driver.
INFO - 2025-09-25 00:58:59 --> Session: Class initialized using 'CodeIgniter\Session\Handlers\FileHandler' driver.
INFO - 2025-09-25 00:59:03 --> Session: Class initialized using 'CodeIgniter\Session\Handlers\FileHandler' driver.
INFO - 2025-09-25 00:59:03 --> Session: Class initialized using 'CodeIgniter\Session\Handlers\FileHandler' driver.
INFO - 2025-09-25 00:59:05 --> Session: Class initialized using 'CodeIgniter\Session\Handlers\FileHandler' driver.
INFO - 2025-09-25 00:59:07 --> Session: Class initialized using 'CodeIgniter\Session\Handlers\FileHandler' driver.
INFO - 2025-09-25 00:59:08 --> Session: Class initialized using 'CodeIgniter\Session\Handlers\FileHandler' driver.
INFO - 2025-09-25 00:59:09 --> Session: Class initialized using 'CodeIgniter\Session\Handlers\FileHandler' driver.
INFO - 2025-09-25 00:59:10 --> Session: Class initialized using 'CodeIgniter\Session\Handlers\FileHandler' driver.
INFO - 2025-09-25 00:59:14 --> Session: Class initialized using 'CodeIgniter\Session\Handlers\FileHandler' driver.
INFO - 2025-09-25 00:59:14 --> Session: Class initialized using 'CodeIgniter\Session\Handlers\FileHandler' driver.
INFO - 2025-09-25 00:59:17 --> Session: Class initialized using 'CodeIgniter\Session\Handlers\FileHandler' driver.
INFO - 2025-09-25 00:59:17 --> Session: Class initialized using 'CodeIgniter\Session\Handlers\FileHandler' driver.
INFO - 2025-09-25 00:59:28 --> Session: Class initialized using 'CodeIgniter\Session\Handlers\FileHandler' driver.
INFO - 2025-09-25 00:59:32 --> Session: Class initialized using 'CodeIgniter\Session\Handlers\FileHandler' driver.
INFO - 2025-09-25 00:59:33 --> Session: Class initialized using 'CodeIgniter\Session\Handlers\FileHandler' driver.
INFO - 2025-09-25 00:59:37 --> Session: Class initialized using 'CodeIgniter\Session\Handlers\FileHandler' driver.
INFO - 2025-09-25 00:59:38 --> Session: Class initialized using 'CodeIgniter\Session\Handlers\FileHandler' driver.
INFO - 2025-09-25 00:59:40 --> Session: Class initialized using 'CodeIgniter\Session\Handlers\FileHandler' driver.
INFO - 2025-09-25 00:59:40 --> Session: Class initialized using 'CodeIgniter\Session\Handlers\FileHandler' driver.
INFO - 2025-09-25 00:59:41 --> Session: Class initialized using 'CodeIgniter\Session\Handlers\FileHandler' driver.
INFO - 2025-09-25 00:59:41 --> Session: Class initialized using 'CodeIgniter\Session\Handlers\FileHandler' driver.
INFO - 2025-09-25 00:59:41 --> Session: Class initialized using 'CodeIgniter\Session\Handlers\FileHandler' driver.
INFO - 2025-09-25 00:59:41 --> Session: Class initialized using 'CodeIgniter\Session\Handlers\FileHandler' driver.
INFO - 2025-09-25 00:59:45 --> Session: Class initialized using 'CodeIgniter\Session\Handlers\FileHandler' driver.
INFO - 2025-09-25 01:00:03 --> Session: Class initialized using 'CodeIgniter\Session\Handlers\FileHandler' driver.
INFO - 2025-09-25 01:00:05 --> Session: Class initialized using 'CodeIgniter\Session\Handlers\FileHandler' driver.
INFO - 2025-09-25 01:00:09 --> Session: Class initialized using 'CodeIgniter\Session\Handlers\FileHandler' driver.
INFO - 2025-09-25 01:00:10 --> Session: Class initialized using 'CodeIgniter\Session\Handlers\FileHandler' driver.
INFO - 2025-09-25 01:00:13 --> Session: Class initialized using 'CodeIgniter\Session\Handlers\FileHandler' driver.
INFO - 2025-09-25 01:00:17 --> Session: Class initialized using 'CodeIgniter\Session\Handlers\FileHandler' driver.
INFO - 2025-09-25 01:00:25 --> Session: Class initialized using 'CodeIgniter\Session\Handlers\FileHandler' driver.
INFO - 2025-09-25 01:00:28 --> Session: Class initialized using 'CodeIgniter\Session\Handlers\FileHandler' driver.
INFO - 2025-09-25 01:00:29 --> Session: Class initialized using 'CodeIgniter\Session\Handlers\FileHandler' driver.
INFO - 2025-09-25 01:00:44 --> Session: Class initialized using 'CodeIgniter\Session\Handlers\FileHandler' driver.
INFO - 2025-09-25 01:00:47 --> Session: Class initialized using 'CodeIgniter\Session\Handlers\FileHandler' driver.
INFO - 2025-09-25 01:00:54 --> Session: Class initialized using 'CodeIgniter\Session\Handlers\FileHandler' driver.
INFO - 2025-09-25 01:00:59 --> Session: Class initialized using 'CodeIgniter\Session\Handlers\FileHandler' driver.
INFO - 2025-09-25 01:00:59 --> Session: Class initialized using 'CodeIgniter\Session\Handlers\FileHandler' driver.
INFO - 2025-09-25 01:01:09 --> Session: Class initialized using 'CodeIgniter\Session\Handlers\FileHandler' driver.
INFO - 2025-09-25 01:01:10 --> Session: Class initialized using 'CodeIgniter\Session\Handlers\FileHandler' driver.
INFO - 2025-09-25 01:01:15 --> Session: Class initialized using 'CodeIgniter\Session\Handlers\FileHandler' driver.
INFO - 2025-09-25 01:01:25 --> Session: Class initialized using 'CodeIgniter\Session\Handlers\FileHandler' driver.
INFO - 2025-09-25 01:01:25 --> Session: Class initialized using 'CodeIgniter\Session\Handlers\FileHandler' driver.
INFO - 2025-09-25 01:01:30 --> Session: Class initialized using 'CodeIgniter\Session\Handlers\FileHandler' driver.
INFO - 2025-09-25 01:01:31 --> Session: Class initialized using 'CodeIgniter\Session\Handlers\FileHandler' driver.
INFO - 2025-09-25 01:01:32 --> Session: Class initialized using 'CodeIgniter\Session\Handlers\FileHandler' driver.
INFO - 2025-09-25 01:01:32 --> Session: Class initialized using 'CodeIgniter\Session\Handlers\FileHandler' driver.
INFO - 2025-09-25 01:01:35 --> Session: Class initialized using 'CodeIgniter\Session\Handlers\FileHandler' driver.
CRITICAL - 2025-09-25 01:01:35 --> CodeIgniter\HTTP\Exceptions\HTTPException: Failed to parse JSON string. Error: Syntax error
in SYSTEMPATH\HTTP\IncomingRequest.php on line 588.
 1 SYSTEMPATH\HTTP\IncomingRequest.php(588): CodeIgniter\HTTP\Exceptions\HTTPException::forInvalidJSON('Syntax error')
 2 APPPATH\Controllers\LoginPDV.php(50): CodeIgniter\HTTP\IncomingRequest->getJSON(true)
 3 SYSTEMPATH\CodeIgniter.php(941): App\Controllers\LoginPDV->autenticar()
 4 SYSTEMPATH\CodeIgniter.php(502): CodeIgniter\CodeIgniter->runController(Object(App\Controllers\LoginPDV))
 5 SYSTEMPATH\CodeIgniter.php(361): CodeIgniter\CodeIgniter->handleRequest(null, Object(Config\Cache), false)
 6 FCPATH\index.php(79): CodeIgniter\CodeIgniter->run()
INFO - 2025-09-25 01:01:42 --> Session: Class initialized using 'CodeIgniter\Session\Handlers\FileHandler' driver.
CRITICAL - 2025-09-25 01:01:42 --> CodeIgniter\HTTP\Exceptions\HTTPException: Failed to parse JSON string. Error: Syntax error
in SYSTEMPATH\HTTP\IncomingRequest.php on line 588.
 1 SYSTEMPATH\HTTP\IncomingRequest.php(588): CodeIgniter\HTTP\Exceptions\HTTPException::forInvalidJSON('Syntax error')
 2 APPPATH\Controllers\LoginPDV.php(50): CodeIgniter\HTTP\IncomingRequest->getJSON(true)
 3 SYSTEMPATH\CodeIgniter.php(941): App\Controllers\LoginPDV->autenticar()
 4 SYSTEMPATH\CodeIgniter.php(502): CodeIgniter\CodeIgniter->runController(Object(App\Controllers\LoginPDV))
 5 SYSTEMPATH\CodeIgniter.php(361): CodeIgniter\CodeIgniter->handleRequest(null, Object(Config\Cache), false)
 6 FCPATH\index.php(79): CodeIgniter\CodeIgniter->run()
INFO - 2025-09-25 01:01:52 --> Session: Class initialized using 'CodeIgniter\Session\Handlers\FileHandler' driver.
INFO - 2025-09-25 01:01:52 --> Session: Class initialized using 'CodeIgniter\Session\Handlers\FileHandler' driver.
INFO - 2025-09-25 01:01:57 --> Session: Class initialized using 'CodeIgniter\Session\Handlers\FileHandler' driver.
CRITICAL - 2025-09-25 01:01:57 --> CodeIgniter\HTTP\Exceptions\HTTPException: Failed to parse JSON string. Error: Syntax error
in SYSTEMPATH\HTTP\IncomingRequest.php on line 588.
 1 SYSTEMPATH\HTTP\IncomingRequest.php(588): CodeIgniter\HTTP\Exceptions\HTTPException::forInvalidJSON('Syntax error')
 2 APPPATH\Controllers\LoginPDV.php(50): CodeIgniter\HTTP\IncomingRequest->getJSON(true)
 3 SYSTEMPATH\CodeIgniter.php(941): App\Controllers\LoginPDV->autenticar()
 4 SYSTEMPATH\CodeIgniter.php(502): CodeIgniter\CodeIgniter->runController(Object(App\Controllers\LoginPDV))
 5 SYSTEMPATH\CodeIgniter.php(361): CodeIgniter\CodeIgniter->handleRequest(null, Object(Config\Cache), false)
 6 FCPATH\index.php(79): CodeIgniter\CodeIgniter->run()
INFO - 2025-09-25 01:02:02 --> Session: Class initialized using 'CodeIgniter\Session\Handlers\FileHandler' driver.
CRITICAL - 2025-09-25 01:02:02 --> CodeIgniter\HTTP\Exceptions\HTTPException: Failed to parse JSON string. Error: Syntax error
in SYSTEMPATH\HTTP\IncomingRequest.php on line 588.
 1 SYSTEMPATH\HTTP\IncomingRequest.php(588): CodeIgniter\HTTP\Exceptions\HTTPException::forInvalidJSON('Syntax error')
 2 APPPATH\Controllers\LoginPDV.php(50): CodeIgniter\HTTP\IncomingRequest->getJSON(true)
 3 SYSTEMPATH\CodeIgniter.php(941): App\Controllers\LoginPDV->autenticar()
 4 SYSTEMPATH\CodeIgniter.php(502): CodeIgniter\CodeIgniter->runController(Object(App\Controllers\LoginPDV))
 5 SYSTEMPATH\CodeIgniter.php(361): CodeIgniter\CodeIgniter->handleRequest(null, Object(Config\Cache), false)
 6 FCPATH\index.php(79): CodeIgniter\CodeIgniter->run()
INFO - 2025-09-25 01:07:50 --> Session: Class initialized using 'CodeIgniter\Session\Handlers\FileHandler' driver.
INFO - 2025-09-25 01:11:51 --> Session: Class initialized using 'CodeIgniter\Session\Handlers\FileHandler' driver.
INFO - 2025-09-25 01:11:51 --> Session: Class initialized using 'CodeIgniter\Session\Handlers\FileHandler' driver.
INFO - 2025-09-25 01:11:52 --> Session: Class initialized using 'CodeIgniter\Session\Handlers\FileHandler' driver.
INFO - 2025-09-25 01:11:52 --> Session: Class initialized using 'CodeIgniter\Session\Handlers\FileHandler' driver.
INFO - 2025-09-25 01:11:52 --> Session: Class initialized using 'CodeIgniter\Session\Handlers\FileHandler' driver.
INFO - 2025-09-25 01:11:52 --> Session: Class initialized using 'CodeIgniter\Session\Handlers\FileHandler' driver.
INFO - 2025-09-25 01:11:56 --> Session: Class initialized using 'CodeIgniter\Session\Handlers\FileHandler' driver.
CRITICAL - 2025-09-25 01:11:58 --> ATENÇÃO: Shifts::close() FOI EXECUTADO. id=27
DEBUG - 2025-09-25 01:11:58 --> Shifts::close - Início. ID turno=27, payload={"closed_by":"pdv","closing_amount":"0,00","id_cash_register":"3"}
DEBUG - 2025-09-25 01:11:58 --> Shifts::close - closing_amount normalizado=0
INFO - 2025-09-25 01:11:58 --> Session: Class initialized using 'CodeIgniter\Session\Handlers\FileHandler' driver.
DEBUG - 2025-09-25 01:11:58 --> Shifts::close - Turno atual carregado: {"id_shift":"27","id_cash_register":"3","opened_by":"pdv","closed_by":"","opened_at":"2025-09-24 23:57:53","closed_at":"0000-00-00 00:00:00","opening_amount":"0.00","closing_amount":"0.00","status":"open","id_contador":"1","id_empresa":"6","created_at":"2025-09-24 23:57:54","updated_at":"2025-09-24 23:57:54","deleted_at":"0000-00-00 00:00:00"}
DEBUG - 2025-09-25 01:11:58 --> Shifts::close - Totais por pagamento: []
DEBUG - 2025-09-25 01:11:58 --> Shifts::close - Dados para update: {"closed_by":"pdv","closed_at":"2025-09-25 01:11:58","closing_amount":0,"status":"closed","id_cash_register":3}
DEBUG - 2025-09-25 01:11:58 --> Shifts::close - Sucesso. Registro atualizado: {"id_shift":"27","id_cash_register":"3","opened_by":"pdv","closed_by":"pdv","opened_at":"2025-09-24 23:57:53","closed_at":"2025-09-25 01:11:58","opening_amount":"0.00","closing_amount":"0.00","status":"closed","id_contador":"1","id_empresa":"6","created_at":"2025-09-24 23:57:54","updated_at":"2025-09-25 01:11:58","deleted_at":"0000-00-00 00:00:00"}
DEBUG - 2025-09-25 01:11:58 --> Shifts::close - Tentando fechar caixa com: contador=1, empresa=6, usuario=0, valor=0
DEBUG - 2025-09-25 01:11:58 --> CaixaSessaoModel::closeOpenSession - Início: contador=1, empresa=6, usuario=0, valor=0
DEBUG - 2025-09-25 01:11:58 --> CaixaSessaoModel::closeOpenSession - Resultado query: null
ERROR - 2025-09-25 01:11:58 --> Shifts::close - Falha ao fechar caixa via model: Nenhum caixa aberto encontrado.
INFO - 2025-09-25 01:12:00 --> Session: Class initialized using 'CodeIgniter\Session\Handlers\FileHandler' driver.
INFO - 2025-09-25 01:12:00 --> Shifts::open - Caixa sessão aberta via model centralizado.
INFO - 2025-09-25 01:12:00 --> Session: Class initialized using 'CodeIgniter\Session\Handlers\FileHandler' driver.
INFO - 2025-09-25 01:12:02 --> Session: Class initialized using 'CodeIgniter\Session\Handlers\FileHandler' driver.
INFO - 2025-09-25 01:12:05 --> Session: Class initialized using 'CodeIgniter\Session\Handlers\FileHandler' driver.
INFO - 2025-09-25 01:12:07 --> Session: Class initialized using 'CodeIgniter\Session\Handlers\FileHandler' driver.
DEBUG - 2025-09-25 01:12:07 --> Products::search - Termo: , Contador: 1, Empresa: 6, Page: 1, Limit: 50
INFO - 2025-09-25 01:12:09 --> Session: Class initialized using 'CodeIgniter\Session\Handlers\FileHandler' driver.
DEBUG - 2025-09-25 01:12:09 --> Products::search - Termo: 27, Contador: 1, Empresa: 6, Page: 1, Limit: 50
DEBUG - 2025-09-25 01:12:09 --> Products::search - Resultados encontrados: 1
DEBUG - 2025-09-25 01:12:09 --> Products::search - Primeiro resultado: {"id_produto":"27","nome":"CASE IP 16","codigo_de_barras":"1","valor_unitario":"20","CFOP_NFe":"5403","CFOP_NFCe":"5102","CFOP_Externo":"6104","NCM":"00000000","CSOSN":"103","id_unidade":"1","id_contador":"1","id_empresa":"6","created_at":"2025-09-17 06:20:21","updated_at":"2025-09-24 05:46:10","deleted_at":"0000-00-00 00:00:00","estoque":"6.000","estoque_minimo":"0.000"}
DEBUG - 2025-09-25 01:12:09 --> Products::search - Primeiro resultado mapeado: {"id_produto":"27","nome":"CASE IP 16","codigo_de_barras":"1","valor_unitario":"20","CFOP_NFe":"5403","CFOP_NFCe":"5102","CFOP_Externo":"6104","NCM":"00000000","CSOSN":"103","id_unidade":"1","id_contador":"1","id_empresa":"6","created_at":"2025-09-17 06:20:21","updated_at":"2025-09-24 05:46:10","deleted_at":"0000-00-00 00:00:00","estoque":"6.000","estoque_minimo":"0.000","quantidade_estoque":6,"id":"27","codigo_barras":"1","preco_unitario":"20.00"}
INFO - 2025-09-25 01:12:09 --> Session: Class initialized using 'CodeIgniter\Session\Handlers\FileHandler' driver.
INFO - 2025-09-25 01:12:09 --> Session: Class initialized using 'CodeIgniter\Session\Handlers\FileHandler' driver.
INFO - 2025-09-25 01:12:16 --> Session: Class initialized using 'CodeIgniter\Session\Handlers\FileHandler' driver.
INFO - 2025-09-25 01:12:17 --> Session: Class initialized using 'CodeIgniter\Session\Handlers\FileHandler' driver.
INFO - 2025-09-25 01:12:17 --> Session: Class initialized using 'CodeIgniter\Session\Handlers\FileHandler' driver.
INFO - 2025-09-25 01:12:18 --> Session: Class initialized using 'CodeIgniter\Session\Handlers\FileHandler' driver.
INFO - 2025-09-25 01:12:20 --> Session: Class initialized using 'CodeIgniter\Session\Handlers\FileHandler' driver.
INFO - 2025-09-25 01:12:22 --> Session: Class initialized using 'CodeIgniter\Session\Handlers\FileHandler' driver.
INFO - 2025-09-25 01:12:27 --> Session: Class initialized using 'CodeIgniter\Session\Handlers\FileHandler' driver.
INFO - 2025-09-25 01:12:43 --> Session: Class initialized using 'CodeIgniter\Session\Handlers\FileHandler' driver.
INFO - 2025-09-25 01:12:46 --> Session: Class initialized using 'CodeIgniter\Session\Handlers\FileHandler' driver.
INFO - 2025-09-25 01:12:46 --> Session: Class initialized using 'CodeIgniter\Session\Handlers\FileHandler' driver.
INFO - 2025-09-25 01:12:47 --> Session: Class initialized using 'CodeIgniter\Session\Handlers\FileHandler' driver.
INFO - 2025-09-25 01:12:47 --> Session: Class initialized using 'CodeIgniter\Session\Handlers\FileHandler' driver.
INFO - 2025-09-25 01:12:47 --> Session: Class initialized using 'CodeIgniter\Session\Handlers\FileHandler' driver.
INFO - 2025-09-25 01:12:47 --> Session: Class initialized using 'CodeIgniter\Session\Handlers\FileHandler' driver.
INFO - 2025-09-25 01:12:50 --> Session: Class initialized using 'CodeIgniter\Session\Handlers\FileHandler' driver.
INFO - 2025-09-25 01:12:51 --> Session: Class initialized using 'CodeIgniter\Session\Handlers\FileHandler' driver.
INFO - 2025-09-25 01:12:52 --> Session: Class initialized using 'CodeIgniter\Session\Handlers\FileHandler' driver.
INFO - 2025-09-25 01:12:53 --> Session: Class initialized using 'CodeIgniter\Session\Handlers\FileHandler' driver.
INFO - 2025-09-25 01:13:06 --> Session: Class initialized using 'CodeIgniter\Session\Handlers\FileHandler' driver.
INFO - 2025-09-25 01:13:17 --> Session: Class initialized using 'CodeIgniter\Session\Handlers\FileHandler' driver.
INFO - 2025-09-25 01:13:17 --> Session: Class initialized using 'CodeIgniter\Session\Handlers\FileHandler' driver.
INFO - 2025-09-25 01:13:31 --> Session: Class initialized using 'CodeIgniter\Session\Handlers\FileHandler' driver.
INFO - 2025-09-25 01:13:37 --> Session: Class initialized using 'CodeIgniter\Session\Handlers\FileHandler' driver.
INFO - 2025-09-25 01:13:43 --> Session: Class initialized using 'CodeIgniter\Session\Handlers\FileHandler' driver.
INFO - 2025-09-25 01:14:11 --> Session: Class initialized using 'CodeIgniter\Session\Handlers\FileHandler' driver.
INFO - 2025-09-25 01:14:11 --> Session: Class initialized using 'CodeIgniter\Session\Handlers\FileHandler' driver.
INFO - 2025-09-25 01:14:15 --> Session: Class initialized using 'CodeIgniter\Session\Handlers\FileHandler' driver.
INFO - 2025-09-25 01:14:15 --> Session: Class initialized using 'CodeIgniter\Session\Handlers\FileHandler' driver.
INFO - 2025-09-25 01:14:16 --> Session: Class initialized using 'CodeIgniter\Session\Handlers\FileHandler' driver.
INFO - 2025-09-25 01:14:16 --> Session: Class initialized using 'CodeIgniter\Session\Handlers\FileHandler' driver.
INFO - 2025-09-25 01:14:26 --> Session: Class initialized using 'CodeIgniter\Session\Handlers\FileHandler' driver.
INFO - 2025-09-25 01:14:30 --> Session: Class initialized using 'CodeIgniter\Session\Handlers\FileHandler' driver.
INFO - 2025-09-25 01:14:30 --> Session: Class initialized using 'CodeIgniter\Session\Handlers\FileHandler' driver.
INFO - 2025-09-25 01:14:30 --> Session: Class initialized using 'CodeIgniter\Session\Handlers\FileHandler' driver.
INFO - 2025-09-25 01:14:30 --> Session: Class initialized using 'CodeIgniter\Session\Handlers\FileHandler' driver.
INFO - 2025-09-25 01:14:30 --> Session: Class initialized using 'CodeIgniter\Session\Handlers\FileHandler' driver.
INFO - 2025-09-25 01:14:30 --> Session: Class initialized using 'CodeIgniter\Session\Handlers\FileHandler' driver.
INFO - 2025-09-25 01:14:36 --> Session: Class initialized using 'CodeIgniter\Session\Handlers\FileHandler' driver.
INFO - 2025-09-25 01:14:36 --> Session: Class initialized using 'CodeIgniter\Session\Handlers\FileHandler' driver.
INFO - 2025-09-25 01:14:36 --> Session: Class initialized using 'CodeIgniter\Session\Handlers\FileHandler' driver.
INFO - 2025-09-25 01:14:36 --> Session: Class initialized using 'CodeIgniter\Session\Handlers\FileHandler' driver.
INFO - 2025-09-25 01:14:36 --> Session: Class initialized using 'CodeIgniter\Session\Handlers\FileHandler' driver.
INFO - 2025-09-25 01:14:36 --> Session: Class initialized using 'CodeIgniter\Session\Handlers\FileHandler' driver.
INFO - 2025-09-25 01:14:37 --> Session: Class initialized using 'CodeIgniter\Session\Handlers\FileHandler' driver.
INFO - 2025-09-25 01:14:37 --> Session: Class initialized using 'CodeIgniter\Session\Handlers\FileHandler' driver.
INFO - 2025-09-25 01:14:38 --> Session: Class initialized using 'CodeIgniter\Session\Handlers\FileHandler' driver.
INFO - 2025-09-25 01:14:38 --> Session: Class initialized using 'CodeIgniter\Session\Handlers\FileHandler' driver.
INFO - 2025-09-25 01:14:38 --> Session: Class initialized using 'CodeIgniter\Session\Handlers\FileHandler' driver.
INFO - 2025-09-25 01:14:38 --> Session: Class initialized using 'CodeIgniter\Session\Handlers\FileHandler' driver.
INFO - 2025-09-25 01:14:38 --> Session: Class initialized using 'CodeIgniter\Session\Handlers\FileHandler' driver.
INFO - 2025-09-25 01:14:38 --> Session: Class initialized using 'CodeIgniter\Session\Handlers\FileHandler' driver.
INFO - 2025-09-25 01:14:39 --> Session: Class initialized using 'CodeIgniter\Session\Handlers\FileHandler' driver.
INFO - 2025-09-25 01:14:40 --> Session: Class initialized using 'CodeIgniter\Session\Handlers\FileHandler' driver.
INFO - 2025-09-25 01:15:00 --> Session: Class initialized using 'CodeIgniter\Session\Handlers\FileHandler' driver.
INFO - 2025-09-25 01:15:12 --> Session: Class initialized using 'CodeIgniter\Session\Handlers\FileHandler' driver.
INFO - 2025-09-25 01:15:12 --> Session: Class initialized using 'CodeIgniter\Session\Handlers\FileHandler' driver.
INFO - 2025-09-25 01:15:12 --> Session: Class initialized using 'CodeIgniter\Session\Handlers\FileHandler' driver.
INFO - 2025-09-25 01:15:12 --> Session: Class initialized using 'CodeIgniter\Session\Handlers\FileHandler' driver.
INFO - 2025-09-25 01:15:13 --> Session: Class initialized using 'CodeIgniter\Session\Handlers\FileHandler' driver.
INFO - 2025-09-25 01:15:13 --> Session: Class initialized using 'CodeIgniter\Session\Handlers\FileHandler' driver.
INFO - 2025-09-25 01:18:39 --> Session: Class initialized using 'CodeIgniter\Session\Handlers\FileHandler' driver.
INFO - 2025-09-25 01:18:40 --> Session: Class initialized using 'CodeIgniter\Session\Handlers\FileHandler' driver.
INFO - 2025-09-25 01:18:41 --> Session: Class initialized using 'CodeIgniter\Session\Handlers\FileHandler' driver.
INFO - 2025-09-25 01:18:41 --> Session: Class initialized using 'CodeIgniter\Session\Handlers\FileHandler' driver.
INFO - 2025-09-25 01:18:43 --> Session: Class initialized using 'CodeIgniter\Session\Handlers\FileHandler' driver.
INFO - 2025-09-25 01:18:43 --> Session: Class initialized using 'CodeIgniter\Session\Handlers\FileHandler' driver.
INFO - 2025-09-25 01:18:44 --> Session: Class initialized using 'CodeIgniter\Session\Handlers\FileHandler' driver.
CRITICAL - 2025-09-25 01:18:45 --> ATENÇÃO: Shifts::close() FOI EXECUTADO. id=32
DEBUG - 2025-09-25 01:18:45 --> Shifts::close - Início. ID turno=32, payload={"closed_by":"pdv","closing_amount":"0,00","id_cash_register":"3"}
DEBUG - 2025-09-25 01:18:45 --> Shifts::close - closing_amount normalizado=0
INFO - 2025-09-25 01:18:45 --> Session: Class initialized using 'CodeIgniter\Session\Handlers\FileHandler' driver.
DEBUG - 2025-09-25 01:18:46 --> Shifts::close - Turno atual carregado: {"id_shift":"32","id_cash_register":"3","opened_by":"pdv","closed_by":"","opened_at":"2025-09-25 01:12:00","closed_at":"0000-00-00 00:00:00","opening_amount":"0.00","closing_amount":"0.00","status":"open","id_contador":"1","id_empresa":"6","created_at":"2025-09-25 01:12:00","updated_at":"2025-09-25 01:12:00","deleted_at":"0000-00-00 00:00:00"}
DEBUG - 2025-09-25 01:18:46 --> Shifts::close - Totais por pagamento: [{"payment_type":"cash","valor":"20.00","qtd":"1"}]
DEBUG - 2025-09-25 01:18:46 --> Shifts::close - Dados para update: {"closed_by":"pdv","closed_at":"2025-09-25 01:18:46","closing_amount":0,"status":"closed","id_cash_register":3}
DEBUG - 2025-09-25 01:18:50 --> Shifts::close - Sucesso. Registro atualizado: {"id_shift":"32","id_cash_register":"3","opened_by":"pdv","closed_by":"pdv","opened_at":"2025-09-25 01:12:00","closed_at":"2025-09-25 01:18:46","opening_amount":"0.00","closing_amount":"0.00","status":"closed","id_contador":"1","id_empresa":"6","created_at":"2025-09-25 01:12:00","updated_at":"2025-09-25 01:18:46","deleted_at":"0000-00-00 00:00:00"}
DEBUG - 2025-09-25 01:18:50 --> Shifts::close - Tentando fechar caixa com: contador=1, empresa=6, usuario=0, valor=0
DEBUG - 2025-09-25 01:18:50 --> CaixaSessaoModel::closeOpenSession - Início: contador=1, empresa=6, usuario=0, valor=0
DEBUG - 2025-09-25 01:18:50 --> CaixaSessaoModel::closeOpenSession - Resultado query: {"id":"24","id_contador":"1","id_empresa":"6","id_usuario_abertura":null,"data_abertura":"2025-09-25 01:12:00","valor_inicial":"0.00","id_usuario_fechamento":null,"data_fechamento":null,"valor_final_contado_dinheiro":"0.00","valor_final_calculado_dinheiro":"0.00","total_vendas_cartao":"0.00","total_vendas_pix":"0.00","total_vendas_outros":"0.00","diferenca_dinheiro":"0.00","status":"aberto","created_at":"2025-09-25 01:12:00","updated_at":"2025-09-25 01:12:00","deleted_at":null}
DEBUG - 2025-09-25 01:18:50 --> CaixaSessaoModel::closeOpenSession - Caixa encontrado: id=24, valor_inicial=0
DEBUG - 2025-09-25 01:18:50 --> CaixaSessaoModel::closeOpenSession - Fazendo update: id=24, dados={"id_usuario_fechamento":null,"data_fechamento":"2025-09-25 01:18:50","valor_final_contado_dinheiro":0,"valor_final_calculado_dinheiro":20,"total_vendas_cartao":0,"total_vendas_pix":0,"total_vendas_outros":0,"diferenca_dinheiro":-20,"status":"fechado"}
DEBUG - 2025-09-25 01:18:51 --> CaixaSessaoModel::closeOpenSession - Update result: ok=true, affected=1
INFO - 2025-09-25 01:18:51 --> CaixaSessaoModel::closeOpenSession - Sucesso! Sessão fechada: id=24
INFO - 2025-09-25 01:18:51 --> Shifts::close - Caixa sessão fechada via model centralizado. id=24
INFO - 2025-09-25 01:18:51 --> Session: Class initialized using 'CodeIgniter\Session\Handlers\FileHandler' driver.
INFO - 2025-09-25 01:18:51 --> Session: Class initialized using 'CodeIgniter\Session\Handlers\FileHandler' driver.
INFO - 2025-09-25 01:18:53 --> Session: Class initialized using 'CodeIgniter\Session\Handlers\FileHandler' driver.
INFO - 2025-09-25 01:18:53 --> Session: Class initialized using 'CodeIgniter\Session\Handlers\FileHandler' driver.
INFO - 2025-09-25 01:19:00 --> Session: Class initialized using 'CodeIgniter\Session\Handlers\FileHandler' driver.
INFO - 2025-09-25 01:19:02 --> Session: Class initialized using 'CodeIgniter\Session\Handlers\FileHandler' driver.
INFO - 2025-09-25 01:19:41 --> Session: Class initialized using 'CodeIgniter\Session\Handlers\FileHandler' driver.
INFO - 2025-09-25 01:19:46 --> Session: Class initialized using 'CodeIgniter\Session\Handlers\FileHandler' driver.
INFO - 2025-09-25 01:19:46 --> Session: Class initialized using 'CodeIgniter\Session\Handlers\FileHandler' driver.
INFO - 2025-09-25 01:19:49 --> Session: Class initialized using 'CodeIgniter\Session\Handlers\FileHandler' driver.
INFO - 2025-09-25 01:19:49 --> Session: Class initialized using 'CodeIgniter\Session\Handlers\FileHandler' driver.
INFO - 2025-09-25 01:19:49 --> Session: Class initialized using 'CodeIgniter\Session\Handlers\FileHandler' driver.
INFO - 2025-09-25 01:19:49 --> Session: Class initialized using 'CodeIgniter\Session\Handlers\FileHandler' driver.
INFO - 2025-09-25 01:19:53 --> Session: Class initialized using 'CodeIgniter\Session\Handlers\FileHandler' driver.
CRITICAL - 2025-09-25 01:19:55 --> ATENÇÃO: Shifts::close() FOI EXECUTADO. id=26
DEBUG - 2025-09-25 01:19:55 --> Shifts::close - Início. ID turno=26, payload={"closed_by":"pdv","closing_amount":"0,00","id_cash_register":"3"}
DEBUG - 2025-09-25 01:19:55 --> Shifts::close - closing_amount normalizado=0
INFO - 2025-09-25 01:19:55 --> Session: Class initialized using 'CodeIgniter\Session\Handlers\FileHandler' driver.
DEBUG - 2025-09-25 01:19:56 --> Shifts::close - Turno atual carregado: {"id_shift":"26","id_cash_register":"3","opened_by":"pdv","closed_by":"","opened_at":"2025-09-24 23:57:51","closed_at":"0000-00-00 00:00:00","opening_amount":"0.00","closing_amount":"0.00","status":"open","id_contador":"1","id_empresa":"6","created_at":"2025-09-24 23:57:54","updated_at":"2025-09-24 23:57:54","deleted_at":"0000-00-00 00:00:00"}
DEBUG - 2025-09-25 01:19:56 --> Shifts::close - Totais por pagamento: []
DEBUG - 2025-09-25 01:19:56 --> Shifts::close - Dados para update: {"closed_by":"pdv","closed_at":"2025-09-25 01:19:56","closing_amount":0,"status":"closed","id_cash_register":3}
DEBUG - 2025-09-25 01:19:56 --> Shifts::close - Sucesso. Registro atualizado: {"id_shift":"26","id_cash_register":"3","opened_by":"pdv","closed_by":"pdv","opened_at":"2025-09-24 23:57:51","closed_at":"2025-09-25 01:19:56","opening_amount":"0.00","closing_amount":"0.00","status":"closed","id_contador":"1","id_empresa":"6","created_at":"2025-09-24 23:57:54","updated_at":"2025-09-25 01:19:56","deleted_at":"0000-00-00 00:00:00"}
DEBUG - 2025-09-25 01:19:56 --> Shifts::close - Tentando fechar caixa com: contador=1, empresa=6, usuario=0, valor=0
DEBUG - 2025-09-25 01:19:56 --> CaixaSessaoModel::closeOpenSession - Início: contador=1, empresa=6, usuario=0, valor=0
DEBUG - 2025-09-25 01:19:56 --> CaixaSessaoModel::closeOpenSession - Resultado query: null
ERROR - 2025-09-25 01:19:56 --> Shifts::close - Falha ao fechar caixa via model: Nenhum caixa aberto encontrado.
INFO - 2025-09-25 01:20:00 --> Session: Class initialized using 'CodeIgniter\Session\Handlers\FileHandler' driver.
INFO - 2025-09-25 01:20:01 --> Session: Class initialized using 'CodeIgniter\Session\Handlers\FileHandler' driver.
INFO - 2025-09-25 01:20:03 --> Session: Class initialized using 'CodeIgniter\Session\Handlers\FileHandler' driver.
INFO - 2025-09-25 01:20:03 --> Session: Class initialized using 'CodeIgniter\Session\Handlers\FileHandler' driver.
INFO - 2025-09-25 01:20:11 --> Session: Class initialized using 'CodeIgniter\Session\Handlers\FileHandler' driver.
INFO - 2025-09-25 01:20:13 --> Session: Class initialized using 'CodeIgniter\Session\Handlers\FileHandler' driver.
INFO - 2025-09-25 01:22:00 --> Session: Class initialized using 'CodeIgniter\Session\Handlers\FileHandler' driver.
INFO - 2025-09-25 01:22:00 --> Session: Class initialized using 'CodeIgniter\Session\Handlers\FileHandler' driver.
INFO - 2025-09-25 01:22:01 --> Session: Class initialized using 'CodeIgniter\Session\Handlers\FileHandler' driver.
INFO - 2025-09-25 01:22:01 --> Session: Class initialized using 'CodeIgniter\Session\Handlers\FileHandler' driver.
INFO - 2025-09-25 01:22:01 --> Session: Class initialized using 'CodeIgniter\Session\Handlers\FileHandler' driver.
INFO - 2025-09-25 01:22:01 --> Session: Class initialized using 'CodeIgniter\Session\Handlers\FileHandler' driver.
INFO - 2025-09-25 01:22:03 --> Session: Class initialized using 'CodeIgniter\Session\Handlers\FileHandler' driver.
CRITICAL - 2025-09-25 01:22:04 --> ATENÇÃO: Shifts::close() FOI EXECUTADO. id=25
DEBUG - 2025-09-25 01:22:04 --> Shifts::close - Início. ID turno=25, payload={"closed_by":"pdv","closing_amount":"0,00","id_cash_register":"3"}
DEBUG - 2025-09-25 01:22:04 --> Shifts::close - closing_amount normalizado=0
INFO - 2025-09-25 01:22:04 --> Session: Class initialized using 'CodeIgniter\Session\Handlers\FileHandler' driver.
DEBUG - 2025-09-25 01:22:04 --> Shifts::close - Turno atual carregado: {"id_shift":"25","id_cash_register":"3","opened_by":"pdv","closed_by":"","opened_at":"2025-09-24 23:57:49","closed_at":"0000-00-00 00:00:00","opening_amount":"0.00","closing_amount":"0.00","status":"open","id_contador":"1","id_empresa":"6","created_at":"2025-09-24 23:57:49","updated_at":"2025-09-24 23:57:49","deleted_at":"0000-00-00 00:00:00"}
DEBUG - 2025-09-25 01:22:04 --> Shifts::close - Totais por pagamento: []
DEBUG - 2025-09-25 01:22:04 --> Shifts::close - Dados para update: {"closed_by":"pdv","closed_at":"2025-09-25 01:22:04","closing_amount":0,"status":"closed","id_cash_register":3}
DEBUG - 2025-09-25 01:22:04 --> Shifts::close - Sucesso. Registro atualizado: {"id_shift":"25","id_cash_register":"3","opened_by":"pdv","closed_by":"pdv","opened_at":"2025-09-24 23:57:49","closed_at":"2025-09-25 01:22:04","opening_amount":"0.00","closing_amount":"0.00","status":"closed","id_contador":"1","id_empresa":"6","created_at":"2025-09-24 23:57:49","updated_at":"2025-09-25 01:22:04","deleted_at":"0000-00-00 00:00:00"}
DEBUG - 2025-09-25 01:22:04 --> Shifts::close - Tentando fechar caixa com: contador=1, empresa=6, usuario=0, valor=0
DEBUG - 2025-09-25 01:22:04 --> CaixaSessaoModel::closeOpenSession - Início: contador=1, empresa=6, usuario=0, valor=0
DEBUG - 2025-09-25 01:22:04 --> CaixaSessaoModel::closeOpenSession - Resultado query: null
ERROR - 2025-09-25 01:22:04 --> Shifts::close - Falha ao fechar caixa via model: Nenhum caixa aberto encontrado.
INFO - 2025-09-25 01:22:08 --> Session: Class initialized using 'CodeIgniter\Session\Handlers\FileHandler' driver.
INFO - 2025-09-25 01:22:08 --> Session: Class initialized using 'CodeIgniter\Session\Handlers\FileHandler' driver.
INFO - 2025-09-25 01:22:10 --> Session: Class initialized using 'CodeIgniter\Session\Handlers\FileHandler' driver.
INFO - 2025-09-25 01:22:10 --> Session: Class initialized using 'CodeIgniter\Session\Handlers\FileHandler' driver.
INFO - 2025-09-25 01:22:17 --> Session: Class initialized using 'CodeIgniter\Session\Handlers\FileHandler' driver.
INFO - 2025-09-25 01:22:19 --> Session: Class initialized using 'CodeIgniter\Session\Handlers\FileHandler' driver.
INFO - 2025-09-25 01:23:02 --> Session: Class initialized using 'CodeIgniter\Session\Handlers\FileHandler' driver.
INFO - 2025-09-25 01:23:03 --> Session: Class initialized using 'CodeIgniter\Session\Handlers\FileHandler' driver.
INFO - 2025-09-25 01:23:03 --> Session: Class initialized using 'CodeIgniter\Session\Handlers\FileHandler' driver.
INFO - 2025-09-25 01:23:03 --> Session: Class initialized using 'CodeIgniter\Session\Handlers\FileHandler' driver.
INFO - 2025-09-25 01:23:03 --> Session: Class initialized using 'CodeIgniter\Session\Handlers\FileHandler' driver.
INFO - 2025-09-25 01:23:04 --> Session: Class initialized using 'CodeIgniter\Session\Handlers\FileHandler' driver.
INFO - 2025-09-25 01:23:15 --> Session: Class initialized using 'CodeIgniter\Session\Handlers\FileHandler' driver.
INFO - 2025-09-25 01:23:15 --> Session: Class initialized using 'CodeIgniter\Session\Handlers\FileHandler' driver.
INFO - 2025-09-25 01:23:32 --> Session: Class initialized using 'CodeIgniter\Session\Handlers\FileHandler' driver.
INFO - 2025-09-25 01:23:46 --> Session: Class initialized using 'CodeIgniter\Session\Handlers\FileHandler' driver.
INFO - 2025-09-25 01:23:48 --> Session: Class initialized using 'CodeIgniter\Session\Handlers\FileHandler' driver.
INFO - 2025-09-25 01:23:48 --> Session: Class initialized using 'CodeIgniter\Session\Handlers\FileHandler' driver.
INFO - 2025-09-25 01:23:50 --> Session: Class initialized using 'CodeIgniter\Session\Handlers\FileHandler' driver.
INFO - 2025-09-25 01:23:52 --> Session: Class initialized using 'CodeIgniter\Session\Handlers\FileHandler' driver.
INFO - 2025-09-25 01:25:08 --> Session: Class initialized using 'CodeIgniter\Session\Handlers\FileHandler' driver.
INFO - 2025-09-25 01:25:09 --> Session: Class initialized using 'CodeIgniter\Session\Handlers\FileHandler' driver.
INFO - 2025-09-25 01:25:10 --> Session: Class initialized using 'CodeIgniter\Session\Handlers\FileHandler' driver.
INFO - 2025-09-25 01:25:11 --> Session: Class initialized using 'CodeIgniter\Session\Handlers\FileHandler' driver.
INFO - 2025-09-25 01:25:18 --> Session: Class initialized using 'CodeIgniter\Session\Handlers\FileHandler' driver.
ERROR - 2025-09-25 01:25:18 --> mysqli_sql_exception: Unknown column 'last_login_at' in 'field list' in C:\xampp\htdocs\erp.local\system\Database\MySQLi\Connection.php:306
Stack trace:
#0 C:\xampp\htdocs\erp.local\system\Database\MySQLi\Connection.php(306): mysqli->query('UPDATE `usuario...', 0)
#1 C:\xampp\htdocs\erp.local\system\Database\BaseConnection.php(693): CodeIgniter\Database\MySQLi\Connection->execute('UPDATE `usuario...')
#2 C:\xampp\htdocs\erp.local\system\Database\BaseConnection.php(607): CodeIgniter\Database\BaseConnection->simpleQuery('UPDATE `usuario...')
#3 C:\xampp\htdocs\erp.local\system\Database\BaseBuilder.php(2474): CodeIgniter\Database\BaseConnection->query('UPDATE `usuario...', Array, false)
#4 C:\xampp\htdocs\erp.local\app\Controllers\LoginPDV.php(105): CodeIgniter\Database\BaseBuilder->update(Array)
#5 C:\xampp\htdocs\erp.local\system\CodeIgniter.php(941): App\Controllers\LoginPDV->autenticar()
#6 C:\xampp\htdocs\erp.local\system\CodeIgniter.php(502): CodeIgniter\CodeIgniter->runController(Object(App\Controllers\LoginPDV))
#7 C:\xampp\htdocs\erp.local\system\CodeIgniter.php(361): CodeIgniter\CodeIgniter->handleRequest(NULL, Object(Config\Cache), false)
#8 C:\xampp\htdocs\erp.local\public\index.php(79): CodeIgniter\CodeIgniter->run()
#9 {main}
CRITICAL - 2025-09-25 01:25:18 --> CodeIgniter\Database\Exceptions\DatabaseException: Unknown column 'last_login_at' in 'field list'
in SYSTEMPATH\Database\BaseConnection.php on line 647.
 1 SYSTEMPATH\Database\BaseBuilder.php(2474): CodeIgniter\Database\BaseConnection->query('UPDATE `usuarios_caixa` SET `last_login_at` = :last_login_at:
WHERE `id` = :id:', [...], false)
 2 APPPATH\Controllers\LoginPDV.php(105): CodeIgniter\Database\BaseBuilder->update([...])
 3 SYSTEMPATH\CodeIgniter.php(941): App\Controllers\LoginPDV->autenticar()
 4 SYSTEMPATH\CodeIgniter.php(502): CodeIgniter\CodeIgniter->runController(Object(App\Controllers\LoginPDV))
 5 SYSTEMPATH\CodeIgniter.php(361): CodeIgniter\CodeIgniter->handleRequest(null, Object(Config\Cache), false)
 6 FCPATH\index.php(79): CodeIgniter\CodeIgniter->run()
CRITICAL - 2025-09-25 01:25:18 --> [Caused by] CodeIgniter\Database\Exceptions\DatabaseException: Unknown column 'last_login_at' in 'field list'
in SYSTEMPATH\Database\MySQLi\Connection.php on line 311.
 1 SYSTEMPATH\Database\BaseConnection.php(693): CodeIgniter\Database\MySQLi\Connection->execute('UPDATE `usuarios_caixa` SET `last_login_at` = \'2025-09-25 01:25:18\'
WHERE `id` = \'1\'')
 2 SYSTEMPATH\Database\BaseConnection.php(607): CodeIgniter\Database\BaseConnection->simpleQuery('UPDATE `usuarios_caixa` SET `last_login_at` = \'2025-09-25 01:25:18\'
WHERE `id` = \'1\'')
 3 SYSTEMPATH\Database\BaseBuilder.php(2474): CodeIgniter\Database\BaseConnection->query('UPDATE `usuarios_caixa` SET `last_login_at` = :last_login_at:
WHERE `id` = :id:', [...], false)
 4 APPPATH\Controllers\LoginPDV.php(105): CodeIgniter\Database\BaseBuilder->update([...])
 5 SYSTEMPATH\CodeIgniter.php(941): App\Controllers\LoginPDV->autenticar()
 6 SYSTEMPATH\CodeIgniter.php(502): CodeIgniter\CodeIgniter->runController(Object(App\Controllers\LoginPDV))
 7 SYSTEMPATH\CodeIgniter.php(361): CodeIgniter\CodeIgniter->handleRequest(null, Object(Config\Cache), false)
 8 FCPATH\index.php(79): CodeIgniter\CodeIgniter->run()
CRITICAL - 2025-09-25 01:25:18 --> [Caused by] mysqli_sql_exception: Unknown column 'last_login_at' in 'field list'
in SYSTEMPATH\Database\MySQLi\Connection.php on line 306.
 1 SYSTEMPATH\Database\MySQLi\Connection.php(306): mysqli->query('UPDATE `usuarios_caixa` SET `last_login_at` = \'2025-09-25 01:25:18\'
WHERE `id` = \'1\'', 0)
 2 SYSTEMPATH\Database\BaseConnection.php(693): CodeIgniter\Database\MySQLi\Connection->execute('UPDATE `usuarios_caixa` SET `last_login_at` = \'2025-09-25 01:25:18\'
WHERE `id` = \'1\'')
 3 SYSTEMPATH\Database\BaseConnection.php(607): CodeIgniter\Database\BaseConnection->simpleQuery('UPDATE `usuarios_caixa` SET `last_login_at` = \'2025-09-25 01:25:18\'
WHERE `id` = \'1\'')
 4 SYSTEMPATH\Database\BaseBuilder.php(2474): CodeIgniter\Database\BaseConnection->query('UPDATE `usuarios_caixa` SET `last_login_at` = :last_login_at:
WHERE `id` = :id:', [...], false)
 5 APPPATH\Controllers\LoginPDV.php(105): CodeIgniter\Database\BaseBuilder->update([...])
 6 SYSTEMPATH\CodeIgniter.php(941): App\Controllers\LoginPDV->autenticar()
 7 SYSTEMPATH\CodeIgniter.php(502): CodeIgniter\CodeIgniter->runController(Object(App\Controllers\LoginPDV))
 8 SYSTEMPATH\CodeIgniter.php(361): CodeIgniter\CodeIgniter->handleRequest(null, Object(Config\Cache), false)
 9 FCPATH\index.php(79): CodeIgniter\CodeIgniter->run()
INFO - 2025-09-25 01:25:28 --> Session: Class initialized using 'CodeIgniter\Session\Handlers\FileHandler' driver.
ERROR - 2025-09-25 01:25:28 --> mysqli_sql_exception: Unknown column 'last_login_at' in 'field list' in C:\xampp\htdocs\erp.local\system\Database\MySQLi\Connection.php:306
Stack trace:
#0 C:\xampp\htdocs\erp.local\system\Database\MySQLi\Connection.php(306): mysqli->query('UPDATE `usuario...', 0)
#1 C:\xampp\htdocs\erp.local\system\Database\BaseConnection.php(693): CodeIgniter\Database\MySQLi\Connection->execute('UPDATE `usuario...')
#2 C:\xampp\htdocs\erp.local\system\Database\BaseConnection.php(607): CodeIgniter\Database\BaseConnection->simpleQuery('UPDATE `usuario...')
#3 C:\xampp\htdocs\erp.local\system\Database\BaseBuilder.php(2474): CodeIgniter\Database\BaseConnection->query('UPDATE `usuario...', Array, false)
#4 C:\xampp\htdocs\erp.local\app\Controllers\LoginPDV.php(105): CodeIgniter\Database\BaseBuilder->update(Array)
#5 C:\xampp\htdocs\erp.local\system\CodeIgniter.php(941): App\Controllers\LoginPDV->autenticar()
#6 C:\xampp\htdocs\erp.local\system\CodeIgniter.php(502): CodeIgniter\CodeIgniter->runController(Object(App\Controllers\LoginPDV))
#7 C:\xampp\htdocs\erp.local\system\CodeIgniter.php(361): CodeIgniter\CodeIgniter->handleRequest(NULL, Object(Config\Cache), false)
#8 C:\xampp\htdocs\erp.local\public\index.php(79): CodeIgniter\CodeIgniter->run()
#9 {main}
CRITICAL - 2025-09-25 01:25:28 --> CodeIgniter\Database\Exceptions\DatabaseException: Unknown column 'last_login_at' in 'field list'
in SYSTEMPATH\Database\BaseConnection.php on line 647.
 1 SYSTEMPATH\Database\BaseBuilder.php(2474): CodeIgniter\Database\BaseConnection->query('UPDATE `usuarios_caixa` SET `last_login_at` = :last_login_at:
WHERE `id` = :id:', [...], false)
 2 APPPATH\Controllers\LoginPDV.php(105): CodeIgniter\Database\BaseBuilder->update([...])
 3 SYSTEMPATH\CodeIgniter.php(941): App\Controllers\LoginPDV->autenticar()
 4 SYSTEMPATH\CodeIgniter.php(502): CodeIgniter\CodeIgniter->runController(Object(App\Controllers\LoginPDV))
 5 SYSTEMPATH\CodeIgniter.php(361): CodeIgniter\CodeIgniter->handleRequest(null, Object(Config\Cache), false)
 6 FCPATH\index.php(79): CodeIgniter\CodeIgniter->run()
CRITICAL - 2025-09-25 01:25:28 --> [Caused by] CodeIgniter\Database\Exceptions\DatabaseException: Unknown column 'last_login_at' in 'field list'
in SYSTEMPATH\Database\MySQLi\Connection.php on line 311.
 1 SYSTEMPATH\Database\BaseConnection.php(693): CodeIgniter\Database\MySQLi\Connection->execute('UPDATE `usuarios_caixa` SET `last_login_at` = \'2025-09-25 01:25:28\'
WHERE `id` = \'1\'')
 2 SYSTEMPATH\Database\BaseConnection.php(607): CodeIgniter\Database\BaseConnection->simpleQuery('UPDATE `usuarios_caixa` SET `last_login_at` = \'2025-09-25 01:25:28\'
WHERE `id` = \'1\'')
 3 SYSTEMPATH\Database\BaseBuilder.php(2474): CodeIgniter\Database\BaseConnection->query('UPDATE `usuarios_caixa` SET `last_login_at` = :last_login_at:
WHERE `id` = :id:', [...], false)
 4 APPPATH\Controllers\LoginPDV.php(105): CodeIgniter\Database\BaseBuilder->update([...])
 5 SYSTEMPATH\CodeIgniter.php(941): App\Controllers\LoginPDV->autenticar()
 6 SYSTEMPATH\CodeIgniter.php(502): CodeIgniter\CodeIgniter->runController(Object(App\Controllers\LoginPDV))
 7 SYSTEMPATH\CodeIgniter.php(361): CodeIgniter\CodeIgniter->handleRequest(null, Object(Config\Cache), false)
 8 FCPATH\index.php(79): CodeIgniter\CodeIgniter->run()
CRITICAL - 2025-09-25 01:25:28 --> [Caused by] mysqli_sql_exception: Unknown column 'last_login_at' in 'field list'
in SYSTEMPATH\Database\MySQLi\Connection.php on line 306.
 1 SYSTEMPATH\Database\MySQLi\Connection.php(306): mysqli->query('UPDATE `usuarios_caixa` SET `last_login_at` = \'2025-09-25 01:25:28\'
WHERE `id` = \'1\'', 0)
 2 SYSTEMPATH\Database\BaseConnection.php(693): CodeIgniter\Database\MySQLi\Connection->execute('UPDATE `usuarios_caixa` SET `last_login_at` = \'2025-09-25 01:25:28\'
WHERE `id` = \'1\'')
 3 SYSTEMPATH\Database\BaseConnection.php(607): CodeIgniter\Database\BaseConnection->simpleQuery('UPDATE `usuarios_caixa` SET `last_login_at` = \'2025-09-25 01:25:28\'
WHERE `id` = \'1\'')
 4 SYSTEMPATH\Database\BaseBuilder.php(2474): CodeIgniter\Database\BaseConnection->query('UPDATE `usuarios_caixa` SET `last_login_at` = :last_login_at:
WHERE `id` = :id:', [...], false)
 5 APPPATH\Controllers\LoginPDV.php(105): CodeIgniter\Database\BaseBuilder->update([...])
 6 SYSTEMPATH\CodeIgniter.php(941): App\Controllers\LoginPDV->autenticar()
 7 SYSTEMPATH\CodeIgniter.php(502): CodeIgniter\CodeIgniter->runController(Object(App\Controllers\LoginPDV))
 8 SYSTEMPATH\CodeIgniter.php(361): CodeIgniter\CodeIgniter->handleRequest(null, Object(Config\Cache), false)
 9 FCPATH\index.php(79): CodeIgniter\CodeIgniter->run()
INFO - 2025-09-25 01:25:32 --> Session: Class initialized using 'CodeIgniter\Session\Handlers\FileHandler' driver.
ERROR - 2025-09-25 01:25:32 --> mysqli_sql_exception: Unknown column 'last_login_at' in 'field list' in C:\xampp\htdocs\erp.local\system\Database\MySQLi\Connection.php:306
Stack trace:
#0 C:\xampp\htdocs\erp.local\system\Database\MySQLi\Connection.php(306): mysqli->query('UPDATE `usuario...', 0)
#1 C:\xampp\htdocs\erp.local\system\Database\BaseConnection.php(693): CodeIgniter\Database\MySQLi\Connection->execute('UPDATE `usuario...')
#2 C:\xampp\htdocs\erp.local\system\Database\BaseConnection.php(607): CodeIgniter\Database\BaseConnection->simpleQuery('UPDATE `usuario...')
#3 C:\xampp\htdocs\erp.local\system\Database\BaseBuilder.php(2474): CodeIgniter\Database\BaseConnection->query('UPDATE `usuario...', Array, false)
#4 C:\xampp\htdocs\erp.local\app\Controllers\LoginPDV.php(105): CodeIgniter\Database\BaseBuilder->update(Array)
#5 C:\xampp\htdocs\erp.local\system\CodeIgniter.php(941): App\Controllers\LoginPDV->autenticar()
#6 C:\xampp\htdocs\erp.local\system\CodeIgniter.php(502): CodeIgniter\CodeIgniter->runController(Object(App\Controllers\LoginPDV))
#7 C:\xampp\htdocs\erp.local\system\CodeIgniter.php(361): CodeIgniter\CodeIgniter->handleRequest(NULL, Object(Config\Cache), false)
#8 C:\xampp\htdocs\erp.local\public\index.php(79): CodeIgniter\CodeIgniter->run()
#9 {main}
CRITICAL - 2025-09-25 01:25:32 --> CodeIgniter\Database\Exceptions\DatabaseException: Unknown column 'last_login_at' in 'field list'
in SYSTEMPATH\Database\BaseConnection.php on line 647.
 1 SYSTEMPATH\Database\BaseBuilder.php(2474): CodeIgniter\Database\BaseConnection->query('UPDATE `usuarios_caixa` SET `last_login_at` = :last_login_at:
WHERE `id` = :id:', [...], false)
 2 APPPATH\Controllers\LoginPDV.php(105): CodeIgniter\Database\BaseBuilder->update([...])
 3 SYSTEMPATH\CodeIgniter.php(941): App\Controllers\LoginPDV->autenticar()
 4 SYSTEMPATH\CodeIgniter.php(502): CodeIgniter\CodeIgniter->runController(Object(App\Controllers\LoginPDV))
 5 SYSTEMPATH\CodeIgniter.php(361): CodeIgniter\CodeIgniter->handleRequest(null, Object(Config\Cache), false)
 6 FCPATH\index.php(79): CodeIgniter\CodeIgniter->run()
CRITICAL - 2025-09-25 01:25:32 --> [Caused by] CodeIgniter\Database\Exceptions\DatabaseException: Unknown column 'last_login_at' in 'field list'
in SYSTEMPATH\Database\MySQLi\Connection.php on line 311.
 1 SYSTEMPATH\Database\BaseConnection.php(693): CodeIgniter\Database\MySQLi\Connection->execute('UPDATE `usuarios_caixa` SET `last_login_at` = \'2025-09-25 01:25:32\'
WHERE `id` = \'1\'')
 2 SYSTEMPATH\Database\BaseConnection.php(607): CodeIgniter\Database\BaseConnection->simpleQuery('UPDATE `usuarios_caixa` SET `last_login_at` = \'2025-09-25 01:25:32\'
WHERE `id` = \'1\'')
 3 SYSTEMPATH\Database\BaseBuilder.php(2474): CodeIgniter\Database\BaseConnection->query('UPDATE `usuarios_caixa` SET `last_login_at` = :last_login_at:
WHERE `id` = :id:', [...], false)
 4 APPPATH\Controllers\LoginPDV.php(105): CodeIgniter\Database\BaseBuilder->update([...])
 5 SYSTEMPATH\CodeIgniter.php(941): App\Controllers\LoginPDV->autenticar()
 6 SYSTEMPATH\CodeIgniter.php(502): CodeIgniter\CodeIgniter->runController(Object(App\Controllers\LoginPDV))
 7 SYSTEMPATH\CodeIgniter.php(361): CodeIgniter\CodeIgniter->handleRequest(null, Object(Config\Cache), false)
 8 FCPATH\index.php(79): CodeIgniter\CodeIgniter->run()
CRITICAL - 2025-09-25 01:25:32 --> [Caused by] mysqli_sql_exception: Unknown column 'last_login_at' in 'field list'
in SYSTEMPATH\Database\MySQLi\Connection.php on line 306.
 1 SYSTEMPATH\Database\MySQLi\Connection.php(306): mysqli->query('UPDATE `usuarios_caixa` SET `last_login_at` = \'2025-09-25 01:25:32\'
WHERE `id` = \'1\'', 0)
 2 SYSTEMPATH\Database\BaseConnection.php(693): CodeIgniter\Database\MySQLi\Connection->execute('UPDATE `usuarios_caixa` SET `last_login_at` = \'2025-09-25 01:25:32\'
WHERE `id` = \'1\'')
 3 SYSTEMPATH\Database\BaseConnection.php(607): CodeIgniter\Database\BaseConnection->simpleQuery('UPDATE `usuarios_caixa` SET `last_login_at` = \'2025-09-25 01:25:32\'
WHERE `id` = \'1\'')
 4 SYSTEMPATH\Database\BaseBuilder.php(2474): CodeIgniter\Database\BaseConnection->query('UPDATE `usuarios_caixa` SET `last_login_at` = :last_login_at:
WHERE `id` = :id:', [...], false)
 5 APPPATH\Controllers\LoginPDV.php(105): CodeIgniter\Database\BaseBuilder->update([...])
 6 SYSTEMPATH\CodeIgniter.php(941): App\Controllers\LoginPDV->autenticar()
 7 SYSTEMPATH\CodeIgniter.php(502): CodeIgniter\CodeIgniter->runController(Object(App\Controllers\LoginPDV))
 8 SYSTEMPATH\CodeIgniter.php(361): CodeIgniter\CodeIgniter->handleRequest(null, Object(Config\Cache), false)
 9 FCPATH\index.php(79): CodeIgniter\CodeIgniter->run()
INFO - 2025-09-25 01:25:58 --> Session: Class initialized using 'CodeIgniter\Session\Handlers\FileHandler' driver.
ERROR - 2025-09-25 01:25:58 --> mysqli_sql_exception: Unknown column 'last_login_at' in 'field list' in C:\xampp\htdocs\erp.local\system\Database\MySQLi\Connection.php:306
Stack trace:
#0 C:\xampp\htdocs\erp.local\system\Database\MySQLi\Connection.php(306): mysqli->query('UPDATE `usuario...', 0)
#1 C:\xampp\htdocs\erp.local\system\Database\BaseConnection.php(693): CodeIgniter\Database\MySQLi\Connection->execute('UPDATE `usuario...')
#2 C:\xampp\htdocs\erp.local\system\Database\BaseConnection.php(607): CodeIgniter\Database\BaseConnection->simpleQuery('UPDATE `usuario...')
#3 C:\xampp\htdocs\erp.local\system\Database\BaseBuilder.php(2474): CodeIgniter\Database\BaseConnection->query('UPDATE `usuario...', Array, false)
#4 C:\xampp\htdocs\erp.local\app\Controllers\LoginPDV.php(105): CodeIgniter\Database\BaseBuilder->update(Array)
#5 C:\xampp\htdocs\erp.local\system\CodeIgniter.php(941): App\Controllers\LoginPDV->autenticar()
#6 C:\xampp\htdocs\erp.local\system\CodeIgniter.php(502): CodeIgniter\CodeIgniter->runController(Object(App\Controllers\LoginPDV))
#7 C:\xampp\htdocs\erp.local\system\CodeIgniter.php(361): CodeIgniter\CodeIgniter->handleRequest(NULL, Object(Config\Cache), false)
#8 C:\xampp\htdocs\erp.local\public\index.php(79): CodeIgniter\CodeIgniter->run()
#9 {main}
CRITICAL - 2025-09-25 01:25:58 --> CodeIgniter\Database\Exceptions\DatabaseException: Unknown column 'last_login_at' in 'field list'
in SYSTEMPATH\Database\BaseConnection.php on line 647.
 1 SYSTEMPATH\Database\BaseBuilder.php(2474): CodeIgniter\Database\BaseConnection->query('UPDATE `usuarios_caixa` SET `last_login_at` = :last_login_at:
WHERE `id` = :id:', [...], false)
 2 APPPATH\Controllers\LoginPDV.php(105): CodeIgniter\Database\BaseBuilder->update([...])
 3 SYSTEMPATH\CodeIgniter.php(941): App\Controllers\LoginPDV->autenticar()
 4 SYSTEMPATH\CodeIgniter.php(502): CodeIgniter\CodeIgniter->runController(Object(App\Controllers\LoginPDV))
 5 SYSTEMPATH\CodeIgniter.php(361): CodeIgniter\CodeIgniter->handleRequest(null, Object(Config\Cache), false)
 6 FCPATH\index.php(79): CodeIgniter\CodeIgniter->run()
CRITICAL - 2025-09-25 01:25:58 --> [Caused by] CodeIgniter\Database\Exceptions\DatabaseException: Unknown column 'last_login_at' in 'field list'
in SYSTEMPATH\Database\MySQLi\Connection.php on line 311.
 1 SYSTEMPATH\Database\BaseConnection.php(693): CodeIgniter\Database\MySQLi\Connection->execute('UPDATE `usuarios_caixa` SET `last_login_at` = \'2025-09-25 01:25:58\'
WHERE `id` = \'3\'')
 2 SYSTEMPATH\Database\BaseConnection.php(607): CodeIgniter\Database\BaseConnection->simpleQuery('UPDATE `usuarios_caixa` SET `last_login_at` = \'2025-09-25 01:25:58\'
WHERE `id` = \'3\'')
 3 SYSTEMPATH\Database\BaseBuilder.php(2474): CodeIgniter\Database\BaseConnection->query('UPDATE `usuarios_caixa` SET `last_login_at` = :last_login_at:
WHERE `id` = :id:', [...], false)
 4 APPPATH\Controllers\LoginPDV.php(105): CodeIgniter\Database\BaseBuilder->update([...])
 5 SYSTEMPATH\CodeIgniter.php(941): App\Controllers\LoginPDV->autenticar()
 6 SYSTEMPATH\CodeIgniter.php(502): CodeIgniter\CodeIgniter->runController(Object(App\Controllers\LoginPDV))
 7 SYSTEMPATH\CodeIgniter.php(361): CodeIgniter\CodeIgniter->handleRequest(null, Object(Config\Cache), false)
 8 FCPATH\index.php(79): CodeIgniter\CodeIgniter->run()
CRITICAL - 2025-09-25 01:25:58 --> [Caused by] mysqli_sql_exception: Unknown column 'last_login_at' in 'field list'
in SYSTEMPATH\Database\MySQLi\Connection.php on line 306.
 1 SYSTEMPATH\Database\MySQLi\Connection.php(306): mysqli->query('UPDATE `usuarios_caixa` SET `last_login_at` = \'2025-09-25 01:25:58\'
WHERE `id` = \'3\'', 0)
 2 SYSTEMPATH\Database\BaseConnection.php(693): CodeIgniter\Database\MySQLi\Connection->execute('UPDATE `usuarios_caixa` SET `last_login_at` = \'2025-09-25 01:25:58\'
WHERE `id` = \'3\'')
 3 SYSTEMPATH\Database\BaseConnection.php(607): CodeIgniter\Database\BaseConnection->simpleQuery('UPDATE `usuarios_caixa` SET `last_login_at` = \'2025-09-25 01:25:58\'
WHERE `id` = \'3\'')
 4 SYSTEMPATH\Database\BaseBuilder.php(2474): CodeIgniter\Database\BaseConnection->query('UPDATE `usuarios_caixa` SET `last_login_at` = :last_login_at:
WHERE `id` = :id:', [...], false)
 5 APPPATH\Controllers\LoginPDV.php(105): CodeIgniter\Database\BaseBuilder->update([...])
 6 SYSTEMPATH\CodeIgniter.php(941): App\Controllers\LoginPDV->autenticar()
 7 SYSTEMPATH\CodeIgniter.php(502): CodeIgniter\CodeIgniter->runController(Object(App\Controllers\LoginPDV))
 8 SYSTEMPATH\CodeIgniter.php(361): CodeIgniter\CodeIgniter->handleRequest(null, Object(Config\Cache), false)
 9 FCPATH\index.php(79): CodeIgniter\CodeIgniter->run()
INFO - 2025-09-25 01:28:03 --> Session: Class initialized using 'CodeIgniter\Session\Handlers\FileHandler' driver.
DEBUG - 2025-09-25 01:28:03 --> LoginPDV - Dados salvos na sessão: {"id_login":"18","id_empresa":"6","id_contador":"1","usuario":"Gabriel","nome_completo":"Edimar Gabriel","tipo":4,"xFant":"Leticia","xApp":"PDV System"}
DEBUG - 2025-09-25 01:28:03 --> LoginPDV - Verificação imediata da sessão tipo: 4
INFO - 2025-09-25 01:28:05 --> Session: Class initialized using 'CodeIgniter\Session\Handlers\FileHandler' driver.
INFO - 2025-09-25 01:28:23 --> Session: Class initialized using 'CodeIgniter\Session\Handlers\FileHandler' driver.
INFO - 2025-09-25 01:28:23 --> Session: Class initialized using 'CodeIgniter\Session\Handlers\FileHandler' driver.
INFO - 2025-09-25 01:28:24 --> Session: Class initialized using 'CodeIgniter\Session\Handlers\FileHandler' driver.
INFO - 2025-09-25 01:28:24 --> Session: Class initialized using 'CodeIgniter\Session\Handlers\FileHandler' driver.
INFO - 2025-09-25 01:28:24 --> Session: Class initialized using 'CodeIgniter\Session\Handlers\FileHandler' driver.
INFO - 2025-09-25 01:28:24 --> Session: Class initialized using 'CodeIgniter\Session\Handlers\FileHandler' driver.
CRITICAL - 2025-09-25 21:06:18 --> Error: Class "Locale" not found
in SYSTEMPATH\CodeIgniter.php on line 218.
 1 ROOTPATH\spark(88): CodeIgniter\CodeIgniter->initialize()
CRITICAL - 2025-09-25 21:06:18 --> ErrorException: Uncaught Error: Class "Locale" not found in C:\Users\gabs\Downloads\SaSS-de-notas-fiscais\system\I18n\TimeTrait.php:74
Stack trace:
#0 C:\Users\gabs\Downloads\SaSS-de-notas-fiscais\system\I18n\TimeTrait.php(115): CodeIgniter\I18n\Time->__construct(NULL, NULL, NULL)
#1 C:\Users\gabs\Downloads\SaSS-de-notas-fiscais\system\HTTP\ResponseTrait.php(468): CodeIgniter\I18n\Time::now()
#2 C:\Users\gabs\Downloads\SaSS-de-notas-fiscais\system\HTTP\ResponseTrait.php(446): CodeIgniter\HTTP\Response->sendHeaders()
#3 C:\Users\gabs\Downloads\SaSS-de-notas-fiscais\system\Debug\ExceptionHandler.php(81): CodeIgniter\HTTP\Response->send()
#4 C:\Users\gabs\Downloads\SaSS-de-notas-fiscais\system\Debug\Exceptions.php(156): CodeIgniter\Debug\ExceptionHandler->handle(Object(Error), Object(CodeIgniter\HTTP\IncomingRequest), Object(CodeIgniter\HTTP\Response), 500, 1)
#5 [internal function]: CodeIgniter\Debug\Exceptions->exceptionHandler(Object(Error))
#6 {main}
  thrown
【Previous Exception】
Error
Class "Locale" not found
#0 C:\Users\gabs\Downloads\SaSS-de-notas-fiscais\spark(88): CodeIgniter\CodeIgniter->initialize()
#1 {main}
in SYSTEMPATH\I18n\TimeTrait.php on line 74.
 1 [internal function]: CodeIgniter\Debug\Exceptions->shutdownHandler()
CRITICAL - 2025-09-25 21:08:56 --> Error: Class "Locale" not found
in SYSTEMPATH\CodeIgniter.php on line 218.
 1 FCPATH\index.php(67): CodeIgniter\CodeIgniter->initialize()
CRITICAL - 2025-09-25 21:08:56 --> ErrorException: Uncaught TypeError: htmlspecialchars(): Argument #1 ($string) must be of type string, resource given in C:\xampp\htdocs\erp.local\app\Views\errors\html\error_exception.php:182
Stack trace:
#0 C:\xampp\htdocs\erp.local\app\Views\errors\html\error_exception.php(182): htmlspecialchars(Resource id #42, 8, 'UTF-8')
#1 C:\xampp\htdocs\erp.local\system\Debug\BaseExceptionHandler.php(258): include('C:\\xampp\\htdocs...')
#2 C:\xampp\htdocs\erp.local\system\Debug\BaseExceptionHandler.php(261): CodeIgniter\Debug\BaseExceptionHandler->CodeIgniter\Debug\{closure}()
#3 C:\xampp\htdocs\erp.local\system\Debug\ExceptionHandler.php(112): CodeIgniter\Debug\BaseExceptionHandler->render(Object(Error), 500, 'C:\\xampp\\htdocs...')
#4 C:\xampp\htdocs\erp.local\system\Debug\Exceptions.php(156): CodeIgniter\Debug\ExceptionHandler->handle(Object(Error), Object(CodeIgniter\HTTP\IncomingRequest), Object(CodeIgniter\HTTP\Response), 500, 1)
#5 [internal function]: CodeIgniter\Debug\Exceptions->exceptionHandler(Object(Error))
#6 {main}
  thrown
【Previous Exception】
Error
Class "Locale" not found
#0 C:\xampp\htdocs\erp.local\public\index.php(67): CodeIgniter\CodeIgniter->initialize()
#1 {main}
in APPPATH\Views\errors\html\error_exception.php on line 182.
 1 [internal function]: CodeIgniter\Debug\Exceptions->shutdownHandler()
CRITICAL - 2025-09-25 21:09:21 --> Error: Class "Locale" not found
in SYSTEMPATH\CodeIgniter.php on line 218.
 1 FCPATH\index.php(67): CodeIgniter\CodeIgniter->initialize()
CRITICAL - 2025-09-25 21:09:21 --> ErrorException: Uncaught TypeError: htmlspecialchars(): Argument #1 ($string) must be of type string, resource given in C:\xampp\htdocs\erp.local\app\Views\errors\html\error_exception.php:182
Stack trace:
#0 C:\xampp\htdocs\erp.local\app\Views\errors\html\error_exception.php(182): htmlspecialchars(Resource id #42, 8, 'UTF-8')
#1 C:\xampp\htdocs\erp.local\system\Debug\BaseExceptionHandler.php(258): include('C:\\xampp\\htdocs...')
#2 C:\xampp\htdocs\erp.local\system\Debug\BaseExceptionHandler.php(261): CodeIgniter\Debug\BaseExceptionHandler->CodeIgniter\Debug\{closure}()
#3 C:\xampp\htdocs\erp.local\system\Debug\ExceptionHandler.php(112): CodeIgniter\Debug\BaseExceptionHandler->render(Object(Error), 500, 'C:\\xampp\\htdocs...')
#4 C:\xampp\htdocs\erp.local\system\Debug\Exceptions.php(156): CodeIgniter\Debug\ExceptionHandler->handle(Object(Error), Object(CodeIgniter\HTTP\IncomingRequest), Object(CodeIgniter\HTTP\Response), 500, 1)
#5 [internal function]: CodeIgniter\Debug\Exceptions->exceptionHandler(Object(Error))
#6 {main}
  thrown
【Previous Exception】
Error
Class "Locale" not found
#0 C:\xampp\htdocs\erp.local\public\index.php(67): CodeIgniter\CodeIgniter->initialize()
#1 {main}
in APPPATH\Views\errors\html\error_exception.php on line 182.
 1 [internal function]: CodeIgniter\Debug\Exceptions->shutdownHandler()
CRITICAL - 2025-09-25 21:09:21 --> Error: Class "Locale" not found
in SYSTEMPATH\CodeIgniter.php on line 218.
 1 FCPATH\index.php(67): CodeIgniter\CodeIgniter->initialize()
CRITICAL - 2025-09-25 21:09:21 --> ErrorException: Uncaught TypeError: htmlspecialchars(): Argument #1 ($string) must be of type string, resource given in C:\xampp\htdocs\erp.local\app\Views\errors\html\error_exception.php:182
Stack trace:
#0 C:\xampp\htdocs\erp.local\app\Views\errors\html\error_exception.php(182): htmlspecialchars(Resource id #42, 8, 'UTF-8')
#1 C:\xampp\htdocs\erp.local\system\Debug\BaseExceptionHandler.php(258): include('C:\\xampp\\htdocs...')
#2 C:\xampp\htdocs\erp.local\system\Debug\BaseExceptionHandler.php(261): CodeIgniter\Debug\BaseExceptionHandler->CodeIgniter\Debug\{closure}()
#3 C:\xampp\htdocs\erp.local\system\Debug\ExceptionHandler.php(112): CodeIgniter\Debug\BaseExceptionHandler->render(Object(Error), 500, 'C:\\xampp\\htdocs...')
#4 C:\xampp\htdocs\erp.local\system\Debug\Exceptions.php(156): CodeIgniter\Debug\ExceptionHandler->handle(Object(Error), Object(CodeIgniter\HTTP\IncomingRequest), Object(CodeIgniter\HTTP\Response), 500, 1)
#5 [internal function]: CodeIgniter\Debug\Exceptions->exceptionHandler(Object(Error))
#6 {main}
  thrown
【Previous Exception】
Error
Class "Locale" not found
#0 C:\xampp\htdocs\erp.local\public\index.php(67): CodeIgniter\CodeIgniter->initialize()
#1 {main}
in APPPATH\Views\errors\html\error_exception.php on line 182.
 1 [internal function]: CodeIgniter\Debug\Exceptions->shutdownHandler()
CRITICAL - 2025-09-25 21:09:26 --> Error: Class "Locale" not found
in SYSTEMPATH\CodeIgniter.php on line 218.
 1 FCPATH\index.php(67): CodeIgniter\CodeIgniter->initialize()
CRITICAL - 2025-09-25 21:09:26 --> ErrorException: Uncaught TypeError: htmlspecialchars(): Argument #1 ($string) must be of type string, resource given in C:\xampp\htdocs\erp.local\app\Views\errors\html\error_exception.php:182
Stack trace:
#0 C:\xampp\htdocs\erp.local\app\Views\errors\html\error_exception.php(182): htmlspecialchars(Resource id #42, 8, 'UTF-8')
#1 C:\xampp\htdocs\erp.local\system\Debug\BaseExceptionHandler.php(258): include('C:\\xampp\\htdocs...')
#2 C:\xampp\htdocs\erp.local\system\Debug\BaseExceptionHandler.php(261): CodeIgniter\Debug\BaseExceptionHandler->CodeIgniter\Debug\{closure}()
#3 C:\xampp\htdocs\erp.local\system\Debug\ExceptionHandler.php(112): CodeIgniter\Debug\BaseExceptionHandler->render(Object(Error), 500, 'C:\\xampp\\htdocs...')
#4 C:\xampp\htdocs\erp.local\system\Debug\Exceptions.php(156): CodeIgniter\Debug\ExceptionHandler->handle(Object(Error), Object(CodeIgniter\HTTP\IncomingRequest), Object(CodeIgniter\HTTP\Response), 500, 1)
#5 [internal function]: CodeIgniter\Debug\Exceptions->exceptionHandler(Object(Error))
#6 {main}
  thrown
【Previous Exception】
Error
Class "Locale" not found
#0 C:\xampp\htdocs\erp.local\public\index.php(67): CodeIgniter\CodeIgniter->initialize()
#1 {main}
in APPPATH\Views\errors\html\error_exception.php on line 182.
 1 [internal function]: CodeIgniter\Debug\Exceptions->shutdownHandler()
CRITICAL - 2025-09-25 21:10:15 --> Error: Class "Locale" not found
in SYSTEMPATH\CodeIgniter.php on line 218.
 1 FCPATH\index.php(67): CodeIgniter\CodeIgniter->initialize()
CRITICAL - 2025-09-25 21:10:15 --> ErrorException: Uncaught TypeError: htmlspecialchars(): Argument #1 ($string) must be of type string, resource given in C:\xampp\htdocs\erp.local\app\Views\errors\html\error_exception.php:182
Stack trace:
#0 C:\xampp\htdocs\erp.local\app\Views\errors\html\error_exception.php(182): htmlspecialchars(Resource id #42, 8, 'UTF-8')
#1 C:\xampp\htdocs\erp.local\system\Debug\BaseExceptionHandler.php(258): include('C:\\xampp\\htdocs...')
#2 C:\xampp\htdocs\erp.local\system\Debug\BaseExceptionHandler.php(261): CodeIgniter\Debug\BaseExceptionHandler->CodeIgniter\Debug\{closure}()
#3 C:\xampp\htdocs\erp.local\system\Debug\ExceptionHandler.php(112): CodeIgniter\Debug\BaseExceptionHandler->render(Object(Error), 500, 'C:\\xampp\\htdocs...')
#4 C:\xampp\htdocs\erp.local\system\Debug\Exceptions.php(156): CodeIgniter\Debug\ExceptionHandler->handle(Object(Error), Object(CodeIgniter\HTTP\IncomingRequest), Object(CodeIgniter\HTTP\Response), 500, 1)
#5 [internal function]: CodeIgniter\Debug\Exceptions->exceptionHandler(Object(Error))
#6 {main}
  thrown
【Previous Exception】
Error
Class "Locale" not found
#0 C:\xampp\htdocs\erp.local\public\index.php(67): CodeIgniter\CodeIgniter->initialize()
#1 {main}
in APPPATH\Views\errors\html\error_exception.php on line 182.
 1 [internal function]: CodeIgniter\Debug\Exceptions->shutdownHandler()
CRITICAL - 2025-09-25 21:10:15 --> Error: Class "Locale" not found
in SYSTEMPATH\CodeIgniter.php on line 218.
 1 FCPATH\index.php(67): CodeIgniter\CodeIgniter->initialize()
CRITICAL - 2025-09-25 21:10:15 --> ErrorException: Uncaught TypeError: htmlspecialchars(): Argument #1 ($string) must be of type string, resource given in C:\xampp\htdocs\erp.local\app\Views\errors\html\error_exception.php:182
Stack trace:
#0 C:\xampp\htdocs\erp.local\app\Views\errors\html\error_exception.php(182): htmlspecialchars(Resource id #42, 8, 'UTF-8')
#1 C:\xampp\htdocs\erp.local\system\Debug\BaseExceptionHandler.php(258): include('C:\\xampp\\htdocs...')
#2 C:\xampp\htdocs\erp.local\system\Debug\BaseExceptionHandler.php(261): CodeIgniter\Debug\BaseExceptionHandler->CodeIgniter\Debug\{closure}()
#3 C:\xampp\htdocs\erp.local\system\Debug\ExceptionHandler.php(112): CodeIgniter\Debug\BaseExceptionHandler->render(Object(Error), 500, 'C:\\xampp\\htdocs...')
#4 C:\xampp\htdocs\erp.local\system\Debug\Exceptions.php(156): CodeIgniter\Debug\ExceptionHandler->handle(Object(Error), Object(CodeIgniter\HTTP\IncomingRequest), Object(CodeIgniter\HTTP\Response), 500, 1)
#5 [internal function]: CodeIgniter\Debug\Exceptions->exceptionHandler(Object(Error))
#6 {main}
  thrown
【Previous Exception】
Error
Class "Locale" not found
#0 C:\xampp\htdocs\erp.local\public\index.php(67): CodeIgniter\CodeIgniter->initialize()
#1 {main}
in APPPATH\Views\errors\html\error_exception.php on line 182.
 1 [internal function]: CodeIgniter\Debug\Exceptions->shutdownHandler()
CRITICAL - 2025-09-25 21:11:25 --> Error: Class "Locale" not found
in SYSTEMPATH\CodeIgniter.php on line 218.
 1 FCPATH\index.php(67): CodeIgniter\CodeIgniter->initialize()
CRITICAL - 2025-09-25 21:11:25 --> ErrorException: Uncaught TypeError: htmlspecialchars(): Argument #1 ($string) must be of type string, resource given in C:\xampp\htdocs\erp.local\app\Views\errors\html\error_exception.php:182
Stack trace:
#0 C:\xampp\htdocs\erp.local\app\Views\errors\html\error_exception.php(182): htmlspecialchars(Resource id #42, 8, 'UTF-8')
#1 C:\xampp\htdocs\erp.local\system\Debug\BaseExceptionHandler.php(258): include('C:\\xampp\\htdocs...')
#2 C:\xampp\htdocs\erp.local\system\Debug\BaseExceptionHandler.php(261): CodeIgniter\Debug\BaseExceptionHandler->CodeIgniter\Debug\{closure}()
#3 C:\xampp\htdocs\erp.local\system\Debug\ExceptionHandler.php(112): CodeIgniter\Debug\BaseExceptionHandler->render(Object(Error), 500, 'C:\\xampp\\htdocs...')
#4 C:\xampp\htdocs\erp.local\system\Debug\Exceptions.php(156): CodeIgniter\Debug\ExceptionHandler->handle(Object(Error), Object(CodeIgniter\HTTP\IncomingRequest), Object(CodeIgniter\HTTP\Response), 500, 1)
#5 [internal function]: CodeIgniter\Debug\Exceptions->exceptionHandler(Object(Error))
#6 {main}
  thrown
【Previous Exception】
Error
Class "Locale" not found
#0 C:\xampp\htdocs\erp.local\public\index.php(67): CodeIgniter\CodeIgniter->initialize()
#1 {main}
in APPPATH\Views\errors\html\error_exception.php on line 182.
 1 [internal function]: CodeIgniter\Debug\Exceptions->shutdownHandler()
CRITICAL - 2025-09-25 21:11:26 --> Error: Class "Locale" not found
in SYSTEMPATH\CodeIgniter.php on line 218.
 1 FCPATH\index.php(67): CodeIgniter\CodeIgniter->initialize()
CRITICAL - 2025-09-25 21:11:26 --> ErrorException: Uncaught TypeError: htmlspecialchars(): Argument #1 ($string) must be of type string, resource given in C:\xampp\htdocs\erp.local\app\Views\errors\html\error_exception.php:182
Stack trace:
#0 C:\xampp\htdocs\erp.local\app\Views\errors\html\error_exception.php(182): htmlspecialchars(Resource id #42, 8, 'UTF-8')
#1 C:\xampp\htdocs\erp.local\system\Debug\BaseExceptionHandler.php(258): include('C:\\xampp\\htdocs...')
#2 C:\xampp\htdocs\erp.local\system\Debug\BaseExceptionHandler.php(261): CodeIgniter\Debug\BaseExceptionHandler->CodeIgniter\Debug\{closure}()
#3 C:\xampp\htdocs\erp.local\system\Debug\ExceptionHandler.php(112): CodeIgniter\Debug\BaseExceptionHandler->render(Object(Error), 500, 'C:\\xampp\\htdocs...')
#4 C:\xampp\htdocs\erp.local\system\Debug\Exceptions.php(156): CodeIgniter\Debug\ExceptionHandler->handle(Object(Error), Object(CodeIgniter\HTTP\IncomingRequest), Object(CodeIgniter\HTTP\Response), 500, 1)
#5 [internal function]: CodeIgniter\Debug\Exceptions->exceptionHandler(Object(Error))
#6 {main}
  thrown
【Previous Exception】
Error
Class "Locale" not found
#0 C:\xampp\htdocs\erp.local\public\index.php(67): CodeIgniter\CodeIgniter->initialize()
#1 {main}
in APPPATH\Views\errors\html\error_exception.php on line 182.
 1 [internal function]: CodeIgniter\Debug\Exceptions->shutdownHandler()
ERROR - 2025-09-25 19:11:35 --> Error connecting to the database: mysqli_sql_exception: Unknown database 'erp_local' in C:\xampp\htdocs\erp.local\system\Database\MySQLi\Connection.php:184
Stack trace:
#0 C:\xampp\htdocs\erp.local\system\Database\MySQLi\Connection.php(184): mysqli->real_connect('127.0.0.1', 'root', Object(SensitiveParameterValue), 'erp_local', 3306, '', 0)
#1 C:\xampp\htdocs\erp.local\system\Database\BaseConnection.php(392): CodeIgniter\Database\MySQLi\Connection->connect(false)
#2 C:\xampp\htdocs\erp.local\app\Config\Events.php(68): CodeIgniter\Database\BaseConnection->initialize()
#3 C:\xampp\htdocs\erp.local\system\Events\Events.php(154): CodeIgniter\Events\Events::Config\{closure}()
#4 C:\xampp\htdocs\erp.local\system\CodeIgniter.php(442): CodeIgniter\Events\Events::trigger('pre_system')
#5 C:\xampp\htdocs\erp.local\system\CodeIgniter.php(361): CodeIgniter\CodeIgniter->handleRequest(NULL, Object(Config\Cache), false)
#6 C:\xampp\htdocs\erp.local\public\index.php(79): CodeIgniter\CodeIgniter->run()
#7 {main}

Next CodeIgniter\Database\Exceptions\DatabaseException: Unknown database 'erp_local' in C:\xampp\htdocs\erp.local\system\Database\MySQLi\Connection.php:229
Stack trace:
#0 C:\xampp\htdocs\erp.local\system\Database\BaseConnection.php(392): CodeIgniter\Database\MySQLi\Connection->connect(false)
#1 C:\xampp\htdocs\erp.local\app\Config\Events.php(68): CodeIgniter\Database\BaseConnection->initialize()
#2 C:\xampp\htdocs\erp.local\system\Events\Events.php(154): CodeIgniter\Events\Events::Config\{closure}()
#3 C:\xampp\htdocs\erp.local\system\CodeIgniter.php(442): CodeIgniter\Events\Events::trigger('pre_system')
#4 C:\xampp\htdocs\erp.local\system\CodeIgniter.php(361): CodeIgniter\CodeIgniter->handleRequest(NULL, Object(Config\Cache), false)
#5 C:\xampp\htdocs\erp.local\public\index.php(79): CodeIgniter\CodeIgniter->run()
#6 {main}
ERROR - 2025-09-25 19:11:35 --> Auto-migration failed: Unable to connect to the database.
Main connection [MySQLi]: Unknown database 'erp_local'
ERROR - 2025-09-25 19:11:35 --> Error connecting to the database: mysqli_sql_exception: Unknown database 'erp_local' in C:\xampp\htdocs\erp.local\system\Database\MySQLi\Connection.php:184
Stack trace:
#0 C:\xampp\htdocs\erp.local\system\Database\MySQLi\Connection.php(184): mysqli->real_connect('127.0.0.1', 'root', Object(SensitiveParameterValue), 'erp_local', 3306, '', 0)
#1 C:\xampp\htdocs\erp.local\system\Database\BaseConnection.php(392): CodeIgniter\Database\MySQLi\Connection->connect(false)
#2 C:\xampp\htdocs\erp.local\app\Config\Events.php(68): CodeIgniter\Database\BaseConnection->initialize()
#3 C:\xampp\htdocs\erp.local\system\Events\Events.php(154): CodeIgniter\Events\Events::Config\{closure}()
#4 C:\xampp\htdocs\erp.local\system\CodeIgniter.php(442): CodeIgniter\Events\Events::trigger('pre_system')
#5 C:\xampp\htdocs\erp.local\system\CodeIgniter.php(361): CodeIgniter\CodeIgniter->handleRequest(NULL, Object(Config\Cache), false)
#6 C:\xampp\htdocs\erp.local\public\index.php(79): CodeIgniter\CodeIgniter->run()
#7 {main}

Next CodeIgniter\Database\Exceptions\DatabaseException: Unknown database 'erp_local' in C:\xampp\htdocs\erp.local\system\Database\MySQLi\Connection.php:229
Stack trace:
#0 C:\xampp\htdocs\erp.local\system\Database\BaseConnection.php(392): CodeIgniter\Database\MySQLi\Connection->connect(false)
#1 C:\xampp\htdocs\erp.local\app\Config\Events.php(68): CodeIgniter\Database\BaseConnection->initialize()
#2 C:\xampp\htdocs\erp.local\system\Events\Events.php(154): CodeIgniter\Events\Events::Config\{closure}()
#3 C:\xampp\htdocs\erp.local\system\CodeIgniter.php(442): CodeIgniter\Events\Events::trigger('pre_system')
#4 C:\xampp\htdocs\erp.local\system\CodeIgniter.php(361): CodeIgniter\CodeIgniter->handleRequest(NULL, Object(Config\Cache), false)
#5 C:\xampp\htdocs\erp.local\public\index.php(79): CodeIgniter\CodeIgniter->run()
#6 {main}
ERROR - 2025-09-25 19:11:35 --> Auto-migration failed: Unable to connect to the database.
Main connection [MySQLi]: Unknown database 'erp_local'
INFO - 2025-09-25 19:11:35 --> Session: Class initialized using 'CodeIgniter\Session\Handlers\FileHandler' driver.
ERROR - 2025-09-25 19:11:35 --> Error connecting to the database: mysqli_sql_exception: Unknown database 'erp_local' in C:\xampp\htdocs\erp.local\system\Database\MySQLi\Connection.php:184
Stack trace:
#0 C:\xampp\htdocs\erp.local\system\Database\MySQLi\Connection.php(184): mysqli->real_connect('127.0.0.1', 'root', Object(SensitiveParameterValue), 'erp_local', 3306, '', 0)
#1 C:\xampp\htdocs\erp.local\system\Database\BaseConnection.php(392): CodeIgniter\Database\MySQLi\Connection->connect(false)
#2 C:\xampp\htdocs\erp.local\system\Database\BaseConnection.php(575): CodeIgniter\Database\BaseConnection->initialize()
#3 C:\xampp\htdocs\erp.local\system\Database\BaseBuilder.php(1616): CodeIgniter\Database\BaseConnection->query('SELECT *\nFROM `...', Array, false)
#4 C:\xampp\htdocs\erp.local\system\Model.php(270): CodeIgniter\Database\BaseBuilder->get()
#5 C:\xampp\htdocs\erp.local\system\BaseModel.php(676): CodeIgniter\Model->doFirst()
#6 C:\xampp\htdocs\erp.local\app\Controllers\Login.php(39): CodeIgniter\BaseModel->first()
#7 C:\xampp\htdocs\erp.local\system\CodeIgniter.php(941): App\Controllers\Login->index()
#8 C:\xampp\htdocs\erp.local\system\CodeIgniter.php(502): CodeIgniter\CodeIgniter->runController(Object(App\Controllers\Login))
#9 C:\xampp\htdocs\erp.local\system\CodeIgniter.php(361): CodeIgniter\CodeIgniter->handleRequest(NULL, Object(Config\Cache), false)
#10 C:\xampp\htdocs\erp.local\public\index.php(79): CodeIgniter\CodeIgniter->run()
#11 {main}

Next CodeIgniter\Database\Exceptions\DatabaseException: Unknown database 'erp_local' in C:\xampp\htdocs\erp.local\system\Database\MySQLi\Connection.php:229
Stack trace:
#0 C:\xampp\htdocs\erp.local\system\Database\BaseConnection.php(392): CodeIgniter\Database\MySQLi\Connection->connect(false)
#1 C:\xampp\htdocs\erp.local\system\Database\BaseConnection.php(575): CodeIgniter\Database\BaseConnection->initialize()
#2 C:\xampp\htdocs\erp.local\system\Database\BaseBuilder.php(1616): CodeIgniter\Database\BaseConnection->query('SELECT *\nFROM `...', Array, false)
#3 C:\xampp\htdocs\erp.local\system\Model.php(270): CodeIgniter\Database\BaseBuilder->get()
#4 C:\xampp\htdocs\erp.local\system\BaseModel.php(676): CodeIgniter\Model->doFirst()
#5 C:\xampp\htdocs\erp.local\app\Controllers\Login.php(39): CodeIgniter\BaseModel->first()
#6 C:\xampp\htdocs\erp.local\system\CodeIgniter.php(941): App\Controllers\Login->index()
#7 C:\xampp\htdocs\erp.local\system\CodeIgniter.php(502): CodeIgniter\CodeIgniter->runController(Object(App\Controllers\Login))
#8 C:\xampp\htdocs\erp.local\system\CodeIgniter.php(361): CodeIgniter\CodeIgniter->handleRequest(NULL, Object(Config\Cache), false)
#9 C:\xampp\htdocs\erp.local\public\index.php(79): CodeIgniter\CodeIgniter->run()
#10 {main}
CRITICAL - 2025-09-25 19:11:35 --> CodeIgniter\Database\Exceptions\DatabaseException: Unable to connect to the database.
Main connection [MySQLi]: Unknown database 'erp_local'
in SYSTEMPATH\Database\BaseConnection.php on line 428.
 1 SYSTEMPATH\Database\BaseConnection.php(575): CodeIgniter\Database\BaseConnection->initialize()
 2 SYSTEMPATH\Database\BaseBuilder.php(1616): CodeIgniter\Database\BaseConnection->query('SELECT *
FROM `configuracoes`
WHERE `id_config` = :id_config:
 LIMIT 1', [...], false)
 3 SYSTEMPATH\Model.php(270): CodeIgniter\Database\BaseBuilder->get()
 4 SYSTEMPATH\BaseModel.php(676): CodeIgniter\Model->doFirst()
 5 APPPATH\Controllers\Login.php(39): CodeIgniter\BaseModel->first()
 6 SYSTEMPATH\CodeIgniter.php(941): App\Controllers\Login->index()
 7 SYSTEMPATH\CodeIgniter.php(502): CodeIgniter\CodeIgniter->runController(Object(App\Controllers\Login))
 8 SYSTEMPATH\CodeIgniter.php(361): CodeIgniter\CodeIgniter->handleRequest(null, Object(Config\Cache), false)
 9 FCPATH\index.php(79): CodeIgniter\CodeIgniter->run()
CRITICAL - 2025-09-25 19:11:35 --> ErrorException: Uncaught TypeError: htmlspecialchars(): Argument #1 ($string) must be of type string, resource given in C:\xampp\htdocs\erp.local\app\Views\errors\html\error_exception.php:182
Stack trace:
#0 C:\xampp\htdocs\erp.local\app\Views\errors\html\error_exception.php(182): htmlspecialchars(Resource id #42, 8, 'UTF-8')
#1 C:\xampp\htdocs\erp.local\system\Debug\BaseExceptionHandler.php(258): include('C:\\xampp\\htdocs...')
#2 C:\xampp\htdocs\erp.local\system\Debug\BaseExceptionHandler.php(261): CodeIgniter\Debug\BaseExceptionHandler->CodeIgniter\Debug\{closure}()
#3 C:\xampp\htdocs\erp.local\system\Debug\ExceptionHandler.php(112): CodeIgniter\Debug\BaseExceptionHandler->render(Object(CodeIgniter\Database\Exceptions\DatabaseException), 500, 'C:\\xampp\\htdocs...')
#4 C:\xampp\htdocs\erp.local\system\Debug\Exceptions.php(156): CodeIgniter\Debug\ExceptionHandler->handle(Object(CodeIgniter\Database\Exceptions\DatabaseException), Object(CodeIgniter\HTTP\IncomingRequest), Object(CodeIgniter\HTTP\Response), 500, 8)
#5 [internal function]: CodeIgniter\Debug\Exceptions->exceptionHandler(Object(CodeIgniter\Database\Exceptions\DatabaseException))
#6 {main}
  thrown
【Previous Exception】
CodeIgniter\Database\Exceptions\DatabaseException
Unable to connect to the database.
Main connection [MySQLi]: Unknown database 'erp_local'
#0 C:\xampp\htdocs\erp.local\system\Database\BaseConnection.php(575): CodeIgniter\Database\BaseConnection->initialize()
#1 C:\xampp\htdocs\erp.local\system\Database\BaseBuilder.php(1616): CodeIgniter\Database\BaseConnection->query('SELECT *\nFROM `...', Array, false)
#2 C:\xampp\htdocs\erp.local\system\Model.php(270): CodeIgniter\Database\BaseBuilder->get()
#3 C:\xampp\htdocs\erp.local\system\BaseModel.php(676): CodeIgniter\Model->doFirst()
#4 C:\xampp\htdocs\erp.local\app\Controllers\Login.php(39): CodeIgniter\BaseModel->first()
#5 C:\xampp\htdocs\erp.local\system\CodeIgniter.php(941): App\Controllers\Login->index()
#6 C:\xampp\htdocs\erp.local\system\CodeIgniter.php(502): CodeIgniter\CodeIgniter->runController(Object(App\Controllers\Login))
#7 C:\xampp\htdocs\erp.local\system\CodeIgniter.php(361): CodeIgniter\CodeIgniter->handleRequest(NULL, Object(Config\Cache), false)
#8 C:\xampp\htdocs\erp.local\public\index.php(79): CodeIgniter\CodeIgniter->run()
#9 {main}
in APPPATH\Views\errors\html\error_exception.php on line 182.
 1 [internal function]: CodeIgniter\Debug\Exceptions->shutdownHandler()
ERROR - 2025-09-25 19:12:47 --> Error connecting to the database: mysqli_sql_exception: Unknown database 'erp_local' in C:\xampp\htdocs\erp.local\system\Database\MySQLi\Connection.php:184
Stack trace:
#0 C:\xampp\htdocs\erp.local\system\Database\MySQLi\Connection.php(184): mysqli->real_connect('127.0.0.1', 'root', Object(SensitiveParameterValue), 'erp_local', 3306, '', 0)
#1 C:\xampp\htdocs\erp.local\system\Database\BaseConnection.php(392): CodeIgniter\Database\MySQLi\Connection->connect(false)
#2 C:\xampp\htdocs\erp.local\app\Config\Events.php(68): CodeIgniter\Database\BaseConnection->initialize()
#3 C:\xampp\htdocs\erp.local\system\Events\Events.php(154): CodeIgniter\Events\Events::Config\{closure}()
#4 C:\xampp\htdocs\erp.local\system\CodeIgniter.php(442): CodeIgniter\Events\Events::trigger('pre_system')
#5 C:\xampp\htdocs\erp.local\system\CodeIgniter.php(361): CodeIgniter\CodeIgniter->handleRequest(NULL, Object(Config\Cache), false)
#6 C:\xampp\htdocs\erp.local\public\index.php(79): CodeIgniter\CodeIgniter->run()
#7 {main}

Next CodeIgniter\Database\Exceptions\DatabaseException: Unknown database 'erp_local' in C:\xampp\htdocs\erp.local\system\Database\MySQLi\Connection.php:229
Stack trace:
#0 C:\xampp\htdocs\erp.local\system\Database\BaseConnection.php(392): CodeIgniter\Database\MySQLi\Connection->connect(false)
#1 C:\xampp\htdocs\erp.local\app\Config\Events.php(68): CodeIgniter\Database\BaseConnection->initialize()
#2 C:\xampp\htdocs\erp.local\system\Events\Events.php(154): CodeIgniter\Events\Events::Config\{closure}()
#3 C:\xampp\htdocs\erp.local\system\CodeIgniter.php(442): CodeIgniter\Events\Events::trigger('pre_system')
#4 C:\xampp\htdocs\erp.local\system\CodeIgniter.php(361): CodeIgniter\CodeIgniter->handleRequest(NULL, Object(Config\Cache), false)
#5 C:\xampp\htdocs\erp.local\public\index.php(79): CodeIgniter\CodeIgniter->run()
#6 {main}
ERROR - 2025-09-25 19:12:47 --> Auto-migration failed: Unable to connect to the database.
Main connection [MySQLi]: Unknown database 'erp_local'
INFO - 2025-09-25 19:12:47 --> Session: Class initialized using 'CodeIgniter\Session\Handlers\FileHandler' driver.
ERROR - 2025-09-25 19:12:47 --> Error connecting to the database: mysqli_sql_exception: Unknown database 'erp_local' in C:\xampp\htdocs\erp.local\system\Database\MySQLi\Connection.php:184
Stack trace:
#0 C:\xampp\htdocs\erp.local\system\Database\MySQLi\Connection.php(184): mysqli->real_connect('127.0.0.1', 'root', Object(SensitiveParameterValue), 'erp_local', 3306, '', 0)
#1 C:\xampp\htdocs\erp.local\system\Database\BaseConnection.php(392): CodeIgniter\Database\MySQLi\Connection->connect(false)
#2 C:\xampp\htdocs\erp.local\system\Database\BaseConnection.php(575): CodeIgniter\Database\BaseConnection->initialize()
#3 C:\xampp\htdocs\erp.local\system\Database\BaseBuilder.php(1616): CodeIgniter\Database\BaseConnection->query('SELECT *\nFROM `...', Array, false)
#4 C:\xampp\htdocs\erp.local\system\Model.php(270): CodeIgniter\Database\BaseBuilder->get()
#5 C:\xampp\htdocs\erp.local\system\BaseModel.php(676): CodeIgniter\Model->doFirst()
#6 C:\xampp\htdocs\erp.local\app\Controllers\Login.php(39): CodeIgniter\BaseModel->first()
#7 C:\xampp\htdocs\erp.local\system\CodeIgniter.php(941): App\Controllers\Login->index()
#8 C:\xampp\htdocs\erp.local\system\CodeIgniter.php(502): CodeIgniter\CodeIgniter->runController(Object(App\Controllers\Login))
#9 C:\xampp\htdocs\erp.local\system\CodeIgniter.php(361): CodeIgniter\CodeIgniter->handleRequest(NULL, Object(Config\Cache), false)
#10 C:\xampp\htdocs\erp.local\public\index.php(79): CodeIgniter\CodeIgniter->run()
#11 {main}

Next CodeIgniter\Database\Exceptions\DatabaseException: Unknown database 'erp_local' in C:\xampp\htdocs\erp.local\system\Database\MySQLi\Connection.php:229
Stack trace:
#0 C:\xampp\htdocs\erp.local\system\Database\BaseConnection.php(392): CodeIgniter\Database\MySQLi\Connection->connect(false)
#1 C:\xampp\htdocs\erp.local\system\Database\BaseConnection.php(575): CodeIgniter\Database\BaseConnection->initialize()
#2 C:\xampp\htdocs\erp.local\system\Database\BaseBuilder.php(1616): CodeIgniter\Database\BaseConnection->query('SELECT *\nFROM `...', Array, false)
#3 C:\xampp\htdocs\erp.local\system\Model.php(270): CodeIgniter\Database\BaseBuilder->get()
#4 C:\xampp\htdocs\erp.local\system\BaseModel.php(676): CodeIgniter\Model->doFirst()
#5 C:\xampp\htdocs\erp.local\app\Controllers\Login.php(39): CodeIgniter\BaseModel->first()
#6 C:\xampp\htdocs\erp.local\system\CodeIgniter.php(941): App\Controllers\Login->index()
#7 C:\xampp\htdocs\erp.local\system\CodeIgniter.php(502): CodeIgniter\CodeIgniter->runController(Object(App\Controllers\Login))
#8 C:\xampp\htdocs\erp.local\system\CodeIgniter.php(361): CodeIgniter\CodeIgniter->handleRequest(NULL, Object(Config\Cache), false)
#9 C:\xampp\htdocs\erp.local\public\index.php(79): CodeIgniter\CodeIgniter->run()
#10 {main}
CRITICAL - 2025-09-25 19:12:47 --> CodeIgniter\Database\Exceptions\DatabaseException: Unable to connect to the database.
Main connection [MySQLi]: Unknown database 'erp_local'
in SYSTEMPATH\Database\BaseConnection.php on line 428.
 1 SYSTEMPATH\Database\BaseConnection.php(575): CodeIgniter\Database\BaseConnection->initialize()
 2 SYSTEMPATH\Database\BaseBuilder.php(1616): CodeIgniter\Database\BaseConnection->query('SELECT *
FROM `configuracoes`
WHERE `id_config` = :id_config:
 LIMIT 1', [...], false)
 3 SYSTEMPATH\Model.php(270): CodeIgniter\Database\BaseBuilder->get()
 4 SYSTEMPATH\BaseModel.php(676): CodeIgniter\Model->doFirst()
 5 APPPATH\Controllers\Login.php(39): CodeIgniter\BaseModel->first()
 6 SYSTEMPATH\CodeIgniter.php(941): App\Controllers\Login->index()
 7 SYSTEMPATH\CodeIgniter.php(502): CodeIgniter\CodeIgniter->runController(Object(App\Controllers\Login))
 8 SYSTEMPATH\CodeIgniter.php(361): CodeIgniter\CodeIgniter->handleRequest(null, Object(Config\Cache), false)
 9 FCPATH\index.php(79): CodeIgniter\CodeIgniter->run()
CRITICAL - 2025-09-25 19:12:47 --> ErrorException: Uncaught TypeError: htmlspecialchars(): Argument #1 ($string) must be of type string, resource given in C:\xampp\htdocs\erp.local\app\Views\errors\html\error_exception.php:182
Stack trace:
#0 C:\xampp\htdocs\erp.local\app\Views\errors\html\error_exception.php(182): htmlspecialchars(Resource id #42, 8, 'UTF-8')
#1 C:\xampp\htdocs\erp.local\system\Debug\BaseExceptionHandler.php(258): include('C:\\xampp\\htdocs...')
#2 C:\xampp\htdocs\erp.local\system\Debug\BaseExceptionHandler.php(261): CodeIgniter\Debug\BaseExceptionHandler->CodeIgniter\Debug\{closure}()
#3 C:\xampp\htdocs\erp.local\system\Debug\ExceptionHandler.php(112): CodeIgniter\Debug\BaseExceptionHandler->render(Object(CodeIgniter\Database\Exceptions\DatabaseException), 500, 'C:\\xampp\\htdocs...')
#4 C:\xampp\htdocs\erp.local\system\Debug\Exceptions.php(156): CodeIgniter\Debug\ExceptionHandler->handle(Object(CodeIgniter\Database\Exceptions\DatabaseException), Object(CodeIgniter\HTTP\IncomingRequest), Object(CodeIgniter\HTTP\Response), 500, 8)
#5 [internal function]: CodeIgniter\Debug\Exceptions->exceptionHandler(Object(CodeIgniter\Database\Exceptions\DatabaseException))
#6 {main}
  thrown
【Previous Exception】
CodeIgniter\Database\Exceptions\DatabaseException
Unable to connect to the database.
Main connection [MySQLi]: Unknown database 'erp_local'
#0 C:\xampp\htdocs\erp.local\system\Database\BaseConnection.php(575): CodeIgniter\Database\BaseConnection->initialize()
#1 C:\xampp\htdocs\erp.local\system\Database\BaseBuilder.php(1616): CodeIgniter\Database\BaseConnection->query('SELECT *\nFROM `...', Array, false)
#2 C:\xampp\htdocs\erp.local\system\Model.php(270): CodeIgniter\Database\BaseBuilder->get()
#3 C:\xampp\htdocs\erp.local\system\BaseModel.php(676): CodeIgniter\Model->doFirst()
#4 C:\xampp\htdocs\erp.local\app\Controllers\Login.php(39): CodeIgniter\BaseModel->first()
#5 C:\xampp\htdocs\erp.local\system\CodeIgniter.php(941): App\Controllers\Login->index()
#6 C:\xampp\htdocs\erp.local\system\CodeIgniter.php(502): CodeIgniter\CodeIgniter->runController(Object(App\Controllers\Login))
#7 C:\xampp\htdocs\erp.local\system\CodeIgniter.php(361): CodeIgniter\CodeIgniter->handleRequest(NULL, Object(Config\Cache), false)
#8 C:\xampp\htdocs\erp.local\public\index.php(79): CodeIgniter\CodeIgniter->run()
#9 {main}
in APPPATH\Views\errors\html\error_exception.php on line 182.
 1 [internal function]: CodeIgniter\Debug\Exceptions->shutdownHandler()
ERROR - 2025-09-25 19:12:58 --> Error connecting to the database: mysqli_sql_exception: Unknown database 'erp_local' in C:\xampp\htdocs\erp.local\system\Database\MySQLi\Connection.php:184
Stack trace:
#0 C:\xampp\htdocs\erp.local\system\Database\MySQLi\Connection.php(184): mysqli->real_connect('127.0.0.1', 'root', Object(SensitiveParameterValue), 'erp_local', 3306, '', 0)
#1 C:\xampp\htdocs\erp.local\system\Database\BaseConnection.php(392): CodeIgniter\Database\MySQLi\Connection->connect(false)
#2 C:\xampp\htdocs\erp.local\app\Config\Events.php(68): CodeIgniter\Database\BaseConnection->initialize()
#3 C:\xampp\htdocs\erp.local\system\Events\Events.php(154): CodeIgniter\Events\Events::Config\{closure}()
#4 C:\xampp\htdocs\erp.local\system\CodeIgniter.php(442): CodeIgniter\Events\Events::trigger('pre_system')
#5 C:\xampp\htdocs\erp.local\system\CodeIgniter.php(361): CodeIgniter\CodeIgniter->handleRequest(NULL, Object(Config\Cache), false)
#6 C:\xampp\htdocs\erp.local\public\index.php(79): CodeIgniter\CodeIgniter->run()
#7 {main}

Next CodeIgniter\Database\Exceptions\DatabaseException: Unknown database 'erp_local' in C:\xampp\htdocs\erp.local\system\Database\MySQLi\Connection.php:229
Stack trace:
#0 C:\xampp\htdocs\erp.local\system\Database\BaseConnection.php(392): CodeIgniter\Database\MySQLi\Connection->connect(false)
#1 C:\xampp\htdocs\erp.local\app\Config\Events.php(68): CodeIgniter\Database\BaseConnection->initialize()
#2 C:\xampp\htdocs\erp.local\system\Events\Events.php(154): CodeIgniter\Events\Events::Config\{closure}()
#3 C:\xampp\htdocs\erp.local\system\CodeIgniter.php(442): CodeIgniter\Events\Events::trigger('pre_system')
#4 C:\xampp\htdocs\erp.local\system\CodeIgniter.php(361): CodeIgniter\CodeIgniter->handleRequest(NULL, Object(Config\Cache), false)
#5 C:\xampp\htdocs\erp.local\public\index.php(79): CodeIgniter\CodeIgniter->run()
#6 {main}
ERROR - 2025-09-25 19:12:58 --> Auto-migration failed: Unable to connect to the database.
Main connection [MySQLi]: Unknown database 'erp_local'
ERROR - 2025-09-25 19:12:58 --> Error connecting to the database: mysqli_sql_exception: Unknown database 'erp_local' in C:\xampp\htdocs\erp.local\system\Database\MySQLi\Connection.php:184
Stack trace:
#0 C:\xampp\htdocs\erp.local\system\Database\MySQLi\Connection.php(184): mysqli->real_connect('127.0.0.1', 'root', Object(SensitiveParameterValue), 'erp_local', 3306, '', 0)
#1 C:\xampp\htdocs\erp.local\system\Database\BaseConnection.php(392): CodeIgniter\Database\MySQLi\Connection->connect(false)
#2 C:\xampp\htdocs\erp.local\app\Config\Events.php(68): CodeIgniter\Database\BaseConnection->initialize()
#3 C:\xampp\htdocs\erp.local\system\Events\Events.php(154): CodeIgniter\Events\Events::Config\{closure}()
#4 C:\xampp\htdocs\erp.local\system\CodeIgniter.php(442): CodeIgniter\Events\Events::trigger('pre_system')
#5 C:\xampp\htdocs\erp.local\system\CodeIgniter.php(361): CodeIgniter\CodeIgniter->handleRequest(NULL, Object(Config\Cache), false)
#6 C:\xampp\htdocs\erp.local\public\index.php(79): CodeIgniter\CodeIgniter->run()
#7 {main}

Next CodeIgniter\Database\Exceptions\DatabaseException: Unknown database 'erp_local' in C:\xampp\htdocs\erp.local\system\Database\MySQLi\Connection.php:229
Stack trace:
#0 C:\xampp\htdocs\erp.local\system\Database\BaseConnection.php(392): CodeIgniter\Database\MySQLi\Connection->connect(false)
#1 C:\xampp\htdocs\erp.local\app\Config\Events.php(68): CodeIgniter\Database\BaseConnection->initialize()
#2 C:\xampp\htdocs\erp.local\system\Events\Events.php(154): CodeIgniter\Events\Events::Config\{closure}()
#3 C:\xampp\htdocs\erp.local\system\CodeIgniter.php(442): CodeIgniter\Events\Events::trigger('pre_system')
#4 C:\xampp\htdocs\erp.local\system\CodeIgniter.php(361): CodeIgniter\CodeIgniter->handleRequest(NULL, Object(Config\Cache), false)
#5 C:\xampp\htdocs\erp.local\public\index.php(79): CodeIgniter\CodeIgniter->run()
#6 {main}
ERROR - 2025-09-25 19:12:58 --> Auto-migration failed: Unable to connect to the database.
Main connection [MySQLi]: Unknown database 'erp_local'
INFO - 2025-09-25 19:12:58 --> Session: Class initialized using 'CodeIgniter\Session\Handlers\FileHandler' driver.
ERROR - 2025-09-25 19:12:58 --> Error connecting to the database: mysqli_sql_exception: Unknown database 'erp_local' in C:\xampp\htdocs\erp.local\system\Database\MySQLi\Connection.php:184
Stack trace:
#0 C:\xampp\htdocs\erp.local\system\Database\MySQLi\Connection.php(184): mysqli->real_connect('127.0.0.1', 'root', Object(SensitiveParameterValue), 'erp_local', 3306, '', 0)
#1 C:\xampp\htdocs\erp.local\system\Database\BaseConnection.php(392): CodeIgniter\Database\MySQLi\Connection->connect(false)
#2 C:\xampp\htdocs\erp.local\system\Database\BaseConnection.php(575): CodeIgniter\Database\BaseConnection->initialize()
#3 C:\xampp\htdocs\erp.local\system\Database\BaseBuilder.php(1616): CodeIgniter\Database\BaseConnection->query('SELECT *\nFROM `...', Array, false)
#4 C:\xampp\htdocs\erp.local\system\Model.php(270): CodeIgniter\Database\BaseBuilder->get()
#5 C:\xampp\htdocs\erp.local\system\BaseModel.php(676): CodeIgniter\Model->doFirst()
#6 C:\xampp\htdocs\erp.local\app\Controllers\Login.php(39): CodeIgniter\BaseModel->first()
#7 C:\xampp\htdocs\erp.local\system\CodeIgniter.php(941): App\Controllers\Login->index()
#8 C:\xampp\htdocs\erp.local\system\CodeIgniter.php(502): CodeIgniter\CodeIgniter->runController(Object(App\Controllers\Login))
#9 C:\xampp\htdocs\erp.local\system\CodeIgniter.php(361): CodeIgniter\CodeIgniter->handleRequest(NULL, Object(Config\Cache), false)
#10 C:\xampp\htdocs\erp.local\public\index.php(79): CodeIgniter\CodeIgniter->run()
#11 {main}

Next CodeIgniter\Database\Exceptions\DatabaseException: Unknown database 'erp_local' in C:\xampp\htdocs\erp.local\system\Database\MySQLi\Connection.php:229
Stack trace:
#0 C:\xampp\htdocs\erp.local\system\Database\BaseConnection.php(392): CodeIgniter\Database\MySQLi\Connection->connect(false)
#1 C:\xampp\htdocs\erp.local\system\Database\BaseConnection.php(575): CodeIgniter\Database\BaseConnection->initialize()
#2 C:\xampp\htdocs\erp.local\system\Database\BaseBuilder.php(1616): CodeIgniter\Database\BaseConnection->query('SELECT *\nFROM `...', Array, false)
#3 C:\xampp\htdocs\erp.local\system\Model.php(270): CodeIgniter\Database\BaseBuilder->get()
#4 C:\xampp\htdocs\erp.local\system\BaseModel.php(676): CodeIgniter\Model->doFirst()
#5 C:\xampp\htdocs\erp.local\app\Controllers\Login.php(39): CodeIgniter\BaseModel->first()
#6 C:\xampp\htdocs\erp.local\system\CodeIgniter.php(941): App\Controllers\Login->index()
#7 C:\xampp\htdocs\erp.local\system\CodeIgniter.php(502): CodeIgniter\CodeIgniter->runController(Object(App\Controllers\Login))
#8 C:\xampp\htdocs\erp.local\system\CodeIgniter.php(361): CodeIgniter\CodeIgniter->handleRequest(NULL, Object(Config\Cache), false)
#9 C:\xampp\htdocs\erp.local\public\index.php(79): CodeIgniter\CodeIgniter->run()
#10 {main}
CRITICAL - 2025-09-25 19:12:58 --> CodeIgniter\Database\Exceptions\DatabaseException: Unable to connect to the database.
Main connection [MySQLi]: Unknown database 'erp_local'
in SYSTEMPATH\Database\BaseConnection.php on line 428.
 1 SYSTEMPATH\Database\BaseConnection.php(575): CodeIgniter\Database\BaseConnection->initialize()
 2 SYSTEMPATH\Database\BaseBuilder.php(1616): CodeIgniter\Database\BaseConnection->query('SELECT *
FROM `configuracoes`
WHERE `id_config` = :id_config:
 LIMIT 1', [...], false)
 3 SYSTEMPATH\Model.php(270): CodeIgniter\Database\BaseBuilder->get()
 4 SYSTEMPATH\BaseModel.php(676): CodeIgniter\Model->doFirst()
 5 APPPATH\Controllers\Login.php(39): CodeIgniter\BaseModel->first()
 6 SYSTEMPATH\CodeIgniter.php(941): App\Controllers\Login->index()
 7 SYSTEMPATH\CodeIgniter.php(502): CodeIgniter\CodeIgniter->runController(Object(App\Controllers\Login))
 8 SYSTEMPATH\CodeIgniter.php(361): CodeIgniter\CodeIgniter->handleRequest(null, Object(Config\Cache), false)
 9 FCPATH\index.php(79): CodeIgniter\CodeIgniter->run()
CRITICAL - 2025-09-25 19:12:58 --> ErrorException: Uncaught TypeError: htmlspecialchars(): Argument #1 ($string) must be of type string, resource given in C:\xampp\htdocs\erp.local\app\Views\errors\html\error_exception.php:182
Stack trace:
#0 C:\xampp\htdocs\erp.local\app\Views\errors\html\error_exception.php(182): htmlspecialchars(Resource id #42, 8, 'UTF-8')
#1 C:\xampp\htdocs\erp.local\system\Debug\BaseExceptionHandler.php(258): include('C:\\xampp\\htdocs...')
#2 C:\xampp\htdocs\erp.local\system\Debug\BaseExceptionHandler.php(261): CodeIgniter\Debug\BaseExceptionHandler->CodeIgniter\Debug\{closure}()
#3 C:\xampp\htdocs\erp.local\system\Debug\ExceptionHandler.php(112): CodeIgniter\Debug\BaseExceptionHandler->render(Object(CodeIgniter\Database\Exceptions\DatabaseException), 500, 'C:\\xampp\\htdocs...')
#4 C:\xampp\htdocs\erp.local\system\Debug\Exceptions.php(156): CodeIgniter\Debug\ExceptionHandler->handle(Object(CodeIgniter\Database\Exceptions\DatabaseException), Object(CodeIgniter\HTTP\IncomingRequest), Object(CodeIgniter\HTTP\Response), 500, 8)
#5 [internal function]: CodeIgniter\Debug\Exceptions->exceptionHandler(Object(CodeIgniter\Database\Exceptions\DatabaseException))
#6 {main}
  thrown
【Previous Exception】
CodeIgniter\Database\Exceptions\DatabaseException
Unable to connect to the database.
Main connection [MySQLi]: Unknown database 'erp_local'
#0 C:\xampp\htdocs\erp.local\system\Database\BaseConnection.php(575): CodeIgniter\Database\BaseConnection->initialize()
#1 C:\xampp\htdocs\erp.local\system\Database\BaseBuilder.php(1616): CodeIgniter\Database\BaseConnection->query('SELECT *\nFROM `...', Array, false)
#2 C:\xampp\htdocs\erp.local\system\Model.php(270): CodeIgniter\Database\BaseBuilder->get()
#3 C:\xampp\htdocs\erp.local\system\BaseModel.php(676): CodeIgniter\Model->doFirst()
#4 C:\xampp\htdocs\erp.local\app\Controllers\Login.php(39): CodeIgniter\BaseModel->first()
#5 C:\xampp\htdocs\erp.local\system\CodeIgniter.php(941): App\Controllers\Login->index()
#6 C:\xampp\htdocs\erp.local\system\CodeIgniter.php(502): CodeIgniter\CodeIgniter->runController(Object(App\Controllers\Login))
#7 C:\xampp\htdocs\erp.local\system\CodeIgniter.php(361): CodeIgniter\CodeIgniter->handleRequest(NULL, Object(Config\Cache), false)
#8 C:\xampp\htdocs\erp.local\public\index.php(79): CodeIgniter\CodeIgniter->run()
#9 {main}
in APPPATH\Views\errors\html\error_exception.php on line 182.
 1 [internal function]: CodeIgniter\Debug\Exceptions->shutdownHandler()
ERROR - 2025-09-25 19:14:01 --> Error connecting to the database: mysqli_sql_exception: Unknown database 'erp_local' in C:\xampp\htdocs\erp.local\system\Database\MySQLi\Connection.php:184
Stack trace:
#0 C:\xampp\htdocs\erp.local\system\Database\MySQLi\Connection.php(184): mysqli->real_connect('127.0.0.1', 'root', Object(SensitiveParameterValue), 'erp_local', 3306, '', 0)
#1 C:\xampp\htdocs\erp.local\system\Database\BaseConnection.php(392): CodeIgniter\Database\MySQLi\Connection->connect(false)
#2 C:\xampp\htdocs\erp.local\system\Database\BaseConnection.php(575): CodeIgniter\Database\BaseConnection->initialize()
#3 C:\xampp\htdocs\erp.local\system\Database\BaseConnection.php(1410): CodeIgniter\Database\BaseConnection->query('SHOW TABLES FRO...')
#4 C:\xampp\htdocs\erp.local\system\Database\BaseConnection.php(1429): CodeIgniter\Database\BaseConnection->listTables()
#5 C:\xampp\htdocs\erp.local\system\Database\MigrationRunner.php(757): CodeIgniter\Database\BaseConnection->tableExists('migrations')
#6 C:\xampp\htdocs\erp.local\system\Database\MigrationRunner.php(161): CodeIgniter\Database\MigrationRunner->ensureTable()
#7 C:\xampp\htdocs\erp.local\system\Commands\Database\Migrate.php(84): CodeIgniter\Database\MigrationRunner->latest(NULL)
#8 C:\xampp\htdocs\erp.local\system\CLI\Commands.php(65): CodeIgniter\Commands\Database\Migrate->run(Array)
#9 C:\xampp\htdocs\erp.local\system\CLI\Console.php(46): CodeIgniter\CLI\Commands->run('migrate', Array)
#10 C:\xampp\htdocs\erp.local\spark(102): CodeIgniter\CLI\Console->run()
#11 {main}

Next CodeIgniter\Database\Exceptions\DatabaseException: Unknown database 'erp_local' in C:\xampp\htdocs\erp.local\system\Database\MySQLi\Connection.php:229
Stack trace:
#0 C:\xampp\htdocs\erp.local\system\Database\BaseConnection.php(392): CodeIgniter\Database\MySQLi\Connection->connect(false)
#1 C:\xampp\htdocs\erp.local\system\Database\BaseConnection.php(575): CodeIgniter\Database\BaseConnection->initialize()
#2 C:\xampp\htdocs\erp.local\system\Database\BaseConnection.php(1410): CodeIgniter\Database\BaseConnection->query('SHOW TABLES FRO...')
#3 C:\xampp\htdocs\erp.local\system\Database\BaseConnection.php(1429): CodeIgniter\Database\BaseConnection->listTables()
#4 C:\xampp\htdocs\erp.local\system\Database\MigrationRunner.php(757): CodeIgniter\Database\BaseConnection->tableExists('migrations')
#5 C:\xampp\htdocs\erp.local\system\Database\MigrationRunner.php(161): CodeIgniter\Database\MigrationRunner->ensureTable()
#6 C:\xampp\htdocs\erp.local\system\Commands\Database\Migrate.php(84): CodeIgniter\Database\MigrationRunner->latest(NULL)
#7 C:\xampp\htdocs\erp.local\system\CLI\Commands.php(65): CodeIgniter\Commands\Database\Migrate->run(Array)
#8 C:\xampp\htdocs\erp.local\system\CLI\Console.php(46): CodeIgniter\CLI\Commands->run('migrate', Array)
#9 C:\xampp\htdocs\erp.local\spark(102): CodeIgniter\CLI\Console->run()
#10 {main}
CRITICAL - 2025-09-25 19:14:57 --> ErrorException: Cannot declare class App\Database\Migrations\AddEstoqueToProdutos, because the name is already in use
in APPPATH\Database\Migrations\2025-09-19-000000_AddEstoqueToProdutos.php on line 5.
 1 [internal function]: CodeIgniter\Debug\Exceptions->shutdownHandler()
INFO - 2025-09-25 19:15:22 --> Session: Class initialized using 'CodeIgniter\Session\Handlers\FileHandler' driver.
INFO - 2025-09-25 19:15:28 --> Session: Class initialized using 'CodeIgniter\Session\Handlers\FileHandler' driver.
INFO - 2025-09-25 19:15:28 --> Session: Class initialized using 'CodeIgniter\Session\Handlers\FileHandler' driver.
INFO - 2025-09-25 19:15:30 --> Session: Class initialized using 'CodeIgniter\Session\Handlers\FileHandler' driver.
INFO - 2025-09-25 19:15:30 --> Session: Class initialized using 'CodeIgniter\Session\Handlers\FileHandler' driver.
INFO - 2025-09-25 19:15:31 --> Session: Class initialized using 'CodeIgniter\Session\Handlers\FileHandler' driver.
INFO - 2025-09-25 19:15:33 --> Session: Class initialized using 'CodeIgniter\Session\Handlers\FileHandler' driver.
INFO - 2025-09-25 19:15:34 --> Session: Class initialized using 'CodeIgniter\Session\Handlers\FileHandler' driver.
INFO - 2025-09-25 19:16:05 --> Session: Class initialized using 'CodeIgniter\Session\Handlers\FileHandler' driver.
INFO - 2025-09-25 19:16:16 --> Session: Class initialized using 'CodeIgniter\Session\Handlers\FileHandler' driver.
INFO - 2025-09-25 19:16:21 --> Session: Class initialized using 'CodeIgniter\Session\Handlers\FileHandler' driver.
INFO - 2025-09-25 19:16:23 --> Session: Class initialized using 'CodeIgniter\Session\Handlers\FileHandler' driver.
INFO - 2025-09-25 19:16:23 --> Session: Class initialized using 'CodeIgniter\Session\Handlers\FileHandler' driver.
INFO - 2025-09-25 19:16:26 --> Session: Class initialized using 'CodeIgniter\Session\Handlers\FileHandler' driver.
INFO - 2025-09-25 19:16:26 --> Session: Class initialized using 'CodeIgniter\Session\Handlers\FileHandler' driver.
INFO - 2025-09-25 19:16:32 --> Session: Class initialized using 'CodeIgniter\Session\Handlers\FileHandler' driver.
INFO - 2025-09-25 19:16:38 --> Session: Class initialized using 'CodeIgniter\Session\Handlers\FileHandler' driver.
INFO - 2025-09-25 19:16:42 --> Session: Class initialized using 'CodeIgniter\Session\Handlers\FileHandler' driver.
INFO - 2025-09-25 19:16:51 --> Session: Class initialized using 'CodeIgniter\Session\Handlers\FileHandler' driver.
INFO - 2025-09-25 19:16:51 --> Session: Class initialized using 'CodeIgniter\Session\Handlers\FileHandler' driver.
INFO - 2025-09-25 19:16:53 --> Session: Class initialized using 'CodeIgniter\Session\Handlers\FileHandler' driver.
INFO - 2025-09-25 19:16:55 --> Session: Class initialized using 'CodeIgniter\Session\Handlers\FileHandler' driver.
INFO - 2025-09-25 19:16:57 --> Session: Class initialized using 'CodeIgniter\Session\Handlers\FileHandler' driver.
INFO - 2025-09-25 19:17:05 --> Session: Class initialized using 'CodeIgniter\Session\Handlers\FileHandler' driver.
INFO - 2025-09-25 19:17:05 --> Session: Class initialized using 'CodeIgniter\Session\Handlers\FileHandler' driver.
INFO - 2025-09-25 19:20:26 --> Session: Class initialized using 'CodeIgniter\Session\Handlers\FileHandler' driver.
INFO - 2025-09-25 19:20:46 --> Session: Class initialized using 'CodeIgniter\Session\Handlers\FileHandler' driver.
INFO - 2025-09-25 19:20:48 --> Session: Class initialized using 'CodeIgniter\Session\Handlers\FileHandler' driver.
INFO - 2025-09-25 19:20:48 --> Session: Class initialized using 'CodeIgniter\Session\Handlers\FileHandler' driver.
INFO - 2025-09-25 19:20:53 --> Session: Class initialized using 'CodeIgniter\Session\Handlers\FileHandler' driver.
INFO - 2025-09-25 19:20:55 --> Session: Class initialized using 'CodeIgniter\Session\Handlers\FileHandler' driver.
INFO - 2025-09-25 19:21:00 --> Session: Class initialized using 'CodeIgniter\Session\Handlers\FileHandler' driver.
INFO - 2025-09-25 19:21:01 --> Session: Class initialized using 'CodeIgniter\Session\Handlers\FileHandler' driver.
INFO - 2025-09-25 19:21:02 --> Session: Class initialized using 'CodeIgniter\Session\Handlers\FileHandler' driver.
INFO - 2025-09-25 19:21:05 --> Session: Class initialized using 'CodeIgniter\Session\Handlers\FileHandler' driver.
INFO - 2025-09-25 19:22:02 --> Session: Class initialized using 'CodeIgniter\Session\Handlers\FileHandler' driver.
INFO - 2025-09-25 19:22:28 --> Session: Class initialized using 'CodeIgniter\Session\Handlers\FileHandler' driver.
INFO - 2025-09-25 19:22:35 --> Session: Class initialized using 'CodeIgniter\Session\Handlers\FileHandler' driver.
INFO - 2025-09-25 19:22:35 --> Session: Class initialized using 'CodeIgniter\Session\Handlers\FileHandler' driver.
INFO - 2025-09-25 19:22:39 --> Session: Class initialized using 'CodeIgniter\Session\Handlers\FileHandler' driver.
INFO - 2025-09-25 19:22:41 --> Session: Class initialized using 'CodeIgniter\Session\Handlers\FileHandler' driver.
INFO - 2025-09-25 19:22:41 --> Session: Class initialized using 'CodeIgniter\Session\Handlers\FileHandler' driver.
INFO - 2025-09-25 19:22:49 --> Session: Class initialized using 'CodeIgniter\Session\Handlers\FileHandler' driver.
INFO - 2025-09-25 19:22:49 --> Session: Class initialized using 'CodeIgniter\Session\Handlers\FileHandler' driver.
INFO - 2025-09-25 19:22:56 --> Session: Class initialized using 'CodeIgniter\Session\Handlers\FileHandler' driver.
INFO - 2025-09-25 19:22:57 --> Session: Class initialized using 'CodeIgniter\Session\Handlers\FileHandler' driver.
INFO - 2025-09-25 19:23:13 --> Session: Class initialized using 'CodeIgniter\Session\Handlers\FileHandler' driver.
INFO - 2025-09-25 19:23:15 --> Session: Class initialized using 'CodeIgniter\Session\Handlers\FileHandler' driver.
INFO - 2025-09-25 19:23:15 --> Session: Class initialized using 'CodeIgniter\Session\Handlers\FileHandler' driver.
INFO - 2025-09-25 19:23:16 --> Session: Class initialized using 'CodeIgniter\Session\Handlers\FileHandler' driver.
INFO - 2025-09-25 19:23:18 --> Session: Class initialized using 'CodeIgniter\Session\Handlers\FileHandler' driver.
INFO - 2025-09-25 19:23:23 --> Session: Class initialized using 'CodeIgniter\Session\Handlers\FileHandler' driver.
INFO - 2025-09-25 19:23:23 --> Session: Class initialized using 'CodeIgniter\Session\Handlers\FileHandler' driver.
INFO - 2025-09-25 19:23:27 --> Session: Class initialized using 'CodeIgniter\Session\Handlers\FileHandler' driver.
INFO - 2025-09-25 19:23:32 --> Session: Class initialized using 'CodeIgniter\Session\Handlers\FileHandler' driver.
INFO - 2025-09-25 19:23:32 --> Session: Class initialized using 'CodeIgniter\Session\Handlers\FileHandler' driver.
INFO - 2025-09-25 19:23:32 --> Session: Class initialized using 'CodeIgniter\Session\Handlers\FileHandler' driver.
INFO - 2025-09-25 19:23:32 --> Session: Class initialized using 'CodeIgniter\Session\Handlers\FileHandler' driver.
INFO - 2025-09-25 19:23:33 --> Session: Class initialized using 'CodeIgniter\Session\Handlers\FileHandler' driver.
INFO - 2025-09-25 19:23:35 --> Session: Class initialized using 'CodeIgniter\Session\Handlers\FileHandler' driver.
INFO - 2025-09-25 19:23:36 --> Session: Class initialized using 'CodeIgniter\Session\Handlers\FileHandler' driver.
INFO - 2025-09-25 19:23:37 --> Session: Class initialized using 'CodeIgniter\Session\Handlers\FileHandler' driver.
INFO - 2025-09-25 19:23:39 --> Session: Class initialized using 'CodeIgniter\Session\Handlers\FileHandler' driver.
INFO - 2025-09-25 19:23:43 --> Session: Class initialized using 'CodeIgniter\Session\Handlers\FileHandler' driver.
INFO - 2025-09-25 19:23:44 --> Session: Class initialized using 'CodeIgniter\Session\Handlers\FileHandler' driver.
INFO - 2025-09-25 19:23:45 --> Session: Class initialized using 'CodeIgniter\Session\Handlers\FileHandler' driver.
INFO - 2025-09-25 19:23:46 --> Session: Class initialized using 'CodeIgniter\Session\Handlers\FileHandler' driver.
INFO - 2025-09-25 19:23:47 --> Session: Class initialized using 'CodeIgniter\Session\Handlers\FileHandler' driver.
INFO - 2025-09-25 19:24:27 --> Session: Class initialized using 'CodeIgniter\Session\Handlers\FileHandler' driver.
INFO - 2025-09-25 19:24:35 --> Session: Class initialized using 'CodeIgniter\Session\Handlers\FileHandler' driver.
INFO - 2025-09-25 19:24:40 --> Session: Class initialized using 'CodeIgniter\Session\Handlers\FileHandler' driver.
INFO - 2025-09-25 19:24:44 --> Session: Class initialized using 'CodeIgniter\Session\Handlers\FileHandler' driver.
INFO - 2025-09-25 19:24:45 --> Session: Class initialized using 'CodeIgniter\Session\Handlers\FileHandler' driver.
INFO - 2025-09-25 19:24:57 --> Session: Class initialized using 'CodeIgniter\Session\Handlers\FileHandler' driver.
INFO - 2025-09-25 19:25:00 --> Session: Class initialized using 'CodeIgniter\Session\Handlers\FileHandler' driver.
INFO - 2025-09-25 19:25:02 --> Session: Class initialized using 'CodeIgniter\Session\Handlers\FileHandler' driver.
INFO - 2025-09-25 19:25:05 --> Session: Class initialized using 'CodeIgniter\Session\Handlers\FileHandler' driver.
INFO - 2025-09-25 19:25:24 --> Session: Class initialized using 'CodeIgniter\Session\Handlers\FileHandler' driver.
INFO - 2025-09-25 19:25:24 --> Session: Class initialized using 'CodeIgniter\Session\Handlers\FileHandler' driver.
INFO - 2025-09-25 19:25:29 --> Session: Class initialized using 'CodeIgniter\Session\Handlers\FileHandler' driver.
INFO - 2025-09-25 19:25:29 --> Session: Class initialized using 'CodeIgniter\Session\Handlers\FileHandler' driver.
INFO - 2025-09-25 19:25:30 --> Session: Class initialized using 'CodeIgniter\Session\Handlers\FileHandler' driver.
INFO - 2025-09-25 19:25:31 --> Session: Class initialized using 'CodeIgniter\Session\Handlers\FileHandler' driver.
INFO - 2025-09-25 19:25:40 --> Session: Class initialized using 'CodeIgniter\Session\Handlers\FileHandler' driver.
DEBUG - 2025-09-25 19:25:40 --> LoginPDV - Dados salvos na sessão: {"id_login":"6","id_empresa":"3","id_contador":"1","usuario":"lucas","nome_completo":"Lucas","tipo":4,"xFant":"Stage","xApp":"PDV System"}
DEBUG - 2025-09-25 19:25:40 --> LoginPDV - Verificação imediata da sessão tipo: 4
INFO - 2025-09-25 19:25:41 --> Session: Class initialized using 'CodeIgniter\Session\Handlers\FileHandler' driver.
INFO - 2025-09-25 19:27:40 --> Session: Class initialized using 'CodeIgniter\Session\Handlers\FileHandler' driver.
INFO - 2025-09-25 19:27:46 --> Session: Class initialized using 'CodeIgniter\Session\Handlers\FileHandler' driver.
INFO - 2025-09-25 19:27:46 --> Session: Class initialized using 'CodeIgniter\Session\Handlers\FileHandler' driver.
INFO - 2025-09-25 19:27:48 --> Session: Class initialized using 'CodeIgniter\Session\Handlers\FileHandler' driver.
INFO - 2025-09-25 19:27:50 --> Session: Class initialized using 'CodeIgniter\Session\Handlers\FileHandler' driver.
INFO - 2025-09-25 19:27:50 --> Session: Class initialized using 'CodeIgniter\Session\Handlers\FileHandler' driver.
INFO - 2025-09-25 19:27:51 --> Session: Class initialized using 'CodeIgniter\Session\Handlers\FileHandler' driver.
INFO - 2025-09-25 19:27:52 --> Session: Class initialized using 'CodeIgniter\Session\Handlers\FileHandler' driver.
INFO - 2025-09-25 19:27:58 --> Session: Class initialized using 'CodeIgniter\Session\Handlers\FileHandler' driver.
DEBUG - 2025-09-25 19:27:58 --> LoginPDV - Dados salvos na sessão: {"id_login":"6","id_empresa":"3","id_contador":"1","usuario":"lucas","nome_completo":"Lucas","tipo":4,"xFant":"Stage","xApp":"PDV System"}
DEBUG - 2025-09-25 19:27:58 --> LoginPDV - Verificação imediata da sessão tipo: 4
INFO - 2025-09-25 19:28:00 --> Session: Class initialized using 'CodeIgniter\Session\Handlers\FileHandler' driver.
ERROR - 2025-09-25 19:32:46 --> Error connecting to the database: mysqli_sql_exception: Nenhuma conexão pôde ser feita porque a máquina de destino as recusou ativamente in C:\xampp\htdocs\erp.local\system\Database\MySQLi\Connection.php:184
Stack trace:
#0 C:\xampp\htdocs\erp.local\system\Database\MySQLi\Connection.php(184): mysqli->real_connect('127.0.0.1', 'root', Object(SensitiveParameterValue), 'erp_local', 3306, '', 0)
#1 C:\xampp\htdocs\erp.local\system\Database\BaseConnection.php(392): CodeIgniter\Database\MySQLi\Connection->connect(false)
#2 C:\xampp\htdocs\erp.local\app\Config\Events.php(68): CodeIgniter\Database\BaseConnection->initialize()
#3 C:\xampp\htdocs\erp.local\system\Events\Events.php(154): CodeIgniter\Events\Events::Config\{closure}()
#4 C:\xampp\htdocs\erp.local\system\CodeIgniter.php(442): CodeIgniter\Events\Events::trigger('pre_system')
#5 C:\xampp\htdocs\erp.local\system\CodeIgniter.php(361): CodeIgniter\CodeIgniter->handleRequest(NULL, Object(Config\Cache), false)
#6 C:\xampp\htdocs\erp.local\public\index.php(79): CodeIgniter\CodeIgniter->run()
#7 {main}

Next CodeIgniter\Database\Exceptions\DatabaseException: Nenhuma conexão pôde ser feita porque a máquina de destino as recusou ativamente in C:\xampp\htdocs\erp.local\system\Database\MySQLi\Connection.php:229
Stack trace:
#0 C:\xampp\htdocs\erp.local\system\Database\BaseConnection.php(392): CodeIgniter\Database\MySQLi\Connection->connect(false)
#1 C:\xampp\htdocs\erp.local\app\Config\Events.php(68): CodeIgniter\Database\BaseConnection->initialize()
#2 C:\xampp\htdocs\erp.local\system\Events\Events.php(154): CodeIgniter\Events\Events::Config\{closure}()
#3 C:\xampp\htdocs\erp.local\system\CodeIgniter.php(442): CodeIgniter\Events\Events::trigger('pre_system')
#4 C:\xampp\htdocs\erp.local\system\CodeIgniter.php(361): CodeIgniter\CodeIgniter->handleRequest(NULL, Object(Config\Cache), false)
#5 C:\xampp\htdocs\erp.local\public\index.php(79): CodeIgniter\CodeIgniter->run()
#6 {main}
ERROR - 2025-09-25 19:32:46 --> Auto-migration failed: Unable to connect to the database.
Main connection [MySQLi]: Nenhuma conexão pôde ser feita porque a máquina de destino as recusou ativamente
ERROR - 2025-09-25 19:32:48 --> Error connecting to the database: mysqli_sql_exception: Nenhuma conexão pôde ser feita porque a máquina de destino as recusou ativamente in C:\xampp\htdocs\erp.local\system\Database\MySQLi\Connection.php:184
Stack trace:
#0 C:\xampp\htdocs\erp.local\system\Database\MySQLi\Connection.php(184): mysqli->real_connect('127.0.0.1', 'root', Object(SensitiveParameterValue), 'erp_local', 3306, '', 0)
#1 C:\xampp\htdocs\erp.local\system\Database\BaseConnection.php(392): CodeIgniter\Database\MySQLi\Connection->connect(false)
#2 C:\xampp\htdocs\erp.local\app\Config\Events.php(68): CodeIgniter\Database\BaseConnection->initialize()
#3 C:\xampp\htdocs\erp.local\system\Events\Events.php(154): CodeIgniter\Events\Events::Config\{closure}()
#4 C:\xampp\htdocs\erp.local\system\CodeIgniter.php(442): CodeIgniter\Events\Events::trigger('pre_system')
#5 C:\xampp\htdocs\erp.local\system\CodeIgniter.php(361): CodeIgniter\CodeIgniter->handleRequest(NULL, Object(Config\Cache), false)
#6 C:\xampp\htdocs\erp.local\public\index.php(79): CodeIgniter\CodeIgniter->run()
#7 {main}

Next CodeIgniter\Database\Exceptions\DatabaseException: Nenhuma conexão pôde ser feita porque a máquina de destino as recusou ativamente in C:\xampp\htdocs\erp.local\system\Database\MySQLi\Connection.php:229
Stack trace:
#0 C:\xampp\htdocs\erp.local\system\Database\BaseConnection.php(392): CodeIgniter\Database\MySQLi\Connection->connect(false)
#1 C:\xampp\htdocs\erp.local\app\Config\Events.php(68): CodeIgniter\Database\BaseConnection->initialize()
#2 C:\xampp\htdocs\erp.local\system\Events\Events.php(154): CodeIgniter\Events\Events::Config\{closure}()
#3 C:\xampp\htdocs\erp.local\system\CodeIgniter.php(442): CodeIgniter\Events\Events::trigger('pre_system')
#4 C:\xampp\htdocs\erp.local\system\CodeIgniter.php(361): CodeIgniter\CodeIgniter->handleRequest(NULL, Object(Config\Cache), false)
#5 C:\xampp\htdocs\erp.local\public\index.php(79): CodeIgniter\CodeIgniter->run()
#6 {main}
ERROR - 2025-09-25 19:32:48 --> Auto-migration failed: Unable to connect to the database.
Main connection [MySQLi]: Nenhuma conexão pôde ser feita porque a máquina de destino as recusou ativamente
INFO - 2025-09-25 19:32:48 --> Session: Class initialized using 'CodeIgniter\Session\Handlers\FileHandler' driver.
ERROR - 2025-09-25 19:32:50 --> Error connecting to the database: mysqli_sql_exception: Nenhuma conexão pôde ser feita porque a máquina de destino as recusou ativamente in C:\xampp\htdocs\erp.local\system\Database\MySQLi\Connection.php:184
Stack trace:
#0 C:\xampp\htdocs\erp.local\system\Database\MySQLi\Connection.php(184): mysqli->real_connect('127.0.0.1', 'root', Object(SensitiveParameterValue), 'erp_local', 3306, '', 0)
#1 C:\xampp\htdocs\erp.local\system\Database\BaseConnection.php(392): CodeIgniter\Database\MySQLi\Connection->connect(false)
#2 C:\xampp\htdocs\erp.local\system\Database\BaseConnection.php(575): CodeIgniter\Database\BaseConnection->initialize()
#3 C:\xampp\htdocs\erp.local\system\Database\BaseBuilder.php(1616): CodeIgniter\Database\BaseConnection->query('SELECT *\nFROM `...', Array, false)
#4 C:\xampp\htdocs\erp.local\system\Model.php(270): CodeIgniter\Database\BaseBuilder->get()
#5 C:\xampp\htdocs\erp.local\system\BaseModel.php(676): CodeIgniter\Model->doFirst()
#6 C:\xampp\htdocs\erp.local\app\Controllers\Login.php(39): CodeIgniter\BaseModel->first()
#7 C:\xampp\htdocs\erp.local\system\CodeIgniter.php(941): App\Controllers\Login->index()
#8 C:\xampp\htdocs\erp.local\system\CodeIgniter.php(502): CodeIgniter\CodeIgniter->runController(Object(App\Controllers\Login))
#9 C:\xampp\htdocs\erp.local\system\CodeIgniter.php(361): CodeIgniter\CodeIgniter->handleRequest(NULL, Object(Config\Cache), false)
#10 C:\xampp\htdocs\erp.local\public\index.php(79): CodeIgniter\CodeIgniter->run()
#11 {main}

Next CodeIgniter\Database\Exceptions\DatabaseException: Nenhuma conexão pôde ser feita porque a máquina de destino as recusou ativamente in C:\xampp\htdocs\erp.local\system\Database\MySQLi\Connection.php:229
Stack trace:
#0 C:\xampp\htdocs\erp.local\system\Database\BaseConnection.php(392): CodeIgniter\Database\MySQLi\Connection->connect(false)
#1 C:\xampp\htdocs\erp.local\system\Database\BaseConnection.php(575): CodeIgniter\Database\BaseConnection->initialize()
#2 C:\xampp\htdocs\erp.local\system\Database\BaseBuilder.php(1616): CodeIgniter\Database\BaseConnection->query('SELECT *\nFROM `...', Array, false)
#3 C:\xampp\htdocs\erp.local\system\Model.php(270): CodeIgniter\Database\BaseBuilder->get()
#4 C:\xampp\htdocs\erp.local\system\BaseModel.php(676): CodeIgniter\Model->doFirst()
#5 C:\xampp\htdocs\erp.local\app\Controllers\Login.php(39): CodeIgniter\BaseModel->first()
#6 C:\xampp\htdocs\erp.local\system\CodeIgniter.php(941): App\Controllers\Login->index()
#7 C:\xampp\htdocs\erp.local\system\CodeIgniter.php(502): CodeIgniter\CodeIgniter->runController(Object(App\Controllers\Login))
#8 C:\xampp\htdocs\erp.local\system\CodeIgniter.php(361): CodeIgniter\CodeIgniter->handleRequest(NULL, Object(Config\Cache), false)
#9 C:\xampp\htdocs\erp.local\public\index.php(79): CodeIgniter\CodeIgniter->run()
#10 {main}
CRITICAL - 2025-09-25 19:32:50 --> CodeIgniter\Database\Exceptions\DatabaseException: Unable to connect to the database.
Main connection [MySQLi]: Nenhuma conexão pôde ser feita porque a máquina de destino as recusou ativamente
in SYSTEMPATH\Database\BaseConnection.php on line 428.
 1 SYSTEMPATH\Database\BaseConnection.php(575): CodeIgniter\Database\BaseConnection->initialize()
 2 SYSTEMPATH\Database\BaseBuilder.php(1616): CodeIgniter\Database\BaseConnection->query('SELECT *
FROM `configuracoes`
WHERE `id_config` = :id_config:
 LIMIT 1', [...], false)
 3 SYSTEMPATH\Model.php(270): CodeIgniter\Database\BaseBuilder->get()
 4 SYSTEMPATH\BaseModel.php(676): CodeIgniter\Model->doFirst()
 5 APPPATH\Controllers\Login.php(39): CodeIgniter\BaseModel->first()
 6 SYSTEMPATH\CodeIgniter.php(941): App\Controllers\Login->index()
 7 SYSTEMPATH\CodeIgniter.php(502): CodeIgniter\CodeIgniter->runController(Object(App\Controllers\Login))
 8 SYSTEMPATH\CodeIgniter.php(361): CodeIgniter\CodeIgniter->handleRequest(null, Object(Config\Cache), false)
 9 FCPATH\index.php(79): CodeIgniter\CodeIgniter->run()
CRITICAL - 2025-09-25 19:32:50 --> ErrorException: Uncaught TypeError: htmlspecialchars(): Argument #1 ($string) must be of type string, resource given in C:\xampp\htdocs\erp.local\app\Views\errors\html\error_exception.php:182
Stack trace:
#0 C:\xampp\htdocs\erp.local\app\Views\errors\html\error_exception.php(182): htmlspecialchars(Resource id #42, 8, 'UTF-8')
#1 C:\xampp\htdocs\erp.local\system\Debug\BaseExceptionHandler.php(258): include('C:\\xampp\\htdocs...')
#2 C:\xampp\htdocs\erp.local\system\Debug\BaseExceptionHandler.php(261): CodeIgniter\Debug\BaseExceptionHandler->CodeIgniter\Debug\{closure}()
#3 C:\xampp\htdocs\erp.local\system\Debug\ExceptionHandler.php(112): CodeIgniter\Debug\BaseExceptionHandler->render(Object(CodeIgniter\Database\Exceptions\DatabaseException), 500, 'C:\\xampp\\htdocs...')
#4 C:\xampp\htdocs\erp.local\system\Debug\Exceptions.php(156): CodeIgniter\Debug\ExceptionHandler->handle(Object(CodeIgniter\Database\Exceptions\DatabaseException), Object(CodeIgniter\HTTP\IncomingRequest), Object(CodeIgniter\HTTP\Response), 500, 8)
#5 [internal function]: CodeIgniter\Debug\Exceptions->exceptionHandler(Object(CodeIgniter\Database\Exceptions\DatabaseException))
#6 {main}
  thrown
【Previous Exception】
CodeIgniter\Database\Exceptions\DatabaseException
Unable to connect to the database.
Main connection [MySQLi]: Nenhuma conexão pôde ser feita porque a máquina de destino as recusou ativamente
#0 C:\xampp\htdocs\erp.local\system\Database\BaseConnection.php(575): CodeIgniter\Database\BaseConnection->initialize()
#1 C:\xampp\htdocs\erp.local\system\Database\BaseBuilder.php(1616): CodeIgniter\Database\BaseConnection->query('SELECT *\nFROM `...', Array, false)
#2 C:\xampp\htdocs\erp.local\system\Model.php(270): CodeIgniter\Database\BaseBuilder->get()
#3 C:\xampp\htdocs\erp.local\system\BaseModel.php(676): CodeIgniter\Model->doFirst()
#4 C:\xampp\htdocs\erp.local\app\Controllers\Login.php(39): CodeIgniter\BaseModel->first()
#5 C:\xampp\htdocs\erp.local\system\CodeIgniter.php(941): App\Controllers\Login->index()
#6 C:\xampp\htdocs\erp.local\system\CodeIgniter.php(502): CodeIgniter\CodeIgniter->runController(Object(App\Controllers\Login))
#7 C:\xampp\htdocs\erp.local\system\CodeIgniter.php(361): CodeIgniter\CodeIgniter->handleRequest(NULL, Object(Config\Cache), false)
#8 C:\xampp\htdocs\erp.local\public\index.php(79): CodeIgniter\CodeIgniter->run()
#9 {main}
in APPPATH\Views\errors\html\error_exception.php on line 182.
 1 [internal function]: CodeIgniter\Debug\Exceptions->shutdownHandler()
ERROR - 2025-09-25 19:32:59 --> Error connecting to the database: mysqli_sql_exception: Host 'localhost' is not allowed to connect to this MariaDB server in C:\xampp\htdocs\erp.local\system\Database\MySQLi\Connection.php:184
Stack trace:
#0 C:\xampp\htdocs\erp.local\system\Database\MySQLi\Connection.php(184): mysqli->real_connect('127.0.0.1', 'root', Object(SensitiveParameterValue), 'erp_local', 3306, '', 0)
#1 C:\xampp\htdocs\erp.local\system\Database\BaseConnection.php(392): CodeIgniter\Database\MySQLi\Connection->connect(false)
#2 C:\xampp\htdocs\erp.local\app\Config\Events.php(68): CodeIgniter\Database\BaseConnection->initialize()
#3 C:\xampp\htdocs\erp.local\system\Events\Events.php(154): CodeIgniter\Events\Events::Config\{closure}()
#4 C:\xampp\htdocs\erp.local\system\CodeIgniter.php(442): CodeIgniter\Events\Events::trigger('pre_system')
#5 C:\xampp\htdocs\erp.local\system\CodeIgniter.php(361): CodeIgniter\CodeIgniter->handleRequest(NULL, Object(Config\Cache), false)
#6 C:\xampp\htdocs\erp.local\public\index.php(79): CodeIgniter\CodeIgniter->run()
#7 {main}

Next CodeIgniter\Database\Exceptions\DatabaseException: Host 'localhost' is not allowed to connect to this MariaDB server in C:\xampp\htdocs\erp.local\system\Database\MySQLi\Connection.php:229
Stack trace:
#0 C:\xampp\htdocs\erp.local\system\Database\BaseConnection.php(392): CodeIgniter\Database\MySQLi\Connection->connect(false)
#1 C:\xampp\htdocs\erp.local\app\Config\Events.php(68): CodeIgniter\Database\BaseConnection->initialize()
#2 C:\xampp\htdocs\erp.local\system\Events\Events.php(154): CodeIgniter\Events\Events::Config\{closure}()
#3 C:\xampp\htdocs\erp.local\system\CodeIgniter.php(442): CodeIgniter\Events\Events::trigger('pre_system')
#4 C:\xampp\htdocs\erp.local\system\CodeIgniter.php(361): CodeIgniter\CodeIgniter->handleRequest(NULL, Object(Config\Cache), false)
#5 C:\xampp\htdocs\erp.local\public\index.php(79): CodeIgniter\CodeIgniter->run()
#6 {main}
ERROR - 2025-09-25 19:32:59 --> Auto-migration failed: Unable to connect to the database.
Main connection [MySQLi]: Host 'localhost' is not allowed to connect to this MariaDB server
INFO - 2025-09-25 19:32:59 --> Session: Class initialized using 'CodeIgniter\Session\Handlers\FileHandler' driver.
ERROR - 2025-09-25 19:32:59 --> Error connecting to the database: mysqli_sql_exception: Host 'localhost' is not allowed to connect to this MariaDB server in C:\xampp\htdocs\erp.local\system\Database\MySQLi\Connection.php:184
Stack trace:
#0 C:\xampp\htdocs\erp.local\system\Database\MySQLi\Connection.php(184): mysqli->real_connect('127.0.0.1', 'root', Object(SensitiveParameterValue), 'erp_local', 3306, '', 0)
#1 C:\xampp\htdocs\erp.local\system\Database\BaseConnection.php(392): CodeIgniter\Database\MySQLi\Connection->connect(false)
#2 C:\xampp\htdocs\erp.local\system\Database\BaseConnection.php(575): CodeIgniter\Database\BaseConnection->initialize()
#3 C:\xampp\htdocs\erp.local\system\Database\BaseBuilder.php(1616): CodeIgniter\Database\BaseConnection->query('SELECT *\nFROM `...', Array, false)
#4 C:\xampp\htdocs\erp.local\system\Model.php(270): CodeIgniter\Database\BaseBuilder->get()
#5 C:\xampp\htdocs\erp.local\system\BaseModel.php(676): CodeIgniter\Model->doFirst()
#6 C:\xampp\htdocs\erp.local\app\Controllers\Login.php(39): CodeIgniter\BaseModel->first()
#7 C:\xampp\htdocs\erp.local\system\CodeIgniter.php(941): App\Controllers\Login->index()
#8 C:\xampp\htdocs\erp.local\system\CodeIgniter.php(502): CodeIgniter\CodeIgniter->runController(Object(App\Controllers\Login))
#9 C:\xampp\htdocs\erp.local\system\CodeIgniter.php(361): CodeIgniter\CodeIgniter->handleRequest(NULL, Object(Config\Cache), false)
#10 C:\xampp\htdocs\erp.local\public\index.php(79): CodeIgniter\CodeIgniter->run()
#11 {main}

Next CodeIgniter\Database\Exceptions\DatabaseException: Host 'localhost' is not allowed to connect to this MariaDB server in C:\xampp\htdocs\erp.local\system\Database\MySQLi\Connection.php:229
Stack trace:
#0 C:\xampp\htdocs\erp.local\system\Database\BaseConnection.php(392): CodeIgniter\Database\MySQLi\Connection->connect(false)
#1 C:\xampp\htdocs\erp.local\system\Database\BaseConnection.php(575): CodeIgniter\Database\BaseConnection->initialize()
#2 C:\xampp\htdocs\erp.local\system\Database\BaseBuilder.php(1616): CodeIgniter\Database\BaseConnection->query('SELECT *\nFROM `...', Array, false)
#3 C:\xampp\htdocs\erp.local\system\Model.php(270): CodeIgniter\Database\BaseBuilder->get()
#4 C:\xampp\htdocs\erp.local\system\BaseModel.php(676): CodeIgniter\Model->doFirst()
#5 C:\xampp\htdocs\erp.local\app\Controllers\Login.php(39): CodeIgniter\BaseModel->first()
#6 C:\xampp\htdocs\erp.local\system\CodeIgniter.php(941): App\Controllers\Login->index()
#7 C:\xampp\htdocs\erp.local\system\CodeIgniter.php(502): CodeIgniter\CodeIgniter->runController(Object(App\Controllers\Login))
#8 C:\xampp\htdocs\erp.local\system\CodeIgniter.php(361): CodeIgniter\CodeIgniter->handleRequest(NULL, Object(Config\Cache), false)
#9 C:\xampp\htdocs\erp.local\public\index.php(79): CodeIgniter\CodeIgniter->run()
#10 {main}
CRITICAL - 2025-09-25 19:32:59 --> CodeIgniter\Database\Exceptions\DatabaseException: Unable to connect to the database.
Main connection [MySQLi]: Host 'localhost' is not allowed to connect to this MariaDB server
in SYSTEMPATH\Database\BaseConnection.php on line 428.
 1 SYSTEMPATH\Database\BaseConnection.php(575): CodeIgniter\Database\BaseConnection->initialize()
 2 SYSTEMPATH\Database\BaseBuilder.php(1616): CodeIgniter\Database\BaseConnection->query('SELECT *
FROM `configuracoes`
WHERE `id_config` = :id_config:
 LIMIT 1', [...], false)
 3 SYSTEMPATH\Model.php(270): CodeIgniter\Database\BaseBuilder->get()
 4 SYSTEMPATH\BaseModel.php(676): CodeIgniter\Model->doFirst()
 5 APPPATH\Controllers\Login.php(39): CodeIgniter\BaseModel->first()
 6 SYSTEMPATH\CodeIgniter.php(941): App\Controllers\Login->index()
 7 SYSTEMPATH\CodeIgniter.php(502): CodeIgniter\CodeIgniter->runController(Object(App\Controllers\Login))
 8 SYSTEMPATH\CodeIgniter.php(361): CodeIgniter\CodeIgniter->handleRequest(null, Object(Config\Cache), false)
 9 FCPATH\index.php(79): CodeIgniter\CodeIgniter->run()
CRITICAL - 2025-09-25 19:32:59 --> ErrorException: Uncaught TypeError: htmlspecialchars(): Argument #1 ($string) must be of type string, resource given in C:\xampp\htdocs\erp.local\app\Views\errors\html\error_exception.php:182
Stack trace:
#0 C:\xampp\htdocs\erp.local\app\Views\errors\html\error_exception.php(182): htmlspecialchars(Resource id #42, 8, 'UTF-8')
#1 C:\xampp\htdocs\erp.local\system\Debug\BaseExceptionHandler.php(258): include('C:\\xampp\\htdocs...')
#2 C:\xampp\htdocs\erp.local\system\Debug\BaseExceptionHandler.php(261): CodeIgniter\Debug\BaseExceptionHandler->CodeIgniter\Debug\{closure}()
#3 C:\xampp\htdocs\erp.local\system\Debug\ExceptionHandler.php(112): CodeIgniter\Debug\BaseExceptionHandler->render(Object(CodeIgniter\Database\Exceptions\DatabaseException), 500, 'C:\\xampp\\htdocs...')
#4 C:\xampp\htdocs\erp.local\system\Debug\Exceptions.php(156): CodeIgniter\Debug\ExceptionHandler->handle(Object(CodeIgniter\Database\Exceptions\DatabaseException), Object(CodeIgniter\HTTP\IncomingRequest), Object(CodeIgniter\HTTP\Response), 500, 8)
#5 [internal function]: CodeIgniter\Debug\Exceptions->exceptionHandler(Object(CodeIgniter\Database\Exceptions\DatabaseException))
#6 {main}
  thrown
【Previous Exception】
CodeIgniter\Database\Exceptions\DatabaseException
Unable to connect to the database.
Main connection [MySQLi]: Host 'localhost' is not allowed to connect to this MariaDB server
#0 C:\xampp\htdocs\erp.local\system\Database\BaseConnection.php(575): CodeIgniter\Database\BaseConnection->initialize()
#1 C:\xampp\htdocs\erp.local\system\Database\BaseBuilder.php(1616): CodeIgniter\Database\BaseConnection->query('SELECT *\nFROM `...', Array, false)
#2 C:\xampp\htdocs\erp.local\system\Model.php(270): CodeIgniter\Database\BaseBuilder->get()
#3 C:\xampp\htdocs\erp.local\system\BaseModel.php(676): CodeIgniter\Model->doFirst()
#4 C:\xampp\htdocs\erp.local\app\Controllers\Login.php(39): CodeIgniter\BaseModel->first()
#5 C:\xampp\htdocs\erp.local\system\CodeIgniter.php(941): App\Controllers\Login->index()
#6 C:\xampp\htdocs\erp.local\system\CodeIgniter.php(502): CodeIgniter\CodeIgniter->runController(Object(App\Controllers\Login))
#7 C:\xampp\htdocs\erp.local\system\CodeIgniter.php(361): CodeIgniter\CodeIgniter->handleRequest(NULL, Object(Config\Cache), false)
#8 C:\xampp\htdocs\erp.local\public\index.php(79): CodeIgniter\CodeIgniter->run()
#9 {main}
in APPPATH\Views\errors\html\error_exception.php on line 182.
 1 [internal function]: CodeIgniter\Debug\Exceptions->shutdownHandler()
ERROR - 2025-09-25 19:33:09 --> Error connecting to the database: mysqli_sql_exception: Host 'localhost' is not allowed to connect to this MariaDB server in C:\xampp\htdocs\erp.local\system\Database\MySQLi\Connection.php:184
Stack trace:
#0 C:\xampp\htdocs\erp.local\system\Database\MySQLi\Connection.php(184): mysqli->real_connect('127.0.0.1', 'root', Object(SensitiveParameterValue), 'erp_local', 3306, '', 0)
#1 C:\xampp\htdocs\erp.local\system\Database\BaseConnection.php(392): CodeIgniter\Database\MySQLi\Connection->connect(false)
#2 C:\xampp\htdocs\erp.local\app\Config\Events.php(68): CodeIgniter\Database\BaseConnection->initialize()
#3 C:\xampp\htdocs\erp.local\system\Events\Events.php(154): CodeIgniter\Events\Events::Config\{closure}()
#4 C:\xampp\htdocs\erp.local\system\CodeIgniter.php(442): CodeIgniter\Events\Events::trigger('pre_system')
#5 C:\xampp\htdocs\erp.local\system\CodeIgniter.php(361): CodeIgniter\CodeIgniter->handleRequest(NULL, Object(Config\Cache), false)
#6 C:\xampp\htdocs\erp.local\public\index.php(79): CodeIgniter\CodeIgniter->run()
#7 {main}

Next CodeIgniter\Database\Exceptions\DatabaseException: Host 'localhost' is not allowed to connect to this MariaDB server in C:\xampp\htdocs\erp.local\system\Database\MySQLi\Connection.php:229
Stack trace:
#0 C:\xampp\htdocs\erp.local\system\Database\BaseConnection.php(392): CodeIgniter\Database\MySQLi\Connection->connect(false)
#1 C:\xampp\htdocs\erp.local\app\Config\Events.php(68): CodeIgniter\Database\BaseConnection->initialize()
#2 C:\xampp\htdocs\erp.local\system\Events\Events.php(154): CodeIgniter\Events\Events::Config\{closure}()
#3 C:\xampp\htdocs\erp.local\system\CodeIgniter.php(442): CodeIgniter\Events\Events::trigger('pre_system')
#4 C:\xampp\htdocs\erp.local\system\CodeIgniter.php(361): CodeIgniter\CodeIgniter->handleRequest(NULL, Object(Config\Cache), false)
#5 C:\xampp\htdocs\erp.local\public\index.php(79): CodeIgniter\CodeIgniter->run()
#6 {main}
ERROR - 2025-09-25 19:33:09 --> Auto-migration failed: Unable to connect to the database.
Main connection [MySQLi]: Host 'localhost' is not allowed to connect to this MariaDB server
INFO - 2025-09-25 19:33:09 --> Session: Class initialized using 'CodeIgniter\Session\Handlers\FileHandler' driver.
ERROR - 2025-09-25 19:33:09 --> Error connecting to the database: mysqli_sql_exception: Host 'localhost' is not allowed to connect to this MariaDB server in C:\xampp\htdocs\erp.local\system\Database\MySQLi\Connection.php:184
Stack trace:
#0 C:\xampp\htdocs\erp.local\system\Database\MySQLi\Connection.php(184): mysqli->real_connect('127.0.0.1', 'root', Object(SensitiveParameterValue), 'erp_local', 3306, '', 0)
#1 C:\xampp\htdocs\erp.local\system\Database\BaseConnection.php(392): CodeIgniter\Database\MySQLi\Connection->connect(false)
#2 C:\xampp\htdocs\erp.local\system\Database\BaseConnection.php(575): CodeIgniter\Database\BaseConnection->initialize()
#3 C:\xampp\htdocs\erp.local\system\Database\BaseBuilder.php(1616): CodeIgniter\Database\BaseConnection->query('SELECT *\nFROM `...', Array, false)
#4 C:\xampp\htdocs\erp.local\system\Model.php(270): CodeIgniter\Database\BaseBuilder->get()
#5 C:\xampp\htdocs\erp.local\system\BaseModel.php(676): CodeIgniter\Model->doFirst()
#6 C:\xampp\htdocs\erp.local\app\Controllers\Login.php(39): CodeIgniter\BaseModel->first()
#7 C:\xampp\htdocs\erp.local\system\CodeIgniter.php(941): App\Controllers\Login->index()
#8 C:\xampp\htdocs\erp.local\system\CodeIgniter.php(502): CodeIgniter\CodeIgniter->runController(Object(App\Controllers\Login))
#9 C:\xampp\htdocs\erp.local\system\CodeIgniter.php(361): CodeIgniter\CodeIgniter->handleRequest(NULL, Object(Config\Cache), false)
#10 C:\xampp\htdocs\erp.local\public\index.php(79): CodeIgniter\CodeIgniter->run()
#11 {main}

Next CodeIgniter\Database\Exceptions\DatabaseException: Host 'localhost' is not allowed to connect to this MariaDB server in C:\xampp\htdocs\erp.local\system\Database\MySQLi\Connection.php:229
Stack trace:
#0 C:\xampp\htdocs\erp.local\system\Database\BaseConnection.php(392): CodeIgniter\Database\MySQLi\Connection->connect(false)
#1 C:\xampp\htdocs\erp.local\system\Database\BaseConnection.php(575): CodeIgniter\Database\BaseConnection->initialize()
#2 C:\xampp\htdocs\erp.local\system\Database\BaseBuilder.php(1616): CodeIgniter\Database\BaseConnection->query('SELECT *\nFROM `...', Array, false)
#3 C:\xampp\htdocs\erp.local\system\Model.php(270): CodeIgniter\Database\BaseBuilder->get()
#4 C:\xampp\htdocs\erp.local\system\BaseModel.php(676): CodeIgniter\Model->doFirst()
#5 C:\xampp\htdocs\erp.local\app\Controllers\Login.php(39): CodeIgniter\BaseModel->first()
#6 C:\xampp\htdocs\erp.local\system\CodeIgniter.php(941): App\Controllers\Login->index()
#7 C:\xampp\htdocs\erp.local\system\CodeIgniter.php(502): CodeIgniter\CodeIgniter->runController(Object(App\Controllers\Login))
#8 C:\xampp\htdocs\erp.local\system\CodeIgniter.php(361): CodeIgniter\CodeIgniter->handleRequest(NULL, Object(Config\Cache), false)
#9 C:\xampp\htdocs\erp.local\public\index.php(79): CodeIgniter\CodeIgniter->run()
#10 {main}
CRITICAL - 2025-09-25 19:33:09 --> CodeIgniter\Database\Exceptions\DatabaseException: Unable to connect to the database.
Main connection [MySQLi]: Host 'localhost' is not allowed to connect to this MariaDB server
in SYSTEMPATH\Database\BaseConnection.php on line 428.
 1 SYSTEMPATH\Database\BaseConnection.php(575): CodeIgniter\Database\BaseConnection->initialize()
 2 SYSTEMPATH\Database\BaseBuilder.php(1616): CodeIgniter\Database\BaseConnection->query('SELECT *
FROM `configuracoes`
WHERE `id_config` = :id_config:
 LIMIT 1', [...], false)
 3 SYSTEMPATH\Model.php(270): CodeIgniter\Database\BaseBuilder->get()
 4 SYSTEMPATH\BaseModel.php(676): CodeIgniter\Model->doFirst()
 5 APPPATH\Controllers\Login.php(39): CodeIgniter\BaseModel->first()
 6 SYSTEMPATH\CodeIgniter.php(941): App\Controllers\Login->index()
 7 SYSTEMPATH\CodeIgniter.php(502): CodeIgniter\CodeIgniter->runController(Object(App\Controllers\Login))
 8 SYSTEMPATH\CodeIgniter.php(361): CodeIgniter\CodeIgniter->handleRequest(null, Object(Config\Cache), false)
 9 FCPATH\index.php(79): CodeIgniter\CodeIgniter->run()
CRITICAL - 2025-09-25 19:33:09 --> ErrorException: Uncaught TypeError: htmlspecialchars(): Argument #1 ($string) must be of type string, resource given in C:\xampp\htdocs\erp.local\app\Views\errors\html\error_exception.php:182
Stack trace:
#0 C:\xampp\htdocs\erp.local\app\Views\errors\html\error_exception.php(182): htmlspecialchars(Resource id #42, 8, 'UTF-8')
#1 C:\xampp\htdocs\erp.local\system\Debug\BaseExceptionHandler.php(258): include('C:\\xampp\\htdocs...')
#2 C:\xampp\htdocs\erp.local\system\Debug\BaseExceptionHandler.php(261): CodeIgniter\Debug\BaseExceptionHandler->CodeIgniter\Debug\{closure}()
#3 C:\xampp\htdocs\erp.local\system\Debug\ExceptionHandler.php(112): CodeIgniter\Debug\BaseExceptionHandler->render(Object(CodeIgniter\Database\Exceptions\DatabaseException), 500, 'C:\\xampp\\htdocs...')
#4 C:\xampp\htdocs\erp.local\system\Debug\Exceptions.php(156): CodeIgniter\Debug\ExceptionHandler->handle(Object(CodeIgniter\Database\Exceptions\DatabaseException), Object(CodeIgniter\HTTP\IncomingRequest), Object(CodeIgniter\HTTP\Response), 500, 8)
#5 [internal function]: CodeIgniter\Debug\Exceptions->exceptionHandler(Object(CodeIgniter\Database\Exceptions\DatabaseException))
#6 {main}
  thrown
【Previous Exception】
CodeIgniter\Database\Exceptions\DatabaseException
Unable to connect to the database.
Main connection [MySQLi]: Host 'localhost' is not allowed to connect to this MariaDB server
#0 C:\xampp\htdocs\erp.local\system\Database\BaseConnection.php(575): CodeIgniter\Database\BaseConnection->initialize()
#1 C:\xampp\htdocs\erp.local\system\Database\BaseBuilder.php(1616): CodeIgniter\Database\BaseConnection->query('SELECT *\nFROM `...', Array, false)
#2 C:\xampp\htdocs\erp.local\system\Model.php(270): CodeIgniter\Database\BaseBuilder->get()
#3 C:\xampp\htdocs\erp.local\system\BaseModel.php(676): CodeIgniter\Model->doFirst()
#4 C:\xampp\htdocs\erp.local\app\Controllers\Login.php(39): CodeIgniter\BaseModel->first()
#5 C:\xampp\htdocs\erp.local\system\CodeIgniter.php(941): App\Controllers\Login->index()
#6 C:\xampp\htdocs\erp.local\system\CodeIgniter.php(502): CodeIgniter\CodeIgniter->runController(Object(App\Controllers\Login))
#7 C:\xampp\htdocs\erp.local\system\CodeIgniter.php(361): CodeIgniter\CodeIgniter->handleRequest(NULL, Object(Config\Cache), false)
#8 C:\xampp\htdocs\erp.local\public\index.php(79): CodeIgniter\CodeIgniter->run()
#9 {main}
in APPPATH\Views\errors\html\error_exception.php on line 182.
 1 [internal function]: CodeIgniter\Debug\Exceptions->shutdownHandler()
ERROR - 2025-09-25 19:33:13 --> Error connecting to the database: mysqli_sql_exception: Host 'localhost' is not allowed to connect to this MariaDB server in C:\xampp\htdocs\erp.local\system\Database\MySQLi\Connection.php:184
Stack trace:
#0 C:\xampp\htdocs\erp.local\system\Database\MySQLi\Connection.php(184): mysqli->real_connect('127.0.0.1', 'root', Object(SensitiveParameterValue), 'erp_local', 3306, '', 0)
#1 C:\xampp\htdocs\erp.local\system\Database\BaseConnection.php(392): CodeIgniter\Database\MySQLi\Connection->connect(false)
#2 C:\xampp\htdocs\erp.local\app\Config\Events.php(68): CodeIgniter\Database\BaseConnection->initialize()
#3 C:\xampp\htdocs\erp.local\system\Events\Events.php(154): CodeIgniter\Events\Events::Config\{closure}()
#4 C:\xampp\htdocs\erp.local\system\CodeIgniter.php(442): CodeIgniter\Events\Events::trigger('pre_system')
#5 C:\xampp\htdocs\erp.local\system\CodeIgniter.php(361): CodeIgniter\CodeIgniter->handleRequest(NULL, Object(Config\Cache), false)
#6 C:\xampp\htdocs\erp.local\public\index.php(79): CodeIgniter\CodeIgniter->run()
#7 {main}

Next CodeIgniter\Database\Exceptions\DatabaseException: Host 'localhost' is not allowed to connect to this MariaDB server in C:\xampp\htdocs\erp.local\system\Database\MySQLi\Connection.php:229
Stack trace:
#0 C:\xampp\htdocs\erp.local\system\Database\BaseConnection.php(392): CodeIgniter\Database\MySQLi\Connection->connect(false)
#1 C:\xampp\htdocs\erp.local\app\Config\Events.php(68): CodeIgniter\Database\BaseConnection->initialize()
#2 C:\xampp\htdocs\erp.local\system\Events\Events.php(154): CodeIgniter\Events\Events::Config\{closure}()
#3 C:\xampp\htdocs\erp.local\system\CodeIgniter.php(442): CodeIgniter\Events\Events::trigger('pre_system')
#4 C:\xampp\htdocs\erp.local\system\CodeIgniter.php(361): CodeIgniter\CodeIgniter->handleRequest(NULL, Object(Config\Cache), false)
#5 C:\xampp\htdocs\erp.local\public\index.php(79): CodeIgniter\CodeIgniter->run()
#6 {main}
ERROR - 2025-09-25 19:33:13 --> Auto-migration failed: Unable to connect to the database.
Main connection [MySQLi]: Host 'localhost' is not allowed to connect to this MariaDB server
ERROR - 2025-09-25 19:33:13 --> Error connecting to the database: mysqli_sql_exception: Host 'localhost' is not allowed to connect to this MariaDB server in C:\xampp\htdocs\erp.local\system\Database\MySQLi\Connection.php:184
Stack trace:
#0 C:\xampp\htdocs\erp.local\system\Database\MySQLi\Connection.php(184): mysqli->real_connect('127.0.0.1', 'root', Object(SensitiveParameterValue), 'erp_local', 3306, '', 0)
#1 C:\xampp\htdocs\erp.local\system\Database\BaseConnection.php(392): CodeIgniter\Database\MySQLi\Connection->connect(false)
#2 C:\xampp\htdocs\erp.local\app\Config\Events.php(68): CodeIgniter\Database\BaseConnection->initialize()
#3 C:\xampp\htdocs\erp.local\system\Events\Events.php(154): CodeIgniter\Events\Events::Config\{closure}()
#4 C:\xampp\htdocs\erp.local\system\CodeIgniter.php(442): CodeIgniter\Events\Events::trigger('pre_system')
#5 C:\xampp\htdocs\erp.local\system\CodeIgniter.php(361): CodeIgniter\CodeIgniter->handleRequest(NULL, Object(Config\Cache), false)
#6 C:\xampp\htdocs\erp.local\public\index.php(79): CodeIgniter\CodeIgniter->run()
#7 {main}

Next CodeIgniter\Database\Exceptions\DatabaseException: Host 'localhost' is not allowed to connect to this MariaDB server in C:\xampp\htdocs\erp.local\system\Database\MySQLi\Connection.php:229
Stack trace:
#0 C:\xampp\htdocs\erp.local\system\Database\BaseConnection.php(392): CodeIgniter\Database\MySQLi\Connection->connect(false)
#1 C:\xampp\htdocs\erp.local\app\Config\Events.php(68): CodeIgniter\Database\BaseConnection->initialize()
#2 C:\xampp\htdocs\erp.local\system\Events\Events.php(154): CodeIgniter\Events\Events::Config\{closure}()
#3 C:\xampp\htdocs\erp.local\system\CodeIgniter.php(442): CodeIgniter\Events\Events::trigger('pre_system')
#4 C:\xampp\htdocs\erp.local\system\CodeIgniter.php(361): CodeIgniter\CodeIgniter->handleRequest(NULL, Object(Config\Cache), false)
#5 C:\xampp\htdocs\erp.local\public\index.php(79): CodeIgniter\CodeIgniter->run()
#6 {main}
ERROR - 2025-09-25 19:33:13 --> Auto-migration failed: Unable to connect to the database.
Main connection [MySQLi]: Host 'localhost' is not allowed to connect to this MariaDB server
INFO - 2025-09-25 19:33:13 --> Session: Class initialized using 'CodeIgniter\Session\Handlers\FileHandler' driver.
ERROR - 2025-09-25 19:33:13 --> Error connecting to the database: mysqli_sql_exception: Host 'localhost' is not allowed to connect to this MariaDB server in C:\xampp\htdocs\erp.local\system\Database\MySQLi\Connection.php:184
Stack trace:
#0 C:\xampp\htdocs\erp.local\system\Database\MySQLi\Connection.php(184): mysqli->real_connect('127.0.0.1', 'root', Object(SensitiveParameterValue), 'erp_local', 3306, '', 0)
#1 C:\xampp\htdocs\erp.local\system\Database\BaseConnection.php(392): CodeIgniter\Database\MySQLi\Connection->connect(false)
#2 C:\xampp\htdocs\erp.local\system\Database\BaseConnection.php(575): CodeIgniter\Database\BaseConnection->initialize()
#3 C:\xampp\htdocs\erp.local\system\Database\BaseBuilder.php(1616): CodeIgniter\Database\BaseConnection->query('SELECT *\nFROM `...', Array, false)
#4 C:\xampp\htdocs\erp.local\system\Model.php(270): CodeIgniter\Database\BaseBuilder->get()
#5 C:\xampp\htdocs\erp.local\system\BaseModel.php(676): CodeIgniter\Model->doFirst()
#6 C:\xampp\htdocs\erp.local\app\Controllers\Login.php(39): CodeIgniter\BaseModel->first()
#7 C:\xampp\htdocs\erp.local\system\CodeIgniter.php(941): App\Controllers\Login->index()
#8 C:\xampp\htdocs\erp.local\system\CodeIgniter.php(502): CodeIgniter\CodeIgniter->runController(Object(App\Controllers\Login))
#9 C:\xampp\htdocs\erp.local\system\CodeIgniter.php(361): CodeIgniter\CodeIgniter->handleRequest(NULL, Object(Config\Cache), false)
#10 C:\xampp\htdocs\erp.local\public\index.php(79): CodeIgniter\CodeIgniter->run()
#11 {main}

Next CodeIgniter\Database\Exceptions\DatabaseException: Host 'localhost' is not allowed to connect to this MariaDB server in C:\xampp\htdocs\erp.local\system\Database\MySQLi\Connection.php:229
Stack trace:
#0 C:\xampp\htdocs\erp.local\system\Database\BaseConnection.php(392): CodeIgniter\Database\MySQLi\Connection->connect(false)
#1 C:\xampp\htdocs\erp.local\system\Database\BaseConnection.php(575): CodeIgniter\Database\BaseConnection->initialize()
#2 C:\xampp\htdocs\erp.local\system\Database\BaseBuilder.php(1616): CodeIgniter\Database\BaseConnection->query('SELECT *\nFROM `...', Array, false)
#3 C:\xampp\htdocs\erp.local\system\Model.php(270): CodeIgniter\Database\BaseBuilder->get()
#4 C:\xampp\htdocs\erp.local\system\BaseModel.php(676): CodeIgniter\Model->doFirst()
#5 C:\xampp\htdocs\erp.local\app\Controllers\Login.php(39): CodeIgniter\BaseModel->first()
#6 C:\xampp\htdocs\erp.local\system\CodeIgniter.php(941): App\Controllers\Login->index()
#7 C:\xampp\htdocs\erp.local\system\CodeIgniter.php(502): CodeIgniter\CodeIgniter->runController(Object(App\Controllers\Login))
#8 C:\xampp\htdocs\erp.local\system\CodeIgniter.php(361): CodeIgniter\CodeIgniter->handleRequest(NULL, Object(Config\Cache), false)
#9 C:\xampp\htdocs\erp.local\public\index.php(79): CodeIgniter\CodeIgniter->run()
#10 {main}
CRITICAL - 2025-09-25 19:33:13 --> CodeIgniter\Database\Exceptions\DatabaseException: Unable to connect to the database.
Main connection [MySQLi]: Host 'localhost' is not allowed to connect to this MariaDB server
in SYSTEMPATH\Database\BaseConnection.php on line 428.
 1 SYSTEMPATH\Database\BaseConnection.php(575): CodeIgniter\Database\BaseConnection->initialize()
 2 SYSTEMPATH\Database\BaseBuilder.php(1616): CodeIgniter\Database\BaseConnection->query('SELECT *
FROM `configuracoes`
WHERE `id_config` = :id_config:
 LIMIT 1', [...], false)
 3 SYSTEMPATH\Model.php(270): CodeIgniter\Database\BaseBuilder->get()
 4 SYSTEMPATH\BaseModel.php(676): CodeIgniter\Model->doFirst()
 5 APPPATH\Controllers\Login.php(39): CodeIgniter\BaseModel->first()
 6 SYSTEMPATH\CodeIgniter.php(941): App\Controllers\Login->index()
 7 SYSTEMPATH\CodeIgniter.php(502): CodeIgniter\CodeIgniter->runController(Object(App\Controllers\Login))
 8 SYSTEMPATH\CodeIgniter.php(361): CodeIgniter\CodeIgniter->handleRequest(null, Object(Config\Cache), false)
 9 FCPATH\index.php(79): CodeIgniter\CodeIgniter->run()
CRITICAL - 2025-09-25 19:33:13 --> ErrorException: Uncaught TypeError: htmlspecialchars(): Argument #1 ($string) must be of type string, resource given in C:\xampp\htdocs\erp.local\app\Views\errors\html\error_exception.php:182
Stack trace:
#0 C:\xampp\htdocs\erp.local\app\Views\errors\html\error_exception.php(182): htmlspecialchars(Resource id #42, 8, 'UTF-8')
#1 C:\xampp\htdocs\erp.local\system\Debug\BaseExceptionHandler.php(258): include('C:\\xampp\\htdocs...')
#2 C:\xampp\htdocs\erp.local\system\Debug\BaseExceptionHandler.php(261): CodeIgniter\Debug\BaseExceptionHandler->CodeIgniter\Debug\{closure}()
#3 C:\xampp\htdocs\erp.local\system\Debug\ExceptionHandler.php(112): CodeIgniter\Debug\BaseExceptionHandler->render(Object(CodeIgniter\Database\Exceptions\DatabaseException), 500, 'C:\\xampp\\htdocs...')
#4 C:\xampp\htdocs\erp.local\system\Debug\Exceptions.php(156): CodeIgniter\Debug\ExceptionHandler->handle(Object(CodeIgniter\Database\Exceptions\DatabaseException), Object(CodeIgniter\HTTP\IncomingRequest), Object(CodeIgniter\HTTP\Response), 500, 8)
#5 [internal function]: CodeIgniter\Debug\Exceptions->exceptionHandler(Object(CodeIgniter\Database\Exceptions\DatabaseException))
#6 {main}
  thrown
【Previous Exception】
CodeIgniter\Database\Exceptions\DatabaseException
Unable to connect to the database.
Main connection [MySQLi]: Host 'localhost' is not allowed to connect to this MariaDB server
#0 C:\xampp\htdocs\erp.local\system\Database\BaseConnection.php(575): CodeIgniter\Database\BaseConnection->initialize()
#1 C:\xampp\htdocs\erp.local\system\Database\BaseBuilder.php(1616): CodeIgniter\Database\BaseConnection->query('SELECT *\nFROM `...', Array, false)
#2 C:\xampp\htdocs\erp.local\system\Model.php(270): CodeIgniter\Database\BaseBuilder->get()
#3 C:\xampp\htdocs\erp.local\system\BaseModel.php(676): CodeIgniter\Model->doFirst()
#4 C:\xampp\htdocs\erp.local\app\Controllers\Login.php(39): CodeIgniter\BaseModel->first()
#5 C:\xampp\htdocs\erp.local\system\CodeIgniter.php(941): App\Controllers\Login->index()
#6 C:\xampp\htdocs\erp.local\system\CodeIgniter.php(502): CodeIgniter\CodeIgniter->runController(Object(App\Controllers\Login))
#7 C:\xampp\htdocs\erp.local\system\CodeIgniter.php(361): CodeIgniter\CodeIgniter->handleRequest(NULL, Object(Config\Cache), false)
#8 C:\xampp\htdocs\erp.local\public\index.php(79): CodeIgniter\CodeIgniter->run()
#9 {main}
in APPPATH\Views\errors\html\error_exception.php on line 182.
 1 [internal function]: CodeIgniter\Debug\Exceptions->shutdownHandler()
ERROR - 2025-09-25 19:36:59 --> Error connecting to the database: mysqli_sql_exception: Host 'localhost' is not allowed to connect to this MariaDB server in C:\xampp\htdocs\erp.local\system\Database\MySQLi\Connection.php:184
Stack trace:
#0 C:\xampp\htdocs\erp.local\system\Database\MySQLi\Connection.php(184): mysqli->real_connect('127.0.0.1', 'root', Object(SensitiveParameterValue), 'erp_local', 3306, '', 0)
#1 C:\xampp\htdocs\erp.local\system\Database\BaseConnection.php(392): CodeIgniter\Database\MySQLi\Connection->connect(false)
#2 C:\xampp\htdocs\erp.local\app\Config\Events.php(68): CodeIgniter\Database\BaseConnection->initialize()
#3 C:\xampp\htdocs\erp.local\system\Events\Events.php(154): CodeIgniter\Events\Events::Config\{closure}()
#4 C:\xampp\htdocs\erp.local\system\CodeIgniter.php(442): CodeIgniter\Events\Events::trigger('pre_system')
#5 C:\xampp\htdocs\erp.local\system\CodeIgniter.php(361): CodeIgniter\CodeIgniter->handleRequest(NULL, Object(Config\Cache), false)
#6 C:\xampp\htdocs\erp.local\public\index.php(79): CodeIgniter\CodeIgniter->run()
#7 {main}

Next CodeIgniter\Database\Exceptions\DatabaseException: Host 'localhost' is not allowed to connect to this MariaDB server in C:\xampp\htdocs\erp.local\system\Database\MySQLi\Connection.php:229
Stack trace:
#0 C:\xampp\htdocs\erp.local\system\Database\BaseConnection.php(392): CodeIgniter\Database\MySQLi\Connection->connect(false)
#1 C:\xampp\htdocs\erp.local\app\Config\Events.php(68): CodeIgniter\Database\BaseConnection->initialize()
#2 C:\xampp\htdocs\erp.local\system\Events\Events.php(154): CodeIgniter\Events\Events::Config\{closure}()
#3 C:\xampp\htdocs\erp.local\system\CodeIgniter.php(442): CodeIgniter\Events\Events::trigger('pre_system')
#4 C:\xampp\htdocs\erp.local\system\CodeIgniter.php(361): CodeIgniter\CodeIgniter->handleRequest(NULL, Object(Config\Cache), false)
#5 C:\xampp\htdocs\erp.local\public\index.php(79): CodeIgniter\CodeIgniter->run()
#6 {main}
ERROR - 2025-09-25 19:36:59 --> Auto-migration failed: Unable to connect to the database.
Main connection [MySQLi]: Host 'localhost' is not allowed to connect to this MariaDB server
INFO - 2025-09-25 19:36:59 --> Session: Class initialized using 'CodeIgniter\Session\Handlers\FileHandler' driver.
ERROR - 2025-09-25 19:36:59 --> Error connecting to the database: mysqli_sql_exception: Host 'localhost' is not allowed to connect to this MariaDB server in C:\xampp\htdocs\erp.local\system\Database\MySQLi\Connection.php:184
Stack trace:
#0 C:\xampp\htdocs\erp.local\system\Database\MySQLi\Connection.php(184): mysqli->real_connect('127.0.0.1', 'root', Object(SensitiveParameterValue), 'erp_local', 3306, '', 0)
#1 C:\xampp\htdocs\erp.local\system\Database\BaseConnection.php(392): CodeIgniter\Database\MySQLi\Connection->connect(false)
#2 C:\xampp\htdocs\erp.local\system\Database\BaseConnection.php(575): CodeIgniter\Database\BaseConnection->initialize()
#3 C:\xampp\htdocs\erp.local\system\Database\BaseBuilder.php(1616): CodeIgniter\Database\BaseConnection->query('SELECT *\nFROM `...', Array, false)
#4 C:\xampp\htdocs\erp.local\system\Model.php(270): CodeIgniter\Database\BaseBuilder->get()
#5 C:\xampp\htdocs\erp.local\system\BaseModel.php(676): CodeIgniter\Model->doFirst()
#6 C:\xampp\htdocs\erp.local\app\Controllers\Login.php(39): CodeIgniter\BaseModel->first()
#7 C:\xampp\htdocs\erp.local\system\CodeIgniter.php(941): App\Controllers\Login->index()
#8 C:\xampp\htdocs\erp.local\system\CodeIgniter.php(502): CodeIgniter\CodeIgniter->runController(Object(App\Controllers\Login))
#9 C:\xampp\htdocs\erp.local\system\CodeIgniter.php(361): CodeIgniter\CodeIgniter->handleRequest(NULL, Object(Config\Cache), false)
#10 C:\xampp\htdocs\erp.local\public\index.php(79): CodeIgniter\CodeIgniter->run()
#11 {main}

Next CodeIgniter\Database\Exceptions\DatabaseException: Host 'localhost' is not allowed to connect to this MariaDB server in C:\xampp\htdocs\erp.local\system\Database\MySQLi\Connection.php:229
Stack trace:
#0 C:\xampp\htdocs\erp.local\system\Database\BaseConnection.php(392): CodeIgniter\Database\MySQLi\Connection->connect(false)
#1 C:\xampp\htdocs\erp.local\system\Database\BaseConnection.php(575): CodeIgniter\Database\BaseConnection->initialize()
#2 C:\xampp\htdocs\erp.local\system\Database\BaseBuilder.php(1616): CodeIgniter\Database\BaseConnection->query('SELECT *\nFROM `...', Array, false)
#3 C:\xampp\htdocs\erp.local\system\Model.php(270): CodeIgniter\Database\BaseBuilder->get()
#4 C:\xampp\htdocs\erp.local\system\BaseModel.php(676): CodeIgniter\Model->doFirst()
#5 C:\xampp\htdocs\erp.local\app\Controllers\Login.php(39): CodeIgniter\BaseModel->first()
#6 C:\xampp\htdocs\erp.local\system\CodeIgniter.php(941): App\Controllers\Login->index()
#7 C:\xampp\htdocs\erp.local\system\CodeIgniter.php(502): CodeIgniter\CodeIgniter->runController(Object(App\Controllers\Login))
#8 C:\xampp\htdocs\erp.local\system\CodeIgniter.php(361): CodeIgniter\CodeIgniter->handleRequest(NULL, Object(Config\Cache), false)
#9 C:\xampp\htdocs\erp.local\public\index.php(79): CodeIgniter\CodeIgniter->run()
#10 {main}
CRITICAL - 2025-09-25 19:36:59 --> CodeIgniter\Database\Exceptions\DatabaseException: Unable to connect to the database.
Main connection [MySQLi]: Host 'localhost' is not allowed to connect to this MariaDB server
in SYSTEMPATH\Database\BaseConnection.php on line 428.
 1 SYSTEMPATH\Database\BaseConnection.php(575): CodeIgniter\Database\BaseConnection->initialize()
 2 SYSTEMPATH\Database\BaseBuilder.php(1616): CodeIgniter\Database\BaseConnection->query('SELECT *
FROM `configuracoes`
WHERE `id_config` = :id_config:
 LIMIT 1', [...], false)
 3 SYSTEMPATH\Model.php(270): CodeIgniter\Database\BaseBuilder->get()
 4 SYSTEMPATH\BaseModel.php(676): CodeIgniter\Model->doFirst()
 5 APPPATH\Controllers\Login.php(39): CodeIgniter\BaseModel->first()
 6 SYSTEMPATH\CodeIgniter.php(941): App\Controllers\Login->index()
 7 SYSTEMPATH\CodeIgniter.php(502): CodeIgniter\CodeIgniter->runController(Object(App\Controllers\Login))
 8 SYSTEMPATH\CodeIgniter.php(361): CodeIgniter\CodeIgniter->handleRequest(null, Object(Config\Cache), false)
 9 FCPATH\index.php(79): CodeIgniter\CodeIgniter->run()
CRITICAL - 2025-09-25 19:36:59 --> ErrorException: Uncaught TypeError: htmlspecialchars(): Argument #1 ($string) must be of type string, resource given in C:\xampp\htdocs\erp.local\app\Views\errors\html\error_exception.php:182
Stack trace:
#0 C:\xampp\htdocs\erp.local\app\Views\errors\html\error_exception.php(182): htmlspecialchars(Resource id #42, 8, 'UTF-8')
#1 C:\xampp\htdocs\erp.local\system\Debug\BaseExceptionHandler.php(258): include('C:\\xampp\\htdocs...')
#2 C:\xampp\htdocs\erp.local\system\Debug\BaseExceptionHandler.php(261): CodeIgniter\Debug\BaseExceptionHandler->CodeIgniter\Debug\{closure}()
#3 C:\xampp\htdocs\erp.local\system\Debug\ExceptionHandler.php(112): CodeIgniter\Debug\BaseExceptionHandler->render(Object(CodeIgniter\Database\Exceptions\DatabaseException), 500, 'C:\\xampp\\htdocs...')
#4 C:\xampp\htdocs\erp.local\system\Debug\Exceptions.php(156): CodeIgniter\Debug\ExceptionHandler->handle(Object(CodeIgniter\Database\Exceptions\DatabaseException), Object(CodeIgniter\HTTP\IncomingRequest), Object(CodeIgniter\HTTP\Response), 500, 8)
#5 [internal function]: CodeIgniter\Debug\Exceptions->exceptionHandler(Object(CodeIgniter\Database\Exceptions\DatabaseException))
#6 {main}
  thrown
【Previous Exception】
CodeIgniter\Database\Exceptions\DatabaseException
Unable to connect to the database.
Main connection [MySQLi]: Host 'localhost' is not allowed to connect to this MariaDB server
#0 C:\xampp\htdocs\erp.local\system\Database\BaseConnection.php(575): CodeIgniter\Database\BaseConnection->initialize()
#1 C:\xampp\htdocs\erp.local\system\Database\BaseBuilder.php(1616): CodeIgniter\Database\BaseConnection->query('SELECT *\nFROM `...', Array, false)
#2 C:\xampp\htdocs\erp.local\system\Model.php(270): CodeIgniter\Database\BaseBuilder->get()
#3 C:\xampp\htdocs\erp.local\system\BaseModel.php(676): CodeIgniter\Model->doFirst()
#4 C:\xampp\htdocs\erp.local\app\Controllers\Login.php(39): CodeIgniter\BaseModel->first()
#5 C:\xampp\htdocs\erp.local\system\CodeIgniter.php(941): App\Controllers\Login->index()
#6 C:\xampp\htdocs\erp.local\system\CodeIgniter.php(502): CodeIgniter\CodeIgniter->runController(Object(App\Controllers\Login))
#7 C:\xampp\htdocs\erp.local\system\CodeIgniter.php(361): CodeIgniter\CodeIgniter->handleRequest(NULL, Object(Config\Cache), false)
#8 C:\xampp\htdocs\erp.local\public\index.php(79): CodeIgniter\CodeIgniter->run()
#9 {main}
in APPPATH\Views\errors\html\error_exception.php on line 182.
 1 [internal function]: CodeIgniter\Debug\Exceptions->shutdownHandler()
ERROR - 2025-09-25 19:37:13 --> Error connecting to the database: mysqli_sql_exception: Host 'localhost' is not allowed to connect to this MariaDB server in C:\xampp\htdocs\erp.local\system\Database\MySQLi\Connection.php:184
Stack trace:
#0 C:\xampp\htdocs\erp.local\system\Database\MySQLi\Connection.php(184): mysqli->real_connect('127.0.0.1', 'root', Object(SensitiveParameterValue), 'erp_local', 3306, '', 0)
#1 C:\xampp\htdocs\erp.local\system\Database\BaseConnection.php(392): CodeIgniter\Database\MySQLi\Connection->connect(false)
#2 C:\xampp\htdocs\erp.local\app\Config\Events.php(68): CodeIgniter\Database\BaseConnection->initialize()
#3 C:\xampp\htdocs\erp.local\system\Events\Events.php(154): CodeIgniter\Events\Events::Config\{closure}()
#4 C:\xampp\htdocs\erp.local\system\CodeIgniter.php(442): CodeIgniter\Events\Events::trigger('pre_system')
#5 C:\xampp\htdocs\erp.local\system\CodeIgniter.php(361): CodeIgniter\CodeIgniter->handleRequest(NULL, Object(Config\Cache), false)
#6 C:\xampp\htdocs\erp.local\public\index.php(79): CodeIgniter\CodeIgniter->run()
#7 {main}

Next CodeIgniter\Database\Exceptions\DatabaseException: Host 'localhost' is not allowed to connect to this MariaDB server in C:\xampp\htdocs\erp.local\system\Database\MySQLi\Connection.php:229
Stack trace:
#0 C:\xampp\htdocs\erp.local\system\Database\BaseConnection.php(392): CodeIgniter\Database\MySQLi\Connection->connect(false)
#1 C:\xampp\htdocs\erp.local\app\Config\Events.php(68): CodeIgniter\Database\BaseConnection->initialize()
#2 C:\xampp\htdocs\erp.local\system\Events\Events.php(154): CodeIgniter\Events\Events::Config\{closure}()
#3 C:\xampp\htdocs\erp.local\system\CodeIgniter.php(442): CodeIgniter\Events\Events::trigger('pre_system')
#4 C:\xampp\htdocs\erp.local\system\CodeIgniter.php(361): CodeIgniter\CodeIgniter->handleRequest(NULL, Object(Config\Cache), false)
#5 C:\xampp\htdocs\erp.local\public\index.php(79): CodeIgniter\CodeIgniter->run()
#6 {main}
ERROR - 2025-09-25 19:37:13 --> Auto-migration failed: Unable to connect to the database.
Main connection [MySQLi]: Host 'localhost' is not allowed to connect to this MariaDB server
ERROR - 2025-09-25 19:37:13 --> Error connecting to the database: mysqli_sql_exception: Host 'localhost' is not allowed to connect to this MariaDB server in C:\xampp\htdocs\erp.local\system\Database\MySQLi\Connection.php:184
Stack trace:
#0 C:\xampp\htdocs\erp.local\system\Database\MySQLi\Connection.php(184): mysqli->real_connect('127.0.0.1', 'root', Object(SensitiveParameterValue), 'erp_local', 3306, '', 0)
#1 C:\xampp\htdocs\erp.local\system\Database\BaseConnection.php(392): CodeIgniter\Database\MySQLi\Connection->connect(false)
#2 C:\xampp\htdocs\erp.local\app\Config\Events.php(68): CodeIgniter\Database\BaseConnection->initialize()
#3 C:\xampp\htdocs\erp.local\system\Events\Events.php(154): CodeIgniter\Events\Events::Config\{closure}()
#4 C:\xampp\htdocs\erp.local\system\CodeIgniter.php(442): CodeIgniter\Events\Events::trigger('pre_system')
#5 C:\xampp\htdocs\erp.local\system\CodeIgniter.php(361): CodeIgniter\CodeIgniter->handleRequest(NULL, Object(Config\Cache), false)
#6 C:\xampp\htdocs\erp.local\public\index.php(79): CodeIgniter\CodeIgniter->run()
#7 {main}

Next CodeIgniter\Database\Exceptions\DatabaseException: Host 'localhost' is not allowed to connect to this MariaDB server in C:\xampp\htdocs\erp.local\system\Database\MySQLi\Connection.php:229
Stack trace:
#0 C:\xampp\htdocs\erp.local\system\Database\BaseConnection.php(392): CodeIgniter\Database\MySQLi\Connection->connect(false)
#1 C:\xampp\htdocs\erp.local\app\Config\Events.php(68): CodeIgniter\Database\BaseConnection->initialize()
#2 C:\xampp\htdocs\erp.local\system\Events\Events.php(154): CodeIgniter\Events\Events::Config\{closure}()
#3 C:\xampp\htdocs\erp.local\system\CodeIgniter.php(442): CodeIgniter\Events\Events::trigger('pre_system')
#4 C:\xampp\htdocs\erp.local\system\CodeIgniter.php(361): CodeIgniter\CodeIgniter->handleRequest(NULL, Object(Config\Cache), false)
#5 C:\xampp\htdocs\erp.local\public\index.php(79): CodeIgniter\CodeIgniter->run()
#6 {main}
ERROR - 2025-09-25 19:37:13 --> Auto-migration failed: Unable to connect to the database.
Main connection [MySQLi]: Host 'localhost' is not allowed to connect to this MariaDB server
INFO - 2025-09-25 19:37:13 --> Session: Class initialized using 'CodeIgniter\Session\Handlers\FileHandler' driver.
ERROR - 2025-09-25 19:37:13 --> Error connecting to the database: mysqli_sql_exception: Host 'localhost' is not allowed to connect to this MariaDB server in C:\xampp\htdocs\erp.local\system\Database\MySQLi\Connection.php:184
Stack trace:
#0 C:\xampp\htdocs\erp.local\system\Database\MySQLi\Connection.php(184): mysqli->real_connect('127.0.0.1', 'root', Object(SensitiveParameterValue), 'erp_local', 3306, '', 0)
#1 C:\xampp\htdocs\erp.local\system\Database\BaseConnection.php(392): CodeIgniter\Database\MySQLi\Connection->connect(false)
#2 C:\xampp\htdocs\erp.local\system\Database\BaseConnection.php(575): CodeIgniter\Database\BaseConnection->initialize()
#3 C:\xampp\htdocs\erp.local\system\Database\BaseBuilder.php(1616): CodeIgniter\Database\BaseConnection->query('SELECT *\nFROM `...', Array, false)
#4 C:\xampp\htdocs\erp.local\system\Model.php(270): CodeIgniter\Database\BaseBuilder->get()
#5 C:\xampp\htdocs\erp.local\system\BaseModel.php(676): CodeIgniter\Model->doFirst()
#6 C:\xampp\htdocs\erp.local\app\Controllers\Login.php(39): CodeIgniter\BaseModel->first()
#7 C:\xampp\htdocs\erp.local\system\CodeIgniter.php(941): App\Controllers\Login->index()
#8 C:\xampp\htdocs\erp.local\system\CodeIgniter.php(502): CodeIgniter\CodeIgniter->runController(Object(App\Controllers\Login))
#9 C:\xampp\htdocs\erp.local\system\CodeIgniter.php(361): CodeIgniter\CodeIgniter->handleRequest(NULL, Object(Config\Cache), false)
#10 C:\xampp\htdocs\erp.local\public\index.php(79): CodeIgniter\CodeIgniter->run()
#11 {main}

Next CodeIgniter\Database\Exceptions\DatabaseException: Host 'localhost' is not allowed to connect to this MariaDB server in C:\xampp\htdocs\erp.local\system\Database\MySQLi\Connection.php:229
Stack trace:
#0 C:\xampp\htdocs\erp.local\system\Database\BaseConnection.php(392): CodeIgniter\Database\MySQLi\Connection->connect(false)
#1 C:\xampp\htdocs\erp.local\system\Database\BaseConnection.php(575): CodeIgniter\Database\BaseConnection->initialize()
#2 C:\xampp\htdocs\erp.local\system\Database\BaseBuilder.php(1616): CodeIgniter\Database\BaseConnection->query('SELECT *\nFROM `...', Array, false)
#3 C:\xampp\htdocs\erp.local\system\Model.php(270): CodeIgniter\Database\BaseBuilder->get()
#4 C:\xampp\htdocs\erp.local\system\BaseModel.php(676): CodeIgniter\Model->doFirst()
#5 C:\xampp\htdocs\erp.local\app\Controllers\Login.php(39): CodeIgniter\BaseModel->first()
#6 C:\xampp\htdocs\erp.local\system\CodeIgniter.php(941): App\Controllers\Login->index()
#7 C:\xampp\htdocs\erp.local\system\CodeIgniter.php(502): CodeIgniter\CodeIgniter->runController(Object(App\Controllers\Login))
#8 C:\xampp\htdocs\erp.local\system\CodeIgniter.php(361): CodeIgniter\CodeIgniter->handleRequest(NULL, Object(Config\Cache), false)
#9 C:\xampp\htdocs\erp.local\public\index.php(79): CodeIgniter\CodeIgniter->run()
#10 {main}
CRITICAL - 2025-09-25 19:37:13 --> CodeIgniter\Database\Exceptions\DatabaseException: Unable to connect to the database.
Main connection [MySQLi]: Host 'localhost' is not allowed to connect to this MariaDB server
in SYSTEMPATH\Database\BaseConnection.php on line 428.
 1 SYSTEMPATH\Database\BaseConnection.php(575): CodeIgniter\Database\BaseConnection->initialize()
 2 SYSTEMPATH\Database\BaseBuilder.php(1616): CodeIgniter\Database\BaseConnection->query('SELECT *
FROM `configuracoes`
WHERE `id_config` = :id_config:
 LIMIT 1', [...], false)
 3 SYSTEMPATH\Model.php(270): CodeIgniter\Database\BaseBuilder->get()
 4 SYSTEMPATH\BaseModel.php(676): CodeIgniter\Model->doFirst()
 5 APPPATH\Controllers\Login.php(39): CodeIgniter\BaseModel->first()
 6 SYSTEMPATH\CodeIgniter.php(941): App\Controllers\Login->index()
 7 SYSTEMPATH\CodeIgniter.php(502): CodeIgniter\CodeIgniter->runController(Object(App\Controllers\Login))
 8 SYSTEMPATH\CodeIgniter.php(361): CodeIgniter\CodeIgniter->handleRequest(null, Object(Config\Cache), false)
 9 FCPATH\index.php(79): CodeIgniter\CodeIgniter->run()
CRITICAL - 2025-09-25 19:37:13 --> ErrorException: Uncaught TypeError: htmlspecialchars(): Argument #1 ($string) must be of type string, resource given in C:\xampp\htdocs\erp.local\app\Views\errors\html\error_exception.php:182
Stack trace:
#0 C:\xampp\htdocs\erp.local\app\Views\errors\html\error_exception.php(182): htmlspecialchars(Resource id #42, 8, 'UTF-8')
#1 C:\xampp\htdocs\erp.local\system\Debug\BaseExceptionHandler.php(258): include('C:\\xampp\\htdocs...')
#2 C:\xampp\htdocs\erp.local\system\Debug\BaseExceptionHandler.php(261): CodeIgniter\Debug\BaseExceptionHandler->CodeIgniter\Debug\{closure}()
#3 C:\xampp\htdocs\erp.local\system\Debug\ExceptionHandler.php(112): CodeIgniter\Debug\BaseExceptionHandler->render(Object(CodeIgniter\Database\Exceptions\DatabaseException), 500, 'C:\\xampp\\htdocs...')
#4 C:\xampp\htdocs\erp.local\system\Debug\Exceptions.php(156): CodeIgniter\Debug\ExceptionHandler->handle(Object(CodeIgniter\Database\Exceptions\DatabaseException), Object(CodeIgniter\HTTP\IncomingRequest), Object(CodeIgniter\HTTP\Response), 500, 8)
#5 [internal function]: CodeIgniter\Debug\Exceptions->exceptionHandler(Object(CodeIgniter\Database\Exceptions\DatabaseException))
#6 {main}
  thrown
【Previous Exception】
CodeIgniter\Database\Exceptions\DatabaseException
Unable to connect to the database.
Main connection [MySQLi]: Host 'localhost' is not allowed to connect to this MariaDB server
#0 C:\xampp\htdocs\erp.local\system\Database\BaseConnection.php(575): CodeIgniter\Database\BaseConnection->initialize()
#1 C:\xampp\htdocs\erp.local\system\Database\BaseBuilder.php(1616): CodeIgniter\Database\BaseConnection->query('SELECT *\nFROM `...', Array, false)
#2 C:\xampp\htdocs\erp.local\system\Model.php(270): CodeIgniter\Database\BaseBuilder->get()
#3 C:\xampp\htdocs\erp.local\system\BaseModel.php(676): CodeIgniter\Model->doFirst()
#4 C:\xampp\htdocs\erp.local\app\Controllers\Login.php(39): CodeIgniter\BaseModel->first()
#5 C:\xampp\htdocs\erp.local\system\CodeIgniter.php(941): App\Controllers\Login->index()
#6 C:\xampp\htdocs\erp.local\system\CodeIgniter.php(502): CodeIgniter\CodeIgniter->runController(Object(App\Controllers\Login))
#7 C:\xampp\htdocs\erp.local\system\CodeIgniter.php(361): CodeIgniter\CodeIgniter->handleRequest(NULL, Object(Config\Cache), false)
#8 C:\xampp\htdocs\erp.local\public\index.php(79): CodeIgniter\CodeIgniter->run()
#9 {main}
in APPPATH\Views\errors\html\error_exception.php on line 182.
 1 [internal function]: CodeIgniter\Debug\Exceptions->shutdownHandler()
ERROR - 2025-09-25 19:38:33 --> Error connecting to the database: mysqli_sql_exception: Host 'localhost' is not allowed to connect to this MariaDB server in C:\xampp\htdocs\erp.local\system\Database\MySQLi\Connection.php:184
Stack trace:
#0 C:\xampp\htdocs\erp.local\system\Database\MySQLi\Connection.php(184): mysqli->real_connect('127.0.0.1', 'root', Object(SensitiveParameterValue), 'erp_local', 3306, '', 0)
#1 C:\xampp\htdocs\erp.local\system\Database\BaseConnection.php(392): CodeIgniter\Database\MySQLi\Connection->connect(false)
#2 C:\xampp\htdocs\erp.local\app\Config\Events.php(68): CodeIgniter\Database\BaseConnection->initialize()
#3 C:\xampp\htdocs\erp.local\system\Events\Events.php(154): CodeIgniter\Events\Events::Config\{closure}()
#4 C:\xampp\htdocs\erp.local\system\CodeIgniter.php(442): CodeIgniter\Events\Events::trigger('pre_system')
#5 C:\xampp\htdocs\erp.local\system\CodeIgniter.php(361): CodeIgniter\CodeIgniter->handleRequest(NULL, Object(Config\Cache), false)
#6 C:\xampp\htdocs\erp.local\public\index.php(79): CodeIgniter\CodeIgniter->run()
#7 {main}

Next CodeIgniter\Database\Exceptions\DatabaseException: Host 'localhost' is not allowed to connect to this MariaDB server in C:\xampp\htdocs\erp.local\system\Database\MySQLi\Connection.php:229
Stack trace:
#0 C:\xampp\htdocs\erp.local\system\Database\BaseConnection.php(392): CodeIgniter\Database\MySQLi\Connection->connect(false)
#1 C:\xampp\htdocs\erp.local\app\Config\Events.php(68): CodeIgniter\Database\BaseConnection->initialize()
#2 C:\xampp\htdocs\erp.local\system\Events\Events.php(154): CodeIgniter\Events\Events::Config\{closure}()
#3 C:\xampp\htdocs\erp.local\system\CodeIgniter.php(442): CodeIgniter\Events\Events::trigger('pre_system')
#4 C:\xampp\htdocs\erp.local\system\CodeIgniter.php(361): CodeIgniter\CodeIgniter->handleRequest(NULL, Object(Config\Cache), false)
#5 C:\xampp\htdocs\erp.local\public\index.php(79): CodeIgniter\CodeIgniter->run()
#6 {main}
ERROR - 2025-09-25 19:38:33 --> Auto-migration failed: Unable to connect to the database.
Main connection [MySQLi]: Host 'localhost' is not allowed to connect to this MariaDB server
INFO - 2025-09-25 19:38:33 --> Session: Class initialized using 'CodeIgniter\Session\Handlers\FileHandler' driver.
ERROR - 2025-09-25 19:38:33 --> Error connecting to the database: mysqli_sql_exception: Host 'localhost' is not allowed to connect to this MariaDB server in C:\xampp\htdocs\erp.local\system\Database\MySQLi\Connection.php:184
Stack trace:
#0 C:\xampp\htdocs\erp.local\system\Database\MySQLi\Connection.php(184): mysqli->real_connect('127.0.0.1', 'root', Object(SensitiveParameterValue), 'erp_local', 3306, '', 0)
#1 C:\xampp\htdocs\erp.local\system\Database\BaseConnection.php(392): CodeIgniter\Database\MySQLi\Connection->connect(false)
#2 C:\xampp\htdocs\erp.local\system\Database\BaseConnection.php(575): CodeIgniter\Database\BaseConnection->initialize()
#3 C:\xampp\htdocs\erp.local\system\Database\BaseBuilder.php(1616): CodeIgniter\Database\BaseConnection->query('SELECT *\nFROM `...', Array, false)
#4 C:\xampp\htdocs\erp.local\system\Model.php(270): CodeIgniter\Database\BaseBuilder->get()
#5 C:\xampp\htdocs\erp.local\system\BaseModel.php(676): CodeIgniter\Model->doFirst()
#6 C:\xampp\htdocs\erp.local\app\Controllers\Login.php(39): CodeIgniter\BaseModel->first()
#7 C:\xampp\htdocs\erp.local\system\CodeIgniter.php(941): App\Controllers\Login->index()
#8 C:\xampp\htdocs\erp.local\system\CodeIgniter.php(502): CodeIgniter\CodeIgniter->runController(Object(App\Controllers\Login))
#9 C:\xampp\htdocs\erp.local\system\CodeIgniter.php(361): CodeIgniter\CodeIgniter->handleRequest(NULL, Object(Config\Cache), false)
#10 C:\xampp\htdocs\erp.local\public\index.php(79): CodeIgniter\CodeIgniter->run()
#11 {main}

Next CodeIgniter\Database\Exceptions\DatabaseException: Host 'localhost' is not allowed to connect to this MariaDB server in C:\xampp\htdocs\erp.local\system\Database\MySQLi\Connection.php:229
Stack trace:
#0 C:\xampp\htdocs\erp.local\system\Database\BaseConnection.php(392): CodeIgniter\Database\MySQLi\Connection->connect(false)
#1 C:\xampp\htdocs\erp.local\system\Database\BaseConnection.php(575): CodeIgniter\Database\BaseConnection->initialize()
#2 C:\xampp\htdocs\erp.local\system\Database\BaseBuilder.php(1616): CodeIgniter\Database\BaseConnection->query('SELECT *\nFROM `...', Array, false)
#3 C:\xampp\htdocs\erp.local\system\Model.php(270): CodeIgniter\Database\BaseBuilder->get()
#4 C:\xampp\htdocs\erp.local\system\BaseModel.php(676): CodeIgniter\Model->doFirst()
#5 C:\xampp\htdocs\erp.local\app\Controllers\Login.php(39): CodeIgniter\BaseModel->first()
#6 C:\xampp\htdocs\erp.local\system\CodeIgniter.php(941): App\Controllers\Login->index()
#7 C:\xampp\htdocs\erp.local\system\CodeIgniter.php(502): CodeIgniter\CodeIgniter->runController(Object(App\Controllers\Login))
#8 C:\xampp\htdocs\erp.local\system\CodeIgniter.php(361): CodeIgniter\CodeIgniter->handleRequest(NULL, Object(Config\Cache), false)
#9 C:\xampp\htdocs\erp.local\public\index.php(79): CodeIgniter\CodeIgniter->run()
#10 {main}
CRITICAL - 2025-09-25 19:38:33 --> CodeIgniter\Database\Exceptions\DatabaseException: Unable to connect to the database.
Main connection [MySQLi]: Host 'localhost' is not allowed to connect to this MariaDB server
in SYSTEMPATH\Database\BaseConnection.php on line 428.
 1 SYSTEMPATH\Database\BaseConnection.php(575): CodeIgniter\Database\BaseConnection->initialize()
 2 SYSTEMPATH\Database\BaseBuilder.php(1616): CodeIgniter\Database\BaseConnection->query('SELECT *
FROM `configuracoes`
WHERE `id_config` = :id_config:
 LIMIT 1', [...], false)
 3 SYSTEMPATH\Model.php(270): CodeIgniter\Database\BaseBuilder->get()
 4 SYSTEMPATH\BaseModel.php(676): CodeIgniter\Model->doFirst()
 5 APPPATH\Controllers\Login.php(39): CodeIgniter\BaseModel->first()
 6 SYSTEMPATH\CodeIgniter.php(941): App\Controllers\Login->index()
 7 SYSTEMPATH\CodeIgniter.php(502): CodeIgniter\CodeIgniter->runController(Object(App\Controllers\Login))
 8 SYSTEMPATH\CodeIgniter.php(361): CodeIgniter\CodeIgniter->handleRequest(null, Object(Config\Cache), false)
 9 FCPATH\index.php(79): CodeIgniter\CodeIgniter->run()
CRITICAL - 2025-09-25 19:38:33 --> ErrorException: Uncaught TypeError: htmlspecialchars(): Argument #1 ($string) must be of type string, resource given in C:\xampp\htdocs\erp.local\app\Views\errors\html\error_exception.php:182
Stack trace:
#0 C:\xampp\htdocs\erp.local\app\Views\errors\html\error_exception.php(182): htmlspecialchars(Resource id #42, 8, 'UTF-8')
#1 C:\xampp\htdocs\erp.local\system\Debug\BaseExceptionHandler.php(258): include('C:\\xampp\\htdocs...')
#2 C:\xampp\htdocs\erp.local\system\Debug\BaseExceptionHandler.php(261): CodeIgniter\Debug\BaseExceptionHandler->CodeIgniter\Debug\{closure}()
#3 C:\xampp\htdocs\erp.local\system\Debug\ExceptionHandler.php(112): CodeIgniter\Debug\BaseExceptionHandler->render(Object(CodeIgniter\Database\Exceptions\DatabaseException), 500, 'C:\\xampp\\htdocs...')
#4 C:\xampp\htdocs\erp.local\system\Debug\Exceptions.php(156): CodeIgniter\Debug\ExceptionHandler->handle(Object(CodeIgniter\Database\Exceptions\DatabaseException), Object(CodeIgniter\HTTP\IncomingRequest), Object(CodeIgniter\HTTP\Response), 500, 8)
#5 [internal function]: CodeIgniter\Debug\Exceptions->exceptionHandler(Object(CodeIgniter\Database\Exceptions\DatabaseException))
#6 {main}
  thrown
【Previous Exception】
CodeIgniter\Database\Exceptions\DatabaseException
Unable to connect to the database.
Main connection [MySQLi]: Host 'localhost' is not allowed to connect to this MariaDB server
#0 C:\xampp\htdocs\erp.local\system\Database\BaseConnection.php(575): CodeIgniter\Database\BaseConnection->initialize()
#1 C:\xampp\htdocs\erp.local\system\Database\BaseBuilder.php(1616): CodeIgniter\Database\BaseConnection->query('SELECT *\nFROM `...', Array, false)
#2 C:\xampp\htdocs\erp.local\system\Model.php(270): CodeIgniter\Database\BaseBuilder->get()
#3 C:\xampp\htdocs\erp.local\system\BaseModel.php(676): CodeIgniter\Model->doFirst()
#4 C:\xampp\htdocs\erp.local\app\Controllers\Login.php(39): CodeIgniter\BaseModel->first()
#5 C:\xampp\htdocs\erp.local\system\CodeIgniter.php(941): App\Controllers\Login->index()
#6 C:\xampp\htdocs\erp.local\system\CodeIgniter.php(502): CodeIgniter\CodeIgniter->runController(Object(App\Controllers\Login))
#7 C:\xampp\htdocs\erp.local\system\CodeIgniter.php(361): CodeIgniter\CodeIgniter->handleRequest(NULL, Object(Config\Cache), false)
#8 C:\xampp\htdocs\erp.local\public\index.php(79): CodeIgniter\CodeIgniter->run()
#9 {main}
in APPPATH\Views\errors\html\error_exception.php on line 182.
 1 [internal function]: CodeIgniter\Debug\Exceptions->shutdownHandler()
ERROR - 2025-09-25 19:38:34 --> Error connecting to the database: mysqli_sql_exception: Host 'localhost' is not allowed to connect to this MariaDB server in C:\xampp\htdocs\erp.local\system\Database\MySQLi\Connection.php:184
Stack trace:
#0 C:\xampp\htdocs\erp.local\system\Database\MySQLi\Connection.php(184): mysqli->real_connect('127.0.0.1', 'root', Object(SensitiveParameterValue), 'erp_local', 3306, '', 0)
#1 C:\xampp\htdocs\erp.local\system\Database\BaseConnection.php(392): CodeIgniter\Database\MySQLi\Connection->connect(false)
#2 C:\xampp\htdocs\erp.local\app\Config\Events.php(68): CodeIgniter\Database\BaseConnection->initialize()
#3 C:\xampp\htdocs\erp.local\system\Events\Events.php(154): CodeIgniter\Events\Events::Config\{closure}()
#4 C:\xampp\htdocs\erp.local\system\CodeIgniter.php(442): CodeIgniter\Events\Events::trigger('pre_system')
#5 C:\xampp\htdocs\erp.local\system\CodeIgniter.php(361): CodeIgniter\CodeIgniter->handleRequest(NULL, Object(Config\Cache), false)
#6 C:\xampp\htdocs\erp.local\public\index.php(79): CodeIgniter\CodeIgniter->run()
#7 {main}

Next CodeIgniter\Database\Exceptions\DatabaseException: Host 'localhost' is not allowed to connect to this MariaDB server in C:\xampp\htdocs\erp.local\system\Database\MySQLi\Connection.php:229
Stack trace:
#0 C:\xampp\htdocs\erp.local\system\Database\BaseConnection.php(392): CodeIgniter\Database\MySQLi\Connection->connect(false)
#1 C:\xampp\htdocs\erp.local\app\Config\Events.php(68): CodeIgniter\Database\BaseConnection->initialize()
#2 C:\xampp\htdocs\erp.local\system\Events\Events.php(154): CodeIgniter\Events\Events::Config\{closure}()
#3 C:\xampp\htdocs\erp.local\system\CodeIgniter.php(442): CodeIgniter\Events\Events::trigger('pre_system')
#4 C:\xampp\htdocs\erp.local\system\CodeIgniter.php(361): CodeIgniter\CodeIgniter->handleRequest(NULL, Object(Config\Cache), false)
#5 C:\xampp\htdocs\erp.local\public\index.php(79): CodeIgniter\CodeIgniter->run()
#6 {main}
ERROR - 2025-09-25 19:38:34 --> Auto-migration failed: Unable to connect to the database.
Main connection [MySQLi]: Host 'localhost' is not allowed to connect to this MariaDB server
INFO - 2025-09-25 19:38:34 --> Session: Class initialized using 'CodeIgniter\Session\Handlers\FileHandler' driver.
ERROR - 2025-09-25 19:38:34 --> Error connecting to the database: mysqli_sql_exception: Host 'localhost' is not allowed to connect to this MariaDB server in C:\xampp\htdocs\erp.local\system\Database\MySQLi\Connection.php:184
Stack trace:
#0 C:\xampp\htdocs\erp.local\system\Database\MySQLi\Connection.php(184): mysqli->real_connect('127.0.0.1', 'root', Object(SensitiveParameterValue), 'erp_local', 3306, '', 0)
#1 C:\xampp\htdocs\erp.local\system\Database\BaseConnection.php(392): CodeIgniter\Database\MySQLi\Connection->connect(false)
#2 C:\xampp\htdocs\erp.local\system\Database\BaseConnection.php(575): CodeIgniter\Database\BaseConnection->initialize()
#3 C:\xampp\htdocs\erp.local\system\Database\BaseBuilder.php(1616): CodeIgniter\Database\BaseConnection->query('SELECT *\nFROM `...', Array, false)
#4 C:\xampp\htdocs\erp.local\system\Model.php(270): CodeIgniter\Database\BaseBuilder->get()
#5 C:\xampp\htdocs\erp.local\system\BaseModel.php(676): CodeIgniter\Model->doFirst()
#6 C:\xampp\htdocs\erp.local\app\Controllers\Login.php(39): CodeIgniter\BaseModel->first()
#7 C:\xampp\htdocs\erp.local\system\CodeIgniter.php(941): App\Controllers\Login->index()
#8 C:\xampp\htdocs\erp.local\system\CodeIgniter.php(502): CodeIgniter\CodeIgniter->runController(Object(App\Controllers\Login))
#9 C:\xampp\htdocs\erp.local\system\CodeIgniter.php(361): CodeIgniter\CodeIgniter->handleRequest(NULL, Object(Config\Cache), false)
#10 C:\xampp\htdocs\erp.local\public\index.php(79): CodeIgniter\CodeIgniter->run()
#11 {main}

Next CodeIgniter\Database\Exceptions\DatabaseException: Host 'localhost' is not allowed to connect to this MariaDB server in C:\xampp\htdocs\erp.local\system\Database\MySQLi\Connection.php:229
Stack trace:
#0 C:\xampp\htdocs\erp.local\system\Database\BaseConnection.php(392): CodeIgniter\Database\MySQLi\Connection->connect(false)
#1 C:\xampp\htdocs\erp.local\system\Database\BaseConnection.php(575): CodeIgniter\Database\BaseConnection->initialize()
#2 C:\xampp\htdocs\erp.local\system\Database\BaseBuilder.php(1616): CodeIgniter\Database\BaseConnection->query('SELECT *\nFROM `...', Array, false)
#3 C:\xampp\htdocs\erp.local\system\Model.php(270): CodeIgniter\Database\BaseBuilder->get()
#4 C:\xampp\htdocs\erp.local\system\BaseModel.php(676): CodeIgniter\Model->doFirst()
#5 C:\xampp\htdocs\erp.local\app\Controllers\Login.php(39): CodeIgniter\BaseModel->first()
#6 C:\xampp\htdocs\erp.local\system\CodeIgniter.php(941): App\Controllers\Login->index()
#7 C:\xampp\htdocs\erp.local\system\CodeIgniter.php(502): CodeIgniter\CodeIgniter->runController(Object(App\Controllers\Login))
#8 C:\xampp\htdocs\erp.local\system\CodeIgniter.php(361): CodeIgniter\CodeIgniter->handleRequest(NULL, Object(Config\Cache), false)
#9 C:\xampp\htdocs\erp.local\public\index.php(79): CodeIgniter\CodeIgniter->run()
#10 {main}
CRITICAL - 2025-09-25 19:38:34 --> CodeIgniter\Database\Exceptions\DatabaseException: Unable to connect to the database.
Main connection [MySQLi]: Host 'localhost' is not allowed to connect to this MariaDB server
in SYSTEMPATH\Database\BaseConnection.php on line 428.
 1 SYSTEMPATH\Database\BaseConnection.php(575): CodeIgniter\Database\BaseConnection->initialize()
 2 SYSTEMPATH\Database\BaseBuilder.php(1616): CodeIgniter\Database\BaseConnection->query('SELECT *
FROM `configuracoes`
WHERE `id_config` = :id_config:
 LIMIT 1', [...], false)
 3 SYSTEMPATH\Model.php(270): CodeIgniter\Database\BaseBuilder->get()
 4 SYSTEMPATH\BaseModel.php(676): CodeIgniter\Model->doFirst()
 5 APPPATH\Controllers\Login.php(39): CodeIgniter\BaseModel->first()
 6 SYSTEMPATH\CodeIgniter.php(941): App\Controllers\Login->index()
 7 SYSTEMPATH\CodeIgniter.php(502): CodeIgniter\CodeIgniter->runController(Object(App\Controllers\Login))
 8 SYSTEMPATH\CodeIgniter.php(361): CodeIgniter\CodeIgniter->handleRequest(null, Object(Config\Cache), false)
 9 FCPATH\index.php(79): CodeIgniter\CodeIgniter->run()
CRITICAL - 2025-09-25 19:38:34 --> ErrorException: Uncaught TypeError: htmlspecialchars(): Argument #1 ($string) must be of type string, resource given in C:\xampp\htdocs\erp.local\app\Views\errors\html\error_exception.php:182
Stack trace:
#0 C:\xampp\htdocs\erp.local\app\Views\errors\html\error_exception.php(182): htmlspecialchars(Resource id #42, 8, 'UTF-8')
#1 C:\xampp\htdocs\erp.local\system\Debug\BaseExceptionHandler.php(258): include('C:\\xampp\\htdocs...')
#2 C:\xampp\htdocs\erp.local\system\Debug\BaseExceptionHandler.php(261): CodeIgniter\Debug\BaseExceptionHandler->CodeIgniter\Debug\{closure}()
#3 C:\xampp\htdocs\erp.local\system\Debug\ExceptionHandler.php(112): CodeIgniter\Debug\BaseExceptionHandler->render(Object(CodeIgniter\Database\Exceptions\DatabaseException), 500, 'C:\\xampp\\htdocs...')
#4 C:\xampp\htdocs\erp.local\system\Debug\Exceptions.php(156): CodeIgniter\Debug\ExceptionHandler->handle(Object(CodeIgniter\Database\Exceptions\DatabaseException), Object(CodeIgniter\HTTP\IncomingRequest), Object(CodeIgniter\HTTP\Response), 500, 8)
#5 [internal function]: CodeIgniter\Debug\Exceptions->exceptionHandler(Object(CodeIgniter\Database\Exceptions\DatabaseException))
#6 {main}
  thrown
【Previous Exception】
CodeIgniter\Database\Exceptions\DatabaseException
Unable to connect to the database.
Main connection [MySQLi]: Host 'localhost' is not allowed to connect to this MariaDB server
#0 C:\xampp\htdocs\erp.local\system\Database\BaseConnection.php(575): CodeIgniter\Database\BaseConnection->initialize()
#1 C:\xampp\htdocs\erp.local\system\Database\BaseBuilder.php(1616): CodeIgniter\Database\BaseConnection->query('SELECT *\nFROM `...', Array, false)
#2 C:\xampp\htdocs\erp.local\system\Model.php(270): CodeIgniter\Database\BaseBuilder->get()
#3 C:\xampp\htdocs\erp.local\system\BaseModel.php(676): CodeIgniter\Model->doFirst()
#4 C:\xampp\htdocs\erp.local\app\Controllers\Login.php(39): CodeIgniter\BaseModel->first()
#5 C:\xampp\htdocs\erp.local\system\CodeIgniter.php(941): App\Controllers\Login->index()
#6 C:\xampp\htdocs\erp.local\system\CodeIgniter.php(502): CodeIgniter\CodeIgniter->runController(Object(App\Controllers\Login))
#7 C:\xampp\htdocs\erp.local\system\CodeIgniter.php(361): CodeIgniter\CodeIgniter->handleRequest(NULL, Object(Config\Cache), false)
#8 C:\xampp\htdocs\erp.local\public\index.php(79): CodeIgniter\CodeIgniter->run()
#9 {main}
in APPPATH\Views\errors\html\error_exception.php on line 182.
 1 [internal function]: CodeIgniter\Debug\Exceptions->shutdownHandler()
ERROR - 2025-09-25 19:38:52 --> Error connecting to the database: mysqli_sql_exception: Host 'localhost' is not allowed to connect to this MariaDB server in C:\xampp\htdocs\erp.local\system\Database\MySQLi\Connection.php:184
Stack trace:
#0 C:\xampp\htdocs\erp.local\system\Database\MySQLi\Connection.php(184): mysqli->real_connect('127.0.0.1', 'root', Object(SensitiveParameterValue), 'erp_local', 3306, '', 0)
#1 C:\xampp\htdocs\erp.local\system\Database\BaseConnection.php(392): CodeIgniter\Database\MySQLi\Connection->connect(false)
#2 C:\xampp\htdocs\erp.local\app\Config\Events.php(68): CodeIgniter\Database\BaseConnection->initialize()
#3 C:\xampp\htdocs\erp.local\system\Events\Events.php(154): CodeIgniter\Events\Events::Config\{closure}()
#4 C:\xampp\htdocs\erp.local\system\CodeIgniter.php(442): CodeIgniter\Events\Events::trigger('pre_system')
#5 C:\xampp\htdocs\erp.local\system\CodeIgniter.php(361): CodeIgniter\CodeIgniter->handleRequest(NULL, Object(Config\Cache), false)
#6 C:\xampp\htdocs\erp.local\public\index.php(79): CodeIgniter\CodeIgniter->run()
#7 {main}

Next CodeIgniter\Database\Exceptions\DatabaseException: Host 'localhost' is not allowed to connect to this MariaDB server in C:\xampp\htdocs\erp.local\system\Database\MySQLi\Connection.php:229
Stack trace:
#0 C:\xampp\htdocs\erp.local\system\Database\BaseConnection.php(392): CodeIgniter\Database\MySQLi\Connection->connect(false)
#1 C:\xampp\htdocs\erp.local\app\Config\Events.php(68): CodeIgniter\Database\BaseConnection->initialize()
#2 C:\xampp\htdocs\erp.local\system\Events\Events.php(154): CodeIgniter\Events\Events::Config\{closure}()
#3 C:\xampp\htdocs\erp.local\system\CodeIgniter.php(442): CodeIgniter\Events\Events::trigger('pre_system')
#4 C:\xampp\htdocs\erp.local\system\CodeIgniter.php(361): CodeIgniter\CodeIgniter->handleRequest(NULL, Object(Config\Cache), false)
#5 C:\xampp\htdocs\erp.local\public\index.php(79): CodeIgniter\CodeIgniter->run()
#6 {main}
ERROR - 2025-09-25 19:38:52 --> Auto-migration failed: Unable to connect to the database.
Main connection [MySQLi]: Host 'localhost' is not allowed to connect to this MariaDB server
INFO - 2025-09-25 19:38:52 --> Session: Class initialized using 'CodeIgniter\Session\Handlers\FileHandler' driver.
ERROR - 2025-09-25 19:38:52 --> Error connecting to the database: mysqli_sql_exception: Host 'localhost' is not allowed to connect to this MariaDB server in C:\xampp\htdocs\erp.local\system\Database\MySQLi\Connection.php:184
Stack trace:
#0 C:\xampp\htdocs\erp.local\system\Database\MySQLi\Connection.php(184): mysqli->real_connect('127.0.0.1', 'root', Object(SensitiveParameterValue), 'erp_local', 3306, '', 0)
#1 C:\xampp\htdocs\erp.local\system\Database\BaseConnection.php(392): CodeIgniter\Database\MySQLi\Connection->connect(false)
#2 C:\xampp\htdocs\erp.local\system\Database\BaseConnection.php(575): CodeIgniter\Database\BaseConnection->initialize()
#3 C:\xampp\htdocs\erp.local\system\Database\BaseBuilder.php(1616): CodeIgniter\Database\BaseConnection->query('SELECT *\nFROM `...', Array, false)
#4 C:\xampp\htdocs\erp.local\system\Model.php(270): CodeIgniter\Database\BaseBuilder->get()
#5 C:\xampp\htdocs\erp.local\system\BaseModel.php(676): CodeIgniter\Model->doFirst()
#6 C:\xampp\htdocs\erp.local\app\Controllers\Login.php(39): CodeIgniter\BaseModel->first()
#7 C:\xampp\htdocs\erp.local\system\CodeIgniter.php(941): App\Controllers\Login->index()
#8 C:\xampp\htdocs\erp.local\system\CodeIgniter.php(502): CodeIgniter\CodeIgniter->runController(Object(App\Controllers\Login))
#9 C:\xampp\htdocs\erp.local\system\CodeIgniter.php(361): CodeIgniter\CodeIgniter->handleRequest(NULL, Object(Config\Cache), false)
#10 C:\xampp\htdocs\erp.local\public\index.php(79): CodeIgniter\CodeIgniter->run()
#11 {main}

Next CodeIgniter\Database\Exceptions\DatabaseException: Host 'localhost' is not allowed to connect to this MariaDB server in C:\xampp\htdocs\erp.local\system\Database\MySQLi\Connection.php:229
Stack trace:
#0 C:\xampp\htdocs\erp.local\system\Database\BaseConnection.php(392): CodeIgniter\Database\MySQLi\Connection->connect(false)
#1 C:\xampp\htdocs\erp.local\system\Database\BaseConnection.php(575): CodeIgniter\Database\BaseConnection->initialize()
#2 C:\xampp\htdocs\erp.local\system\Database\BaseBuilder.php(1616): CodeIgniter\Database\BaseConnection->query('SELECT *\nFROM `...', Array, false)
#3 C:\xampp\htdocs\erp.local\system\Model.php(270): CodeIgniter\Database\BaseBuilder->get()
#4 C:\xampp\htdocs\erp.local\system\BaseModel.php(676): CodeIgniter\Model->doFirst()
#5 C:\xampp\htdocs\erp.local\app\Controllers\Login.php(39): CodeIgniter\BaseModel->first()
#6 C:\xampp\htdocs\erp.local\system\CodeIgniter.php(941): App\Controllers\Login->index()
#7 C:\xampp\htdocs\erp.local\system\CodeIgniter.php(502): CodeIgniter\CodeIgniter->runController(Object(App\Controllers\Login))
#8 C:\xampp\htdocs\erp.local\system\CodeIgniter.php(361): CodeIgniter\CodeIgniter->handleRequest(NULL, Object(Config\Cache), false)
#9 C:\xampp\htdocs\erp.local\public\index.php(79): CodeIgniter\CodeIgniter->run()
#10 {main}
CRITICAL - 2025-09-25 19:38:52 --> CodeIgniter\Database\Exceptions\DatabaseException: Unable to connect to the database.
Main connection [MySQLi]: Host 'localhost' is not allowed to connect to this MariaDB server
in SYSTEMPATH\Database\BaseConnection.php on line 428.
 1 SYSTEMPATH\Database\BaseConnection.php(575): CodeIgniter\Database\BaseConnection->initialize()
 2 SYSTEMPATH\Database\BaseBuilder.php(1616): CodeIgniter\Database\BaseConnection->query('SELECT *
FROM `configuracoes`
WHERE `id_config` = :id_config:
 LIMIT 1', [...], false)
 3 SYSTEMPATH\Model.php(270): CodeIgniter\Database\BaseBuilder->get()
 4 SYSTEMPATH\BaseModel.php(676): CodeIgniter\Model->doFirst()
 5 APPPATH\Controllers\Login.php(39): CodeIgniter\BaseModel->first()
 6 SYSTEMPATH\CodeIgniter.php(941): App\Controllers\Login->index()
 7 SYSTEMPATH\CodeIgniter.php(502): CodeIgniter\CodeIgniter->runController(Object(App\Controllers\Login))
 8 SYSTEMPATH\CodeIgniter.php(361): CodeIgniter\CodeIgniter->handleRequest(null, Object(Config\Cache), false)
 9 FCPATH\index.php(79): CodeIgniter\CodeIgniter->run()
CRITICAL - 2025-09-25 19:38:52 --> ErrorException: Uncaught TypeError: htmlspecialchars(): Argument #1 ($string) must be of type string, resource given in C:\xampp\htdocs\erp.local\app\Views\errors\html\error_exception.php:182
Stack trace:
#0 C:\xampp\htdocs\erp.local\app\Views\errors\html\error_exception.php(182): htmlspecialchars(Resource id #42, 8, 'UTF-8')
#1 C:\xampp\htdocs\erp.local\system\Debug\BaseExceptionHandler.php(258): include('C:\\xampp\\htdocs...')
#2 C:\xampp\htdocs\erp.local\system\Debug\BaseExceptionHandler.php(261): CodeIgniter\Debug\BaseExceptionHandler->CodeIgniter\Debug\{closure}()
#3 C:\xampp\htdocs\erp.local\system\Debug\ExceptionHandler.php(112): CodeIgniter\Debug\BaseExceptionHandler->render(Object(CodeIgniter\Database\Exceptions\DatabaseException), 500, 'C:\\xampp\\htdocs...')
#4 C:\xampp\htdocs\erp.local\system\Debug\Exceptions.php(156): CodeIgniter\Debug\ExceptionHandler->handle(Object(CodeIgniter\Database\Exceptions\DatabaseException), Object(CodeIgniter\HTTP\IncomingRequest), Object(CodeIgniter\HTTP\Response), 500, 8)
#5 [internal function]: CodeIgniter\Debug\Exceptions->exceptionHandler(Object(CodeIgniter\Database\Exceptions\DatabaseException))
#6 {main}
  thrown
【Previous Exception】
CodeIgniter\Database\Exceptions\DatabaseException
Unable to connect to the database.
Main connection [MySQLi]: Host 'localhost' is not allowed to connect to this MariaDB server
#0 C:\xampp\htdocs\erp.local\system\Database\BaseConnection.php(575): CodeIgniter\Database\BaseConnection->initialize()
#1 C:\xampp\htdocs\erp.local\system\Database\BaseBuilder.php(1616): CodeIgniter\Database\BaseConnection->query('SELECT *\nFROM `...', Array, false)
#2 C:\xampp\htdocs\erp.local\system\Model.php(270): CodeIgniter\Database\BaseBuilder->get()
#3 C:\xampp\htdocs\erp.local\system\BaseModel.php(676): CodeIgniter\Model->doFirst()
#4 C:\xampp\htdocs\erp.local\app\Controllers\Login.php(39): CodeIgniter\BaseModel->first()
#5 C:\xampp\htdocs\erp.local\system\CodeIgniter.php(941): App\Controllers\Login->index()
#6 C:\xampp\htdocs\erp.local\system\CodeIgniter.php(502): CodeIgniter\CodeIgniter->runController(Object(App\Controllers\Login))
#7 C:\xampp\htdocs\erp.local\system\CodeIgniter.php(361): CodeIgniter\CodeIgniter->handleRequest(NULL, Object(Config\Cache), false)
#8 C:\xampp\htdocs\erp.local\public\index.php(79): CodeIgniter\CodeIgniter->run()
#9 {main}
in APPPATH\Views\errors\html\error_exception.php on line 182.
 1 [internal function]: CodeIgniter\Debug\Exceptions->shutdownHandler()
ERROR - 2025-09-25 19:38:52 --> Error connecting to the database: mysqli_sql_exception: Host 'localhost' is not allowed to connect to this MariaDB server in C:\xampp\htdocs\erp.local\system\Database\MySQLi\Connection.php:184
Stack trace:
#0 C:\xampp\htdocs\erp.local\system\Database\MySQLi\Connection.php(184): mysqli->real_connect('127.0.0.1', 'root', Object(SensitiveParameterValue), 'erp_local', 3306, '', 0)
#1 C:\xampp\htdocs\erp.local\system\Database\BaseConnection.php(392): CodeIgniter\Database\MySQLi\Connection->connect(false)
#2 C:\xampp\htdocs\erp.local\app\Config\Events.php(68): CodeIgniter\Database\BaseConnection->initialize()
#3 C:\xampp\htdocs\erp.local\system\Events\Events.php(154): CodeIgniter\Events\Events::Config\{closure}()
#4 C:\xampp\htdocs\erp.local\system\CodeIgniter.php(442): CodeIgniter\Events\Events::trigger('pre_system')
#5 C:\xampp\htdocs\erp.local\system\CodeIgniter.php(361): CodeIgniter\CodeIgniter->handleRequest(NULL, Object(Config\Cache), false)
#6 C:\xampp\htdocs\erp.local\public\index.php(79): CodeIgniter\CodeIgniter->run()
#7 {main}

Next CodeIgniter\Database\Exceptions\DatabaseException: Host 'localhost' is not allowed to connect to this MariaDB server in C:\xampp\htdocs\erp.local\system\Database\MySQLi\Connection.php:229
Stack trace:
#0 C:\xampp\htdocs\erp.local\system\Database\BaseConnection.php(392): CodeIgniter\Database\MySQLi\Connection->connect(false)
#1 C:\xampp\htdocs\erp.local\app\Config\Events.php(68): CodeIgniter\Database\BaseConnection->initialize()
#2 C:\xampp\htdocs\erp.local\system\Events\Events.php(154): CodeIgniter\Events\Events::Config\{closure}()
#3 C:\xampp\htdocs\erp.local\system\CodeIgniter.php(442): CodeIgniter\Events\Events::trigger('pre_system')
#4 C:\xampp\htdocs\erp.local\system\CodeIgniter.php(361): CodeIgniter\CodeIgniter->handleRequest(NULL, Object(Config\Cache), false)
#5 C:\xampp\htdocs\erp.local\public\index.php(79): CodeIgniter\CodeIgniter->run()
#6 {main}
ERROR - 2025-09-25 19:38:52 --> Auto-migration failed: Unable to connect to the database.
Main connection [MySQLi]: Host 'localhost' is not allowed to connect to this MariaDB server
INFO - 2025-09-25 19:38:52 --> Session: Class initialized using 'CodeIgniter\Session\Handlers\FileHandler' driver.
ERROR - 2025-09-25 19:38:52 --> Error connecting to the database: mysqli_sql_exception: Host 'localhost' is not allowed to connect to this MariaDB server in C:\xampp\htdocs\erp.local\system\Database\MySQLi\Connection.php:184
Stack trace:
#0 C:\xampp\htdocs\erp.local\system\Database\MySQLi\Connection.php(184): mysqli->real_connect('127.0.0.1', 'root', Object(SensitiveParameterValue), 'erp_local', 3306, '', 0)
#1 C:\xampp\htdocs\erp.local\system\Database\BaseConnection.php(392): CodeIgniter\Database\MySQLi\Connection->connect(false)
#2 C:\xampp\htdocs\erp.local\system\Database\BaseConnection.php(575): CodeIgniter\Database\BaseConnection->initialize()
#3 C:\xampp\htdocs\erp.local\system\Database\BaseBuilder.php(1616): CodeIgniter\Database\BaseConnection->query('SELECT *\nFROM `...', Array, false)
#4 C:\xampp\htdocs\erp.local\system\Model.php(270): CodeIgniter\Database\BaseBuilder->get()
#5 C:\xampp\htdocs\erp.local\system\BaseModel.php(676): CodeIgniter\Model->doFirst()
#6 C:\xampp\htdocs\erp.local\app\Controllers\Login.php(39): CodeIgniter\BaseModel->first()
#7 C:\xampp\htdocs\erp.local\system\CodeIgniter.php(941): App\Controllers\Login->index()
#8 C:\xampp\htdocs\erp.local\system\CodeIgniter.php(502): CodeIgniter\CodeIgniter->runController(Object(App\Controllers\Login))
#9 C:\xampp\htdocs\erp.local\system\CodeIgniter.php(361): CodeIgniter\CodeIgniter->handleRequest(NULL, Object(Config\Cache), false)
#10 C:\xampp\htdocs\erp.local\public\index.php(79): CodeIgniter\CodeIgniter->run()
#11 {main}

Next CodeIgniter\Database\Exceptions\DatabaseException: Host 'localhost' is not allowed to connect to this MariaDB server in C:\xampp\htdocs\erp.local\system\Database\MySQLi\Connection.php:229
Stack trace:
#0 C:\xampp\htdocs\erp.local\system\Database\BaseConnection.php(392): CodeIgniter\Database\MySQLi\Connection->connect(false)
#1 C:\xampp\htdocs\erp.local\system\Database\BaseConnection.php(575): CodeIgniter\Database\BaseConnection->initialize()
#2 C:\xampp\htdocs\erp.local\system\Database\BaseBuilder.php(1616): CodeIgniter\Database\BaseConnection->query('SELECT *\nFROM `...', Array, false)
#3 C:\xampp\htdocs\erp.local\system\Model.php(270): CodeIgniter\Database\BaseBuilder->get()
#4 C:\xampp\htdocs\erp.local\system\BaseModel.php(676): CodeIgniter\Model->doFirst()
#5 C:\xampp\htdocs\erp.local\app\Controllers\Login.php(39): CodeIgniter\BaseModel->first()
#6 C:\xampp\htdocs\erp.local\system\CodeIgniter.php(941): App\Controllers\Login->index()
#7 C:\xampp\htdocs\erp.local\system\CodeIgniter.php(502): CodeIgniter\CodeIgniter->runController(Object(App\Controllers\Login))
#8 C:\xampp\htdocs\erp.local\system\CodeIgniter.php(361): CodeIgniter\CodeIgniter->handleRequest(NULL, Object(Config\Cache), false)
#9 C:\xampp\htdocs\erp.local\public\index.php(79): CodeIgniter\CodeIgniter->run()
#10 {main}
CRITICAL - 2025-09-25 19:38:52 --> CodeIgniter\Database\Exceptions\DatabaseException: Unable to connect to the database.
Main connection [MySQLi]: Host 'localhost' is not allowed to connect to this MariaDB server
in SYSTEMPATH\Database\BaseConnection.php on line 428.
 1 SYSTEMPATH\Database\BaseConnection.php(575): CodeIgniter\Database\BaseConnection->initialize()
 2 SYSTEMPATH\Database\BaseBuilder.php(1616): CodeIgniter\Database\BaseConnection->query('SELECT *
FROM `configuracoes`
WHERE `id_config` = :id_config:
 LIMIT 1', [...], false)
 3 SYSTEMPATH\Model.php(270): CodeIgniter\Database\BaseBuilder->get()
 4 SYSTEMPATH\BaseModel.php(676): CodeIgniter\Model->doFirst()
 5 APPPATH\Controllers\Login.php(39): CodeIgniter\BaseModel->first()
 6 SYSTEMPATH\CodeIgniter.php(941): App\Controllers\Login->index()
 7 SYSTEMPATH\CodeIgniter.php(502): CodeIgniter\CodeIgniter->runController(Object(App\Controllers\Login))
 8 SYSTEMPATH\CodeIgniter.php(361): CodeIgniter\CodeIgniter->handleRequest(null, Object(Config\Cache), false)
 9 FCPATH\index.php(79): CodeIgniter\CodeIgniter->run()
CRITICAL - 2025-09-25 19:38:52 --> ErrorException: Uncaught TypeError: htmlspecialchars(): Argument #1 ($string) must be of type string, resource given in C:\xampp\htdocs\erp.local\app\Views\errors\html\error_exception.php:182
Stack trace:
#0 C:\xampp\htdocs\erp.local\app\Views\errors\html\error_exception.php(182): htmlspecialchars(Resource id #42, 8, 'UTF-8')
#1 C:\xampp\htdocs\erp.local\system\Debug\BaseExceptionHandler.php(258): include('C:\\xampp\\htdocs...')
#2 C:\xampp\htdocs\erp.local\system\Debug\BaseExceptionHandler.php(261): CodeIgniter\Debug\BaseExceptionHandler->CodeIgniter\Debug\{closure}()
#3 C:\xampp\htdocs\erp.local\system\Debug\ExceptionHandler.php(112): CodeIgniter\Debug\BaseExceptionHandler->render(Object(CodeIgniter\Database\Exceptions\DatabaseException), 500, 'C:\\xampp\\htdocs...')
#4 C:\xampp\htdocs\erp.local\system\Debug\Exceptions.php(156): CodeIgniter\Debug\ExceptionHandler->handle(Object(CodeIgniter\Database\Exceptions\DatabaseException), Object(CodeIgniter\HTTP\IncomingRequest), Object(CodeIgniter\HTTP\Response), 500, 8)
#5 [internal function]: CodeIgniter\Debug\Exceptions->exceptionHandler(Object(CodeIgniter\Database\Exceptions\DatabaseException))
#6 {main}
  thrown
【Previous Exception】
CodeIgniter\Database\Exceptions\DatabaseException
Unable to connect to the database.
Main connection [MySQLi]: Host 'localhost' is not allowed to connect to this MariaDB server
#0 C:\xampp\htdocs\erp.local\system\Database\BaseConnection.php(575): CodeIgniter\Database\BaseConnection->initialize()
#1 C:\xampp\htdocs\erp.local\system\Database\BaseBuilder.php(1616): CodeIgniter\Database\BaseConnection->query('SELECT *\nFROM `...', Array, false)
#2 C:\xampp\htdocs\erp.local\system\Model.php(270): CodeIgniter\Database\BaseBuilder->get()
#3 C:\xampp\htdocs\erp.local\system\BaseModel.php(676): CodeIgniter\Model->doFirst()
#4 C:\xampp\htdocs\erp.local\app\Controllers\Login.php(39): CodeIgniter\BaseModel->first()
#5 C:\xampp\htdocs\erp.local\system\CodeIgniter.php(941): App\Controllers\Login->index()
#6 C:\xampp\htdocs\erp.local\system\CodeIgniter.php(502): CodeIgniter\CodeIgniter->runController(Object(App\Controllers\Login))
#7 C:\xampp\htdocs\erp.local\system\CodeIgniter.php(361): CodeIgniter\CodeIgniter->handleRequest(NULL, Object(Config\Cache), false)
#8 C:\xampp\htdocs\erp.local\public\index.php(79): CodeIgniter\CodeIgniter->run()
#9 {main}
in APPPATH\Views\errors\html\error_exception.php on line 182.
 1 [internal function]: CodeIgniter\Debug\Exceptions->shutdownHandler()
ERROR - 2025-09-25 19:40:48 --> Error connecting to the database: mysqli_sql_exception: Host 'localhost' is not allowed to connect to this MariaDB server in C:\xampp\htdocs\erp.local\system\Database\MySQLi\Connection.php:184
Stack trace:
#0 C:\xampp\htdocs\erp.local\system\Database\MySQLi\Connection.php(184): mysqli->real_connect('127.0.0.1', 'root', Object(SensitiveParameterValue), 'erp_local', 3306, '', 0)
#1 C:\xampp\htdocs\erp.local\system\Database\BaseConnection.php(392): CodeIgniter\Database\MySQLi\Connection->connect(false)
#2 C:\xampp\htdocs\erp.local\system\Database\BaseConnection.php(575): CodeIgniter\Database\BaseConnection->initialize()
#3 C:\xampp\htdocs\erp.local\system\Database\BaseConnection.php(1410): CodeIgniter\Database\BaseConnection->query('SHOW TABLES FRO...')
#4 C:\xampp\htdocs\erp.local\system\Commands\Database\ShowTableInfo.php(105): CodeIgniter\Database\BaseConnection->listTables()
#5 C:\xampp\htdocs\erp.local\system\CLI\Commands.php(65): CodeIgniter\Commands\Database\ShowTableInfo->run(Array)
#6 C:\xampp\htdocs\erp.local\system\CLI\Console.php(46): CodeIgniter\CLI\Commands->run('db:table', Array)
#7 C:\xampp\htdocs\erp.local\spark(102): CodeIgniter\CLI\Console->run()
#8 {main}

Next CodeIgniter\Database\Exceptions\DatabaseException: Host 'localhost' is not allowed to connect to this MariaDB server in C:\xampp\htdocs\erp.local\system\Database\MySQLi\Connection.php:229
Stack trace:
#0 C:\xampp\htdocs\erp.local\system\Database\BaseConnection.php(392): CodeIgniter\Database\MySQLi\Connection->connect(false)
#1 C:\xampp\htdocs\erp.local\system\Database\BaseConnection.php(575): CodeIgniter\Database\BaseConnection->initialize()
#2 C:\xampp\htdocs\erp.local\system\Database\BaseConnection.php(1410): CodeIgniter\Database\BaseConnection->query('SHOW TABLES FRO...')
#3 C:\xampp\htdocs\erp.local\system\Commands\Database\ShowTableInfo.php(105): CodeIgniter\Database\BaseConnection->listTables()
#4 C:\xampp\htdocs\erp.local\system\CLI\Commands.php(65): CodeIgniter\Commands\Database\ShowTableInfo->run(Array)
#5 C:\xampp\htdocs\erp.local\system\CLI\Console.php(46): CodeIgniter\CLI\Commands->run('db:table', Array)
#6 C:\xampp\htdocs\erp.local\spark(102): CodeIgniter\CLI\Console->run()
#7 {main}
CRITICAL - 2025-09-25 19:40:48 --> CodeIgniter\Database\Exceptions\DatabaseException: Unable to connect to the database.
Main connection [MySQLi]: Host 'localhost' is not allowed to connect to this MariaDB server
in SYSTEMPATH\Database\BaseConnection.php on line 428.
 1 SYSTEMPATH\Database\BaseConnection.php(575): CodeIgniter\Database\BaseConnection->initialize()
 2 SYSTEMPATH\Database\BaseConnection.php(1410): CodeIgniter\Database\BaseConnection->query('SHOW TABLES FROM `erp_local`')
 3 SYSTEMPATH\Commands\Database\ShowTableInfo.php(105): CodeIgniter\Database\BaseConnection->listTables()
 4 SYSTEMPATH\CLI\Commands.php(65): CodeIgniter\Commands\Database\ShowTableInfo->run([...])
 5 SYSTEMPATH\CLI\Console.php(46): CodeIgniter\CLI\Commands->run('db:table', [...])
 6 ROOTPATH\spark(102): CodeIgniter\CLI\Console->run()
ERROR - 2025-09-25 19:44:40 --> Error connecting to the database: mysqli_sql_exception: Host 'localhost' is not allowed to connect to this MariaDB server in C:\xampp\htdocs\erp.local\system\Database\MySQLi\Connection.php:184
Stack trace:
#0 C:\xampp\htdocs\erp.local\system\Database\MySQLi\Connection.php(184): mysqli->real_connect('127.0.0.1', 'root', Object(SensitiveParameterValue), 'erp_local', 3306, '', 0)
#1 C:\xampp\htdocs\erp.local\system\Database\BaseConnection.php(392): CodeIgniter\Database\MySQLi\Connection->connect(false)
#2 C:\xampp\htdocs\erp.local\app\Config\Events.php(68): CodeIgniter\Database\BaseConnection->initialize()
#3 C:\xampp\htdocs\erp.local\system\Events\Events.php(154): CodeIgniter\Events\Events::Config\{closure}()
#4 C:\xampp\htdocs\erp.local\system\CodeIgniter.php(442): CodeIgniter\Events\Events::trigger('pre_system')
#5 C:\xampp\htdocs\erp.local\system\CodeIgniter.php(361): CodeIgniter\CodeIgniter->handleRequest(NULL, Object(Config\Cache), false)
#6 C:\xampp\htdocs\erp.local\public\index.php(79): CodeIgniter\CodeIgniter->run()
#7 {main}

Next CodeIgniter\Database\Exceptions\DatabaseException: Host 'localhost' is not allowed to connect to this MariaDB server in C:\xampp\htdocs\erp.local\system\Database\MySQLi\Connection.php:229
Stack trace:
#0 C:\xampp\htdocs\erp.local\system\Database\BaseConnection.php(392): CodeIgniter\Database\MySQLi\Connection->connect(false)
#1 C:\xampp\htdocs\erp.local\app\Config\Events.php(68): CodeIgniter\Database\BaseConnection->initialize()
#2 C:\xampp\htdocs\erp.local\system\Events\Events.php(154): CodeIgniter\Events\Events::Config\{closure}()
#3 C:\xampp\htdocs\erp.local\system\CodeIgniter.php(442): CodeIgniter\Events\Events::trigger('pre_system')
#4 C:\xampp\htdocs\erp.local\system\CodeIgniter.php(361): CodeIgniter\CodeIgniter->handleRequest(NULL, Object(Config\Cache), false)
#5 C:\xampp\htdocs\erp.local\public\index.php(79): CodeIgniter\CodeIgniter->run()
#6 {main}
ERROR - 2025-09-25 19:44:40 --> Auto-migration failed: Unable to connect to the database.
Main connection [MySQLi]: Host 'localhost' is not allowed to connect to this MariaDB server
INFO - 2025-09-25 19:44:40 --> Session: Class initialized using 'CodeIgniter\Session\Handlers\FileHandler' driver.
ERROR - 2025-09-25 19:44:40 --> Error connecting to the database: mysqli_sql_exception: Host 'localhost' is not allowed to connect to this MariaDB server in C:\xampp\htdocs\erp.local\system\Database\MySQLi\Connection.php:184
Stack trace:
#0 C:\xampp\htdocs\erp.local\system\Database\MySQLi\Connection.php(184): mysqli->real_connect('127.0.0.1', 'root', Object(SensitiveParameterValue), 'erp_local', 3306, '', 0)
#1 C:\xampp\htdocs\erp.local\system\Database\BaseConnection.php(392): CodeIgniter\Database\MySQLi\Connection->connect(false)
#2 C:\xampp\htdocs\erp.local\system\Database\BaseConnection.php(575): CodeIgniter\Database\BaseConnection->initialize()
#3 C:\xampp\htdocs\erp.local\system\Database\BaseBuilder.php(1616): CodeIgniter\Database\BaseConnection->query('SELECT *\nFROM `...', Array, false)
#4 C:\xampp\htdocs\erp.local\system\Model.php(270): CodeIgniter\Database\BaseBuilder->get()
#5 C:\xampp\htdocs\erp.local\system\BaseModel.php(676): CodeIgniter\Model->doFirst()
#6 C:\xampp\htdocs\erp.local\app\Controllers\Login.php(39): CodeIgniter\BaseModel->first()
#7 C:\xampp\htdocs\erp.local\system\CodeIgniter.php(941): App\Controllers\Login->index()
#8 C:\xampp\htdocs\erp.local\system\CodeIgniter.php(502): CodeIgniter\CodeIgniter->runController(Object(App\Controllers\Login))
#9 C:\xampp\htdocs\erp.local\system\CodeIgniter.php(361): CodeIgniter\CodeIgniter->handleRequest(NULL, Object(Config\Cache), false)
#10 C:\xampp\htdocs\erp.local\public\index.php(79): CodeIgniter\CodeIgniter->run()
#11 {main}

Next CodeIgniter\Database\Exceptions\DatabaseException: Host 'localhost' is not allowed to connect to this MariaDB server in C:\xampp\htdocs\erp.local\system\Database\MySQLi\Connection.php:229
Stack trace:
#0 C:\xampp\htdocs\erp.local\system\Database\BaseConnection.php(392): CodeIgniter\Database\MySQLi\Connection->connect(false)
#1 C:\xampp\htdocs\erp.local\system\Database\BaseConnection.php(575): CodeIgniter\Database\BaseConnection->initialize()
#2 C:\xampp\htdocs\erp.local\system\Database\BaseBuilder.php(1616): CodeIgniter\Database\BaseConnection->query('SELECT *\nFROM `...', Array, false)
#3 C:\xampp\htdocs\erp.local\system\Model.php(270): CodeIgniter\Database\BaseBuilder->get()
#4 C:\xampp\htdocs\erp.local\system\BaseModel.php(676): CodeIgniter\Model->doFirst()
#5 C:\xampp\htdocs\erp.local\app\Controllers\Login.php(39): CodeIgniter\BaseModel->first()
#6 C:\xampp\htdocs\erp.local\system\CodeIgniter.php(941): App\Controllers\Login->index()
#7 C:\xampp\htdocs\erp.local\system\CodeIgniter.php(502): CodeIgniter\CodeIgniter->runController(Object(App\Controllers\Login))
#8 C:\xampp\htdocs\erp.local\system\CodeIgniter.php(361): CodeIgniter\CodeIgniter->handleRequest(NULL, Object(Config\Cache), false)
#9 C:\xampp\htdocs\erp.local\public\index.php(79): CodeIgniter\CodeIgniter->run()
#10 {main}
CRITICAL - 2025-09-25 19:44:40 --> CodeIgniter\Database\Exceptions\DatabaseException: Unable to connect to the database.
Main connection [MySQLi]: Host 'localhost' is not allowed to connect to this MariaDB server
in SYSTEMPATH\Database\BaseConnection.php on line 428.
 1 SYSTEMPATH\Database\BaseConnection.php(575): CodeIgniter\Database\BaseConnection->initialize()
 2 SYSTEMPATH\Database\BaseBuilder.php(1616): CodeIgniter\Database\BaseConnection->query('SELECT *
FROM `configuracoes`
WHERE `id_config` = :id_config:
 LIMIT 1', [...], false)
 3 SYSTEMPATH\Model.php(270): CodeIgniter\Database\BaseBuilder->get()
 4 SYSTEMPATH\BaseModel.php(676): CodeIgniter\Model->doFirst()
 5 APPPATH\Controllers\Login.php(39): CodeIgniter\BaseModel->first()
 6 SYSTEMPATH\CodeIgniter.php(941): App\Controllers\Login->index()
 7 SYSTEMPATH\CodeIgniter.php(502): CodeIgniter\CodeIgniter->runController(Object(App\Controllers\Login))
 8 SYSTEMPATH\CodeIgniter.php(361): CodeIgniter\CodeIgniter->handleRequest(null, Object(Config\Cache), false)
 9 FCPATH\index.php(79): CodeIgniter\CodeIgniter->run()
CRITICAL - 2025-09-25 19:44:40 --> ErrorException: Uncaught TypeError: htmlspecialchars(): Argument #1 ($string) must be of type string, resource given in C:\xampp\htdocs\erp.local\app\Views\errors\html\error_exception.php:182
Stack trace:
#0 C:\xampp\htdocs\erp.local\app\Views\errors\html\error_exception.php(182): htmlspecialchars(Resource id #42, 8, 'UTF-8')
#1 C:\xampp\htdocs\erp.local\system\Debug\BaseExceptionHandler.php(258): include('C:\\xampp\\htdocs...')
#2 C:\xampp\htdocs\erp.local\system\Debug\BaseExceptionHandler.php(261): CodeIgniter\Debug\BaseExceptionHandler->CodeIgniter\Debug\{closure}()
#3 C:\xampp\htdocs\erp.local\system\Debug\ExceptionHandler.php(112): CodeIgniter\Debug\BaseExceptionHandler->render(Object(CodeIgniter\Database\Exceptions\DatabaseException), 500, 'C:\\xampp\\htdocs...')
#4 C:\xampp\htdocs\erp.local\system\Debug\Exceptions.php(156): CodeIgniter\Debug\ExceptionHandler->handle(Object(CodeIgniter\Database\Exceptions\DatabaseException), Object(CodeIgniter\HTTP\IncomingRequest), Object(CodeIgniter\HTTP\Response), 500, 8)
#5 [internal function]: CodeIgniter\Debug\Exceptions->exceptionHandler(Object(CodeIgniter\Database\Exceptions\DatabaseException))
#6 {main}
  thrown
【Previous Exception】
CodeIgniter\Database\Exceptions\DatabaseException
Unable to connect to the database.
Main connection [MySQLi]: Host 'localhost' is not allowed to connect to this MariaDB server
#0 C:\xampp\htdocs\erp.local\system\Database\BaseConnection.php(575): CodeIgniter\Database\BaseConnection->initialize()
#1 C:\xampp\htdocs\erp.local\system\Database\BaseBuilder.php(1616): CodeIgniter\Database\BaseConnection->query('SELECT *\nFROM `...', Array, false)
#2 C:\xampp\htdocs\erp.local\system\Model.php(270): CodeIgniter\Database\BaseBuilder->get()
#3 C:\xampp\htdocs\erp.local\system\BaseModel.php(676): CodeIgniter\Model->doFirst()
#4 C:\xampp\htdocs\erp.local\app\Controllers\Login.php(39): CodeIgniter\BaseModel->first()
#5 C:\xampp\htdocs\erp.local\system\CodeIgniter.php(941): App\Controllers\Login->index()
#6 C:\xampp\htdocs\erp.local\system\CodeIgniter.php(502): CodeIgniter\CodeIgniter->runController(Object(App\Controllers\Login))
#7 C:\xampp\htdocs\erp.local\system\CodeIgniter.php(361): CodeIgniter\CodeIgniter->handleRequest(NULL, Object(Config\Cache), false)
#8 C:\xampp\htdocs\erp.local\public\index.php(79): CodeIgniter\CodeIgniter->run()
#9 {main}
in APPPATH\Views\errors\html\error_exception.php on line 182.
 1 [internal function]: CodeIgniter\Debug\Exceptions->shutdownHandler()
ERROR - 2025-09-25 19:44:41 --> Error connecting to the database: mysqli_sql_exception: Host 'localhost' is not allowed to connect to this MariaDB server in C:\xampp\htdocs\erp.local\system\Database\MySQLi\Connection.php:184
Stack trace:
#0 C:\xampp\htdocs\erp.local\system\Database\MySQLi\Connection.php(184): mysqli->real_connect('127.0.0.1', 'root', Object(SensitiveParameterValue), 'erp_local', 3306, '', 0)
#1 C:\xampp\htdocs\erp.local\system\Database\BaseConnection.php(392): CodeIgniter\Database\MySQLi\Connection->connect(false)
#2 C:\xampp\htdocs\erp.local\app\Config\Events.php(68): CodeIgniter\Database\BaseConnection->initialize()
#3 C:\xampp\htdocs\erp.local\system\Events\Events.php(154): CodeIgniter\Events\Events::Config\{closure}()
#4 C:\xampp\htdocs\erp.local\system\CodeIgniter.php(442): CodeIgniter\Events\Events::trigger('pre_system')
#5 C:\xampp\htdocs\erp.local\system\CodeIgniter.php(361): CodeIgniter\CodeIgniter->handleRequest(NULL, Object(Config\Cache), false)
#6 C:\xampp\htdocs\erp.local\public\index.php(79): CodeIgniter\CodeIgniter->run()
#7 {main}

Next CodeIgniter\Database\Exceptions\DatabaseException: Host 'localhost' is not allowed to connect to this MariaDB server in C:\xampp\htdocs\erp.local\system\Database\MySQLi\Connection.php:229
Stack trace:
#0 C:\xampp\htdocs\erp.local\system\Database\BaseConnection.php(392): CodeIgniter\Database\MySQLi\Connection->connect(false)
#1 C:\xampp\htdocs\erp.local\app\Config\Events.php(68): CodeIgniter\Database\BaseConnection->initialize()
#2 C:\xampp\htdocs\erp.local\system\Events\Events.php(154): CodeIgniter\Events\Events::Config\{closure}()
#3 C:\xampp\htdocs\erp.local\system\CodeIgniter.php(442): CodeIgniter\Events\Events::trigger('pre_system')
#4 C:\xampp\htdocs\erp.local\system\CodeIgniter.php(361): CodeIgniter\CodeIgniter->handleRequest(NULL, Object(Config\Cache), false)
#5 C:\xampp\htdocs\erp.local\public\index.php(79): CodeIgniter\CodeIgniter->run()
#6 {main}
ERROR - 2025-09-25 19:44:41 --> Auto-migration failed: Unable to connect to the database.
Main connection [MySQLi]: Host 'localhost' is not allowed to connect to this MariaDB server
INFO - 2025-09-25 19:44:41 --> Session: Class initialized using 'CodeIgniter\Session\Handlers\FileHandler' driver.
ERROR - 2025-09-25 19:44:41 --> Error connecting to the database: mysqli_sql_exception: Host 'localhost' is not allowed to connect to this MariaDB server in C:\xampp\htdocs\erp.local\system\Database\MySQLi\Connection.php:184
Stack trace:
#0 C:\xampp\htdocs\erp.local\system\Database\MySQLi\Connection.php(184): mysqli->real_connect('127.0.0.1', 'root', Object(SensitiveParameterValue), 'erp_local', 3306, '', 0)
#1 C:\xampp\htdocs\erp.local\system\Database\BaseConnection.php(392): CodeIgniter\Database\MySQLi\Connection->connect(false)
#2 C:\xampp\htdocs\erp.local\system\Database\BaseConnection.php(575): CodeIgniter\Database\BaseConnection->initialize()
#3 C:\xampp\htdocs\erp.local\system\Database\BaseBuilder.php(1616): CodeIgniter\Database\BaseConnection->query('SELECT *\nFROM `...', Array, false)
#4 C:\xampp\htdocs\erp.local\system\Model.php(270): CodeIgniter\Database\BaseBuilder->get()
#5 C:\xampp\htdocs\erp.local\system\BaseModel.php(676): CodeIgniter\Model->doFirst()
#6 C:\xampp\htdocs\erp.local\app\Controllers\Login.php(39): CodeIgniter\BaseModel->first()
#7 C:\xampp\htdocs\erp.local\system\CodeIgniter.php(941): App\Controllers\Login->index()
#8 C:\xampp\htdocs\erp.local\system\CodeIgniter.php(502): CodeIgniter\CodeIgniter->runController(Object(App\Controllers\Login))
#9 C:\xampp\htdocs\erp.local\system\CodeIgniter.php(361): CodeIgniter\CodeIgniter->handleRequest(NULL, Object(Config\Cache), false)
#10 C:\xampp\htdocs\erp.local\public\index.php(79): CodeIgniter\CodeIgniter->run()
#11 {main}

Next CodeIgniter\Database\Exceptions\DatabaseException: Host 'localhost' is not allowed to connect to this MariaDB server in C:\xampp\htdocs\erp.local\system\Database\MySQLi\Connection.php:229
Stack trace:
#0 C:\xampp\htdocs\erp.local\system\Database\BaseConnection.php(392): CodeIgniter\Database\MySQLi\Connection->connect(false)
#1 C:\xampp\htdocs\erp.local\system\Database\BaseConnection.php(575): CodeIgniter\Database\BaseConnection->initialize()
#2 C:\xampp\htdocs\erp.local\system\Database\BaseBuilder.php(1616): CodeIgniter\Database\BaseConnection->query('SELECT *\nFROM `...', Array, false)
#3 C:\xampp\htdocs\erp.local\system\Model.php(270): CodeIgniter\Database\BaseBuilder->get()
#4 C:\xampp\htdocs\erp.local\system\BaseModel.php(676): CodeIgniter\Model->doFirst()
#5 C:\xampp\htdocs\erp.local\app\Controllers\Login.php(39): CodeIgniter\BaseModel->first()
#6 C:\xampp\htdocs\erp.local\system\CodeIgniter.php(941): App\Controllers\Login->index()
#7 C:\xampp\htdocs\erp.local\system\CodeIgniter.php(502): CodeIgniter\CodeIgniter->runController(Object(App\Controllers\Login))
#8 C:\xampp\htdocs\erp.local\system\CodeIgniter.php(361): CodeIgniter\CodeIgniter->handleRequest(NULL, Object(Config\Cache), false)
#9 C:\xampp\htdocs\erp.local\public\index.php(79): CodeIgniter\CodeIgniter->run()
#10 {main}
CRITICAL - 2025-09-25 19:44:41 --> CodeIgniter\Database\Exceptions\DatabaseException: Unable to connect to the database.
Main connection [MySQLi]: Host 'localhost' is not allowed to connect to this MariaDB server
in SYSTEMPATH\Database\BaseConnection.php on line 428.
 1 SYSTEMPATH\Database\BaseConnection.php(575): CodeIgniter\Database\BaseConnection->initialize()
 2 SYSTEMPATH\Database\BaseBuilder.php(1616): CodeIgniter\Database\BaseConnection->query('SELECT *
FROM `configuracoes`
WHERE `id_config` = :id_config:
 LIMIT 1', [...], false)
 3 SYSTEMPATH\Model.php(270): CodeIgniter\Database\BaseBuilder->get()
 4 SYSTEMPATH\BaseModel.php(676): CodeIgniter\Model->doFirst()
 5 APPPATH\Controllers\Login.php(39): CodeIgniter\BaseModel->first()
 6 SYSTEMPATH\CodeIgniter.php(941): App\Controllers\Login->index()
 7 SYSTEMPATH\CodeIgniter.php(502): CodeIgniter\CodeIgniter->runController(Object(App\Controllers\Login))
 8 SYSTEMPATH\CodeIgniter.php(361): CodeIgniter\CodeIgniter->handleRequest(null, Object(Config\Cache), false)
 9 FCPATH\index.php(79): CodeIgniter\CodeIgniter->run()
CRITICAL - 2025-09-25 19:44:41 --> ErrorException: Uncaught TypeError: htmlspecialchars(): Argument #1 ($string) must be of type string, resource given in C:\xampp\htdocs\erp.local\app\Views\errors\html\error_exception.php:182
Stack trace:
#0 C:\xampp\htdocs\erp.local\app\Views\errors\html\error_exception.php(182): htmlspecialchars(Resource id #42, 8, 'UTF-8')
#1 C:\xampp\htdocs\erp.local\system\Debug\BaseExceptionHandler.php(258): include('C:\\xampp\\htdocs...')
#2 C:\xampp\htdocs\erp.local\system\Debug\BaseExceptionHandler.php(261): CodeIgniter\Debug\BaseExceptionHandler->CodeIgniter\Debug\{closure}()
#3 C:\xampp\htdocs\erp.local\system\Debug\ExceptionHandler.php(112): CodeIgniter\Debug\BaseExceptionHandler->render(Object(CodeIgniter\Database\Exceptions\DatabaseException), 500, 'C:\\xampp\\htdocs...')
#4 C:\xampp\htdocs\erp.local\system\Debug\Exceptions.php(156): CodeIgniter\Debug\ExceptionHandler->handle(Object(CodeIgniter\Database\Exceptions\DatabaseException), Object(CodeIgniter\HTTP\IncomingRequest), Object(CodeIgniter\HTTP\Response), 500, 8)
#5 [internal function]: CodeIgniter\Debug\Exceptions->exceptionHandler(Object(CodeIgniter\Database\Exceptions\DatabaseException))
#6 {main}
  thrown
【Previous Exception】
CodeIgniter\Database\Exceptions\DatabaseException
Unable to connect to the database.
Main connection [MySQLi]: Host 'localhost' is not allowed to connect to this MariaDB server
#0 C:\xampp\htdocs\erp.local\system\Database\BaseConnection.php(575): CodeIgniter\Database\BaseConnection->initialize()
#1 C:\xampp\htdocs\erp.local\system\Database\BaseBuilder.php(1616): CodeIgniter\Database\BaseConnection->query('SELECT *\nFROM `...', Array, false)
#2 C:\xampp\htdocs\erp.local\system\Model.php(270): CodeIgniter\Database\BaseBuilder->get()
#3 C:\xampp\htdocs\erp.local\system\BaseModel.php(676): CodeIgniter\Model->doFirst()
#4 C:\xampp\htdocs\erp.local\app\Controllers\Login.php(39): CodeIgniter\BaseModel->first()
#5 C:\xampp\htdocs\erp.local\system\CodeIgniter.php(941): App\Controllers\Login->index()
#6 C:\xampp\htdocs\erp.local\system\CodeIgniter.php(502): CodeIgniter\CodeIgniter->runController(Object(App\Controllers\Login))
#7 C:\xampp\htdocs\erp.local\system\CodeIgniter.php(361): CodeIgniter\CodeIgniter->handleRequest(NULL, Object(Config\Cache), false)
#8 C:\xampp\htdocs\erp.local\public\index.php(79): CodeIgniter\CodeIgniter->run()
#9 {main}
in APPPATH\Views\errors\html\error_exception.php on line 182.
 1 [internal function]: CodeIgniter\Debug\Exceptions->shutdownHandler()
INFO - 2025-09-25 19:45:37 --> Session: Class initialized using 'CodeIgniter\Session\Handlers\FileHandler' driver.
INFO - 2025-09-25 19:45:45 --> Session: Class initialized using 'CodeIgniter\Session\Handlers\FileHandler' driver.
INFO - 2025-09-25 19:45:45 --> Session: Class initialized using 'CodeIgniter\Session\Handlers\FileHandler' driver.
INFO - 2025-09-25 19:46:31 --> Session: Class initialized using 'CodeIgniter\Session\Handlers\FileHandler' driver.
INFO - 2025-09-25 19:46:33 --> Session: Class initialized using 'CodeIgniter\Session\Handlers\FileHandler' driver.
INFO - 2025-09-25 19:46:34 --> Session: Class initialized using 'CodeIgniter\Session\Handlers\FileHandler' driver.
INFO - 2025-09-25 19:46:35 --> Session: Class initialized using 'CodeIgniter\Session\Handlers\FileHandler' driver.
INFO - 2025-09-25 19:46:36 --> Session: Class initialized using 'CodeIgniter\Session\Handlers\FileHandler' driver.
INFO - 2025-09-25 19:46:43 --> Session: Class initialized using 'CodeIgniter\Session\Handlers\FileHandler' driver.
DEBUG - 2025-09-25 19:46:43 --> LoginPDV - Dados salvos na sessão: {"id_login":"6","id_empresa":"3","id_contador":"1","usuario":"lucas","nome_completo":"Lucas","tipo":4,"status":"ativo","xFant":"Stage","xApp":"PDV System"}
DEBUG - 2025-09-25 19:46:43 --> LoginPDV - Verificação imediata da sessão tipo: 4
INFO - 2025-09-25 19:46:45 --> Session: Class initialized using 'CodeIgniter\Session\Handlers\FileHandler' driver.
INFO - 2025-09-25 19:47:27 --> Session: Class initialized using 'CodeIgniter\Session\Handlers\FileHandler' driver.
INFO - 2025-09-25 19:47:27 --> Session: Class initialized using 'CodeIgniter\Session\Handlers\FileHandler' driver.
INFO - 2025-09-25 19:47:28 --> Session: Class initialized using 'CodeIgniter\Session\Handlers\FileHandler' driver.
INFO - 2025-09-25 19:47:28 --> Session: Class initialized using 'CodeIgniter\Session\Handlers\FileHandler' driver.
INFO - 2025-09-25 19:47:28 --> Session: Class initialized using 'CodeIgniter\Session\Handlers\FileHandler' driver.
INFO - 2025-09-25 19:47:28 --> Session: Class initialized using 'CodeIgniter\Session\Handlers\FileHandler' driver.
INFO - 2025-09-25 20:03:06 --> Session: Class initialized using 'CodeIgniter\Session\Handlers\FileHandler' driver.
INFO - 2025-09-25 20:03:17 --> Session: Class initialized using 'CodeIgniter\Session\Handlers\FileHandler' driver.
INFO - 2025-09-25 20:03:29 --> Session: Class initialized using 'CodeIgniter\Session\Handlers\FileHandler' driver.
INFO - 2025-09-25 20:03:41 --> Session: Class initialized using 'CodeIgniter\Session\Handlers\FileHandler' driver.
INFO - 2025-09-25 20:03:48 --> Session: Class initialized using 'CodeIgniter\Session\Handlers\FileHandler' driver.
INFO - 2025-09-25 20:05:30 --> Session: Class initialized using 'CodeIgniter\Session\Handlers\FileHandler' driver.
INFO - 2025-09-25 20:05:43 --> Session: Class initialized using 'CodeIgniter\Session\Handlers\FileHandler' driver.
INFO - 2025-09-25 20:05:46 --> Session: Class initialized using 'CodeIgniter\Session\Handlers\FileHandler' driver.
INFO - 2025-09-25 20:05:46 --> Session: Class initialized using 'CodeIgniter\Session\Handlers\FileHandler' driver.
INFO - 2025-09-25 20:05:54 --> Session: Class initialized using 'CodeIgniter\Session\Handlers\FileHandler' driver.
DEBUG - 2025-09-25 20:05:54 --> LoginPDV - Dados salvos na sessão: {"id_login":"6","id_empresa":"3","id_contador":"1","usuario":"lucas","nome_completo":"Lucas","tipo":4,"status":"ativo","xFant":"Stage","xApp":"PDV System"}
DEBUG - 2025-09-25 20:05:54 --> LoginPDV - Verificação imediata da sessão tipo: 4
INFO - 2025-09-25 20:05:56 --> Session: Class initialized using 'CodeIgniter\Session\Handlers\FileHandler' driver.
INFO - 2025-09-25 20:08:46 --> Session: Class initialized using 'CodeIgniter\Session\Handlers\FileHandler' driver.
DEBUG - 2025-09-25 20:08:46 --> === PdvAccessFilter INÍCIO === URI: /index.php/pdv
INFO - 2025-09-25 20:08:46 --> Session: Class initialized using 'CodeIgniter\Session\Handlers\FileHandler' driver.
DEBUG - 2025-09-25 20:08:46 --> PdvAccessFilter - Dados da sessão:
DEBUG - 2025-09-25 20:08:46 -->   - tipo: 4
DEBUG - 2025-09-25 20:08:46 -->   - id_empresa: 3
DEBUG - 2025-09-25 20:08:46 -->   - id_contador: 1
DEBUG - 2025-09-25 20:08:46 -->   - usuario: lucas
DEBUG - 2025-09-25 20:08:46 -->   - session_id: buljbi7l3fan3s9sj1l0l3pa0ouenfg6
DEBUG - 2025-09-25 20:08:46 --> PdvAccessFilter - Validação de acesso:
DEBUG - 2025-09-25 20:08:46 -->   - tipos permitidos: [1,3,4]
DEBUG - 2025-09-25 20:08:46 -->   - tipo do usuário: 4 (válido: SIM)
DEBUG - 2025-09-25 20:08:46 -->   - id_empresa: 3 (válido: SIM)
DEBUG - 2025-09-25 20:08:46 -->   - wants JSON: NÃO
DEBUG - 2025-09-25 20:08:46 --> PdvAccessFilter - Verificando empresa no banco...
DEBUG - 2025-09-25 20:08:46 --> PdvAccessFilter - Empresa encontrada: Stage (ID: 3)
DEBUG - 2025-09-25 20:08:46 --> === PdvAccessFilter SUCESSO === Acesso liberado para lucas
DEBUG - 2025-09-25 20:08:46 --> === PDV Controller INÍCIO ===
DEBUG - 2025-09-25 20:08:46 --> PDV Controller - Dados da sessão:
DEBUG - 2025-09-25 20:08:46 -->   - tipo: 4
DEBUG - 2025-09-25 20:08:46 -->   - status: ativo
DEBUG - 2025-09-25 20:08:46 -->   - usuario: lucas
DEBUG - 2025-09-25 20:08:46 -->   - id_empresa: 3
DEBUG - 2025-09-25 20:08:46 -->   - id_contador: 1
DEBUG - 2025-09-25 20:08:46 --> PDV Controller - Permissões OK, carregando dados...
DEBUG - 2025-09-25 20:08:46 --> PDV Controller - Dados preparados:
DEBUG - 2025-09-25 20:08:46 -->   - Total de itens: 0
DEBUG - 2025-09-25 20:08:46 -->   - Total geral: R$ 0,00
DEBUG - 2025-09-25 20:08:46 --> === PDV Controller SUCESSO === Renderizando view
INFO - 2025-09-25 20:08:47 --> Session: Class initialized using 'CodeIgniter\Session\Handlers\FileHandler' driver.
INFO - 2025-09-25 20:08:47 --> Session: Class initialized using 'CodeIgniter\Session\Handlers\FileHandler' driver.
INFO - 2025-09-25 20:08:47 --> Session: Class initialized using 'CodeIgniter\Session\Handlers\FileHandler' driver.
INFO - 2025-09-25 20:08:47 --> Session: Class initialized using 'CodeIgniter\Session\Handlers\FileHandler' driver.
INFO - 2025-09-25 20:10:04 --> Session: Class initialized using 'CodeIgniter\Session\Handlers\FileHandler' driver.
INFO - 2025-09-25 20:10:09 --> Session: Class initialized using 'CodeIgniter\Session\Handlers\FileHandler' driver.
INFO - 2025-09-25 20:10:22 --> Session: Class initialized using 'CodeIgniter\Session\Handlers\FileHandler' driver.
INFO - 2025-09-25 20:10:27 --> Session: Class initialized using 'CodeIgniter\Session\Handlers\FileHandler' driver.
DEBUG - 2025-09-25 20:10:27 --> === PdvAccessFilter INÍCIO === URI: /index.php/pdv
INFO - 2025-09-25 20:10:27 --> Session: Class initialized using 'CodeIgniter\Session\Handlers\FileHandler' driver.
DEBUG - 2025-09-25 20:10:27 --> PdvAccessFilter - Dados da sessão:
DEBUG - 2025-09-25 20:10:27 -->   - tipo: 4
DEBUG - 2025-09-25 20:10:27 -->   - id_empresa: 3
DEBUG - 2025-09-25 20:10:27 -->   - id_contador: 1
DEBUG - 2025-09-25 20:10:27 -->   - usuario: lucas
DEBUG - 2025-09-25 20:10:27 -->   - session_id: buljbi7l3fan3s9sj1l0l3pa0ouenfg6
DEBUG - 2025-09-25 20:10:27 --> PdvAccessFilter - Validação de acesso:
DEBUG - 2025-09-25 20:10:27 -->   - tipos permitidos: [1,3,4]
DEBUG - 2025-09-25 20:10:27 -->   - tipo do usuário: 4 (válido: SIM)
DEBUG - 2025-09-25 20:10:27 -->   - id_empresa: 3 (válido: SIM)
DEBUG - 2025-09-25 20:10:27 -->   - wants JSON: NÃO
DEBUG - 2025-09-25 20:10:27 --> PdvAccessFilter - Verificando empresa no banco...
DEBUG - 2025-09-25 20:10:27 --> PdvAccessFilter - Empresa encontrada: Stage (ID: 3)
DEBUG - 2025-09-25 20:10:27 --> === PdvAccessFilter SUCESSO === Acesso liberado para lucas
DEBUG - 2025-09-25 20:10:27 --> === PDV Controller INÍCIO ===
DEBUG - 2025-09-25 20:10:27 --> PDV Controller - Dados da sessão:
DEBUG - 2025-09-25 20:10:27 -->   - tipo: 4
DEBUG - 2025-09-25 20:10:27 -->   - status: ativo
DEBUG - 2025-09-25 20:10:27 -->   - usuario: lucas
DEBUG - 2025-09-25 20:10:27 -->   - id_empresa: 3
DEBUG - 2025-09-25 20:10:27 -->   - id_contador: 1
DEBUG - 2025-09-25 20:10:27 --> PDV Controller - Permissões OK, carregando dados...
DEBUG - 2025-09-25 20:10:27 --> PDV Controller - Dados preparados:
DEBUG - 2025-09-25 20:10:27 -->   - Total de itens: 0
DEBUG - 2025-09-25 20:10:27 -->   - Total geral: R$ 0,00
DEBUG - 2025-09-25 20:10:27 --> === PDV Controller SUCESSO === Renderizando view
INFO - 2025-09-25 20:10:27 --> Session: Class initialized using 'CodeIgniter\Session\Handlers\FileHandler' driver.
INFO - 2025-09-25 20:10:27 --> Session: Class initialized using 'CodeIgniter\Session\Handlers\FileHandler' driver.
INFO - 2025-09-25 20:10:28 --> Session: Class initialized using 'CodeIgniter\Session\Handlers\FileHandler' driver.
INFO - 2025-09-25 20:10:28 --> Session: Class initialized using 'CodeIgniter\Session\Handlers\FileHandler' driver.
INFO - 2025-09-25 20:10:31 --> Session: Class initialized using 'CodeIgniter\Session\Handlers\FileHandler' driver.
INFO - 2025-09-25 20:10:31 --> Session: Class initialized using 'CodeIgniter\Session\Handlers\FileHandler' driver.
INFO - 2025-09-25 20:10:33 --> Session: Class initialized using 'CodeIgniter\Session\Handlers\FileHandler' driver.
INFO - 2025-09-25 20:10:34 --> Session: Class initialized using 'CodeIgniter\Session\Handlers\FileHandler' driver.
INFO - 2025-09-25 20:10:40 --> Session: Class initialized using 'CodeIgniter\Session\Handlers\FileHandler' driver.
DEBUG - 2025-09-25 20:10:40 --> LoginPDV - Dados salvos na sessão: {"id_login":"6","id_empresa":"3","id_contador":"1","usuario":"lucas","nome_completo":"Lucas","tipo":4,"status":"ativo","xFant":"Stage","xApp":"PDV System"}
DEBUG - 2025-09-25 20:10:40 --> LoginPDV - Verificação imediata da sessão tipo: 4
INFO - 2025-09-25 20:10:42 --> Session: Class initialized using 'CodeIgniter\Session\Handlers\FileHandler' driver.
DEBUG - 2025-09-25 20:12:33 --> === PdvAccessFilter INÍCIO === URI: /index.php/pdv
INFO - 2025-09-25 20:12:33 --> Session: Class initialized using 'CodeIgniter\Session\Handlers\FileHandler' driver.
DEBUG - 2025-09-25 20:12:33 --> PdvAccessFilter - Dados da sessão:
DEBUG - 2025-09-25 20:12:33 -->   - tipo: 4
DEBUG - 2025-09-25 20:12:33 -->   - id_empresa: 3
DEBUG - 2025-09-25 20:12:33 -->   - id_contador: 1
DEBUG - 2025-09-25 20:12:33 -->   - usuario: lucas
DEBUG - 2025-09-25 20:12:33 -->   - session_id: cu4op75rojieck57dlmj6enme02osk08
DEBUG - 2025-09-25 20:12:33 --> PdvAccessFilter - Validação de acesso:
DEBUG - 2025-09-25 20:12:33 -->   - tipos permitidos: [1,3,4]
DEBUG - 2025-09-25 20:12:33 -->   - tipo do usuário: 4 (válido: SIM)
DEBUG - 2025-09-25 20:12:33 -->   - id_empresa: 3 (válido: SIM)
DEBUG - 2025-09-25 20:12:33 -->   - wants JSON: NÃO
DEBUG - 2025-09-25 20:12:33 --> PdvAccessFilter - Verificando empresa no banco...
DEBUG - 2025-09-25 20:12:33 --> PdvAccessFilter - Empresa encontrada: Stage (ID: 3)
DEBUG - 2025-09-25 20:12:33 --> === PdvAccessFilter SUCESSO === Acesso liberado para lucas
DEBUG - 2025-09-25 20:12:33 --> === PDV Controller INÍCIO ===
DEBUG - 2025-09-25 20:12:33 --> PDV Controller - Dados da sessão:
DEBUG - 2025-09-25 20:12:33 -->   - tipo: 4
DEBUG - 2025-09-25 20:12:33 -->   - status: ativo
DEBUG - 2025-09-25 20:12:33 -->   - usuario: lucas
DEBUG - 2025-09-25 20:12:33 -->   - id_empresa: 3
DEBUG - 2025-09-25 20:12:33 -->   - id_contador: 1
DEBUG - 2025-09-25 20:12:33 --> PDV Controller - Permissões OK, carregando dados...
DEBUG - 2025-09-25 20:12:33 --> PDV Controller - Dados preparados:
DEBUG - 2025-09-25 20:12:33 -->   - Total de itens: 0
DEBUG - 2025-09-25 20:12:33 -->   - Total geral: R$ 0,00
DEBUG - 2025-09-25 20:12:33 --> === PDV Controller SUCESSO === Renderizando view
INFO - 2025-09-25 20:12:33 --> Session: Class initialized using 'CodeIgniter\Session\Handlers\FileHandler' driver.
INFO - 2025-09-25 20:12:33 --> Session: Class initialized using 'CodeIgniter\Session\Handlers\FileHandler' driver.
INFO - 2025-09-25 20:12:33 --> Session: Class initialized using 'CodeIgniter\Session\Handlers\FileHandler' driver.
INFO - 2025-09-25 20:12:33 --> Session: Class initialized using 'CodeIgniter\Session\Handlers\FileHandler' driver.
INFO - 2025-09-25 20:12:38 --> Session: Class initialized using 'CodeIgniter\Session\Handlers\FileHandler' driver.
DEBUG - 2025-09-25 20:12:38 --> === PdvAccessFilter INÍCIO === URI: /index.php/pdv
INFO - 2025-09-25 20:12:38 --> Session: Class initialized using 'CodeIgniter\Session\Handlers\FileHandler' driver.
DEBUG - 2025-09-25 20:12:38 --> PdvAccessFilter - Dados da sessão:
DEBUG - 2025-09-25 20:12:38 -->   - tipo: 4
DEBUG - 2025-09-25 20:12:38 -->   - id_empresa: 3
DEBUG - 2025-09-25 20:12:38 -->   - id_contador: 1
DEBUG - 2025-09-25 20:12:38 -->   - usuario: lucas
DEBUG - 2025-09-25 20:12:38 -->   - session_id: cu4op75rojieck57dlmj6enme02osk08
DEBUG - 2025-09-25 20:12:38 --> PdvAccessFilter - Validação de acesso:
DEBUG - 2025-09-25 20:12:38 -->   - tipos permitidos: [1,3,4]
DEBUG - 2025-09-25 20:12:38 -->   - tipo do usuário: 4 (válido: SIM)
DEBUG - 2025-09-25 20:12:38 -->   - id_empresa: 3 (válido: SIM)
DEBUG - 2025-09-25 20:12:38 -->   - wants JSON: NÃO
DEBUG - 2025-09-25 20:12:38 --> PdvAccessFilter - Verificando empresa no banco...
DEBUG - 2025-09-25 20:12:38 --> PdvAccessFilter - Empresa encontrada: Stage (ID: 3)
DEBUG - 2025-09-25 20:12:38 --> === PdvAccessFilter SUCESSO === Acesso liberado para lucas
DEBUG - 2025-09-25 20:12:38 --> === PDV Controller INÍCIO ===
DEBUG - 2025-09-25 20:12:38 --> PDV Controller - Dados da sessão:
DEBUG - 2025-09-25 20:12:38 -->   - tipo: 4
DEBUG - 2025-09-25 20:12:38 -->   - status: ativo
DEBUG - 2025-09-25 20:12:38 -->   - usuario: lucas
DEBUG - 2025-09-25 20:12:38 -->   - id_empresa: 3
DEBUG - 2025-09-25 20:12:38 -->   - id_contador: 1
DEBUG - 2025-09-25 20:12:38 --> PDV Controller - Permissões OK, carregando dados...
DEBUG - 2025-09-25 20:12:38 --> PDV Controller - Dados preparados:
DEBUG - 2025-09-25 20:12:38 -->   - Total de itens: 0
DEBUG - 2025-09-25 20:12:38 -->   - Total geral: R$ 0,00
DEBUG - 2025-09-25 20:12:38 --> === PDV Controller SUCESSO === Renderizando view
INFO - 2025-09-25 20:12:38 --> Session: Class initialized using 'CodeIgniter\Session\Handlers\FileHandler' driver.
INFO - 2025-09-25 20:12:38 --> Session: Class initialized using 'CodeIgniter\Session\Handlers\FileHandler' driver.
INFO - 2025-09-25 20:12:38 --> Session: Class initialized using 'CodeIgniter\Session\Handlers\FileHandler' driver.
INFO - 2025-09-25 20:12:39 --> Session: Class initialized using 'CodeIgniter\Session\Handlers\FileHandler' driver.
INFO - 2025-09-25 20:12:39 --> Session: Class initialized using 'CodeIgniter\Session\Handlers\FileHandler' driver.
INFO - 2025-09-25 20:15:39 --> Session: Class initialized using 'CodeIgniter\Session\Handlers\FileHandler' driver.
INFO - 2025-09-25 20:15:45 --> Session: Class initialized using 'CodeIgniter\Session\Handlers\FileHandler' driver.
INFO - 2025-09-25 20:15:49 --> Session: Class initialized using 'CodeIgniter\Session\Handlers\FileHandler' driver.
INFO - 2025-09-25 20:15:54 --> Session: Class initialized using 'CodeIgniter\Session\Handlers\FileHandler' driver.
INFO - 2025-09-25 20:15:58 --> Session: Class initialized using 'CodeIgniter\Session\Handlers\FileHandler' driver.
INFO - 2025-09-25 20:16:07 --> Session: Class initialized using 'CodeIgniter\Session\Handlers\FileHandler' driver.
INFO - 2025-09-25 20:16:12 --> Session: Class initialized using 'CodeIgniter\Session\Handlers\FileHandler' driver.
INFO - 2025-09-25 20:16:19 --> Session: Class initialized using 'CodeIgniter\Session\Handlers\FileHandler' driver.
INFO - 2025-09-25 20:17:17 --> Session: Class initialized using 'CodeIgniter\Session\Handlers\FileHandler' driver.
INFO - 2025-09-25 20:18:20 --> Session: Class initialized using 'CodeIgniter\Session\Handlers\FileHandler' driver.
INFO - 2025-09-25 20:18:22 --> Session: Class initialized using 'CodeIgniter\Session\Handlers\FileHandler' driver.
INFO - 2025-09-25 20:18:29 --> Session: Class initialized using 'CodeIgniter\Session\Handlers\FileHandler' driver.
INFO - 2025-09-25 20:18:29 --> Session: Class initialized using 'CodeIgniter\Session\Handlers\FileHandler' driver.
INFO - 2025-09-25 20:18:44 --> Session: Class initialized using 'CodeIgniter\Session\Handlers\FileHandler' driver.
INFO - 2025-09-25 20:18:46 --> Session: Class initialized using 'CodeIgniter\Session\Handlers\FileHandler' driver.
INFO - 2025-09-25 20:18:47 --> Session: Class initialized using 'CodeIgniter\Session\Handlers\FileHandler' driver.
INFO - 2025-09-25 20:18:51 --> Session: Class initialized using 'CodeIgniter\Session\Handlers\FileHandler' driver.
INFO - 2025-09-25 20:18:52 --> Session: Class initialized using 'CodeIgniter\Session\Handlers\FileHandler' driver.
INFO - 2025-09-25 20:18:53 --> Session: Class initialized using 'CodeIgniter\Session\Handlers\FileHandler' driver.
INFO - 2025-09-25 20:18:54 --> Session: Class initialized using 'CodeIgniter\Session\Handlers\FileHandler' driver.
INFO - 2025-09-25 20:18:55 --> Session: Class initialized using 'CodeIgniter\Session\Handlers\FileHandler' driver.
INFO - 2025-09-25 20:18:56 --> Session: Class initialized using 'CodeIgniter\Session\Handlers\FileHandler' driver.
INFO - 2025-09-25 20:18:57 --> Session: Class initialized using 'CodeIgniter\Session\Handlers\FileHandler' driver.
INFO - 2025-09-25 20:19:17 --> Session: Class initialized using 'CodeIgniter\Session\Handlers\FileHandler' driver.
INFO - 2025-09-25 20:19:17 --> Session: Class initialized using 'CodeIgniter\Session\Handlers\FileHandler' driver.
INFO - 2025-09-25 20:19:17 --> Session: Class initialized using 'CodeIgniter\Session\Handlers\FileHandler' driver.
INFO - 2025-09-25 20:19:24 --> Session: Class initialized using 'CodeIgniter\Session\Handlers\FileHandler' driver.
INFO - 2025-09-25 20:19:46 --> Session: Class initialized using 'CodeIgniter\Session\Handlers\FileHandler' driver.
INFO - 2025-09-25 20:19:46 --> Session: Class initialized using 'CodeIgniter\Session\Handlers\FileHandler' driver.
INFO - 2025-09-25 21:13:17 --> Session: Class initialized using 'CodeIgniter\Session\Handlers\FileHandler' driver.
INFO - 2025-09-25 21:13:22 --> Session: Class initialized using 'CodeIgniter\Session\Handlers\FileHandler' driver.
DEBUG - 2025-09-25 21:13:22 --> LoginPDV - Dados salvos na sessão: {"id_login":"6","id_empresa":"3","id_contador":"1","usuario":"lucas","nome_completo":"Lucas","tipo":4,"status":"ativo","xFant":"Stage","xApp":"PDV System"}
DEBUG - 2025-09-25 21:13:22 --> LoginPDV - Verificação imediata da sessão tipo: 4
CRITICAL - 2025-09-25 21:13:22 --> Error: Call to undefined function App\Controllers\pdv_url()
in APPPATH\Controllers\LoginPDV.php on line 140.
 1 SYSTEMPATH\CodeIgniter.php(941): App\Controllers\LoginPDV->autenticar()
 2 SYSTEMPATH\CodeIgniter.php(502): CodeIgniter\CodeIgniter->runController(Object(App\Controllers\LoginPDV))
 3 SYSTEMPATH\CodeIgniter.php(361): CodeIgniter\CodeIgniter->handleRequest(null, Object(Config\Cache), false)
 4 FCPATH\index.php(79): CodeIgniter\CodeIgniter->run()
INFO - 2025-09-25 21:13:40 --> Session: Class initialized using 'CodeIgniter\Session\Handlers\FileHandler' driver.
INFO - 2025-09-25 21:13:44 --> Session: Class initialized using 'CodeIgniter\Session\Handlers\FileHandler' driver.
CRITICAL - 2025-09-25 21:13:44 --> Error: Call to undefined function App\Controllers\pdv_url()
in APPPATH\Controllers\LoginPDV.php on line 23.
 1 SYSTEMPATH\CodeIgniter.php(941): App\Controllers\LoginPDV->index()
 2 SYSTEMPATH\CodeIgniter.php(502): CodeIgniter\CodeIgniter->runController(Object(App\Controllers\LoginPDV))
 3 SYSTEMPATH\CodeIgniter.php(361): CodeIgniter\CodeIgniter->handleRequest(null, Object(Config\Cache), false)
 4 FCPATH\index.php(79): CodeIgniter\CodeIgniter->run()
CRITICAL - 2025-09-25 21:13:44 --> ErrorException: Uncaught TypeError: htmlspecialchars(): Argument #1 ($string) must be of type string, resource given in C:\xampp\htdocs\erp.local\app\Views\errors\html\error_exception.php:182
Stack trace:
#0 C:\xampp\htdocs\erp.local\app\Views\errors\html\error_exception.php(182): htmlspecialchars(Resource id #42, 8, 'UTF-8')
#1 C:\xampp\htdocs\erp.local\system\Debug\BaseExceptionHandler.php(258): include('C:\\xampp\\htdocs...')
#2 C:\xampp\htdocs\erp.local\system\Debug\BaseExceptionHandler.php(261): CodeIgniter\Debug\BaseExceptionHandler->CodeIgniter\Debug\{closure}()
#3 C:\xampp\htdocs\erp.local\system\Debug\ExceptionHandler.php(112): CodeIgniter\Debug\BaseExceptionHandler->render(Object(Error), 500, 'C:\\xampp\\htdocs...')
#4 C:\xampp\htdocs\erp.local\system\Debug\Exceptions.php(156): CodeIgniter\Debug\ExceptionHandler->handle(Object(Error), Object(CodeIgniter\HTTP\IncomingRequest), Object(CodeIgniter\HTTP\Response), 500, 1)
#5 [internal function]: CodeIgniter\Debug\Exceptions->exceptionHandler(Object(Error))
#6 {main}
  thrown
【Previous Exception】
Error
Call to undefined function App\Controllers\pdv_url()
#0 C:\xampp\htdocs\erp.local\system\CodeIgniter.php(941): App\Controllers\LoginPDV->index()
#1 C:\xampp\htdocs\erp.local\system\CodeIgniter.php(502): CodeIgniter\CodeIgniter->runController(Object(App\Controllers\LoginPDV))
#2 C:\xampp\htdocs\erp.local\system\CodeIgniter.php(361): CodeIgniter\CodeIgniter->handleRequest(NULL, Object(Config\Cache), false)
#3 C:\xampp\htdocs\erp.local\public\index.php(79): CodeIgniter\CodeIgniter->run()
#4 {main}
in APPPATH\Views\errors\html\error_exception.php on line 182.
 1 [internal function]: CodeIgniter\Debug\Exceptions->shutdownHandler()
INFO - 2025-09-25 21:15:53 --> Session: Class initialized using 'CodeIgniter\Session\Handlers\FileHandler' driver.
INFO - 2025-09-25 21:15:55 --> Session: Class initialized using 'CodeIgniter\Session\Handlers\FileHandler' driver.
INFO - 2025-09-25 21:15:57 --> Session: Class initialized using 'CodeIgniter\Session\Handlers\FileHandler' driver.
INFO - 2025-09-25 21:17:35 --> Session: Class initialized using 'CodeIgniter\Session\Handlers\FileHandler' driver.
INFO - 2025-09-25 21:17:37 --> Session: Class initialized using 'CodeIgniter\Session\Handlers\FileHandler' driver.
INFO - 2025-09-25 21:17:41 --> Session: Class initialized using 'CodeIgniter\Session\Handlers\FileHandler' driver.
INFO - 2025-09-25 21:17:55 --> Session: Class initialized using 'CodeIgniter\Session\Handlers\FileHandler' driver.
INFO - 2025-09-25 21:18:06 --> Session: Class initialized using 'CodeIgniter\Session\Handlers\FileHandler' driver.
INFO - 2025-09-25 21:18:06 --> Session: Class initialized using 'CodeIgniter\Session\Handlers\FileHandler' driver.
INFO - 2025-09-25 21:18:12 --> Session: Class initialized using 'CodeIgniter\Session\Handlers\FileHandler' driver.
INFO - 2025-09-25 21:18:18 --> Session: Class initialized using 'CodeIgniter\Session\Handlers\FileHandler' driver.
DEBUG - 2025-09-25 21:18:18 --> LoginPDV - Dados salvos na sessão: {"id_login":"6","id_empresa":"3","id_contador":"1","usuario":"lucas","nome_completo":"Lucas","tipo":4,"status":"ativo","xFant":"Stage","xApp":"PDV System"}
DEBUG - 2025-09-25 21:18:18 --> LoginPDV - Verificação imediata da sessão tipo: 4
INFO - 2025-09-25 21:18:20 --> Session: Class initialized using 'CodeIgniter\Session\Handlers\FileHandler' driver.
DEBUG - 2025-09-25 21:18:20 --> === PdvAccessFilter INÍCIO === URI: /index.php/pdv
INFO - 2025-09-25 21:18:20 --> Session: Class initialized using 'CodeIgniter\Session\Handlers\FileHandler' driver.
DEBUG - 2025-09-25 21:18:20 --> PdvAccessFilter - Dados da sessão:
DEBUG - 2025-09-25 21:18:20 -->   - tipo: 4
DEBUG - 2025-09-25 21:18:20 -->   - id_empresa: 3
DEBUG - 2025-09-25 21:18:20 -->   - id_contador: 1
DEBUG - 2025-09-25 21:18:20 -->   - usuario: lucas
DEBUG - 2025-09-25 21:18:20 -->   - session_id: dreqmp80d57qljprb2edopsjjckg0ikh
DEBUG - 2025-09-25 21:18:20 --> PdvAccessFilter - Validação de acesso:
DEBUG - 2025-09-25 21:18:20 -->   - tipos permitidos: [1,3,4]
DEBUG - 2025-09-25 21:18:20 -->   - tipo do usuário: 4 (válido: SIM)
DEBUG - 2025-09-25 21:18:20 -->   - id_empresa: 3 (válido: SIM)
DEBUG - 2025-09-25 21:18:20 -->   - wants JSON: NÃO
DEBUG - 2025-09-25 21:18:20 --> PdvAccessFilter - Verificando empresa no banco...
DEBUG - 2025-09-25 21:18:20 --> PdvAccessFilter - Empresa encontrada: Stage (ID: 3)
DEBUG - 2025-09-25 21:18:20 --> === PdvAccessFilter SUCESSO === Acesso liberado para lucas
DEBUG - 2025-09-25 21:18:20 --> === PDV Controller INÍCIO ===
DEBUG - 2025-09-25 21:18:20 --> PDV Controller - Dados da sessão:
DEBUG - 2025-09-25 21:18:20 -->   - tipo: 4
DEBUG - 2025-09-25 21:18:20 -->   - status: ativo
DEBUG - 2025-09-25 21:18:20 -->   - usuario: lucas
DEBUG - 2025-09-25 21:18:20 -->   - id_empresa: 3
DEBUG - 2025-09-25 21:18:20 -->   - id_contador: 1
DEBUG - 2025-09-25 21:18:20 --> PDV Controller - Permissões OK, carregando dados...
DEBUG - 2025-09-25 21:18:20 --> PDV Controller - Dados preparados:
DEBUG - 2025-09-25 21:18:20 -->   - Total de itens: 0
DEBUG - 2025-09-25 21:18:20 -->   - Total geral: R$ 0,00
DEBUG - 2025-09-25 21:18:20 --> === PDV Controller SUCESSO === Renderizando view
INFO - 2025-09-25 21:18:20 --> Session: Class initialized using 'CodeIgniter\Session\Handlers\FileHandler' driver.
INFO - 2025-09-25 21:18:20 --> Session: Class initialized using 'CodeIgniter\Session\Handlers\FileHandler' driver.
INFO - 2025-09-25 21:18:20 --> Session: Class initialized using 'CodeIgniter\Session\Handlers\FileHandler' driver.
INFO - 2025-09-25 21:18:20 --> Session: Class initialized using 'CodeIgniter\Session\Handlers\FileHandler' driver.
INFO - 2025-09-25 21:18:27 --> Session: Class initialized using 'CodeIgniter\Session\Handlers\FileHandler' driver.
INFO - 2025-09-25 21:18:27 --> Shifts::open - Caixa sessão aberta via model centralizado.
INFO - 2025-09-25 21:18:27 --> Session: Class initialized using 'CodeIgniter\Session\Handlers\FileHandler' driver.
INFO - 2025-09-25 21:18:29 --> Session: Class initialized using 'CodeIgniter\Session\Handlers\FileHandler' driver.
CRITICAL - 2025-09-25 21:18:30 --> ATENÇÃO: Shifts::close() FOI EXECUTADO. id=1
DEBUG - 2025-09-25 21:18:30 --> Shifts::close - Início. ID turno=1, payload={"closed_by":"pdv","closing_amount":"0,00","id_cash_register":"1"}
DEBUG - 2025-09-25 21:18:30 --> Shifts::close - closing_amount normalizado=0
INFO - 2025-09-25 21:18:30 --> Session: Class initialized using 'CodeIgniter\Session\Handlers\FileHandler' driver.
DEBUG - 2025-09-25 21:18:30 --> Shifts::close - Turno atual carregado: {"id_shift":"1","id_cash_register":"1","opened_by":"pdv","closed_by":"","opened_at":"2025-09-25 21:18:27","closed_at":"0000-00-00 00:00:00","opening_amount":"0.00","closing_amount":"0.00","status":"open","id_contador":"1","id_empresa":"3","created_at":"2025-09-25 21:18:27","updated_at":"2025-09-25 21:18:27","deleted_at":"0000-00-00 00:00:00"}
DEBUG - 2025-09-25 21:18:30 --> Shifts::close - Totais por pagamento: []
DEBUG - 2025-09-25 21:18:30 --> Shifts::close - Dados para update: {"closed_by":"pdv","closed_at":"2025-09-25 21:18:30","closing_amount":0,"status":"closed","id_cash_register":1}
DEBUG - 2025-09-25 21:18:30 --> Shifts::close - Sucesso. Registro atualizado: {"id_shift":"1","id_cash_register":"1","opened_by":"pdv","closed_by":"pdv","opened_at":"2025-09-25 21:18:27","closed_at":"2025-09-25 21:18:30","opening_amount":"0.00","closing_amount":"0.00","status":"closed","id_contador":"1","id_empresa":"3","created_at":"2025-09-25 21:18:27","updated_at":"2025-09-25 21:18:30","deleted_at":"0000-00-00 00:00:00"}
DEBUG - 2025-09-25 21:18:30 --> Shifts::close - Tentando fechar caixa com: contador=1, empresa=3, usuario=0, valor=0
DEBUG - 2025-09-25 21:18:30 --> CaixaSessaoModel::closeOpenSession - Início: contador=1, empresa=3, usuario=0, valor=0
DEBUG - 2025-09-25 21:18:30 --> CaixaSessaoModel::closeOpenSession - Resultado query: {"id":"1","id_contador":"1","id_empresa":"3","id_usuario_abertura":null,"data_abertura":"2025-09-25 21:18:27","valor_inicial":"0.00","id_usuario_fechamento":null,"data_fechamento":null,"valor_final_contado_dinheiro":"0.00","valor_final_calculado_dinheiro":"0.00","total_vendas_cartao":"0.00","total_vendas_pix":"0.00","total_vendas_outros":"0.00","diferenca_dinheiro":"0.00","status":"aberto","created_at":"2025-09-25 21:18:27","updated_at":"2025-09-25 21:18:27","deleted_at":null}
DEBUG - 2025-09-25 21:18:30 --> CaixaSessaoModel::closeOpenSession - Caixa encontrado: id=1, valor_inicial=0
DEBUG - 2025-09-25 21:18:30 --> CaixaSessaoModel::closeOpenSession - Fazendo update: id=1, dados={"id_usuario_fechamento":null,"data_fechamento":"2025-09-25 21:18:30","valor_final_contado_dinheiro":0,"valor_final_calculado_dinheiro":0,"total_vendas_cartao":0,"total_vendas_pix":0,"total_vendas_outros":0,"diferenca_dinheiro":0,"status":"fechado"}
DEBUG - 2025-09-25 21:18:30 --> CaixaSessaoModel::closeOpenSession - Update result: ok=true, affected=1
INFO - 2025-09-25 21:18:30 --> CaixaSessaoModel::closeOpenSession - Sucesso! Sessão fechada: id=1
INFO - 2025-09-25 21:18:30 --> Shifts::close - Caixa sessão fechada via model centralizado. id=1
INFO - 2025-09-25 21:18:32 --> Session: Class initialized using 'CodeIgniter\Session\Handlers\FileHandler' driver.
INFO - 2025-09-25 21:18:36 --> Session: Class initialized using 'CodeIgniter\Session\Handlers\FileHandler' driver.
INFO - 2025-09-25 21:18:40 --> Session: Class initialized using 'CodeIgniter\Session\Handlers\FileHandler' driver.
INFO - 2025-09-25 21:18:43 --> Session: Class initialized using 'CodeIgniter\Session\Handlers\FileHandler' driver.
INFO - 2025-09-25 21:18:46 --> Session: Class initialized using 'CodeIgniter\Session\Handlers\FileHandler' driver.
