ERROR - 2025-09-09 02:48:34 --> Error connecting to the database: ErrorException: mysqli::real_connect(): php_network_getaddresses: getaddrinfo for db-cloud.example.com failed: Este host nï¿½o ï¿½ conhecido.  in C:\xampp\htdocs\erp.test\system\Database\MySQLi\Connection.php:184
Stack trace:
#0 [internal function]: CodeIgniter\Debug\Exceptions->errorHandler(2, 'mysqli::real_co...', 'C:\\xampp\\htdocs...', 184)
#1 C:\xampp\htdocs\erp.test\system\Database\MySQLi\Connection.php(184): mysqli->real_connect('db-cloud.exampl...', 'cloud_user', Object(SensitiveParameterValue), 'erp_cloud', 3306, '', 0)
#2 C:\xampp\htdocs\erp.test\system\Database\BaseConnection.php(392): CodeIgniter\Database\MySQLi\Connection->connect(false)
#3 C:\xampp\htdocs\erp.test\app\Config\Events.php(67): CodeIgniter\Database\BaseConnection->initialize()
#4 C:\xampp\htdocs\erp.test\system\Events\Events.php(154): CodeIgniter\Events\Events::Config\{closure}()
#5 C:\xampp\htdocs\erp.test\system\CodeIgniter.php(442): CodeIgniter\Events\Events::trigger('pre_system')
#6 C:\xampp\htdocs\erp.test\system\CodeIgniter.php(361): CodeIgniter\CodeIgniter->handleRequest(NULL, Object(Config\Cache), false)
#7 C:\xampp\htdocs\erp.test\public\index.php(79): CodeIgniter\CodeIgniter->run()
#8 {main}

Next mysqli_sql_exception: php_network_getaddresses: getaddrinfo for db-cloud.example.com failed: Este host não é conhecido.  in C:\xampp\htdocs\erp.test\system\Database\MySQLi\Connection.php:184
Stack trace:
#0 C:\xampp\htdocs\erp.test\system\Database\MySQLi\Connection.php(184): mysqli->real_connect('db-cloud.exampl...', 'cloud_user', Object(SensitiveParameterValue), 'erp_cloud', 3306, '', 0)
#1 C:\xampp\htdocs\erp.test\system\Database\BaseConnection.php(392): CodeIgniter\Database\MySQLi\Connection->connect(false)
#2 C:\xampp\htdocs\erp.test\app\Config\Events.php(67): CodeIgniter\Database\BaseConnection->initialize()
#3 C:\xampp\htdocs\erp.test\system\Events\Events.php(154): CodeIgniter\Events\Events::Config\{closure}()
#4 C:\xampp\htdocs\erp.test\system\CodeIgniter.php(442): CodeIgniter\Events\Events::trigger('pre_system')
#5 C:\xampp\htdocs\erp.test\system\CodeIgniter.php(361): CodeIgniter\CodeIgniter->handleRequest(NULL, Object(Config\Cache), false)
#6 C:\xampp\htdocs\erp.test\public\index.php(79): CodeIgniter\CodeIgniter->run()
#7 {main}

Next CodeIgniter\Database\Exceptions\DatabaseException: php_network_getaddresses: getaddrinfo for db-cloud.example.com failed: Este host não é conhecido.  in C:\xampp\htdocs\erp.test\system\Database\MySQLi\Connection.php:229
Stack trace:
#0 C:\xampp\htdocs\erp.test\system\Database\BaseConnection.php(392): CodeIgniter\Database\MySQLi\Connection->connect(false)
#1 C:\xampp\htdocs\erp.test\app\Config\Events.php(67): CodeIgniter\Database\BaseConnection->initialize()
#2 C:\xampp\htdocs\erp.test\system\Events\Events.php(154): CodeIgniter\Events\Events::Config\{closure}()
#3 C:\xampp\htdocs\erp.test\system\CodeIgniter.php(442): CodeIgniter\Events\Events::trigger('pre_system')
#4 C:\xampp\htdocs\erp.test\system\CodeIgniter.php(361): CodeIgniter\CodeIgniter->handleRequest(NULL, Object(Config\Cache), false)
#5 C:\xampp\htdocs\erp.test\public\index.php(79): CodeIgniter\CodeIgniter->run()
#6 {main}
ERROR - 2025-09-09 02:48:34 --> Auto-migration failed: Unable to connect to the database.
Main connection [MySQLi]: php_network_getaddresses: getaddrinfo for db-cloud.example.com failed: Este host não é conhecido. 
INFO - 2025-09-09 02:48:34 --> Session: Class initialized using 'CodeIgniter\Session\Handlers\FileHandler' driver.
CRITICAL - 2025-09-09 02:48:34 --> TypeError: CodeIgniter\HTTP\RedirectResponse::to(): Argument #1 ($uri) must be of type string, null given, called in C:\xampp\htdocs\erp.test\app\Controllers\Inicio.php on line 73
in SYSTEMPATH\HTTP\RedirectResponse.php on line 34.
 1 APPPATH\Controllers\Inicio.php(73): CodeIgniter\HTTP\RedirectResponse->to(null)
 2 SYSTEMPATH\CodeIgniter.php(941): App\Controllers\Inicio->contador()
 3 SYSTEMPATH\CodeIgniter.php(502): CodeIgniter\CodeIgniter->runController(Object(App\Controllers\Inicio))
 4 SYSTEMPATH\CodeIgniter.php(361): CodeIgniter\CodeIgniter->handleRequest(null, Object(Config\Cache), false)
 5 FCPATH\index.php(79): CodeIgniter\CodeIgniter->run()
INFO - 2025-09-09 02:49:31 --> Session: Class initialized using 'CodeIgniter\Session\Handlers\FileHandler' driver.
CRITICAL - 2025-09-09 02:49:31 --> TypeError: CodeIgniter\HTTP\RedirectResponse::to(): Argument #1 ($uri) must be of type string, null given, called in C:\xampp\htdocs\erp.test\app\Controllers\Inicio.php on line 73
in SYSTEMPATH\HTTP\RedirectResponse.php on line 34.
 1 APPPATH\Controllers\Inicio.php(73): CodeIgniter\HTTP\RedirectResponse->to(null)
 2 SYSTEMPATH\CodeIgniter.php(941): App\Controllers\Inicio->contador()
 3 SYSTEMPATH\CodeIgniter.php(502): CodeIgniter\CodeIgniter->runController(Object(App\Controllers\Inicio))
 4 SYSTEMPATH\CodeIgniter.php(361): CodeIgniter\CodeIgniter->handleRequest(null, Object(Config\Cache), false)
 5 FCPATH\index.php(79): CodeIgniter\CodeIgniter->run()
INFO - 2025-09-09 02:49:38 --> Session: Class initialized using 'CodeIgniter\Session\Handlers\FileHandler' driver.
CRITICAL - 2025-09-09 02:49:38 --> TypeError: CodeIgniter\HTTP\RedirectResponse::to(): Argument #1 ($uri) must be of type string, null given, called in C:\xampp\htdocs\erp.test\app\Controllers\Inicio.php on line 73
in SYSTEMPATH\HTTP\RedirectResponse.php on line 34.
 1 APPPATH\Controllers\Inicio.php(73): CodeIgniter\HTTP\RedirectResponse->to(null)
 2 SYSTEMPATH\CodeIgniter.php(941): App\Controllers\Inicio->contador()
 3 SYSTEMPATH\CodeIgniter.php(502): CodeIgniter\CodeIgniter->runController(Object(App\Controllers\Inicio))
 4 SYSTEMPATH\CodeIgniter.php(361): CodeIgniter\CodeIgniter->handleRequest(null, Object(Config\Cache), false)
 5 FCPATH\index.php(79): CodeIgniter\CodeIgniter->run()
INFO - 2025-09-09 02:49:38 --> Session: Class initialized using 'CodeIgniter\Session\Handlers\FileHandler' driver.
CRITICAL - 2025-09-09 02:49:38 --> TypeError: CodeIgniter\HTTP\RedirectResponse::to(): Argument #1 ($uri) must be of type string, null given, called in C:\xampp\htdocs\erp.test\app\Controllers\Inicio.php on line 73
in SYSTEMPATH\HTTP\RedirectResponse.php on line 34.
 1 APPPATH\Controllers\Inicio.php(73): CodeIgniter\HTTP\RedirectResponse->to(null)
 2 SYSTEMPATH\CodeIgniter.php(941): App\Controllers\Inicio->contador()
 3 SYSTEMPATH\CodeIgniter.php(502): CodeIgniter\CodeIgniter->runController(Object(App\Controllers\Inicio))
 4 SYSTEMPATH\CodeIgniter.php(361): CodeIgniter\CodeIgniter->handleRequest(null, Object(Config\Cache), false)
 5 FCPATH\index.php(79): CodeIgniter\CodeIgniter->run()
INFO - 2025-09-09 02:49:39 --> Session: Class initialized using 'CodeIgniter\Session\Handlers\FileHandler' driver.
CRITICAL - 2025-09-09 02:49:39 --> TypeError: CodeIgniter\HTTP\RedirectResponse::to(): Argument #1 ($uri) must be of type string, null given, called in C:\xampp\htdocs\erp.test\app\Controllers\Inicio.php on line 73
in SYSTEMPATH\HTTP\RedirectResponse.php on line 34.
 1 APPPATH\Controllers\Inicio.php(73): CodeIgniter\HTTP\RedirectResponse->to(null)
 2 SYSTEMPATH\CodeIgniter.php(941): App\Controllers\Inicio->contador()
 3 SYSTEMPATH\CodeIgniter.php(502): CodeIgniter\CodeIgniter->runController(Object(App\Controllers\Inicio))
 4 SYSTEMPATH\CodeIgniter.php(361): CodeIgniter\CodeIgniter->handleRequest(null, Object(Config\Cache), false)
 5 FCPATH\index.php(79): CodeIgniter\CodeIgniter->run()
INFO - 2025-09-09 02:50:39 --> Session: Class initialized using 'CodeIgniter\Session\Handlers\FileHandler' driver.
CRITICAL - 2025-09-09 02:50:39 --> TypeError: CodeIgniter\HTTP\RedirectResponse::to(): Argument #1 ($uri) must be of type string, null given, called in C:\xampp\htdocs\erp.test\app\Controllers\Inicio.php on line 73
in SYSTEMPATH\HTTP\RedirectResponse.php on line 34.
 1 APPPATH\Controllers\Inicio.php(73): CodeIgniter\HTTP\RedirectResponse->to(null)
 2 SYSTEMPATH\CodeIgniter.php(941): App\Controllers\Inicio->contador()
 3 SYSTEMPATH\CodeIgniter.php(502): CodeIgniter\CodeIgniter->runController(Object(App\Controllers\Inicio))
 4 SYSTEMPATH\CodeIgniter.php(361): CodeIgniter\CodeIgniter->handleRequest(null, Object(Config\Cache), false)
 5 FCPATH\index.php(79): CodeIgniter\CodeIgniter->run()
ERROR - 2025-09-09 02:59:33 --> Error connecting to the database: mysqli_sql_exception: Access denied for user ''@'localhost' (using password: NO) in C:\xampp\htdocs\erp.test\system\Database\MySQLi\Connection.php:184
Stack trace:
#0 C:\xampp\htdocs\erp.test\system\Database\MySQLi\Connection.php(184): mysqli->real_connect('localhost', '', Object(SensitiveParameterValue), '', 3306, '', 0)
#1 C:\xampp\htdocs\erp.test\system\Database\BaseConnection.php(392): CodeIgniter\Database\MySQLi\Connection->connect(false)
#2 C:\xampp\htdocs\erp.test\app\Config\Events.php(67): CodeIgniter\Database\BaseConnection->initialize()
#3 C:\xampp\htdocs\erp.test\system\Events\Events.php(154): CodeIgniter\Events\Events::Config\{closure}()
#4 C:\xampp\htdocs\erp.test\system\CodeIgniter.php(442): CodeIgniter\Events\Events::trigger('pre_system')
#5 C:\xampp\htdocs\erp.test\system\CodeIgniter.php(361): CodeIgniter\CodeIgniter->handleRequest(NULL, Object(Config\Cache), false)
#6 C:\xampp\htdocs\erp.test\public\index.php(79): CodeIgniter\CodeIgniter->run()
#7 {main}

Next CodeIgniter\Database\Exceptions\DatabaseException: Access denied for user ''@'localhost' (using password: NO) in C:\xampp\htdocs\erp.test\system\Database\MySQLi\Connection.php:229
Stack trace:
#0 C:\xampp\htdocs\erp.test\system\Database\BaseConnection.php(392): CodeIgniter\Database\MySQLi\Connection->connect(false)
#1 C:\xampp\htdocs\erp.test\app\Config\Events.php(67): CodeIgniter\Database\BaseConnection->initialize()
#2 C:\xampp\htdocs\erp.test\system\Events\Events.php(154): CodeIgniter\Events\Events::Config\{closure}()
#3 C:\xampp\htdocs\erp.test\system\CodeIgniter.php(442): CodeIgniter\Events\Events::trigger('pre_system')
#4 C:\xampp\htdocs\erp.test\system\CodeIgniter.php(361): CodeIgniter\CodeIgniter->handleRequest(NULL, Object(Config\Cache), false)
#5 C:\xampp\htdocs\erp.test\public\index.php(79): CodeIgniter\CodeIgniter->run()
#6 {main}
ERROR - 2025-09-09 02:59:33 --> Auto-migration failed: Unable to connect to the database.
Main connection [MySQLi]: Access denied for user ''@'localhost' (using password: NO)
INFO - 2025-09-09 02:59:33 --> Session: Class initialized using 'CodeIgniter\Session\Handlers\FileHandler' driver.
ERROR - 2025-09-09 02:59:33 --> Error connecting to the database: mysqli_sql_exception: Access denied for user ''@'localhost' (using password: NO) in C:\xampp\htdocs\erp.test\system\Database\MySQLi\Connection.php:184
Stack trace:
#0 C:\xampp\htdocs\erp.test\system\Database\MySQLi\Connection.php(184): mysqli->real_connect('localhost', '', Object(SensitiveParameterValue), '', 3306, '', 0)
#1 C:\xampp\htdocs\erp.test\system\Database\BaseConnection.php(392): CodeIgniter\Database\MySQLi\Connection->connect(false)
#2 C:\xampp\htdocs\erp.test\app\Config\Events.php(67): CodeIgniter\Database\BaseConnection->initialize()
#3 C:\xampp\htdocs\erp.test\system\Events\Events.php(154): CodeIgniter\Events\Events::Config\{closure}()
#4 C:\xampp\htdocs\erp.test\system\CodeIgniter.php(442): CodeIgniter\Events\Events::trigger('pre_system')
#5 C:\xampp\htdocs\erp.test\system\CodeIgniter.php(361): CodeIgniter\CodeIgniter->handleRequest(NULL, Object(Config\Cache), false)
#6 C:\xampp\htdocs\erp.test\public\index.php(79): CodeIgniter\CodeIgniter->run()
#7 {main}

Next CodeIgniter\Database\Exceptions\DatabaseException: Access denied for user ''@'localhost' (using password: NO) in C:\xampp\htdocs\erp.test\system\Database\MySQLi\Connection.php:229
Stack trace:
#0 C:\xampp\htdocs\erp.test\system\Database\BaseConnection.php(392): CodeIgniter\Database\MySQLi\Connection->connect(false)
#1 C:\xampp\htdocs\erp.test\app\Config\Events.php(67): CodeIgniter\Database\BaseConnection->initialize()
#2 C:\xampp\htdocs\erp.test\system\Events\Events.php(154): CodeIgniter\Events\Events::Config\{closure}()
#3 C:\xampp\htdocs\erp.test\system\CodeIgniter.php(442): CodeIgniter\Events\Events::trigger('pre_system')
#4 C:\xampp\htdocs\erp.test\system\CodeIgniter.php(361): CodeIgniter\CodeIgniter->handleRequest(NULL, Object(Config\Cache), false)
#5 C:\xampp\htdocs\erp.test\public\index.php(79): CodeIgniter\CodeIgniter->run()
#6 {main}
ERROR - 2025-09-09 02:59:33 --> Auto-migration failed: Unable to connect to the database.
Main connection [MySQLi]: Access denied for user ''@'localhost' (using password: NO)
INFO - 2025-09-09 02:59:33 --> Session: Class initialized using 'CodeIgniter\Session\Handlers\FileHandler' driver.
ERROR - 2025-09-09 02:59:33 --> Error connecting to the database: mysqli_sql_exception: Access denied for user ''@'localhost' (using password: NO) in C:\xampp\htdocs\erp.test\system\Database\MySQLi\Connection.php:184
Stack trace:
#0 C:\xampp\htdocs\erp.test\system\Database\MySQLi\Connection.php(184): mysqli->real_connect('localhost', '', Object(SensitiveParameterValue), '', 3306, '', 0)
#1 C:\xampp\htdocs\erp.test\system\Database\BaseConnection.php(392): CodeIgniter\Database\MySQLi\Connection->connect(false)
#2 C:\xampp\htdocs\erp.test\app\Config\Events.php(67): CodeIgniter\Database\BaseConnection->initialize()
#3 C:\xampp\htdocs\erp.test\system\Events\Events.php(154): CodeIgniter\Events\Events::Config\{closure}()
#4 C:\xampp\htdocs\erp.test\system\CodeIgniter.php(442): CodeIgniter\Events\Events::trigger('pre_system')
#5 C:\xampp\htdocs\erp.test\system\CodeIgniter.php(361): CodeIgniter\CodeIgniter->handleRequest(NULL, Object(Config\Cache), false)
#6 C:\xampp\htdocs\erp.test\public\index.php(79): CodeIgniter\CodeIgniter->run()
#7 {main}

Next CodeIgniter\Database\Exceptions\DatabaseException: Access denied for user ''@'localhost' (using password: NO) in C:\xampp\htdocs\erp.test\system\Database\MySQLi\Connection.php:229
Stack trace:
#0 C:\xampp\htdocs\erp.test\system\Database\BaseConnection.php(392): CodeIgniter\Database\MySQLi\Connection->connect(false)
#1 C:\xampp\htdocs\erp.test\app\Config\Events.php(67): CodeIgniter\Database\BaseConnection->initialize()
#2 C:\xampp\htdocs\erp.test\system\Events\Events.php(154): CodeIgniter\Events\Events::Config\{closure}()
#3 C:\xampp\htdocs\erp.test\system\CodeIgniter.php(442): CodeIgniter\Events\Events::trigger('pre_system')
#4 C:\xampp\htdocs\erp.test\system\CodeIgniter.php(361): CodeIgniter\CodeIgniter->handleRequest(NULL, Object(Config\Cache), false)
#5 C:\xampp\htdocs\erp.test\public\index.php(79): CodeIgniter\CodeIgniter->run()
#6 {main}
ERROR - 2025-09-09 02:59:33 --> Auto-migration failed: Unable to connect to the database.
Main connection [MySQLi]: Access denied for user ''@'localhost' (using password: NO)
INFO - 2025-09-09 02:59:33 --> Session: Class initialized using 'CodeIgniter\Session\Handlers\FileHandler' driver.
ERROR - 2025-09-09 02:59:33 --> Error connecting to the database: mysqli_sql_exception: Access denied for user ''@'localhost' (using password: NO) in C:\xampp\htdocs\erp.test\system\Database\MySQLi\Connection.php:184
Stack trace:
#0 C:\xampp\htdocs\erp.test\system\Database\MySQLi\Connection.php(184): mysqli->real_connect('localhost', '', Object(SensitiveParameterValue), '', 3306, '', 0)
#1 C:\xampp\htdocs\erp.test\system\Database\BaseConnection.php(392): CodeIgniter\Database\MySQLi\Connection->connect(false)
#2 C:\xampp\htdocs\erp.test\system\Database\BaseConnection.php(575): CodeIgniter\Database\BaseConnection->initialize()
#3 C:\xampp\htdocs\erp.test\system\Database\BaseBuilder.php(1616): CodeIgniter\Database\BaseConnection->query('SELECT *\nFROM `...', Array, false)
#4 C:\xampp\htdocs\erp.test\system\Model.php(270): CodeIgniter\Database\BaseBuilder->get()
#5 C:\xampp\htdocs\erp.test\system\BaseModel.php(676): CodeIgniter\Model->doFirst()
#6 C:\xampp\htdocs\erp.test\app\Controllers\Login.php(39): CodeIgniter\BaseModel->first()
#7 C:\xampp\htdocs\erp.test\system\CodeIgniter.php(941): App\Controllers\Login->index()
#8 C:\xampp\htdocs\erp.test\system\CodeIgniter.php(502): CodeIgniter\CodeIgniter->runController(Object(App\Controllers\Login))
#9 C:\xampp\htdocs\erp.test\system\CodeIgniter.php(361): CodeIgniter\CodeIgniter->handleRequest(NULL, Object(Config\Cache), false)
#10 C:\xampp\htdocs\erp.test\public\index.php(79): CodeIgniter\CodeIgniter->run()
#11 {main}

Next CodeIgniter\Database\Exceptions\DatabaseException: Access denied for user ''@'localhost' (using password: NO) in C:\xampp\htdocs\erp.test\system\Database\MySQLi\Connection.php:229
Stack trace:
#0 C:\xampp\htdocs\erp.test\system\Database\BaseConnection.php(392): CodeIgniter\Database\MySQLi\Connection->connect(false)
#1 C:\xampp\htdocs\erp.test\system\Database\BaseConnection.php(575): CodeIgniter\Database\BaseConnection->initialize()
#2 C:\xampp\htdocs\erp.test\system\Database\BaseBuilder.php(1616): CodeIgniter\Database\BaseConnection->query('SELECT *\nFROM `...', Array, false)
#3 C:\xampp\htdocs\erp.test\system\Model.php(270): CodeIgniter\Database\BaseBuilder->get()
#4 C:\xampp\htdocs\erp.test\system\BaseModel.php(676): CodeIgniter\Model->doFirst()
#5 C:\xampp\htdocs\erp.test\app\Controllers\Login.php(39): CodeIgniter\BaseModel->first()
#6 C:\xampp\htdocs\erp.test\system\CodeIgniter.php(941): App\Controllers\Login->index()
#7 C:\xampp\htdocs\erp.test\system\CodeIgniter.php(502): CodeIgniter\CodeIgniter->runController(Object(App\Controllers\Login))
#8 C:\xampp\htdocs\erp.test\system\CodeIgniter.php(361): CodeIgniter\CodeIgniter->handleRequest(NULL, Object(Config\Cache), false)
#9 C:\xampp\htdocs\erp.test\public\index.php(79): CodeIgniter\CodeIgniter->run()
#10 {main}
CRITICAL - 2025-09-09 02:59:33 --> CodeIgniter\Database\Exceptions\DatabaseException: Unable to connect to the database.
Main connection [MySQLi]: Access denied for user ''@'localhost' (using password: NO)
in SYSTEMPATH\Database\BaseConnection.php on line 428.
 1 SYSTEMPATH\Database\BaseConnection.php(575): CodeIgniter\Database\BaseConnection->initialize()
 2 SYSTEMPATH\Database\BaseBuilder.php(1616): CodeIgniter\Database\BaseConnection->query('SELECT *
FROM `configuracoes`
WHERE `id_config` = :id_config:
 LIMIT 1', [...], false)
 3 SYSTEMPATH\Model.php(270): CodeIgniter\Database\BaseBuilder->get()
 4 SYSTEMPATH\BaseModel.php(676): CodeIgniter\Model->doFirst()
 5 APPPATH\Controllers\Login.php(39): CodeIgniter\BaseModel->first()
 6 SYSTEMPATH\CodeIgniter.php(941): App\Controllers\Login->index()
 7 SYSTEMPATH\CodeIgniter.php(502): CodeIgniter\CodeIgniter->runController(Object(App\Controllers\Login))
 8 SYSTEMPATH\CodeIgniter.php(361): CodeIgniter\CodeIgniter->handleRequest(null, Object(Config\Cache), false)
 9 FCPATH\index.php(79): CodeIgniter\CodeIgniter->run()
ERROR - 2025-09-09 03:01:05 --> Error connecting to the database: ErrorException: mysqli::real_connect(): php_network_getaddresses: getaddrinfo for SEU_HOST_NUVEM failed: Este host nï¿½o ï¿½ conhecido.  in C:\xampp\htdocs\erp.test\system\Database\MySQLi\Connection.php:184
Stack trace:
#0 [internal function]: CodeIgniter\Debug\Exceptions->errorHandler(2, 'mysqli::real_co...', 'C:\\xampp\\htdocs...', 184)
#1 C:\xampp\htdocs\erp.test\system\Database\MySQLi\Connection.php(184): mysqli->real_connect('SEU_HOST_NUVEM', 'SEU_USER', Object(SensitiveParameterValue), 'SEU_DB', 3306, '', 0)
#2 C:\xampp\htdocs\erp.test\system\Database\BaseConnection.php(392): CodeIgniter\Database\MySQLi\Connection->connect(false)
#3 C:\xampp\htdocs\erp.test\system\Database\BaseConnection.php(364): CodeIgniter\Database\BaseConnection->initialize()
#4 C:\xampp\htdocs\erp.test\system\Database\Database.php(137): CodeIgniter\Database\BaseConnection->__construct(Array)
#5 C:\xampp\htdocs\erp.test\system\Database\Database.php(55): CodeIgniter\Database\Database->initDriver('MySQLi', 'Connection', Array)
#6 C:\xampp\htdocs\erp.test\system\Database\Config.php(82): CodeIgniter\Database\Database->load(Array, 'cloud')
#7 C:\xampp\htdocs\erp.test\app\Config\Events.php(66): CodeIgniter\Database\Config::connect()
#8 C:\xampp\htdocs\erp.test\system\Events\Events.php(154): CodeIgniter\Events\Events::Config\{closure}()
#9 C:\xampp\htdocs\erp.test\system\CodeIgniter.php(442): CodeIgniter\Events\Events::trigger('pre_system')
#10 C:\xampp\htdocs\erp.test\system\CodeIgniter.php(361): CodeIgniter\CodeIgniter->handleRequest(NULL, Object(Config\Cache), false)
#11 C:\xampp\htdocs\erp.test\public\index.php(79): CodeIgniter\CodeIgniter->run()
#12 {main}

Next mysqli_sql_exception: php_network_getaddresses: getaddrinfo for SEU_HOST_NUVEM failed: Este host não é conhecido.  in C:\xampp\htdocs\erp.test\system\Database\MySQLi\Connection.php:184
Stack trace:
#0 C:\xampp\htdocs\erp.test\system\Database\MySQLi\Connection.php(184): mysqli->real_connect('SEU_HOST_NUVEM', 'SEU_USER', Object(SensitiveParameterValue), 'SEU_DB', 3306, '', 0)
#1 C:\xampp\htdocs\erp.test\system\Database\BaseConnection.php(392): CodeIgniter\Database\MySQLi\Connection->connect(false)
#2 C:\xampp\htdocs\erp.test\system\Database\BaseConnection.php(364): CodeIgniter\Database\BaseConnection->initialize()
#3 C:\xampp\htdocs\erp.test\system\Database\Database.php(137): CodeIgniter\Database\BaseConnection->__construct(Array)
#4 C:\xampp\htdocs\erp.test\system\Database\Database.php(55): CodeIgniter\Database\Database->initDriver('MySQLi', 'Connection', Array)
#5 C:\xampp\htdocs\erp.test\system\Database\Config.php(82): CodeIgniter\Database\Database->load(Array, 'cloud')
#6 C:\xampp\htdocs\erp.test\app\Config\Events.php(66): CodeIgniter\Database\Config::connect()
#7 C:\xampp\htdocs\erp.test\system\Events\Events.php(154): CodeIgniter\Events\Events::Config\{closure}()
#8 C:\xampp\htdocs\erp.test\system\CodeIgniter.php(442): CodeIgniter\Events\Events::trigger('pre_system')
#9 C:\xampp\htdocs\erp.test\system\CodeIgniter.php(361): CodeIgniter\CodeIgniter->handleRequest(NULL, Object(Config\Cache), false)
#10 C:\xampp\htdocs\erp.test\public\index.php(79): CodeIgniter\CodeIgniter->run()
#11 {main}

Next CodeIgniter\Database\Exceptions\DatabaseException: php_network_getaddresses: getaddrinfo for SEU_HOST_NUVEM failed: Este host não é conhecido.  in C:\xampp\htdocs\erp.test\system\Database\MySQLi\Connection.php:229
Stack trace:
#0 C:\xampp\htdocs\erp.test\system\Database\BaseConnection.php(392): CodeIgniter\Database\MySQLi\Connection->connect(false)
#1 C:\xampp\htdocs\erp.test\system\Database\BaseConnection.php(364): CodeIgniter\Database\BaseConnection->initialize()
#2 C:\xampp\htdocs\erp.test\system\Database\Database.php(137): CodeIgniter\Database\BaseConnection->__construct(Array)
#3 C:\xampp\htdocs\erp.test\system\Database\Database.php(55): CodeIgniter\Database\Database->initDriver('MySQLi', 'Connection', Array)
#4 C:\xampp\htdocs\erp.test\system\Database\Config.php(82): CodeIgniter\Database\Database->load(Array, 'cloud')
#5 C:\xampp\htdocs\erp.test\app\Config\Events.php(66): CodeIgniter\Database\Config::connect()
#6 C:\xampp\htdocs\erp.test\system\Events\Events.php(154): CodeIgniter\Events\Events::Config\{closure}()
#7 C:\xampp\htdocs\erp.test\system\CodeIgniter.php(442): CodeIgniter\Events\Events::trigger('pre_system')
#8 C:\xampp\htdocs\erp.test\system\CodeIgniter.php(361): CodeIgniter\CodeIgniter->handleRequest(NULL, Object(Config\Cache), false)
#9 C:\xampp\htdocs\erp.test\public\index.php(79): CodeIgniter\CodeIgniter->run()
#10 {main}
ERROR - 2025-09-09 03:01:05 --> Error connecting to the database: mysqli_sql_exception: Host 'localhost' is not allowed to connect to this MariaDB server in C:\xampp\htdocs\erp.test\system\Database\MySQLi\Connection.php:184
Stack trace:
#0 C:\xampp\htdocs\erp.test\system\Database\MySQLi\Connection.php(184): mysqli->real_connect('127.0.0.1', 'root', Object(SensitiveParameterValue), 'erp_local', 3306, '', 0)
#1 C:\xampp\htdocs\erp.test\system\Database\BaseConnection.php(413): CodeIgniter\Database\MySQLi\Connection->connect(false)
#2 C:\xampp\htdocs\erp.test\system\Database\BaseConnection.php(364): CodeIgniter\Database\BaseConnection->initialize()
#3 C:\xampp\htdocs\erp.test\system\Database\Database.php(137): CodeIgniter\Database\BaseConnection->__construct(Array)
#4 C:\xampp\htdocs\erp.test\system\Database\Database.php(55): CodeIgniter\Database\Database->initDriver('MySQLi', 'Connection', Array)
#5 C:\xampp\htdocs\erp.test\system\Database\Config.php(82): CodeIgniter\Database\Database->load(Array, 'cloud')
#6 C:\xampp\htdocs\erp.test\app\Config\Events.php(66): CodeIgniter\Database\Config::connect()
#7 C:\xampp\htdocs\erp.test\system\Events\Events.php(154): CodeIgniter\Events\Events::Config\{closure}()
#8 C:\xampp\htdocs\erp.test\system\CodeIgniter.php(442): CodeIgniter\Events\Events::trigger('pre_system')
#9 C:\xampp\htdocs\erp.test\system\CodeIgniter.php(361): CodeIgniter\CodeIgniter->handleRequest(NULL, Object(Config\Cache), false)
#10 C:\xampp\htdocs\erp.test\public\index.php(79): CodeIgniter\CodeIgniter->run()
#11 {main}

Next CodeIgniter\Database\Exceptions\DatabaseException: Host 'localhost' is not allowed to connect to this MariaDB server in C:\xampp\htdocs\erp.test\system\Database\MySQLi\Connection.php:229
Stack trace:
#0 C:\xampp\htdocs\erp.test\system\Database\BaseConnection.php(413): CodeIgniter\Database\MySQLi\Connection->connect(false)
#1 C:\xampp\htdocs\erp.test\system\Database\BaseConnection.php(364): CodeIgniter\Database\BaseConnection->initialize()
#2 C:\xampp\htdocs\erp.test\system\Database\Database.php(137): CodeIgniter\Database\BaseConnection->__construct(Array)
#3 C:\xampp\htdocs\erp.test\system\Database\Database.php(55): CodeIgniter\Database\Database->initDriver('MySQLi', 'Connection', Array)
#4 C:\xampp\htdocs\erp.test\system\Database\Config.php(82): CodeIgniter\Database\Database->load(Array, 'cloud')
#5 C:\xampp\htdocs\erp.test\app\Config\Events.php(66): CodeIgniter\Database\Config::connect()
#6 C:\xampp\htdocs\erp.test\system\Events\Events.php(154): CodeIgniter\Events\Events::Config\{closure}()
#7 C:\xampp\htdocs\erp.test\system\CodeIgniter.php(442): CodeIgniter\Events\Events::trigger('pre_system')
#8 C:\xampp\htdocs\erp.test\system\CodeIgniter.php(361): CodeIgniter\CodeIgniter->handleRequest(NULL, Object(Config\Cache), false)
#9 C:\xampp\htdocs\erp.test\public\index.php(79): CodeIgniter\CodeIgniter->run()
#10 {main}
ERROR - 2025-09-09 03:01:05 --> Auto-migration failed: Unable to connect to the database.
Main connection [MySQLi]: php_network_getaddresses: getaddrinfo for SEU_HOST_NUVEM failed: Este host não é conhecido. 
Failover #1 [MySQLi]: Host 'localhost' is not allowed to connect to this MariaDB server
INFO - 2025-09-09 03:01:05 --> Session: Class initialized using 'CodeIgniter\Session\Handlers\FileHandler' driver.
ERROR - 2025-09-09 03:01:07 --> Error connecting to the database: ErrorException: mysqli::real_connect(): php_network_getaddresses: getaddrinfo for SEU_HOST_NUVEM failed: Este host nï¿½o ï¿½ conhecido.  in C:\xampp\htdocs\erp.test\system\Database\MySQLi\Connection.php:184
Stack trace:
#0 [internal function]: CodeIgniter\Debug\Exceptions->errorHandler(2, 'mysqli::real_co...', 'C:\\xampp\\htdocs...', 184)
#1 C:\xampp\htdocs\erp.test\system\Database\MySQLi\Connection.php(184): mysqli->real_connect('SEU_HOST_NUVEM', 'SEU_USER', Object(SensitiveParameterValue), 'SEU_DB', 3306, '', 0)
#2 C:\xampp\htdocs\erp.test\system\Database\BaseConnection.php(392): CodeIgniter\Database\MySQLi\Connection->connect(false)
#3 C:\xampp\htdocs\erp.test\system\Database\BaseConnection.php(364): CodeIgniter\Database\BaseConnection->initialize()
#4 C:\xampp\htdocs\erp.test\system\Database\Database.php(137): CodeIgniter\Database\BaseConnection->__construct(Array)
#5 C:\xampp\htdocs\erp.test\system\Database\Database.php(55): CodeIgniter\Database\Database->initDriver('MySQLi', 'Connection', Array)
#6 C:\xampp\htdocs\erp.test\system\Database\Config.php(82): CodeIgniter\Database\Database->load(Array, 'cloud')
#7 C:\xampp\htdocs\erp.test\system\Model.php(153): CodeIgniter\Database\Config::connect('cloud')
#8 C:\xampp\htdocs\erp.test\app\Controllers\Login.php(29): CodeIgniter\Model->__construct()
#9 C:\xampp\htdocs\erp.test\system\CodeIgniter.php(913): App\Controllers\Login->__construct()
#10 C:\xampp\htdocs\erp.test\system\CodeIgniter.php(493): CodeIgniter\CodeIgniter->createController()
#11 C:\xampp\htdocs\erp.test\system\CodeIgniter.php(361): CodeIgniter\CodeIgniter->handleRequest(NULL, Object(Config\Cache), false)
#12 C:\xampp\htdocs\erp.test\public\index.php(79): CodeIgniter\CodeIgniter->run()
#13 {main}

Next mysqli_sql_exception: php_network_getaddresses: getaddrinfo for SEU_HOST_NUVEM failed: Este host não é conhecido.  in C:\xampp\htdocs\erp.test\system\Database\MySQLi\Connection.php:184
Stack trace:
#0 C:\xampp\htdocs\erp.test\system\Database\MySQLi\Connection.php(184): mysqli->real_connect('SEU_HOST_NUVEM', 'SEU_USER', Object(SensitiveParameterValue), 'SEU_DB', 3306, '', 0)
#1 C:\xampp\htdocs\erp.test\system\Database\BaseConnection.php(392): CodeIgniter\Database\MySQLi\Connection->connect(false)
#2 C:\xampp\htdocs\erp.test\system\Database\BaseConnection.php(364): CodeIgniter\Database\BaseConnection->initialize()
#3 C:\xampp\htdocs\erp.test\system\Database\Database.php(137): CodeIgniter\Database\BaseConnection->__construct(Array)
#4 C:\xampp\htdocs\erp.test\system\Database\Database.php(55): CodeIgniter\Database\Database->initDriver('MySQLi', 'Connection', Array)
#5 C:\xampp\htdocs\erp.test\system\Database\Config.php(82): CodeIgniter\Database\Database->load(Array, 'cloud')
#6 C:\xampp\htdocs\erp.test\system\Model.php(153): CodeIgniter\Database\Config::connect('cloud')
#7 C:\xampp\htdocs\erp.test\app\Controllers\Login.php(29): CodeIgniter\Model->__construct()
#8 C:\xampp\htdocs\erp.test\system\CodeIgniter.php(913): App\Controllers\Login->__construct()
#9 C:\xampp\htdocs\erp.test\system\CodeIgniter.php(493): CodeIgniter\CodeIgniter->createController()
#10 C:\xampp\htdocs\erp.test\system\CodeIgniter.php(361): CodeIgniter\CodeIgniter->handleRequest(NULL, Object(Config\Cache), false)
#11 C:\xampp\htdocs\erp.test\public\index.php(79): CodeIgniter\CodeIgniter->run()
#12 {main}

Next CodeIgniter\Database\Exceptions\DatabaseException: php_network_getaddresses: getaddrinfo for SEU_HOST_NUVEM failed: Este host não é conhecido.  in C:\xampp\htdocs\erp.test\system\Database\MySQLi\Connection.php:229
Stack trace:
#0 C:\xampp\htdocs\erp.test\system\Database\BaseConnection.php(392): CodeIgniter\Database\MySQLi\Connection->connect(false)
#1 C:\xampp\htdocs\erp.test\system\Database\BaseConnection.php(364): CodeIgniter\Database\BaseConnection->initialize()
#2 C:\xampp\htdocs\erp.test\system\Database\Database.php(137): CodeIgniter\Database\BaseConnection->__construct(Array)
#3 C:\xampp\htdocs\erp.test\system\Database\Database.php(55): CodeIgniter\Database\Database->initDriver('MySQLi', 'Connection', Array)
#4 C:\xampp\htdocs\erp.test\system\Database\Config.php(82): CodeIgniter\Database\Database->load(Array, 'cloud')
#5 C:\xampp\htdocs\erp.test\system\Model.php(153): CodeIgniter\Database\Config::connect('cloud')
#6 C:\xampp\htdocs\erp.test\app\Controllers\Login.php(29): CodeIgniter\Model->__construct()
#7 C:\xampp\htdocs\erp.test\system\CodeIgniter.php(913): App\Controllers\Login->__construct()
#8 C:\xampp\htdocs\erp.test\system\CodeIgniter.php(493): CodeIgniter\CodeIgniter->createController()
#9 C:\xampp\htdocs\erp.test\system\CodeIgniter.php(361): CodeIgniter\CodeIgniter->handleRequest(NULL, Object(Config\Cache), false)
#10 C:\xampp\htdocs\erp.test\public\index.php(79): CodeIgniter\CodeIgniter->run()
#11 {main}
ERROR - 2025-09-09 03:01:07 --> Error connecting to the database: mysqli_sql_exception: Host 'localhost' is not allowed to connect to this MariaDB server in C:\xampp\htdocs\erp.test\system\Database\MySQLi\Connection.php:184
Stack trace:
#0 C:\xampp\htdocs\erp.test\system\Database\MySQLi\Connection.php(184): mysqli->real_connect('127.0.0.1', 'root', Object(SensitiveParameterValue), 'erp_local', 3306, '', 0)
#1 C:\xampp\htdocs\erp.test\system\Database\BaseConnection.php(413): CodeIgniter\Database\MySQLi\Connection->connect(false)
#2 C:\xampp\htdocs\erp.test\system\Database\BaseConnection.php(364): CodeIgniter\Database\BaseConnection->initialize()
#3 C:\xampp\htdocs\erp.test\system\Database\Database.php(137): CodeIgniter\Database\BaseConnection->__construct(Array)
#4 C:\xampp\htdocs\erp.test\system\Database\Database.php(55): CodeIgniter\Database\Database->initDriver('MySQLi', 'Connection', Array)
#5 C:\xampp\htdocs\erp.test\system\Database\Config.php(82): CodeIgniter\Database\Database->load(Array, 'cloud')
#6 C:\xampp\htdocs\erp.test\system\Model.php(153): CodeIgniter\Database\Config::connect('cloud')
#7 C:\xampp\htdocs\erp.test\app\Controllers\Login.php(29): CodeIgniter\Model->__construct()
#8 C:\xampp\htdocs\erp.test\system\CodeIgniter.php(913): App\Controllers\Login->__construct()
#9 C:\xampp\htdocs\erp.test\system\CodeIgniter.php(493): CodeIgniter\CodeIgniter->createController()
#10 C:\xampp\htdocs\erp.test\system\CodeIgniter.php(361): CodeIgniter\CodeIgniter->handleRequest(NULL, Object(Config\Cache), false)
#11 C:\xampp\htdocs\erp.test\public\index.php(79): CodeIgniter\CodeIgniter->run()
#12 {main}

Next CodeIgniter\Database\Exceptions\DatabaseException: Host 'localhost' is not allowed to connect to this MariaDB server in C:\xampp\htdocs\erp.test\system\Database\MySQLi\Connection.php:229
Stack trace:
#0 C:\xampp\htdocs\erp.test\system\Database\BaseConnection.php(413): CodeIgniter\Database\MySQLi\Connection->connect(false)
#1 C:\xampp\htdocs\erp.test\system\Database\BaseConnection.php(364): CodeIgniter\Database\BaseConnection->initialize()
#2 C:\xampp\htdocs\erp.test\system\Database\Database.php(137): CodeIgniter\Database\BaseConnection->__construct(Array)
#3 C:\xampp\htdocs\erp.test\system\Database\Database.php(55): CodeIgniter\Database\Database->initDriver('MySQLi', 'Connection', Array)
#4 C:\xampp\htdocs\erp.test\system\Database\Config.php(82): CodeIgniter\Database\Database->load(Array, 'cloud')
#5 C:\xampp\htdocs\erp.test\system\Model.php(153): CodeIgniter\Database\Config::connect('cloud')
#6 C:\xampp\htdocs\erp.test\app\Controllers\Login.php(29): CodeIgniter\Model->__construct()
#7 C:\xampp\htdocs\erp.test\system\CodeIgniter.php(913): App\Controllers\Login->__construct()
#8 C:\xampp\htdocs\erp.test\system\CodeIgniter.php(493): CodeIgniter\CodeIgniter->createController()
#9 C:\xampp\htdocs\erp.test\system\CodeIgniter.php(361): CodeIgniter\CodeIgniter->handleRequest(NULL, Object(Config\Cache), false)
#10 C:\xampp\htdocs\erp.test\public\index.php(79): CodeIgniter\CodeIgniter->run()
#11 {main}
CRITICAL - 2025-09-09 03:01:07 --> CodeIgniter\Database\Exceptions\DatabaseException: Unable to connect to the database.
Main connection [MySQLi]: php_network_getaddresses: getaddrinfo for SEU_HOST_NUVEM failed: Este host não é conhecido. 
Failover #1 [MySQLi]: Host 'localhost' is not allowed to connect to this MariaDB server
in SYSTEMPATH\Database\BaseConnection.php on line 428.
 1 SYSTEMPATH\Database\BaseConnection.php(364): CodeIgniter\Database\BaseConnection->initialize()
 2 SYSTEMPATH\Database\Database.php(137): CodeIgniter\Database\BaseConnection->__construct([...])
 3 SYSTEMPATH\Database\Database.php(55): CodeIgniter\Database\Database->initDriver('MySQLi', 'Connection', [...])
 4 SYSTEMPATH\Database\Config.php(82): CodeIgniter\Database\Database->load([...], 'cloud')
 5 SYSTEMPATH\Model.php(153): CodeIgniter\Database\Config::connect('cloud')
 6 APPPATH\Controllers\Login.php(29): CodeIgniter\Model->__construct()
 7 SYSTEMPATH\CodeIgniter.php(913): App\Controllers\Login->__construct()
 8 SYSTEMPATH\CodeIgniter.php(493): CodeIgniter\CodeIgniter->createController()
 9 SYSTEMPATH\CodeIgniter.php(361): CodeIgniter\CodeIgniter->handleRequest(null, Object(Config\Cache), false)
10 FCPATH\index.php(79): CodeIgniter\CodeIgniter->run()
ERROR - 2025-09-09 03:01:49 --> Error connecting to the database: mysqli_sql_exception: Host 'localhost' is not allowed to connect to this MariaDB server in C:\xampp\htdocs\erp.test\system\Database\MySQLi\Connection.php:184
Stack trace:
#0 C:\xampp\htdocs\erp.test\system\Database\MySQLi\Connection.php(184): mysqli->real_connect('localhost', '', Object(SensitiveParameterValue), '', 3306, '', 0)
#1 C:\xampp\htdocs\erp.test\system\Database\BaseConnection.php(392): CodeIgniter\Database\MySQLi\Connection->connect(false)
#2 C:\xampp\htdocs\erp.test\system\Database\BaseConnection.php(364): CodeIgniter\Database\BaseConnection->initialize()
#3 C:\xampp\htdocs\erp.test\system\Database\Database.php(137): CodeIgniter\Database\BaseConnection->__construct(Array)
#4 C:\xampp\htdocs\erp.test\system\Database\Database.php(55): CodeIgniter\Database\Database->initDriver('MySQLi', 'Connection', Array)
#5 C:\xampp\htdocs\erp.test\system\Database\Config.php(82): CodeIgniter\Database\Database->load(Array, 'cloud')
#6 C:\xampp\htdocs\erp.test\app\Config\Events.php(66): CodeIgniter\Database\Config::connect()
#7 C:\xampp\htdocs\erp.test\system\Events\Events.php(154): CodeIgniter\Events\Events::Config\{closure}()
#8 C:\xampp\htdocs\erp.test\system\CodeIgniter.php(442): CodeIgniter\Events\Events::trigger('pre_system')
#9 C:\xampp\htdocs\erp.test\system\CodeIgniter.php(361): CodeIgniter\CodeIgniter->handleRequest(NULL, Object(Config\Cache), false)
#10 C:\xampp\htdocs\erp.test\public\index.php(79): CodeIgniter\CodeIgniter->run()
#11 {main}

Next CodeIgniter\Database\Exceptions\DatabaseException: Host 'localhost' is not allowed to connect to this MariaDB server in C:\xampp\htdocs\erp.test\system\Database\MySQLi\Connection.php:229
Stack trace:
#0 C:\xampp\htdocs\erp.test\system\Database\BaseConnection.php(392): CodeIgniter\Database\MySQLi\Connection->connect(false)
#1 C:\xampp\htdocs\erp.test\system\Database\BaseConnection.php(364): CodeIgniter\Database\BaseConnection->initialize()
#2 C:\xampp\htdocs\erp.test\system\Database\Database.php(137): CodeIgniter\Database\BaseConnection->__construct(Array)
#3 C:\xampp\htdocs\erp.test\system\Database\Database.php(55): CodeIgniter\Database\Database->initDriver('MySQLi', 'Connection', Array)
#4 C:\xampp\htdocs\erp.test\system\Database\Config.php(82): CodeIgniter\Database\Database->load(Array, 'cloud')
#5 C:\xampp\htdocs\erp.test\app\Config\Events.php(66): CodeIgniter\Database\Config::connect()
#6 C:\xampp\htdocs\erp.test\system\Events\Events.php(154): CodeIgniter\Events\Events::Config\{closure}()
#7 C:\xampp\htdocs\erp.test\system\CodeIgniter.php(442): CodeIgniter\Events\Events::trigger('pre_system')
#8 C:\xampp\htdocs\erp.test\system\CodeIgniter.php(361): CodeIgniter\CodeIgniter->handleRequest(NULL, Object(Config\Cache), false)
#9 C:\xampp\htdocs\erp.test\public\index.php(79): CodeIgniter\CodeIgniter->run()
#10 {main}
ERROR - 2025-09-09 03:01:49 --> Error connecting to the database: mysqli_sql_exception: Host 'localhost' is not allowed to connect to this MariaDB server in C:\xampp\htdocs\erp.test\system\Database\MySQLi\Connection.php:184
Stack trace:
#0 C:\xampp\htdocs\erp.test\system\Database\MySQLi\Connection.php(184): mysqli->real_connect('127.0.0.1', 'root', Object(SensitiveParameterValue), 'erp_local', 3306, '', 0)
#1 C:\xampp\htdocs\erp.test\system\Database\BaseConnection.php(413): CodeIgniter\Database\MySQLi\Connection->connect(false)
#2 C:\xampp\htdocs\erp.test\system\Database\BaseConnection.php(364): CodeIgniter\Database\BaseConnection->initialize()
#3 C:\xampp\htdocs\erp.test\system\Database\Database.php(137): CodeIgniter\Database\BaseConnection->__construct(Array)
#4 C:\xampp\htdocs\erp.test\system\Database\Database.php(55): CodeIgniter\Database\Database->initDriver('MySQLi', 'Connection', Array)
#5 C:\xampp\htdocs\erp.test\system\Database\Config.php(82): CodeIgniter\Database\Database->load(Array, 'cloud')
#6 C:\xampp\htdocs\erp.test\app\Config\Events.php(66): CodeIgniter\Database\Config::connect()
#7 C:\xampp\htdocs\erp.test\system\Events\Events.php(154): CodeIgniter\Events\Events::Config\{closure}()
#8 C:\xampp\htdocs\erp.test\system\CodeIgniter.php(442): CodeIgniter\Events\Events::trigger('pre_system')
#9 C:\xampp\htdocs\erp.test\system\CodeIgniter.php(361): CodeIgniter\CodeIgniter->handleRequest(NULL, Object(Config\Cache), false)
#10 C:\xampp\htdocs\erp.test\public\index.php(79): CodeIgniter\CodeIgniter->run()
#11 {main}

Next CodeIgniter\Database\Exceptions\DatabaseException: Host 'localhost' is not allowed to connect to this MariaDB server in C:\xampp\htdocs\erp.test\system\Database\MySQLi\Connection.php:229
Stack trace:
#0 C:\xampp\htdocs\erp.test\system\Database\BaseConnection.php(413): CodeIgniter\Database\MySQLi\Connection->connect(false)
#1 C:\xampp\htdocs\erp.test\system\Database\BaseConnection.php(364): CodeIgniter\Database\BaseConnection->initialize()
#2 C:\xampp\htdocs\erp.test\system\Database\Database.php(137): CodeIgniter\Database\BaseConnection->__construct(Array)
#3 C:\xampp\htdocs\erp.test\system\Database\Database.php(55): CodeIgniter\Database\Database->initDriver('MySQLi', 'Connection', Array)
#4 C:\xampp\htdocs\erp.test\system\Database\Config.php(82): CodeIgniter\Database\Database->load(Array, 'cloud')
#5 C:\xampp\htdocs\erp.test\app\Config\Events.php(66): CodeIgniter\Database\Config::connect()
#6 C:\xampp\htdocs\erp.test\system\Events\Events.php(154): CodeIgniter\Events\Events::Config\{closure}()
#7 C:\xampp\htdocs\erp.test\system\CodeIgniter.php(442): CodeIgniter\Events\Events::trigger('pre_system')
#8 C:\xampp\htdocs\erp.test\system\CodeIgniter.php(361): CodeIgniter\CodeIgniter->handleRequest(NULL, Object(Config\Cache), false)
#9 C:\xampp\htdocs\erp.test\public\index.php(79): CodeIgniter\CodeIgniter->run()
#10 {main}
ERROR - 2025-09-09 03:01:49 --> Auto-migration failed: Unable to connect to the database.
Main connection [MySQLi]: Host 'localhost' is not allowed to connect to this MariaDB server
Failover #1 [MySQLi]: Host 'localhost' is not allowed to connect to this MariaDB server
INFO - 2025-09-09 03:01:49 --> Session: Class initialized using 'CodeIgniter\Session\Handlers\FileHandler' driver.
ERROR - 2025-09-09 03:01:49 --> Error connecting to the database: mysqli_sql_exception: Host 'localhost' is not allowed to connect to this MariaDB server in C:\xampp\htdocs\erp.test\system\Database\MySQLi\Connection.php:184
Stack trace:
#0 C:\xampp\htdocs\erp.test\system\Database\MySQLi\Connection.php(184): mysqli->real_connect('localhost', '', Object(SensitiveParameterValue), '', 3306, '', 0)
#1 C:\xampp\htdocs\erp.test\system\Database\BaseConnection.php(392): CodeIgniter\Database\MySQLi\Connection->connect(false)
#2 C:\xampp\htdocs\erp.test\system\Database\BaseConnection.php(364): CodeIgniter\Database\BaseConnection->initialize()
#3 C:\xampp\htdocs\erp.test\system\Database\Database.php(137): CodeIgniter\Database\BaseConnection->__construct(Array)
#4 C:\xampp\htdocs\erp.test\system\Database\Database.php(55): CodeIgniter\Database\Database->initDriver('MySQLi', 'Connection', Array)
#5 C:\xampp\htdocs\erp.test\system\Database\Config.php(82): CodeIgniter\Database\Database->load(Array, 'cloud')
#6 C:\xampp\htdocs\erp.test\system\Model.php(153): CodeIgniter\Database\Config::connect('cloud')
#7 C:\xampp\htdocs\erp.test\app\Controllers\Login.php(29): CodeIgniter\Model->__construct()
#8 C:\xampp\htdocs\erp.test\system\CodeIgniter.php(913): App\Controllers\Login->__construct()
#9 C:\xampp\htdocs\erp.test\system\CodeIgniter.php(493): CodeIgniter\CodeIgniter->createController()
#10 C:\xampp\htdocs\erp.test\system\CodeIgniter.php(361): CodeIgniter\CodeIgniter->handleRequest(NULL, Object(Config\Cache), false)
#11 C:\xampp\htdocs\erp.test\public\index.php(79): CodeIgniter\CodeIgniter->run()
#12 {main}

Next CodeIgniter\Database\Exceptions\DatabaseException: Host 'localhost' is not allowed to connect to this MariaDB server in C:\xampp\htdocs\erp.test\system\Database\MySQLi\Connection.php:229
Stack trace:
#0 C:\xampp\htdocs\erp.test\system\Database\BaseConnection.php(392): CodeIgniter\Database\MySQLi\Connection->connect(false)
#1 C:\xampp\htdocs\erp.test\system\Database\BaseConnection.php(364): CodeIgniter\Database\BaseConnection->initialize()
#2 C:\xampp\htdocs\erp.test\system\Database\Database.php(137): CodeIgniter\Database\BaseConnection->__construct(Array)
#3 C:\xampp\htdocs\erp.test\system\Database\Database.php(55): CodeIgniter\Database\Database->initDriver('MySQLi', 'Connection', Array)
#4 C:\xampp\htdocs\erp.test\system\Database\Config.php(82): CodeIgniter\Database\Database->load(Array, 'cloud')
#5 C:\xampp\htdocs\erp.test\system\Model.php(153): CodeIgniter\Database\Config::connect('cloud')
#6 C:\xampp\htdocs\erp.test\app\Controllers\Login.php(29): CodeIgniter\Model->__construct()
#7 C:\xampp\htdocs\erp.test\system\CodeIgniter.php(913): App\Controllers\Login->__construct()
#8 C:\xampp\htdocs\erp.test\system\CodeIgniter.php(493): CodeIgniter\CodeIgniter->createController()
#9 C:\xampp\htdocs\erp.test\system\CodeIgniter.php(361): CodeIgniter\CodeIgniter->handleRequest(NULL, Object(Config\Cache), false)
#10 C:\xampp\htdocs\erp.test\public\index.php(79): CodeIgniter\CodeIgniter->run()
#11 {main}
ERROR - 2025-09-09 03:01:49 --> Error connecting to the database: mysqli_sql_exception: Host 'localhost' is not allowed to connect to this MariaDB server in C:\xampp\htdocs\erp.test\system\Database\MySQLi\Connection.php:184
Stack trace:
#0 C:\xampp\htdocs\erp.test\system\Database\MySQLi\Connection.php(184): mysqli->real_connect('127.0.0.1', 'root', Object(SensitiveParameterValue), 'erp_local', 3306, '', 0)
#1 C:\xampp\htdocs\erp.test\system\Database\BaseConnection.php(413): CodeIgniter\Database\MySQLi\Connection->connect(false)
#2 C:\xampp\htdocs\erp.test\system\Database\BaseConnection.php(364): CodeIgniter\Database\BaseConnection->initialize()
#3 C:\xampp\htdocs\erp.test\system\Database\Database.php(137): CodeIgniter\Database\BaseConnection->__construct(Array)
#4 C:\xampp\htdocs\erp.test\system\Database\Database.php(55): CodeIgniter\Database\Database->initDriver('MySQLi', 'Connection', Array)
#5 C:\xampp\htdocs\erp.test\system\Database\Config.php(82): CodeIgniter\Database\Database->load(Array, 'cloud')
#6 C:\xampp\htdocs\erp.test\system\Model.php(153): CodeIgniter\Database\Config::connect('cloud')
#7 C:\xampp\htdocs\erp.test\app\Controllers\Login.php(29): CodeIgniter\Model->__construct()
#8 C:\xampp\htdocs\erp.test\system\CodeIgniter.php(913): App\Controllers\Login->__construct()
#9 C:\xampp\htdocs\erp.test\system\CodeIgniter.php(493): CodeIgniter\CodeIgniter->createController()
#10 C:\xampp\htdocs\erp.test\system\CodeIgniter.php(361): CodeIgniter\CodeIgniter->handleRequest(NULL, Object(Config\Cache), false)
#11 C:\xampp\htdocs\erp.test\public\index.php(79): CodeIgniter\CodeIgniter->run()
#12 {main}

Next CodeIgniter\Database\Exceptions\DatabaseException: Host 'localhost' is not allowed to connect to this MariaDB server in C:\xampp\htdocs\erp.test\system\Database\MySQLi\Connection.php:229
Stack trace:
#0 C:\xampp\htdocs\erp.test\system\Database\BaseConnection.php(413): CodeIgniter\Database\MySQLi\Connection->connect(false)
#1 C:\xampp\htdocs\erp.test\system\Database\BaseConnection.php(364): CodeIgniter\Database\BaseConnection->initialize()
#2 C:\xampp\htdocs\erp.test\system\Database\Database.php(137): CodeIgniter\Database\BaseConnection->__construct(Array)
#3 C:\xampp\htdocs\erp.test\system\Database\Database.php(55): CodeIgniter\Database\Database->initDriver('MySQLi', 'Connection', Array)
#4 C:\xampp\htdocs\erp.test\system\Database\Config.php(82): CodeIgniter\Database\Database->load(Array, 'cloud')
#5 C:\xampp\htdocs\erp.test\system\Model.php(153): CodeIgniter\Database\Config::connect('cloud')
#6 C:\xampp\htdocs\erp.test\app\Controllers\Login.php(29): CodeIgniter\Model->__construct()
#7 C:\xampp\htdocs\erp.test\system\CodeIgniter.php(913): App\Controllers\Login->__construct()
#8 C:\xampp\htdocs\erp.test\system\CodeIgniter.php(493): CodeIgniter\CodeIgniter->createController()
#9 C:\xampp\htdocs\erp.test\system\CodeIgniter.php(361): CodeIgniter\CodeIgniter->handleRequest(NULL, Object(Config\Cache), false)
#10 C:\xampp\htdocs\erp.test\public\index.php(79): CodeIgniter\CodeIgniter->run()
#11 {main}
CRITICAL - 2025-09-09 03:01:49 --> CodeIgniter\Database\Exceptions\DatabaseException: Unable to connect to the database.
Main connection [MySQLi]: Host 'localhost' is not allowed to connect to this MariaDB server
Failover #1 [MySQLi]: Host 'localhost' is not allowed to connect to this MariaDB server
in SYSTEMPATH\Database\BaseConnection.php on line 428.
 1 SYSTEMPATH\Database\BaseConnection.php(364): CodeIgniter\Database\BaseConnection->initialize()
 2 SYSTEMPATH\Database\Database.php(137): CodeIgniter\Database\BaseConnection->__construct([...])
 3 SYSTEMPATH\Database\Database.php(55): CodeIgniter\Database\Database->initDriver('MySQLi', 'Connection', [...])
 4 SYSTEMPATH\Database\Config.php(82): CodeIgniter\Database\Database->load([...], 'cloud')
 5 SYSTEMPATH\Model.php(153): CodeIgniter\Database\Config::connect('cloud')
 6 APPPATH\Controllers\Login.php(29): CodeIgniter\Model->__construct()
 7 SYSTEMPATH\CodeIgniter.php(913): App\Controllers\Login->__construct()
 8 SYSTEMPATH\CodeIgniter.php(493): CodeIgniter\CodeIgniter->createController()
 9 SYSTEMPATH\CodeIgniter.php(361): CodeIgniter\CodeIgniter->handleRequest(null, Object(Config\Cache), false)
10 FCPATH\index.php(79): CodeIgniter\CodeIgniter->run()
ERROR - 2025-09-09 03:01:52 --> Error connecting to the database: mysqli_sql_exception: Host 'localhost' is not allowed to connect to this MariaDB server in C:\xampp\htdocs\erp.test\system\Database\MySQLi\Connection.php:184
Stack trace:
#0 C:\xampp\htdocs\erp.test\system\Database\MySQLi\Connection.php(184): mysqli->real_connect('localhost', '', Object(SensitiveParameterValue), '', 3306, '', 0)
#1 C:\xampp\htdocs\erp.test\system\Database\BaseConnection.php(392): CodeIgniter\Database\MySQLi\Connection->connect(false)
#2 C:\xampp\htdocs\erp.test\system\Database\BaseConnection.php(364): CodeIgniter\Database\BaseConnection->initialize()
#3 C:\xampp\htdocs\erp.test\system\Database\Database.php(137): CodeIgniter\Database\BaseConnection->__construct(Array)
#4 C:\xampp\htdocs\erp.test\system\Database\Database.php(55): CodeIgniter\Database\Database->initDriver('MySQLi', 'Connection', Array)
#5 C:\xampp\htdocs\erp.test\system\Database\Config.php(82): CodeIgniter\Database\Database->load(Array, 'cloud')
#6 C:\xampp\htdocs\erp.test\app\Config\Events.php(66): CodeIgniter\Database\Config::connect()
#7 C:\xampp\htdocs\erp.test\system\Events\Events.php(154): CodeIgniter\Events\Events::Config\{closure}()
#8 C:\xampp\htdocs\erp.test\system\CodeIgniter.php(442): CodeIgniter\Events\Events::trigger('pre_system')
#9 C:\xampp\htdocs\erp.test\system\CodeIgniter.php(361): CodeIgniter\CodeIgniter->handleRequest(NULL, Object(Config\Cache), false)
#10 C:\xampp\htdocs\erp.test\public\index.php(79): CodeIgniter\CodeIgniter->run()
#11 {main}

Next CodeIgniter\Database\Exceptions\DatabaseException: Host 'localhost' is not allowed to connect to this MariaDB server in C:\xampp\htdocs\erp.test\system\Database\MySQLi\Connection.php:229
Stack trace:
#0 C:\xampp\htdocs\erp.test\system\Database\BaseConnection.php(392): CodeIgniter\Database\MySQLi\Connection->connect(false)
#1 C:\xampp\htdocs\erp.test\system\Database\BaseConnection.php(364): CodeIgniter\Database\BaseConnection->initialize()
#2 C:\xampp\htdocs\erp.test\system\Database\Database.php(137): CodeIgniter\Database\BaseConnection->__construct(Array)
#3 C:\xampp\htdocs\erp.test\system\Database\Database.php(55): CodeIgniter\Database\Database->initDriver('MySQLi', 'Connection', Array)
#4 C:\xampp\htdocs\erp.test\system\Database\Config.php(82): CodeIgniter\Database\Database->load(Array, 'cloud')
#5 C:\xampp\htdocs\erp.test\app\Config\Events.php(66): CodeIgniter\Database\Config::connect()
#6 C:\xampp\htdocs\erp.test\system\Events\Events.php(154): CodeIgniter\Events\Events::Config\{closure}()
#7 C:\xampp\htdocs\erp.test\system\CodeIgniter.php(442): CodeIgniter\Events\Events::trigger('pre_system')
#8 C:\xampp\htdocs\erp.test\system\CodeIgniter.php(361): CodeIgniter\CodeIgniter->handleRequest(NULL, Object(Config\Cache), false)
#9 C:\xampp\htdocs\erp.test\public\index.php(79): CodeIgniter\CodeIgniter->run()
#10 {main}
ERROR - 2025-09-09 03:01:52 --> Error connecting to the database: mysqli_sql_exception: Host 'localhost' is not allowed to connect to this MariaDB server in C:\xampp\htdocs\erp.test\system\Database\MySQLi\Connection.php:184
Stack trace:
#0 C:\xampp\htdocs\erp.test\system\Database\MySQLi\Connection.php(184): mysqli->real_connect('127.0.0.1', 'root', Object(SensitiveParameterValue), 'erp_local', 3306, '', 0)
#1 C:\xampp\htdocs\erp.test\system\Database\BaseConnection.php(413): CodeIgniter\Database\MySQLi\Connection->connect(false)
#2 C:\xampp\htdocs\erp.test\system\Database\BaseConnection.php(364): CodeIgniter\Database\BaseConnection->initialize()
#3 C:\xampp\htdocs\erp.test\system\Database\Database.php(137): CodeIgniter\Database\BaseConnection->__construct(Array)
#4 C:\xampp\htdocs\erp.test\system\Database\Database.php(55): CodeIgniter\Database\Database->initDriver('MySQLi', 'Connection', Array)
#5 C:\xampp\htdocs\erp.test\system\Database\Config.php(82): CodeIgniter\Database\Database->load(Array, 'cloud')
#6 C:\xampp\htdocs\erp.test\app\Config\Events.php(66): CodeIgniter\Database\Config::connect()
#7 C:\xampp\htdocs\erp.test\system\Events\Events.php(154): CodeIgniter\Events\Events::Config\{closure}()
#8 C:\xampp\htdocs\erp.test\system\CodeIgniter.php(442): CodeIgniter\Events\Events::trigger('pre_system')
#9 C:\xampp\htdocs\erp.test\system\CodeIgniter.php(361): CodeIgniter\CodeIgniter->handleRequest(NULL, Object(Config\Cache), false)
#10 C:\xampp\htdocs\erp.test\public\index.php(79): CodeIgniter\CodeIgniter->run()
#11 {main}

Next CodeIgniter\Database\Exceptions\DatabaseException: Host 'localhost' is not allowed to connect to this MariaDB server in C:\xampp\htdocs\erp.test\system\Database\MySQLi\Connection.php:229
Stack trace:
#0 C:\xampp\htdocs\erp.test\system\Database\BaseConnection.php(413): CodeIgniter\Database\MySQLi\Connection->connect(false)
#1 C:\xampp\htdocs\erp.test\system\Database\BaseConnection.php(364): CodeIgniter\Database\BaseConnection->initialize()
#2 C:\xampp\htdocs\erp.test\system\Database\Database.php(137): CodeIgniter\Database\BaseConnection->__construct(Array)
#3 C:\xampp\htdocs\erp.test\system\Database\Database.php(55): CodeIgniter\Database\Database->initDriver('MySQLi', 'Connection', Array)
#4 C:\xampp\htdocs\erp.test\system\Database\Config.php(82): CodeIgniter\Database\Database->load(Array, 'cloud')
#5 C:\xampp\htdocs\erp.test\app\Config\Events.php(66): CodeIgniter\Database\Config::connect()
#6 C:\xampp\htdocs\erp.test\system\Events\Events.php(154): CodeIgniter\Events\Events::Config\{closure}()
#7 C:\xampp\htdocs\erp.test\system\CodeIgniter.php(442): CodeIgniter\Events\Events::trigger('pre_system')
#8 C:\xampp\htdocs\erp.test\system\CodeIgniter.php(361): CodeIgniter\CodeIgniter->handleRequest(NULL, Object(Config\Cache), false)
#9 C:\xampp\htdocs\erp.test\public\index.php(79): CodeIgniter\CodeIgniter->run()
#10 {main}
ERROR - 2025-09-09 03:01:52 --> Auto-migration failed: Unable to connect to the database.
Main connection [MySQLi]: Host 'localhost' is not allowed to connect to this MariaDB server
Failover #1 [MySQLi]: Host 'localhost' is not allowed to connect to this MariaDB server
INFO - 2025-09-09 03:01:52 --> Session: Class initialized using 'CodeIgniter\Session\Handlers\FileHandler' driver.
ERROR - 2025-09-09 03:01:52 --> Error connecting to the database: mysqli_sql_exception: Host 'localhost' is not allowed to connect to this MariaDB server in C:\xampp\htdocs\erp.test\system\Database\MySQLi\Connection.php:184
Stack trace:
#0 C:\xampp\htdocs\erp.test\system\Database\MySQLi\Connection.php(184): mysqli->real_connect('localhost', '', Object(SensitiveParameterValue), '', 3306, '', 0)
#1 C:\xampp\htdocs\erp.test\system\Database\BaseConnection.php(392): CodeIgniter\Database\MySQLi\Connection->connect(false)
#2 C:\xampp\htdocs\erp.test\system\Database\BaseConnection.php(364): CodeIgniter\Database\BaseConnection->initialize()
#3 C:\xampp\htdocs\erp.test\system\Database\Database.php(137): CodeIgniter\Database\BaseConnection->__construct(Array)
#4 C:\xampp\htdocs\erp.test\system\Database\Database.php(55): CodeIgniter\Database\Database->initDriver('MySQLi', 'Connection', Array)
#5 C:\xampp\htdocs\erp.test\system\Database\Config.php(82): CodeIgniter\Database\Database->load(Array, 'cloud')
#6 C:\xampp\htdocs\erp.test\system\Model.php(153): CodeIgniter\Database\Config::connect('cloud')
#7 C:\xampp\htdocs\erp.test\app\Controllers\Login.php(29): CodeIgniter\Model->__construct()
#8 C:\xampp\htdocs\erp.test\system\CodeIgniter.php(913): App\Controllers\Login->__construct()
#9 C:\xampp\htdocs\erp.test\system\CodeIgniter.php(493): CodeIgniter\CodeIgniter->createController()
#10 C:\xampp\htdocs\erp.test\system\CodeIgniter.php(361): CodeIgniter\CodeIgniter->handleRequest(NULL, Object(Config\Cache), false)
#11 C:\xampp\htdocs\erp.test\public\index.php(79): CodeIgniter\CodeIgniter->run()
#12 {main}

Next CodeIgniter\Database\Exceptions\DatabaseException: Host 'localhost' is not allowed to connect to this MariaDB server in C:\xampp\htdocs\erp.test\system\Database\MySQLi\Connection.php:229
Stack trace:
#0 C:\xampp\htdocs\erp.test\system\Database\BaseConnection.php(392): CodeIgniter\Database\MySQLi\Connection->connect(false)
#1 C:\xampp\htdocs\erp.test\system\Database\BaseConnection.php(364): CodeIgniter\Database\BaseConnection->initialize()
#2 C:\xampp\htdocs\erp.test\system\Database\Database.php(137): CodeIgniter\Database\BaseConnection->__construct(Array)
#3 C:\xampp\htdocs\erp.test\system\Database\Database.php(55): CodeIgniter\Database\Database->initDriver('MySQLi', 'Connection', Array)
#4 C:\xampp\htdocs\erp.test\system\Database\Config.php(82): CodeIgniter\Database\Database->load(Array, 'cloud')
#5 C:\xampp\htdocs\erp.test\system\Model.php(153): CodeIgniter\Database\Config::connect('cloud')
#6 C:\xampp\htdocs\erp.test\app\Controllers\Login.php(29): CodeIgniter\Model->__construct()
#7 C:\xampp\htdocs\erp.test\system\CodeIgniter.php(913): App\Controllers\Login->__construct()
#8 C:\xampp\htdocs\erp.test\system\CodeIgniter.php(493): CodeIgniter\CodeIgniter->createController()
#9 C:\xampp\htdocs\erp.test\system\CodeIgniter.php(361): CodeIgniter\CodeIgniter->handleRequest(NULL, Object(Config\Cache), false)
#10 C:\xampp\htdocs\erp.test\public\index.php(79): CodeIgniter\CodeIgniter->run()
#11 {main}
ERROR - 2025-09-09 03:01:52 --> Error connecting to the database: mysqli_sql_exception: Host 'localhost' is not allowed to connect to this MariaDB server in C:\xampp\htdocs\erp.test\system\Database\MySQLi\Connection.php:184
Stack trace:
#0 C:\xampp\htdocs\erp.test\system\Database\MySQLi\Connection.php(184): mysqli->real_connect('127.0.0.1', 'root', Object(SensitiveParameterValue), 'erp_local', 3306, '', 0)
#1 C:\xampp\htdocs\erp.test\system\Database\BaseConnection.php(413): CodeIgniter\Database\MySQLi\Connection->connect(false)
#2 C:\xampp\htdocs\erp.test\system\Database\BaseConnection.php(364): CodeIgniter\Database\BaseConnection->initialize()
#3 C:\xampp\htdocs\erp.test\system\Database\Database.php(137): CodeIgniter\Database\BaseConnection->__construct(Array)
#4 C:\xampp\htdocs\erp.test\system\Database\Database.php(55): CodeIgniter\Database\Database->initDriver('MySQLi', 'Connection', Array)
#5 C:\xampp\htdocs\erp.test\system\Database\Config.php(82): CodeIgniter\Database\Database->load(Array, 'cloud')
#6 C:\xampp\htdocs\erp.test\system\Model.php(153): CodeIgniter\Database\Config::connect('cloud')
#7 C:\xampp\htdocs\erp.test\app\Controllers\Login.php(29): CodeIgniter\Model->__construct()
#8 C:\xampp\htdocs\erp.test\system\CodeIgniter.php(913): App\Controllers\Login->__construct()
#9 C:\xampp\htdocs\erp.test\system\CodeIgniter.php(493): CodeIgniter\CodeIgniter->createController()
#10 C:\xampp\htdocs\erp.test\system\CodeIgniter.php(361): CodeIgniter\CodeIgniter->handleRequest(NULL, Object(Config\Cache), false)
#11 C:\xampp\htdocs\erp.test\public\index.php(79): CodeIgniter\CodeIgniter->run()
#12 {main}

Next CodeIgniter\Database\Exceptions\DatabaseException: Host 'localhost' is not allowed to connect to this MariaDB server in C:\xampp\htdocs\erp.test\system\Database\MySQLi\Connection.php:229
Stack trace:
#0 C:\xampp\htdocs\erp.test\system\Database\BaseConnection.php(413): CodeIgniter\Database\MySQLi\Connection->connect(false)
#1 C:\xampp\htdocs\erp.test\system\Database\BaseConnection.php(364): CodeIgniter\Database\BaseConnection->initialize()
#2 C:\xampp\htdocs\erp.test\system\Database\Database.php(137): CodeIgniter\Database\BaseConnection->__construct(Array)
#3 C:\xampp\htdocs\erp.test\system\Database\Database.php(55): CodeIgniter\Database\Database->initDriver('MySQLi', 'Connection', Array)
#4 C:\xampp\htdocs\erp.test\system\Database\Config.php(82): CodeIgniter\Database\Database->load(Array, 'cloud')
#5 C:\xampp\htdocs\erp.test\system\Model.php(153): CodeIgniter\Database\Config::connect('cloud')
#6 C:\xampp\htdocs\erp.test\app\Controllers\Login.php(29): CodeIgniter\Model->__construct()
#7 C:\xampp\htdocs\erp.test\system\CodeIgniter.php(913): App\Controllers\Login->__construct()
#8 C:\xampp\htdocs\erp.test\system\CodeIgniter.php(493): CodeIgniter\CodeIgniter->createController()
#9 C:\xampp\htdocs\erp.test\system\CodeIgniter.php(361): CodeIgniter\CodeIgniter->handleRequest(NULL, Object(Config\Cache), false)
#10 C:\xampp\htdocs\erp.test\public\index.php(79): CodeIgniter\CodeIgniter->run()
#11 {main}
CRITICAL - 2025-09-09 03:01:52 --> CodeIgniter\Database\Exceptions\DatabaseException: Unable to connect to the database.
Main connection [MySQLi]: Host 'localhost' is not allowed to connect to this MariaDB server
Failover #1 [MySQLi]: Host 'localhost' is not allowed to connect to this MariaDB server
in SYSTEMPATH\Database\BaseConnection.php on line 428.
 1 SYSTEMPATH\Database\BaseConnection.php(364): CodeIgniter\Database\BaseConnection->initialize()
 2 SYSTEMPATH\Database\Database.php(137): CodeIgniter\Database\BaseConnection->__construct([...])
 3 SYSTEMPATH\Database\Database.php(55): CodeIgniter\Database\Database->initDriver('MySQLi', 'Connection', [...])
 4 SYSTEMPATH\Database\Config.php(82): CodeIgniter\Database\Database->load([...], 'cloud')
 5 SYSTEMPATH\Model.php(153): CodeIgniter\Database\Config::connect('cloud')
 6 APPPATH\Controllers\Login.php(29): CodeIgniter\Model->__construct()
 7 SYSTEMPATH\CodeIgniter.php(913): App\Controllers\Login->__construct()
 8 SYSTEMPATH\CodeIgniter.php(493): CodeIgniter\CodeIgniter->createController()
 9 SYSTEMPATH\CodeIgniter.php(361): CodeIgniter\CodeIgniter->handleRequest(null, Object(Config\Cache), false)
10 FCPATH\index.php(79): CodeIgniter\CodeIgniter->run()
ERROR - 2025-09-09 03:01:58 --> Error connecting to the database: mysqli_sql_exception: Host 'localhost' is not allowed to connect to this MariaDB server in C:\xampp\htdocs\erp.test\system\Database\MySQLi\Connection.php:184
Stack trace:
#0 C:\xampp\htdocs\erp.test\system\Database\MySQLi\Connection.php(184): mysqli->real_connect('localhost', '', Object(SensitiveParameterValue), '', 3306, '', 0)
#1 C:\xampp\htdocs\erp.test\system\Database\BaseConnection.php(392): CodeIgniter\Database\MySQLi\Connection->connect(false)
#2 C:\xampp\htdocs\erp.test\system\Database\BaseConnection.php(364): CodeIgniter\Database\BaseConnection->initialize()
#3 C:\xampp\htdocs\erp.test\system\Database\Database.php(137): CodeIgniter\Database\BaseConnection->__construct(Array)
#4 C:\xampp\htdocs\erp.test\system\Database\Database.php(55): CodeIgniter\Database\Database->initDriver('MySQLi', 'Connection', Array)
#5 C:\xampp\htdocs\erp.test\system\Database\Config.php(82): CodeIgniter\Database\Database->load(Array, 'cloud')
#6 C:\xampp\htdocs\erp.test\app\Config\Events.php(66): CodeIgniter\Database\Config::connect()
#7 C:\xampp\htdocs\erp.test\system\Events\Events.php(154): CodeIgniter\Events\Events::Config\{closure}()
#8 C:\xampp\htdocs\erp.test\system\CodeIgniter.php(442): CodeIgniter\Events\Events::trigger('pre_system')
#9 C:\xampp\htdocs\erp.test\system\CodeIgniter.php(361): CodeIgniter\CodeIgniter->handleRequest(NULL, Object(Config\Cache), false)
#10 C:\xampp\htdocs\erp.test\public\index.php(79): CodeIgniter\CodeIgniter->run()
#11 {main}

Next CodeIgniter\Database\Exceptions\DatabaseException: Host 'localhost' is not allowed to connect to this MariaDB server in C:\xampp\htdocs\erp.test\system\Database\MySQLi\Connection.php:229
Stack trace:
#0 C:\xampp\htdocs\erp.test\system\Database\BaseConnection.php(392): CodeIgniter\Database\MySQLi\Connection->connect(false)
#1 C:\xampp\htdocs\erp.test\system\Database\BaseConnection.php(364): CodeIgniter\Database\BaseConnection->initialize()
#2 C:\xampp\htdocs\erp.test\system\Database\Database.php(137): CodeIgniter\Database\BaseConnection->__construct(Array)
#3 C:\xampp\htdocs\erp.test\system\Database\Database.php(55): CodeIgniter\Database\Database->initDriver('MySQLi', 'Connection', Array)
#4 C:\xampp\htdocs\erp.test\system\Database\Config.php(82): CodeIgniter\Database\Database->load(Array, 'cloud')
#5 C:\xampp\htdocs\erp.test\app\Config\Events.php(66): CodeIgniter\Database\Config::connect()
#6 C:\xampp\htdocs\erp.test\system\Events\Events.php(154): CodeIgniter\Events\Events::Config\{closure}()
#7 C:\xampp\htdocs\erp.test\system\CodeIgniter.php(442): CodeIgniter\Events\Events::trigger('pre_system')
#8 C:\xampp\htdocs\erp.test\system\CodeIgniter.php(361): CodeIgniter\CodeIgniter->handleRequest(NULL, Object(Config\Cache), false)
#9 C:\xampp\htdocs\erp.test\public\index.php(79): CodeIgniter\CodeIgniter->run()
#10 {main}
ERROR - 2025-09-09 03:01:58 --> Error connecting to the database: mysqli_sql_exception: Host 'localhost' is not allowed to connect to this MariaDB server in C:\xampp\htdocs\erp.test\system\Database\MySQLi\Connection.php:184
Stack trace:
#0 C:\xampp\htdocs\erp.test\system\Database\MySQLi\Connection.php(184): mysqli->real_connect('127.0.0.1', 'root', Object(SensitiveParameterValue), 'erp_local', 3306, '', 0)
#1 C:\xampp\htdocs\erp.test\system\Database\BaseConnection.php(413): CodeIgniter\Database\MySQLi\Connection->connect(false)
#2 C:\xampp\htdocs\erp.test\system\Database\BaseConnection.php(364): CodeIgniter\Database\BaseConnection->initialize()
#3 C:\xampp\htdocs\erp.test\system\Database\Database.php(137): CodeIgniter\Database\BaseConnection->__construct(Array)
#4 C:\xampp\htdocs\erp.test\system\Database\Database.php(55): CodeIgniter\Database\Database->initDriver('MySQLi', 'Connection', Array)
#5 C:\xampp\htdocs\erp.test\system\Database\Config.php(82): CodeIgniter\Database\Database->load(Array, 'cloud')
#6 C:\xampp\htdocs\erp.test\app\Config\Events.php(66): CodeIgniter\Database\Config::connect()
#7 C:\xampp\htdocs\erp.test\system\Events\Events.php(154): CodeIgniter\Events\Events::Config\{closure}()
#8 C:\xampp\htdocs\erp.test\system\CodeIgniter.php(442): CodeIgniter\Events\Events::trigger('pre_system')
#9 C:\xampp\htdocs\erp.test\system\CodeIgniter.php(361): CodeIgniter\CodeIgniter->handleRequest(NULL, Object(Config\Cache), false)
#10 C:\xampp\htdocs\erp.test\public\index.php(79): CodeIgniter\CodeIgniter->run()
#11 {main}

Next CodeIgniter\Database\Exceptions\DatabaseException: Host 'localhost' is not allowed to connect to this MariaDB server in C:\xampp\htdocs\erp.test\system\Database\MySQLi\Connection.php:229
Stack trace:
#0 C:\xampp\htdocs\erp.test\system\Database\BaseConnection.php(413): CodeIgniter\Database\MySQLi\Connection->connect(false)
#1 C:\xampp\htdocs\erp.test\system\Database\BaseConnection.php(364): CodeIgniter\Database\BaseConnection->initialize()
#2 C:\xampp\htdocs\erp.test\system\Database\Database.php(137): CodeIgniter\Database\BaseConnection->__construct(Array)
#3 C:\xampp\htdocs\erp.test\system\Database\Database.php(55): CodeIgniter\Database\Database->initDriver('MySQLi', 'Connection', Array)
#4 C:\xampp\htdocs\erp.test\system\Database\Config.php(82): CodeIgniter\Database\Database->load(Array, 'cloud')
#5 C:\xampp\htdocs\erp.test\app\Config\Events.php(66): CodeIgniter\Database\Config::connect()
#6 C:\xampp\htdocs\erp.test\system\Events\Events.php(154): CodeIgniter\Events\Events::Config\{closure}()
#7 C:\xampp\htdocs\erp.test\system\CodeIgniter.php(442): CodeIgniter\Events\Events::trigger('pre_system')
#8 C:\xampp\htdocs\erp.test\system\CodeIgniter.php(361): CodeIgniter\CodeIgniter->handleRequest(NULL, Object(Config\Cache), false)
#9 C:\xampp\htdocs\erp.test\public\index.php(79): CodeIgniter\CodeIgniter->run()
#10 {main}
ERROR - 2025-09-09 03:01:58 --> Auto-migration failed: Unable to connect to the database.
Main connection [MySQLi]: Host 'localhost' is not allowed to connect to this MariaDB server
Failover #1 [MySQLi]: Host 'localhost' is not allowed to connect to this MariaDB server
INFO - 2025-09-09 03:01:58 --> Session: Class initialized using 'CodeIgniter\Session\Handlers\FileHandler' driver.
ERROR - 2025-09-09 03:01:58 --> Error connecting to the database: mysqli_sql_exception: Host 'localhost' is not allowed to connect to this MariaDB server in C:\xampp\htdocs\erp.test\system\Database\MySQLi\Connection.php:184
Stack trace:
#0 C:\xampp\htdocs\erp.test\system\Database\MySQLi\Connection.php(184): mysqli->real_connect('localhost', '', Object(SensitiveParameterValue), '', 3306, '', 0)
#1 C:\xampp\htdocs\erp.test\system\Database\BaseConnection.php(392): CodeIgniter\Database\MySQLi\Connection->connect(false)
#2 C:\xampp\htdocs\erp.test\system\Database\BaseConnection.php(364): CodeIgniter\Database\BaseConnection->initialize()
#3 C:\xampp\htdocs\erp.test\system\Database\Database.php(137): CodeIgniter\Database\BaseConnection->__construct(Array)
#4 C:\xampp\htdocs\erp.test\system\Database\Database.php(55): CodeIgniter\Database\Database->initDriver('MySQLi', 'Connection', Array)
#5 C:\xampp\htdocs\erp.test\system\Database\Config.php(82): CodeIgniter\Database\Database->load(Array, 'cloud')
#6 C:\xampp\htdocs\erp.test\system\Model.php(153): CodeIgniter\Database\Config::connect('cloud')
#7 C:\xampp\htdocs\erp.test\app\Controllers\Login.php(29): CodeIgniter\Model->__construct()
#8 C:\xampp\htdocs\erp.test\system\CodeIgniter.php(913): App\Controllers\Login->__construct()
#9 C:\xampp\htdocs\erp.test\system\CodeIgniter.php(493): CodeIgniter\CodeIgniter->createController()
#10 C:\xampp\htdocs\erp.test\system\CodeIgniter.php(361): CodeIgniter\CodeIgniter->handleRequest(NULL, Object(Config\Cache), false)
#11 C:\xampp\htdocs\erp.test\public\index.php(79): CodeIgniter\CodeIgniter->run()
#12 {main}

Next CodeIgniter\Database\Exceptions\DatabaseException: Host 'localhost' is not allowed to connect to this MariaDB server in C:\xampp\htdocs\erp.test\system\Database\MySQLi\Connection.php:229
Stack trace:
#0 C:\xampp\htdocs\erp.test\system\Database\BaseConnection.php(392): CodeIgniter\Database\MySQLi\Connection->connect(false)
#1 C:\xampp\htdocs\erp.test\system\Database\BaseConnection.php(364): CodeIgniter\Database\BaseConnection->initialize()
#2 C:\xampp\htdocs\erp.test\system\Database\Database.php(137): CodeIgniter\Database\BaseConnection->__construct(Array)
#3 C:\xampp\htdocs\erp.test\system\Database\Database.php(55): CodeIgniter\Database\Database->initDriver('MySQLi', 'Connection', Array)
#4 C:\xampp\htdocs\erp.test\system\Database\Config.php(82): CodeIgniter\Database\Database->load(Array, 'cloud')
#5 C:\xampp\htdocs\erp.test\system\Model.php(153): CodeIgniter\Database\Config::connect('cloud')
#6 C:\xampp\htdocs\erp.test\app\Controllers\Login.php(29): CodeIgniter\Model->__construct()
#7 C:\xampp\htdocs\erp.test\system\CodeIgniter.php(913): App\Controllers\Login->__construct()
#8 C:\xampp\htdocs\erp.test\system\CodeIgniter.php(493): CodeIgniter\CodeIgniter->createController()
#9 C:\xampp\htdocs\erp.test\system\CodeIgniter.php(361): CodeIgniter\CodeIgniter->handleRequest(NULL, Object(Config\Cache), false)
#10 C:\xampp\htdocs\erp.test\public\index.php(79): CodeIgniter\CodeIgniter->run()
#11 {main}
ERROR - 2025-09-09 03:01:58 --> Error connecting to the database: mysqli_sql_exception: Host 'localhost' is not allowed to connect to this MariaDB server in C:\xampp\htdocs\erp.test\system\Database\MySQLi\Connection.php:184
Stack trace:
#0 C:\xampp\htdocs\erp.test\system\Database\MySQLi\Connection.php(184): mysqli->real_connect('127.0.0.1', 'root', Object(SensitiveParameterValue), 'erp_local', 3306, '', 0)
#1 C:\xampp\htdocs\erp.test\system\Database\BaseConnection.php(413): CodeIgniter\Database\MySQLi\Connection->connect(false)
#2 C:\xampp\htdocs\erp.test\system\Database\BaseConnection.php(364): CodeIgniter\Database\BaseConnection->initialize()
#3 C:\xampp\htdocs\erp.test\system\Database\Database.php(137): CodeIgniter\Database\BaseConnection->__construct(Array)
#4 C:\xampp\htdocs\erp.test\system\Database\Database.php(55): CodeIgniter\Database\Database->initDriver('MySQLi', 'Connection', Array)
#5 C:\xampp\htdocs\erp.test\system\Database\Config.php(82): CodeIgniter\Database\Database->load(Array, 'cloud')
#6 C:\xampp\htdocs\erp.test\system\Model.php(153): CodeIgniter\Database\Config::connect('cloud')
#7 C:\xampp\htdocs\erp.test\app\Controllers\Login.php(29): CodeIgniter\Model->__construct()
#8 C:\xampp\htdocs\erp.test\system\CodeIgniter.php(913): App\Controllers\Login->__construct()
#9 C:\xampp\htdocs\erp.test\system\CodeIgniter.php(493): CodeIgniter\CodeIgniter->createController()
#10 C:\xampp\htdocs\erp.test\system\CodeIgniter.php(361): CodeIgniter\CodeIgniter->handleRequest(NULL, Object(Config\Cache), false)
#11 C:\xampp\htdocs\erp.test\public\index.php(79): CodeIgniter\CodeIgniter->run()
#12 {main}

Next CodeIgniter\Database\Exceptions\DatabaseException: Host 'localhost' is not allowed to connect to this MariaDB server in C:\xampp\htdocs\erp.test\system\Database\MySQLi\Connection.php:229
Stack trace:
#0 C:\xampp\htdocs\erp.test\system\Database\BaseConnection.php(413): CodeIgniter\Database\MySQLi\Connection->connect(false)
#1 C:\xampp\htdocs\erp.test\system\Database\BaseConnection.php(364): CodeIgniter\Database\BaseConnection->initialize()
#2 C:\xampp\htdocs\erp.test\system\Database\Database.php(137): CodeIgniter\Database\BaseConnection->__construct(Array)
#3 C:\xampp\htdocs\erp.test\system\Database\Database.php(55): CodeIgniter\Database\Database->initDriver('MySQLi', 'Connection', Array)
#4 C:\xampp\htdocs\erp.test\system\Database\Config.php(82): CodeIgniter\Database\Database->load(Array, 'cloud')
#5 C:\xampp\htdocs\erp.test\system\Model.php(153): CodeIgniter\Database\Config::connect('cloud')
#6 C:\xampp\htdocs\erp.test\app\Controllers\Login.php(29): CodeIgniter\Model->__construct()
#7 C:\xampp\htdocs\erp.test\system\CodeIgniter.php(913): App\Controllers\Login->__construct()
#8 C:\xampp\htdocs\erp.test\system\CodeIgniter.php(493): CodeIgniter\CodeIgniter->createController()
#9 C:\xampp\htdocs\erp.test\system\CodeIgniter.php(361): CodeIgniter\CodeIgniter->handleRequest(NULL, Object(Config\Cache), false)
#10 C:\xampp\htdocs\erp.test\public\index.php(79): CodeIgniter\CodeIgniter->run()
#11 {main}
CRITICAL - 2025-09-09 03:01:58 --> CodeIgniter\Database\Exceptions\DatabaseException: Unable to connect to the database.
Main connection [MySQLi]: Host 'localhost' is not allowed to connect to this MariaDB server
Failover #1 [MySQLi]: Host 'localhost' is not allowed to connect to this MariaDB server
in SYSTEMPATH\Database\BaseConnection.php on line 428.
 1 SYSTEMPATH\Database\BaseConnection.php(364): CodeIgniter\Database\BaseConnection->initialize()
 2 SYSTEMPATH\Database\Database.php(137): CodeIgniter\Database\BaseConnection->__construct([...])
 3 SYSTEMPATH\Database\Database.php(55): CodeIgniter\Database\Database->initDriver('MySQLi', 'Connection', [...])
 4 SYSTEMPATH\Database\Config.php(82): CodeIgniter\Database\Database->load([...], 'cloud')
 5 SYSTEMPATH\Model.php(153): CodeIgniter\Database\Config::connect('cloud')
 6 APPPATH\Controllers\Login.php(29): CodeIgniter\Model->__construct()
 7 SYSTEMPATH\CodeIgniter.php(913): App\Controllers\Login->__construct()
 8 SYSTEMPATH\CodeIgniter.php(493): CodeIgniter\CodeIgniter->createController()
 9 SYSTEMPATH\CodeIgniter.php(361): CodeIgniter\CodeIgniter->handleRequest(null, Object(Config\Cache), false)
10 FCPATH\index.php(79): CodeIgniter\CodeIgniter->run()
ERROR - 2025-09-09 03:06:12 --> Error connecting to the database: mysqli_sql_exception: Host 'localhost' is not allowed to connect to this MariaDB server in C:\xampp\htdocs\erp.test\system\Database\MySQLi\Connection.php:184
Stack trace:
#0 C:\xampp\htdocs\erp.test\system\Database\MySQLi\Connection.php(184): mysqli->real_connect('127.0.0.1', 'root', Object(SensitiveParameterValue), 'erp_local', 3306, '', 0)
#1 C:\xampp\htdocs\erp.test\system\Database\BaseConnection.php(392): CodeIgniter\Database\MySQLi\Connection->connect(false)
#2 C:\xampp\htdocs\erp.test\app\Config\Events.php(67): CodeIgniter\Database\BaseConnection->initialize()
#3 C:\xampp\htdocs\erp.test\system\Events\Events.php(154): CodeIgniter\Events\Events::Config\{closure}()
#4 C:\xampp\htdocs\erp.test\system\CodeIgniter.php(442): CodeIgniter\Events\Events::trigger('pre_system')
#5 C:\xampp\htdocs\erp.test\system\CodeIgniter.php(361): CodeIgniter\CodeIgniter->handleRequest(NULL, Object(Config\Cache), false)
#6 C:\xampp\htdocs\erp.test\public\index.php(79): CodeIgniter\CodeIgniter->run()
#7 {main}

Next CodeIgniter\Database\Exceptions\DatabaseException: Host 'localhost' is not allowed to connect to this MariaDB server in C:\xampp\htdocs\erp.test\system\Database\MySQLi\Connection.php:229
Stack trace:
#0 C:\xampp\htdocs\erp.test\system\Database\BaseConnection.php(392): CodeIgniter\Database\MySQLi\Connection->connect(false)
#1 C:\xampp\htdocs\erp.test\app\Config\Events.php(67): CodeIgniter\Database\BaseConnection->initialize()
#2 C:\xampp\htdocs\erp.test\system\Events\Events.php(154): CodeIgniter\Events\Events::Config\{closure}()
#3 C:\xampp\htdocs\erp.test\system\CodeIgniter.php(442): CodeIgniter\Events\Events::trigger('pre_system')
#4 C:\xampp\htdocs\erp.test\system\CodeIgniter.php(361): CodeIgniter\CodeIgniter->handleRequest(NULL, Object(Config\Cache), false)
#5 C:\xampp\htdocs\erp.test\public\index.php(79): CodeIgniter\CodeIgniter->run()
#6 {main}
ERROR - 2025-09-09 03:06:12 --> Auto-migration failed: Unable to connect to the database.
Main connection [MySQLi]: Host 'localhost' is not allowed to connect to this MariaDB server
INFO - 2025-09-09 03:06:12 --> Session: Class initialized using 'CodeIgniter\Session\Handlers\FileHandler' driver.
ERROR - 2025-09-09 03:06:12 --> Error connecting to the database: mysqli_sql_exception: Host 'localhost' is not allowed to connect to this MariaDB server in C:\xampp\htdocs\erp.test\system\Database\MySQLi\Connection.php:184
Stack trace:
#0 C:\xampp\htdocs\erp.test\system\Database\MySQLi\Connection.php(184): mysqli->real_connect('127.0.0.1', 'root', Object(SensitiveParameterValue), 'erp_local', 3306, '', 0)
#1 C:\xampp\htdocs\erp.test\system\Database\BaseConnection.php(392): CodeIgniter\Database\MySQLi\Connection->connect(false)
#2 C:\xampp\htdocs\erp.test\system\Database\BaseConnection.php(575): CodeIgniter\Database\BaseConnection->initialize()
#3 C:\xampp\htdocs\erp.test\system\Database\BaseBuilder.php(1616): CodeIgniter\Database\BaseConnection->query('SELECT *\nFROM `...', Array, false)
#4 C:\xampp\htdocs\erp.test\system\Model.php(270): CodeIgniter\Database\BaseBuilder->get()
#5 C:\xampp\htdocs\erp.test\system\BaseModel.php(676): CodeIgniter\Model->doFirst()
#6 C:\xampp\htdocs\erp.test\app\Controllers\Login.php(39): CodeIgniter\BaseModel->first()
#7 C:\xampp\htdocs\erp.test\system\CodeIgniter.php(941): App\Controllers\Login->index()
#8 C:\xampp\htdocs\erp.test\system\CodeIgniter.php(502): CodeIgniter\CodeIgniter->runController(Object(App\Controllers\Login))
#9 C:\xampp\htdocs\erp.test\system\CodeIgniter.php(361): CodeIgniter\CodeIgniter->handleRequest(NULL, Object(Config\Cache), false)
#10 C:\xampp\htdocs\erp.test\public\index.php(79): CodeIgniter\CodeIgniter->run()
#11 {main}

Next CodeIgniter\Database\Exceptions\DatabaseException: Host 'localhost' is not allowed to connect to this MariaDB server in C:\xampp\htdocs\erp.test\system\Database\MySQLi\Connection.php:229
Stack trace:
#0 C:\xampp\htdocs\erp.test\system\Database\BaseConnection.php(392): CodeIgniter\Database\MySQLi\Connection->connect(false)
#1 C:\xampp\htdocs\erp.test\system\Database\BaseConnection.php(575): CodeIgniter\Database\BaseConnection->initialize()
#2 C:\xampp\htdocs\erp.test\system\Database\BaseBuilder.php(1616): CodeIgniter\Database\BaseConnection->query('SELECT *\nFROM `...', Array, false)
#3 C:\xampp\htdocs\erp.test\system\Model.php(270): CodeIgniter\Database\BaseBuilder->get()
#4 C:\xampp\htdocs\erp.test\system\BaseModel.php(676): CodeIgniter\Model->doFirst()
#5 C:\xampp\htdocs\erp.test\app\Controllers\Login.php(39): CodeIgniter\BaseModel->first()
#6 C:\xampp\htdocs\erp.test\system\CodeIgniter.php(941): App\Controllers\Login->index()
#7 C:\xampp\htdocs\erp.test\system\CodeIgniter.php(502): CodeIgniter\CodeIgniter->runController(Object(App\Controllers\Login))
#8 C:\xampp\htdocs\erp.test\system\CodeIgniter.php(361): CodeIgniter\CodeIgniter->handleRequest(NULL, Object(Config\Cache), false)
#9 C:\xampp\htdocs\erp.test\public\index.php(79): CodeIgniter\CodeIgniter->run()
#10 {main}
CRITICAL - 2025-09-09 03:06:12 --> CodeIgniter\Database\Exceptions\DatabaseException: Unable to connect to the database.
Main connection [MySQLi]: Host 'localhost' is not allowed to connect to this MariaDB server
in SYSTEMPATH\Database\BaseConnection.php on line 428.
 1 SYSTEMPATH\Database\BaseConnection.php(575): CodeIgniter\Database\BaseConnection->initialize()
 2 SYSTEMPATH\Database\BaseBuilder.php(1616): CodeIgniter\Database\BaseConnection->query('SELECT *
FROM `configuracoes`
WHERE `id_config` = :id_config:
 LIMIT 1', [...], false)
 3 SYSTEMPATH\Model.php(270): CodeIgniter\Database\BaseBuilder->get()
 4 SYSTEMPATH\BaseModel.php(676): CodeIgniter\Model->doFirst()
 5 APPPATH\Controllers\Login.php(39): CodeIgniter\BaseModel->first()
 6 SYSTEMPATH\CodeIgniter.php(941): App\Controllers\Login->index()
 7 SYSTEMPATH\CodeIgniter.php(502): CodeIgniter\CodeIgniter->runController(Object(App\Controllers\Login))
 8 SYSTEMPATH\CodeIgniter.php(361): CodeIgniter\CodeIgniter->handleRequest(null, Object(Config\Cache), false)
 9 FCPATH\index.php(79): CodeIgniter\CodeIgniter->run()
ERROR - 2025-09-09 03:06:14 --> Error connecting to the database: mysqli_sql_exception: Host 'localhost' is not allowed to connect to this MariaDB server in C:\xampp\htdocs\erp.test\system\Database\MySQLi\Connection.php:184
Stack trace:
#0 C:\xampp\htdocs\erp.test\system\Database\MySQLi\Connection.php(184): mysqli->real_connect('127.0.0.1', 'root', Object(SensitiveParameterValue), 'erp_local', 3306, '', 0)
#1 C:\xampp\htdocs\erp.test\system\Database\BaseConnection.php(392): CodeIgniter\Database\MySQLi\Connection->connect(false)
#2 C:\xampp\htdocs\erp.test\app\Config\Events.php(67): CodeIgniter\Database\BaseConnection->initialize()
#3 C:\xampp\htdocs\erp.test\system\Events\Events.php(154): CodeIgniter\Events\Events::Config\{closure}()
#4 C:\xampp\htdocs\erp.test\system\CodeIgniter.php(442): CodeIgniter\Events\Events::trigger('pre_system')
#5 C:\xampp\htdocs\erp.test\system\CodeIgniter.php(361): CodeIgniter\CodeIgniter->handleRequest(NULL, Object(Config\Cache), false)
#6 C:\xampp\htdocs\erp.test\public\index.php(79): CodeIgniter\CodeIgniter->run()
#7 {main}

Next CodeIgniter\Database\Exceptions\DatabaseException: Host 'localhost' is not allowed to connect to this MariaDB server in C:\xampp\htdocs\erp.test\system\Database\MySQLi\Connection.php:229
Stack trace:
#0 C:\xampp\htdocs\erp.test\system\Database\BaseConnection.php(392): CodeIgniter\Database\MySQLi\Connection->connect(false)
#1 C:\xampp\htdocs\erp.test\app\Config\Events.php(67): CodeIgniter\Database\BaseConnection->initialize()
#2 C:\xampp\htdocs\erp.test\system\Events\Events.php(154): CodeIgniter\Events\Events::Config\{closure}()
#3 C:\xampp\htdocs\erp.test\system\CodeIgniter.php(442): CodeIgniter\Events\Events::trigger('pre_system')
#4 C:\xampp\htdocs\erp.test\system\CodeIgniter.php(361): CodeIgniter\CodeIgniter->handleRequest(NULL, Object(Config\Cache), false)
#5 C:\xampp\htdocs\erp.test\public\index.php(79): CodeIgniter\CodeIgniter->run()
#6 {main}
ERROR - 2025-09-09 03:06:14 --> Auto-migration failed: Unable to connect to the database.
Main connection [MySQLi]: Host 'localhost' is not allowed to connect to this MariaDB server
INFO - 2025-09-09 03:06:14 --> Session: Class initialized using 'CodeIgniter\Session\Handlers\FileHandler' driver.
ERROR - 2025-09-09 03:06:14 --> Error connecting to the database: mysqli_sql_exception: Host 'localhost' is not allowed to connect to this MariaDB server in C:\xampp\htdocs\erp.test\system\Database\MySQLi\Connection.php:184
Stack trace:
#0 C:\xampp\htdocs\erp.test\system\Database\MySQLi\Connection.php(184): mysqli->real_connect('127.0.0.1', 'root', Object(SensitiveParameterValue), 'erp_local', 3306, '', 0)
#1 C:\xampp\htdocs\erp.test\system\Database\BaseConnection.php(392): CodeIgniter\Database\MySQLi\Connection->connect(false)
#2 C:\xampp\htdocs\erp.test\system\Database\BaseConnection.php(575): CodeIgniter\Database\BaseConnection->initialize()
#3 C:\xampp\htdocs\erp.test\system\Database\BaseBuilder.php(1616): CodeIgniter\Database\BaseConnection->query('SELECT *\nFROM `...', Array, false)
#4 C:\xampp\htdocs\erp.test\system\Model.php(270): CodeIgniter\Database\BaseBuilder->get()
#5 C:\xampp\htdocs\erp.test\system\BaseModel.php(676): CodeIgniter\Model->doFirst()
#6 C:\xampp\htdocs\erp.test\app\Controllers\Login.php(39): CodeIgniter\BaseModel->first()
#7 C:\xampp\htdocs\erp.test\system\CodeIgniter.php(941): App\Controllers\Login->index()
#8 C:\xampp\htdocs\erp.test\system\CodeIgniter.php(502): CodeIgniter\CodeIgniter->runController(Object(App\Controllers\Login))
#9 C:\xampp\htdocs\erp.test\system\CodeIgniter.php(361): CodeIgniter\CodeIgniter->handleRequest(NULL, Object(Config\Cache), false)
#10 C:\xampp\htdocs\erp.test\public\index.php(79): CodeIgniter\CodeIgniter->run()
#11 {main}

Next CodeIgniter\Database\Exceptions\DatabaseException: Host 'localhost' is not allowed to connect to this MariaDB server in C:\xampp\htdocs\erp.test\system\Database\MySQLi\Connection.php:229
Stack trace:
#0 C:\xampp\htdocs\erp.test\system\Database\BaseConnection.php(392): CodeIgniter\Database\MySQLi\Connection->connect(false)
#1 C:\xampp\htdocs\erp.test\system\Database\BaseConnection.php(575): CodeIgniter\Database\BaseConnection->initialize()
#2 C:\xampp\htdocs\erp.test\system\Database\BaseBuilder.php(1616): CodeIgniter\Database\BaseConnection->query('SELECT *\nFROM `...', Array, false)
#3 C:\xampp\htdocs\erp.test\system\Model.php(270): CodeIgniter\Database\BaseBuilder->get()
#4 C:\xampp\htdocs\erp.test\system\BaseModel.php(676): CodeIgniter\Model->doFirst()
#5 C:\xampp\htdocs\erp.test\app\Controllers\Login.php(39): CodeIgniter\BaseModel->first()
#6 C:\xampp\htdocs\erp.test\system\CodeIgniter.php(941): App\Controllers\Login->index()
#7 C:\xampp\htdocs\erp.test\system\CodeIgniter.php(502): CodeIgniter\CodeIgniter->runController(Object(App\Controllers\Login))
#8 C:\xampp\htdocs\erp.test\system\CodeIgniter.php(361): CodeIgniter\CodeIgniter->handleRequest(NULL, Object(Config\Cache), false)
#9 C:\xampp\htdocs\erp.test\public\index.php(79): CodeIgniter\CodeIgniter->run()
#10 {main}
CRITICAL - 2025-09-09 03:06:14 --> CodeIgniter\Database\Exceptions\DatabaseException: Unable to connect to the database.
Main connection [MySQLi]: Host 'localhost' is not allowed to connect to this MariaDB server
in SYSTEMPATH\Database\BaseConnection.php on line 428.
 1 SYSTEMPATH\Database\BaseConnection.php(575): CodeIgniter\Database\BaseConnection->initialize()
 2 SYSTEMPATH\Database\BaseBuilder.php(1616): CodeIgniter\Database\BaseConnection->query('SELECT *
FROM `configuracoes`
WHERE `id_config` = :id_config:
 LIMIT 1', [...], false)
 3 SYSTEMPATH\Model.php(270): CodeIgniter\Database\BaseBuilder->get()
 4 SYSTEMPATH\BaseModel.php(676): CodeIgniter\Model->doFirst()
 5 APPPATH\Controllers\Login.php(39): CodeIgniter\BaseModel->first()
 6 SYSTEMPATH\CodeIgniter.php(941): App\Controllers\Login->index()
 7 SYSTEMPATH\CodeIgniter.php(502): CodeIgniter\CodeIgniter->runController(Object(App\Controllers\Login))
 8 SYSTEMPATH\CodeIgniter.php(361): CodeIgniter\CodeIgniter->handleRequest(null, Object(Config\Cache), false)
 9 FCPATH\index.php(79): CodeIgniter\CodeIgniter->run()
ERROR - 2025-09-09 03:06:15 --> Error connecting to the database: mysqli_sql_exception: Host 'localhost' is not allowed to connect to this MariaDB server in C:\xampp\htdocs\erp.test\system\Database\MySQLi\Connection.php:184
Stack trace:
#0 C:\xampp\htdocs\erp.test\system\Database\MySQLi\Connection.php(184): mysqli->real_connect('127.0.0.1', 'root', Object(SensitiveParameterValue), 'erp_local', 3306, '', 0)
#1 C:\xampp\htdocs\erp.test\system\Database\BaseConnection.php(392): CodeIgniter\Database\MySQLi\Connection->connect(false)
#2 C:\xampp\htdocs\erp.test\app\Config\Events.php(67): CodeIgniter\Database\BaseConnection->initialize()
#3 C:\xampp\htdocs\erp.test\system\Events\Events.php(154): CodeIgniter\Events\Events::Config\{closure}()
#4 C:\xampp\htdocs\erp.test\system\CodeIgniter.php(442): CodeIgniter\Events\Events::trigger('pre_system')
#5 C:\xampp\htdocs\erp.test\system\CodeIgniter.php(361): CodeIgniter\CodeIgniter->handleRequest(NULL, Object(Config\Cache), false)
#6 C:\xampp\htdocs\erp.test\public\index.php(79): CodeIgniter\CodeIgniter->run()
#7 {main}

Next CodeIgniter\Database\Exceptions\DatabaseException: Host 'localhost' is not allowed to connect to this MariaDB server in C:\xampp\htdocs\erp.test\system\Database\MySQLi\Connection.php:229
Stack trace:
#0 C:\xampp\htdocs\erp.test\system\Database\BaseConnection.php(392): CodeIgniter\Database\MySQLi\Connection->connect(false)
#1 C:\xampp\htdocs\erp.test\app\Config\Events.php(67): CodeIgniter\Database\BaseConnection->initialize()
#2 C:\xampp\htdocs\erp.test\system\Events\Events.php(154): CodeIgniter\Events\Events::Config\{closure}()
#3 C:\xampp\htdocs\erp.test\system\CodeIgniter.php(442): CodeIgniter\Events\Events::trigger('pre_system')
#4 C:\xampp\htdocs\erp.test\system\CodeIgniter.php(361): CodeIgniter\CodeIgniter->handleRequest(NULL, Object(Config\Cache), false)
#5 C:\xampp\htdocs\erp.test\public\index.php(79): CodeIgniter\CodeIgniter->run()
#6 {main}
ERROR - 2025-09-09 03:06:15 --> Auto-migration failed: Unable to connect to the database.
Main connection [MySQLi]: Host 'localhost' is not allowed to connect to this MariaDB server
INFO - 2025-09-09 03:06:15 --> Session: Class initialized using 'CodeIgniter\Session\Handlers\FileHandler' driver.
ERROR - 2025-09-09 03:06:15 --> Error connecting to the database: mysqli_sql_exception: Host 'localhost' is not allowed to connect to this MariaDB server in C:\xampp\htdocs\erp.test\system\Database\MySQLi\Connection.php:184
Stack trace:
#0 C:\xampp\htdocs\erp.test\system\Database\MySQLi\Connection.php(184): mysqli->real_connect('127.0.0.1', 'root', Object(SensitiveParameterValue), 'erp_local', 3306, '', 0)
#1 C:\xampp\htdocs\erp.test\system\Database\BaseConnection.php(392): CodeIgniter\Database\MySQLi\Connection->connect(false)
#2 C:\xampp\htdocs\erp.test\system\Database\BaseConnection.php(575): CodeIgniter\Database\BaseConnection->initialize()
#3 C:\xampp\htdocs\erp.test\system\Database\BaseBuilder.php(1616): CodeIgniter\Database\BaseConnection->query('SELECT *\nFROM `...', Array, false)
#4 C:\xampp\htdocs\erp.test\system\Model.php(270): CodeIgniter\Database\BaseBuilder->get()
#5 C:\xampp\htdocs\erp.test\system\BaseModel.php(676): CodeIgniter\Model->doFirst()
#6 C:\xampp\htdocs\erp.test\app\Controllers\Login.php(39): CodeIgniter\BaseModel->first()
#7 C:\xampp\htdocs\erp.test\system\CodeIgniter.php(941): App\Controllers\Login->index()
#8 C:\xampp\htdocs\erp.test\system\CodeIgniter.php(502): CodeIgniter\CodeIgniter->runController(Object(App\Controllers\Login))
#9 C:\xampp\htdocs\erp.test\system\CodeIgniter.php(361): CodeIgniter\CodeIgniter->handleRequest(NULL, Object(Config\Cache), false)
#10 C:\xampp\htdocs\erp.test\public\index.php(79): CodeIgniter\CodeIgniter->run()
#11 {main}

Next CodeIgniter\Database\Exceptions\DatabaseException: Host 'localhost' is not allowed to connect to this MariaDB server in C:\xampp\htdocs\erp.test\system\Database\MySQLi\Connection.php:229
Stack trace:
#0 C:\xampp\htdocs\erp.test\system\Database\BaseConnection.php(392): CodeIgniter\Database\MySQLi\Connection->connect(false)
#1 C:\xampp\htdocs\erp.test\system\Database\BaseConnection.php(575): CodeIgniter\Database\BaseConnection->initialize()
#2 C:\xampp\htdocs\erp.test\system\Database\BaseBuilder.php(1616): CodeIgniter\Database\BaseConnection->query('SELECT *\nFROM `...', Array, false)
#3 C:\xampp\htdocs\erp.test\system\Model.php(270): CodeIgniter\Database\BaseBuilder->get()
#4 C:\xampp\htdocs\erp.test\system\BaseModel.php(676): CodeIgniter\Model->doFirst()
#5 C:\xampp\htdocs\erp.test\app\Controllers\Login.php(39): CodeIgniter\BaseModel->first()
#6 C:\xampp\htdocs\erp.test\system\CodeIgniter.php(941): App\Controllers\Login->index()
#7 C:\xampp\htdocs\erp.test\system\CodeIgniter.php(502): CodeIgniter\CodeIgniter->runController(Object(App\Controllers\Login))
#8 C:\xampp\htdocs\erp.test\system\CodeIgniter.php(361): CodeIgniter\CodeIgniter->handleRequest(NULL, Object(Config\Cache), false)
#9 C:\xampp\htdocs\erp.test\public\index.php(79): CodeIgniter\CodeIgniter->run()
#10 {main}
CRITICAL - 2025-09-09 03:06:15 --> CodeIgniter\Database\Exceptions\DatabaseException: Unable to connect to the database.
Main connection [MySQLi]: Host 'localhost' is not allowed to connect to this MariaDB server
in SYSTEMPATH\Database\BaseConnection.php on line 428.
 1 SYSTEMPATH\Database\BaseConnection.php(575): CodeIgniter\Database\BaseConnection->initialize()
 2 SYSTEMPATH\Database\BaseBuilder.php(1616): CodeIgniter\Database\BaseConnection->query('SELECT *
FROM `configuracoes`
WHERE `id_config` = :id_config:
 LIMIT 1', [...], false)
 3 SYSTEMPATH\Model.php(270): CodeIgniter\Database\BaseBuilder->get()
 4 SYSTEMPATH\BaseModel.php(676): CodeIgniter\Model->doFirst()
 5 APPPATH\Controllers\Login.php(39): CodeIgniter\BaseModel->first()
 6 SYSTEMPATH\CodeIgniter.php(941): App\Controllers\Login->index()
 7 SYSTEMPATH\CodeIgniter.php(502): CodeIgniter\CodeIgniter->runController(Object(App\Controllers\Login))
 8 SYSTEMPATH\CodeIgniter.php(361): CodeIgniter\CodeIgniter->handleRequest(null, Object(Config\Cache), false)
 9 FCPATH\index.php(79): CodeIgniter\CodeIgniter->run()
ERROR - 2025-09-09 03:18:05 --> Error connecting to the database: mysqli_sql_exception: Unknown database 'erp_local' in C:\xampp\htdocs\erp.test\system\Database\MySQLi\Connection.php:184
Stack trace:
#0 C:\xampp\htdocs\erp.test\system\Database\MySQLi\Connection.php(184): mysqli->real_connect('127.0.0.1', 'root', Object(SensitiveParameterValue), 'erp_local', 3306, '', 0)
#1 C:\xampp\htdocs\erp.test\system\Database\BaseConnection.php(392): CodeIgniter\Database\MySQLi\Connection->connect(false)
#2 C:\xampp\htdocs\erp.test\app\Config\Events.php(67): CodeIgniter\Database\BaseConnection->initialize()
#3 C:\xampp\htdocs\erp.test\system\Events\Events.php(154): CodeIgniter\Events\Events::Config\{closure}()
#4 C:\xampp\htdocs\erp.test\system\CodeIgniter.php(442): CodeIgniter\Events\Events::trigger('pre_system')
#5 C:\xampp\htdocs\erp.test\system\CodeIgniter.php(361): CodeIgniter\CodeIgniter->handleRequest(NULL, Object(Config\Cache), false)
#6 C:\xampp\htdocs\erp.test\public\index.php(79): CodeIgniter\CodeIgniter->run()
#7 {main}

Next CodeIgniter\Database\Exceptions\DatabaseException: Unknown database 'erp_local' in C:\xampp\htdocs\erp.test\system\Database\MySQLi\Connection.php:229
Stack trace:
#0 C:\xampp\htdocs\erp.test\system\Database\BaseConnection.php(392): CodeIgniter\Database\MySQLi\Connection->connect(false)
#1 C:\xampp\htdocs\erp.test\app\Config\Events.php(67): CodeIgniter\Database\BaseConnection->initialize()
#2 C:\xampp\htdocs\erp.test\system\Events\Events.php(154): CodeIgniter\Events\Events::Config\{closure}()
#3 C:\xampp\htdocs\erp.test\system\CodeIgniter.php(442): CodeIgniter\Events\Events::trigger('pre_system')
#4 C:\xampp\htdocs\erp.test\system\CodeIgniter.php(361): CodeIgniter\CodeIgniter->handleRequest(NULL, Object(Config\Cache), false)
#5 C:\xampp\htdocs\erp.test\public\index.php(79): CodeIgniter\CodeIgniter->run()
#6 {main}
ERROR - 2025-09-09 03:18:05 --> Auto-migration failed: Unable to connect to the database.
Main connection [MySQLi]: Unknown database 'erp_local'
INFO - 2025-09-09 03:18:05 --> Session: Class initialized using 'CodeIgniter\Session\Handlers\FileHandler' driver.
ERROR - 2025-09-09 03:18:05 --> Error connecting to the database: mysqli_sql_exception: Unknown database 'erp_local' in C:\xampp\htdocs\erp.test\system\Database\MySQLi\Connection.php:184
Stack trace:
#0 C:\xampp\htdocs\erp.test\system\Database\MySQLi\Connection.php(184): mysqli->real_connect('127.0.0.1', 'root', Object(SensitiveParameterValue), 'erp_local', 3306, '', 0)
#1 C:\xampp\htdocs\erp.test\system\Database\BaseConnection.php(392): CodeIgniter\Database\MySQLi\Connection->connect(false)
#2 C:\xampp\htdocs\erp.test\system\Database\BaseConnection.php(575): CodeIgniter\Database\BaseConnection->initialize()
#3 C:\xampp\htdocs\erp.test\system\Database\BaseBuilder.php(1616): CodeIgniter\Database\BaseConnection->query('SELECT *\nFROM `...', Array, false)
#4 C:\xampp\htdocs\erp.test\system\Model.php(270): CodeIgniter\Database\BaseBuilder->get()
#5 C:\xampp\htdocs\erp.test\system\BaseModel.php(676): CodeIgniter\Model->doFirst()
#6 C:\xampp\htdocs\erp.test\app\Controllers\Login.php(39): CodeIgniter\BaseModel->first()
#7 C:\xampp\htdocs\erp.test\system\CodeIgniter.php(941): App\Controllers\Login->index()
#8 C:\xampp\htdocs\erp.test\system\CodeIgniter.php(502): CodeIgniter\CodeIgniter->runController(Object(App\Controllers\Login))
#9 C:\xampp\htdocs\erp.test\system\CodeIgniter.php(361): CodeIgniter\CodeIgniter->handleRequest(NULL, Object(Config\Cache), false)
#10 C:\xampp\htdocs\erp.test\public\index.php(79): CodeIgniter\CodeIgniter->run()
#11 {main}

Next CodeIgniter\Database\Exceptions\DatabaseException: Unknown database 'erp_local' in C:\xampp\htdocs\erp.test\system\Database\MySQLi\Connection.php:229
Stack trace:
#0 C:\xampp\htdocs\erp.test\system\Database\BaseConnection.php(392): CodeIgniter\Database\MySQLi\Connection->connect(false)
#1 C:\xampp\htdocs\erp.test\system\Database\BaseConnection.php(575): CodeIgniter\Database\BaseConnection->initialize()
#2 C:\xampp\htdocs\erp.test\system\Database\BaseBuilder.php(1616): CodeIgniter\Database\BaseConnection->query('SELECT *\nFROM `...', Array, false)
#3 C:\xampp\htdocs\erp.test\system\Model.php(270): CodeIgniter\Database\BaseBuilder->get()
#4 C:\xampp\htdocs\erp.test\system\BaseModel.php(676): CodeIgniter\Model->doFirst()
#5 C:\xampp\htdocs\erp.test\app\Controllers\Login.php(39): CodeIgniter\BaseModel->first()
#6 C:\xampp\htdocs\erp.test\system\CodeIgniter.php(941): App\Controllers\Login->index()
#7 C:\xampp\htdocs\erp.test\system\CodeIgniter.php(502): CodeIgniter\CodeIgniter->runController(Object(App\Controllers\Login))
#8 C:\xampp\htdocs\erp.test\system\CodeIgniter.php(361): CodeIgniter\CodeIgniter->handleRequest(NULL, Object(Config\Cache), false)
#9 C:\xampp\htdocs\erp.test\public\index.php(79): CodeIgniter\CodeIgniter->run()
#10 {main}
CRITICAL - 2025-09-09 03:18:05 --> CodeIgniter\Database\Exceptions\DatabaseException: Unable to connect to the database.
Main connection [MySQLi]: Unknown database 'erp_local'
in SYSTEMPATH\Database\BaseConnection.php on line 428.
 1 SYSTEMPATH\Database\BaseConnection.php(575): CodeIgniter\Database\BaseConnection->initialize()
 2 SYSTEMPATH\Database\BaseBuilder.php(1616): CodeIgniter\Database\BaseConnection->query('SELECT *
FROM `configuracoes`
WHERE `id_config` = :id_config:
 LIMIT 1', [...], false)
 3 SYSTEMPATH\Model.php(270): CodeIgniter\Database\BaseBuilder->get()
 4 SYSTEMPATH\BaseModel.php(676): CodeIgniter\Model->doFirst()
 5 APPPATH\Controllers\Login.php(39): CodeIgniter\BaseModel->first()
 6 SYSTEMPATH\CodeIgniter.php(941): App\Controllers\Login->index()
 7 SYSTEMPATH\CodeIgniter.php(502): CodeIgniter\CodeIgniter->runController(Object(App\Controllers\Login))
 8 SYSTEMPATH\CodeIgniter.php(361): CodeIgniter\CodeIgniter->handleRequest(null, Object(Config\Cache), false)
 9 FCPATH\index.php(79): CodeIgniter\CodeIgniter->run()
ERROR - 2025-09-09 03:18:10 --> Error connecting to the database: mysqli_sql_exception: Unknown database 'erp_local' in C:\xampp\htdocs\erp.test\system\Database\MySQLi\Connection.php:184
Stack trace:
#0 C:\xampp\htdocs\erp.test\system\Database\MySQLi\Connection.php(184): mysqli->real_connect('127.0.0.1', 'root', Object(SensitiveParameterValue), 'erp_local', 3306, '', 0)
#1 C:\xampp\htdocs\erp.test\system\Database\BaseConnection.php(392): CodeIgniter\Database\MySQLi\Connection->connect(false)
#2 C:\xampp\htdocs\erp.test\app\Config\Events.php(67): CodeIgniter\Database\BaseConnection->initialize()
#3 C:\xampp\htdocs\erp.test\system\Events\Events.php(154): CodeIgniter\Events\Events::Config\{closure}()
#4 C:\xampp\htdocs\erp.test\system\CodeIgniter.php(442): CodeIgniter\Events\Events::trigger('pre_system')
#5 C:\xampp\htdocs\erp.test\system\CodeIgniter.php(361): CodeIgniter\CodeIgniter->handleRequest(NULL, Object(Config\Cache), false)
#6 C:\xampp\htdocs\erp.test\public\index.php(79): CodeIgniter\CodeIgniter->run()
#7 {main}

Next CodeIgniter\Database\Exceptions\DatabaseException: Unknown database 'erp_local' in C:\xampp\htdocs\erp.test\system\Database\MySQLi\Connection.php:229
Stack trace:
#0 C:\xampp\htdocs\erp.test\system\Database\BaseConnection.php(392): CodeIgniter\Database\MySQLi\Connection->connect(false)
#1 C:\xampp\htdocs\erp.test\app\Config\Events.php(67): CodeIgniter\Database\BaseConnection->initialize()
#2 C:\xampp\htdocs\erp.test\system\Events\Events.php(154): CodeIgniter\Events\Events::Config\{closure}()
#3 C:\xampp\htdocs\erp.test\system\CodeIgniter.php(442): CodeIgniter\Events\Events::trigger('pre_system')
#4 C:\xampp\htdocs\erp.test\system\CodeIgniter.php(361): CodeIgniter\CodeIgniter->handleRequest(NULL, Object(Config\Cache), false)
#5 C:\xampp\htdocs\erp.test\public\index.php(79): CodeIgniter\CodeIgniter->run()
#6 {main}
ERROR - 2025-09-09 03:18:10 --> Auto-migration failed: Unable to connect to the database.
Main connection [MySQLi]: Unknown database 'erp_local'
INFO - 2025-09-09 03:18:10 --> Session: Class initialized using 'CodeIgniter\Session\Handlers\FileHandler' driver.
ERROR - 2025-09-09 03:18:10 --> Error connecting to the database: mysqli_sql_exception: Unknown database 'erp_local' in C:\xampp\htdocs\erp.test\system\Database\MySQLi\Connection.php:184
Stack trace:
#0 C:\xampp\htdocs\erp.test\system\Database\MySQLi\Connection.php(184): mysqli->real_connect('127.0.0.1', 'root', Object(SensitiveParameterValue), 'erp_local', 3306, '', 0)
#1 C:\xampp\htdocs\erp.test\system\Database\BaseConnection.php(392): CodeIgniter\Database\MySQLi\Connection->connect(false)
#2 C:\xampp\htdocs\erp.test\system\Database\BaseConnection.php(575): CodeIgniter\Database\BaseConnection->initialize()
#3 C:\xampp\htdocs\erp.test\system\Database\BaseBuilder.php(1616): CodeIgniter\Database\BaseConnection->query('SELECT *\nFROM `...', Array, false)
#4 C:\xampp\htdocs\erp.test\system\Model.php(270): CodeIgniter\Database\BaseBuilder->get()
#5 C:\xampp\htdocs\erp.test\system\BaseModel.php(676): CodeIgniter\Model->doFirst()
#6 C:\xampp\htdocs\erp.test\app\Controllers\Login.php(39): CodeIgniter\BaseModel->first()
#7 C:\xampp\htdocs\erp.test\system\CodeIgniter.php(941): App\Controllers\Login->index()
#8 C:\xampp\htdocs\erp.test\system\CodeIgniter.php(502): CodeIgniter\CodeIgniter->runController(Object(App\Controllers\Login))
#9 C:\xampp\htdocs\erp.test\system\CodeIgniter.php(361): CodeIgniter\CodeIgniter->handleRequest(NULL, Object(Config\Cache), false)
#10 C:\xampp\htdocs\erp.test\public\index.php(79): CodeIgniter\CodeIgniter->run()
#11 {main}

Next CodeIgniter\Database\Exceptions\DatabaseException: Unknown database 'erp_local' in C:\xampp\htdocs\erp.test\system\Database\MySQLi\Connection.php:229
Stack trace:
#0 C:\xampp\htdocs\erp.test\system\Database\BaseConnection.php(392): CodeIgniter\Database\MySQLi\Connection->connect(false)
#1 C:\xampp\htdocs\erp.test\system\Database\BaseConnection.php(575): CodeIgniter\Database\BaseConnection->initialize()
#2 C:\xampp\htdocs\erp.test\system\Database\BaseBuilder.php(1616): CodeIgniter\Database\BaseConnection->query('SELECT *\nFROM `...', Array, false)
#3 C:\xampp\htdocs\erp.test\system\Model.php(270): CodeIgniter\Database\BaseBuilder->get()
#4 C:\xampp\htdocs\erp.test\system\BaseModel.php(676): CodeIgniter\Model->doFirst()
#5 C:\xampp\htdocs\erp.test\app\Controllers\Login.php(39): CodeIgniter\BaseModel->first()
#6 C:\xampp\htdocs\erp.test\system\CodeIgniter.php(941): App\Controllers\Login->index()
#7 C:\xampp\htdocs\erp.test\system\CodeIgniter.php(502): CodeIgniter\CodeIgniter->runController(Object(App\Controllers\Login))
#8 C:\xampp\htdocs\erp.test\system\CodeIgniter.php(361): CodeIgniter\CodeIgniter->handleRequest(NULL, Object(Config\Cache), false)
#9 C:\xampp\htdocs\erp.test\public\index.php(79): CodeIgniter\CodeIgniter->run()
#10 {main}
CRITICAL - 2025-09-09 03:18:10 --> CodeIgniter\Database\Exceptions\DatabaseException: Unable to connect to the database.
Main connection [MySQLi]: Unknown database 'erp_local'
in SYSTEMPATH\Database\BaseConnection.php on line 428.
 1 SYSTEMPATH\Database\BaseConnection.php(575): CodeIgniter\Database\BaseConnection->initialize()
 2 SYSTEMPATH\Database\BaseBuilder.php(1616): CodeIgniter\Database\BaseConnection->query('SELECT *
FROM `configuracoes`
WHERE `id_config` = :id_config:
 LIMIT 1', [...], false)
 3 SYSTEMPATH\Model.php(270): CodeIgniter\Database\BaseBuilder->get()
 4 SYSTEMPATH\BaseModel.php(676): CodeIgniter\Model->doFirst()
 5 APPPATH\Controllers\Login.php(39): CodeIgniter\BaseModel->first()
 6 SYSTEMPATH\CodeIgniter.php(941): App\Controllers\Login->index()
 7 SYSTEMPATH\CodeIgniter.php(502): CodeIgniter\CodeIgniter->runController(Object(App\Controllers\Login))
 8 SYSTEMPATH\CodeIgniter.php(361): CodeIgniter\CodeIgniter->handleRequest(null, Object(Config\Cache), false)
 9 FCPATH\index.php(79): CodeIgniter\CodeIgniter->run()
ERROR - 2025-09-09 03:18:16 --> Error connecting to the database: mysqli_sql_exception: Unknown database 'erp_local' in C:\xampp\htdocs\erp.test\system\Database\MySQLi\Connection.php:184
Stack trace:
#0 C:\xampp\htdocs\erp.test\system\Database\MySQLi\Connection.php(184): mysqli->real_connect('127.0.0.1', 'root', Object(SensitiveParameterValue), 'erp_local', 3306, '', 0)
#1 C:\xampp\htdocs\erp.test\system\Database\BaseConnection.php(392): CodeIgniter\Database\MySQLi\Connection->connect(false)
#2 C:\xampp\htdocs\erp.test\app\Config\Events.php(67): CodeIgniter\Database\BaseConnection->initialize()
#3 C:\xampp\htdocs\erp.test\system\Events\Events.php(154): CodeIgniter\Events\Events::Config\{closure}()
#4 C:\xampp\htdocs\erp.test\system\CodeIgniter.php(442): CodeIgniter\Events\Events::trigger('pre_system')
#5 C:\xampp\htdocs\erp.test\system\CodeIgniter.php(361): CodeIgniter\CodeIgniter->handleRequest(NULL, Object(Config\Cache), false)
#6 C:\xampp\htdocs\erp.test\public\index.php(79): CodeIgniter\CodeIgniter->run()
#7 {main}

Next CodeIgniter\Database\Exceptions\DatabaseException: Unknown database 'erp_local' in C:\xampp\htdocs\erp.test\system\Database\MySQLi\Connection.php:229
Stack trace:
#0 C:\xampp\htdocs\erp.test\system\Database\BaseConnection.php(392): CodeIgniter\Database\MySQLi\Connection->connect(false)
#1 C:\xampp\htdocs\erp.test\app\Config\Events.php(67): CodeIgniter\Database\BaseConnection->initialize()
#2 C:\xampp\htdocs\erp.test\system\Events\Events.php(154): CodeIgniter\Events\Events::Config\{closure}()
#3 C:\xampp\htdocs\erp.test\system\CodeIgniter.php(442): CodeIgniter\Events\Events::trigger('pre_system')
#4 C:\xampp\htdocs\erp.test\system\CodeIgniter.php(361): CodeIgniter\CodeIgniter->handleRequest(NULL, Object(Config\Cache), false)
#5 C:\xampp\htdocs\erp.test\public\index.php(79): CodeIgniter\CodeIgniter->run()
#6 {main}
ERROR - 2025-09-09 03:18:16 --> Auto-migration failed: Unable to connect to the database.
Main connection [MySQLi]: Unknown database 'erp_local'
INFO - 2025-09-09 03:18:16 --> Session: Class initialized using 'CodeIgniter\Session\Handlers\FileHandler' driver.
ERROR - 2025-09-09 03:18:16 --> Error connecting to the database: mysqli_sql_exception: Unknown database 'erp_local' in C:\xampp\htdocs\erp.test\system\Database\MySQLi\Connection.php:184
Stack trace:
#0 C:\xampp\htdocs\erp.test\system\Database\MySQLi\Connection.php(184): mysqli->real_connect('127.0.0.1', 'root', Object(SensitiveParameterValue), 'erp_local', 3306, '', 0)
#1 C:\xampp\htdocs\erp.test\system\Database\BaseConnection.php(392): CodeIgniter\Database\MySQLi\Connection->connect(false)
#2 C:\xampp\htdocs\erp.test\system\Database\BaseConnection.php(575): CodeIgniter\Database\BaseConnection->initialize()
#3 C:\xampp\htdocs\erp.test\system\Database\BaseBuilder.php(1616): CodeIgniter\Database\BaseConnection->query('SELECT *\nFROM `...', Array, false)
#4 C:\xampp\htdocs\erp.test\system\Model.php(270): CodeIgniter\Database\BaseBuilder->get()
#5 C:\xampp\htdocs\erp.test\system\BaseModel.php(676): CodeIgniter\Model->doFirst()
#6 C:\xampp\htdocs\erp.test\app\Controllers\Login.php(39): CodeIgniter\BaseModel->first()
#7 C:\xampp\htdocs\erp.test\system\CodeIgniter.php(941): App\Controllers\Login->index()
#8 C:\xampp\htdocs\erp.test\system\CodeIgniter.php(502): CodeIgniter\CodeIgniter->runController(Object(App\Controllers\Login))
#9 C:\xampp\htdocs\erp.test\system\CodeIgniter.php(361): CodeIgniter\CodeIgniter->handleRequest(NULL, Object(Config\Cache), false)
#10 C:\xampp\htdocs\erp.test\public\index.php(79): CodeIgniter\CodeIgniter->run()
#11 {main}

Next CodeIgniter\Database\Exceptions\DatabaseException: Unknown database 'erp_local' in C:\xampp\htdocs\erp.test\system\Database\MySQLi\Connection.php:229
Stack trace:
#0 C:\xampp\htdocs\erp.test\system\Database\BaseConnection.php(392): CodeIgniter\Database\MySQLi\Connection->connect(false)
#1 C:\xampp\htdocs\erp.test\system\Database\BaseConnection.php(575): CodeIgniter\Database\BaseConnection->initialize()
#2 C:\xampp\htdocs\erp.test\system\Database\BaseBuilder.php(1616): CodeIgniter\Database\BaseConnection->query('SELECT *\nFROM `...', Array, false)
#3 C:\xampp\htdocs\erp.test\system\Model.php(270): CodeIgniter\Database\BaseBuilder->get()
#4 C:\xampp\htdocs\erp.test\system\BaseModel.php(676): CodeIgniter\Model->doFirst()
#5 C:\xampp\htdocs\erp.test\app\Controllers\Login.php(39): CodeIgniter\BaseModel->first()
#6 C:\xampp\htdocs\erp.test\system\CodeIgniter.php(941): App\Controllers\Login->index()
#7 C:\xampp\htdocs\erp.test\system\CodeIgniter.php(502): CodeIgniter\CodeIgniter->runController(Object(App\Controllers\Login))
#8 C:\xampp\htdocs\erp.test\system\CodeIgniter.php(361): CodeIgniter\CodeIgniter->handleRequest(NULL, Object(Config\Cache), false)
#9 C:\xampp\htdocs\erp.test\public\index.php(79): CodeIgniter\CodeIgniter->run()
#10 {main}
CRITICAL - 2025-09-09 03:18:16 --> CodeIgniter\Database\Exceptions\DatabaseException: Unable to connect to the database.
Main connection [MySQLi]: Unknown database 'erp_local'
in SYSTEMPATH\Database\BaseConnection.php on line 428.
 1 SYSTEMPATH\Database\BaseConnection.php(575): CodeIgniter\Database\BaseConnection->initialize()
 2 SYSTEMPATH\Database\BaseBuilder.php(1616): CodeIgniter\Database\BaseConnection->query('SELECT *
FROM `configuracoes`
WHERE `id_config` = :id_config:
 LIMIT 1', [...], false)
 3 SYSTEMPATH\Model.php(270): CodeIgniter\Database\BaseBuilder->get()
 4 SYSTEMPATH\BaseModel.php(676): CodeIgniter\Model->doFirst()
 5 APPPATH\Controllers\Login.php(39): CodeIgniter\BaseModel->first()
 6 SYSTEMPATH\CodeIgniter.php(941): App\Controllers\Login->index()
 7 SYSTEMPATH\CodeIgniter.php(502): CodeIgniter\CodeIgniter->runController(Object(App\Controllers\Login))
 8 SYSTEMPATH\CodeIgniter.php(361): CodeIgniter\CodeIgniter->handleRequest(null, Object(Config\Cache), false)
 9 FCPATH\index.php(79): CodeIgniter\CodeIgniter->run()
INFO - 2025-09-09 03:18:49 --> Session: Class initialized using 'CodeIgniter\Session\Handlers\FileHandler' driver.
INFO - 2025-09-09 03:19:04 --> CSRF token verified.
INFO - 2025-09-09 03:19:04 --> Session: Class initialized using 'CodeIgniter\Session\Handlers\FileHandler' driver.
INFO - 2025-09-09 03:19:04 --> Session: Class initialized using 'CodeIgniter\Session\Handlers\FileHandler' driver.
INFO - 2025-09-09 03:19:07 --> Session: Class initialized using 'CodeIgniter\Session\Handlers\FileHandler' driver.
INFO - 2025-09-09 03:19:08 --> Session: Class initialized using 'CodeIgniter\Session\Handlers\FileHandler' driver.
INFO - 2025-09-09 03:19:09 --> Session: Class initialized using 'CodeIgniter\Session\Handlers\FileHandler' driver.
INFO - 2025-09-09 03:19:11 --> Session: Class initialized using 'CodeIgniter\Session\Handlers\FileHandler' driver.
INFO - 2025-09-09 03:20:38 --> Session: Class initialized using 'CodeIgniter\Session\Handlers\FileHandler' driver.
INFO - 2025-09-09 03:20:39 --> Session: Class initialized using 'CodeIgniter\Session\Handlers\FileHandler' driver.
INFO - 2025-09-09 03:20:39 --> Session: Class initialized using 'CodeIgniter\Session\Handlers\FileHandler' driver.
ERROR - 2025-09-09 03:32:10 --> mysqli_sql_exception: Invalid default value for 'created_at' in C:\xampp\htdocs\erp.test\system\Database\MySQLi\Connection.php:306
Stack trace:
#0 C:\xampp\htdocs\erp.test\system\Database\MySQLi\Connection.php(306): mysqli->query('CREATE TABLE `o...', 0)
#1 C:\xampp\htdocs\erp.test\system\Database\BaseConnection.php(693): CodeIgniter\Database\MySQLi\Connection->execute('CREATE TABLE `o...')
#2 C:\xampp\htdocs\erp.test\system\Database\BaseConnection.php(607): CodeIgniter\Database\BaseConnection->simpleQuery('CREATE TABLE `o...')
#3 C:\xampp\htdocs\erp.test\system\Database\Forge.php(555): CodeIgniter\Database\BaseConnection->query('CREATE TABLE `o...')
#4 C:\xampp\htdocs\erp.test\app\Database\Migrations\2025-09-09-000001_outbox_and_indexes.php(47): CodeIgniter\Database\Forge->createTable('outbox_events', true)
#5 C:\xampp\htdocs\erp.test\system\Database\MigrationRunner.php(865): App\Database\Migrations\OutboxAndIndexes->up()
#6 C:\xampp\htdocs\erp.test\system\Database\MigrationRunner.php(181): CodeIgniter\Database\MigrationRunner->migrate('up', Object(stdClass))
#7 C:\xampp\htdocs\erp.test\app\Config\Events.php(75): CodeIgniter\Database\MigrationRunner->latest()
#8 C:\xampp\htdocs\erp.test\system\Events\Events.php(154): CodeIgniter\Events\Events::Config\{closure}()
#9 C:\xampp\htdocs\erp.test\system\CodeIgniter.php(442): CodeIgniter\Events\Events::trigger('pre_system')
#10 C:\xampp\htdocs\erp.test\system\CodeIgniter.php(361): CodeIgniter\CodeIgniter->handleRequest(NULL, Object(Config\Cache), false)
#11 C:\xampp\htdocs\erp.test\public\index.php(79): CodeIgniter\CodeIgniter->run()
#12 {main}
ERROR - 2025-09-09 03:32:10 --> Auto-migration failed: Invalid default value for 'created_at'
INFO - 2025-09-09 03:32:10 --> Session: Class initialized using 'CodeIgniter\Session\Handlers\FileHandler' driver.
ERROR - 2025-09-09 03:32:12 --> mysqli_sql_exception: Invalid default value for 'created_at' in C:\xampp\htdocs\erp.test\system\Database\MySQLi\Connection.php:306
Stack trace:
#0 C:\xampp\htdocs\erp.test\system\Database\MySQLi\Connection.php(306): mysqli->query('CREATE TABLE `o...', 0)
#1 C:\xampp\htdocs\erp.test\system\Database\BaseConnection.php(693): CodeIgniter\Database\MySQLi\Connection->execute('CREATE TABLE `o...')
#2 C:\xampp\htdocs\erp.test\system\Database\BaseConnection.php(607): CodeIgniter\Database\BaseConnection->simpleQuery('CREATE TABLE `o...')
#3 C:\xampp\htdocs\erp.test\system\Database\Forge.php(555): CodeIgniter\Database\BaseConnection->query('CREATE TABLE `o...')
#4 C:\xampp\htdocs\erp.test\app\Database\Migrations\2025-09-09-000001_outbox_and_indexes.php(47): CodeIgniter\Database\Forge->createTable('outbox_events', true)
#5 C:\xampp\htdocs\erp.test\system\Database\MigrationRunner.php(865): App\Database\Migrations\OutboxAndIndexes->up()
#6 C:\xampp\htdocs\erp.test\system\Database\MigrationRunner.php(181): CodeIgniter\Database\MigrationRunner->migrate('up', Object(stdClass))
#7 C:\xampp\htdocs\erp.test\app\Config\Events.php(75): CodeIgniter\Database\MigrationRunner->latest()
#8 C:\xampp\htdocs\erp.test\system\Events\Events.php(154): CodeIgniter\Events\Events::Config\{closure}()
#9 C:\xampp\htdocs\erp.test\system\CodeIgniter.php(442): CodeIgniter\Events\Events::trigger('pre_system')
#10 C:\xampp\htdocs\erp.test\system\CodeIgniter.php(361): CodeIgniter\CodeIgniter->handleRequest(NULL, Object(Config\Cache), false)
#11 C:\xampp\htdocs\erp.test\public\index.php(79): CodeIgniter\CodeIgniter->run()
#12 {main}
ERROR - 2025-09-09 03:32:12 --> Auto-migration failed: Invalid default value for 'created_at'
INFO - 2025-09-09 03:32:12 --> CSRF token verified.
INFO - 2025-09-09 03:32:12 --> Session: Class initialized using 'CodeIgniter\Session\Handlers\FileHandler' driver.
ERROR - 2025-09-09 03:32:13 --> mysqli_sql_exception: Invalid default value for 'created_at' in C:\xampp\htdocs\erp.test\system\Database\MySQLi\Connection.php:306
Stack trace:
#0 C:\xampp\htdocs\erp.test\system\Database\MySQLi\Connection.php(306): mysqli->query('CREATE TABLE `o...', 0)
#1 C:\xampp\htdocs\erp.test\system\Database\BaseConnection.php(693): CodeIgniter\Database\MySQLi\Connection->execute('CREATE TABLE `o...')
#2 C:\xampp\htdocs\erp.test\system\Database\BaseConnection.php(607): CodeIgniter\Database\BaseConnection->simpleQuery('CREATE TABLE `o...')
#3 C:\xampp\htdocs\erp.test\system\Database\Forge.php(555): CodeIgniter\Database\BaseConnection->query('CREATE TABLE `o...')
#4 C:\xampp\htdocs\erp.test\app\Database\Migrations\2025-09-09-000001_outbox_and_indexes.php(47): CodeIgniter\Database\Forge->createTable('outbox_events', true)
#5 C:\xampp\htdocs\erp.test\system\Database\MigrationRunner.php(865): App\Database\Migrations\OutboxAndIndexes->up()
#6 C:\xampp\htdocs\erp.test\system\Database\MigrationRunner.php(181): CodeIgniter\Database\MigrationRunner->migrate('up', Object(stdClass))
#7 C:\xampp\htdocs\erp.test\app\Config\Events.php(75): CodeIgniter\Database\MigrationRunner->latest()
#8 C:\xampp\htdocs\erp.test\system\Events\Events.php(154): CodeIgniter\Events\Events::Config\{closure}()
#9 C:\xampp\htdocs\erp.test\system\CodeIgniter.php(442): CodeIgniter\Events\Events::trigger('pre_system')
#10 C:\xampp\htdocs\erp.test\system\CodeIgniter.php(361): CodeIgniter\CodeIgniter->handleRequest(NULL, Object(Config\Cache), false)
#11 C:\xampp\htdocs\erp.test\public\index.php(79): CodeIgniter\CodeIgniter->run()
#12 {main}
ERROR - 2025-09-09 03:32:13 --> Auto-migration failed: Invalid default value for 'created_at'
INFO - 2025-09-09 03:32:13 --> Session: Class initialized using 'CodeIgniter\Session\Handlers\FileHandler' driver.
ERROR - 2025-09-09 03:35:47 --> mysqli_sql_exception: Invalid default value for 'created_at' in C:\xampp\htdocs\erp.test\system\Database\MySQLi\Connection.php:306
Stack trace:
#0 C:\xampp\htdocs\erp.test\system\Database\MySQLi\Connection.php(306): mysqli->query('CREATE TABLE `o...', 0)
#1 C:\xampp\htdocs\erp.test\system\Database\BaseConnection.php(693): CodeIgniter\Database\MySQLi\Connection->execute('CREATE TABLE `o...')
#2 C:\xampp\htdocs\erp.test\system\Database\BaseConnection.php(607): CodeIgniter\Database\BaseConnection->simpleQuery('CREATE TABLE `o...')
#3 C:\xampp\htdocs\erp.test\system\Database\Forge.php(555): CodeIgniter\Database\BaseConnection->query('CREATE TABLE `o...')
#4 C:\xampp\htdocs\erp.test\app\Database\Migrations\2025-09-09-000001_outbox_and_indexes.php(47): CodeIgniter\Database\Forge->createTable('outbox_events', true)
#5 C:\xampp\htdocs\erp.test\system\Database\MigrationRunner.php(865): App\Database\Migrations\OutboxAndIndexes->up()
#6 C:\xampp\htdocs\erp.test\system\Database\MigrationRunner.php(181): CodeIgniter\Database\MigrationRunner->migrate('up', Object(stdClass))
#7 C:\xampp\htdocs\erp.test\app\Config\Events.php(75): CodeIgniter\Database\MigrationRunner->latest()
#8 C:\xampp\htdocs\erp.test\system\Events\Events.php(154): CodeIgniter\Events\Events::Config\{closure}()
#9 C:\xampp\htdocs\erp.test\system\CodeIgniter.php(442): CodeIgniter\Events\Events::trigger('pre_system')
#10 C:\xampp\htdocs\erp.test\system\CodeIgniter.php(361): CodeIgniter\CodeIgniter->handleRequest(NULL, Object(Config\Cache), false)
#11 C:\xampp\htdocs\erp.test\public\index.php(79): CodeIgniter\CodeIgniter->run()
#12 {main}
ERROR - 2025-09-09 03:35:47 --> Auto-migration failed: Invalid default value for 'created_at'
INFO - 2025-09-09 03:35:47 --> Session: Class initialized using 'CodeIgniter\Session\Handlers\FileHandler' driver.
ERROR - 2025-09-09 03:35:52 --> mysqli_sql_exception: Invalid default value for 'created_at' in C:\xampp\htdocs\erp.test\system\Database\MySQLi\Connection.php:306
Stack trace:
#0 C:\xampp\htdocs\erp.test\system\Database\MySQLi\Connection.php(306): mysqli->query('CREATE TABLE `o...', 0)
#1 C:\xampp\htdocs\erp.test\system\Database\BaseConnection.php(693): CodeIgniter\Database\MySQLi\Connection->execute('CREATE TABLE `o...')
#2 C:\xampp\htdocs\erp.test\system\Database\BaseConnection.php(607): CodeIgniter\Database\BaseConnection->simpleQuery('CREATE TABLE `o...')
#3 C:\xampp\htdocs\erp.test\system\Database\Forge.php(555): CodeIgniter\Database\BaseConnection->query('CREATE TABLE `o...')
#4 C:\xampp\htdocs\erp.test\app\Database\Migrations\2025-09-09-000001_outbox_and_indexes.php(47): CodeIgniter\Database\Forge->createTable('outbox_events', true)
#5 C:\xampp\htdocs\erp.test\system\Database\MigrationRunner.php(865): App\Database\Migrations\OutboxAndIndexes->up()
#6 C:\xampp\htdocs\erp.test\system\Database\MigrationRunner.php(181): CodeIgniter\Database\MigrationRunner->migrate('up', Object(stdClass))
#7 C:\xampp\htdocs\erp.test\app\Config\Events.php(75): CodeIgniter\Database\MigrationRunner->latest()
#8 C:\xampp\htdocs\erp.test\system\Events\Events.php(154): CodeIgniter\Events\Events::Config\{closure}()
#9 C:\xampp\htdocs\erp.test\system\CodeIgniter.php(442): CodeIgniter\Events\Events::trigger('pre_system')
#10 C:\xampp\htdocs\erp.test\system\CodeIgniter.php(361): CodeIgniter\CodeIgniter->handleRequest(NULL, Object(Config\Cache), false)
#11 C:\xampp\htdocs\erp.test\public\index.php(79): CodeIgniter\CodeIgniter->run()
#12 {main}
ERROR - 2025-09-09 03:35:52 --> Auto-migration failed: Invalid default value for 'created_at'
INFO - 2025-09-09 03:35:52 --> Session: Class initialized using 'CodeIgniter\Session\Handlers\FileHandler' driver.
ERROR - 2025-09-09 03:35:52 --> mysqli_sql_exception: Invalid default value for 'created_at' in C:\xampp\htdocs\erp.test\system\Database\MySQLi\Connection.php:306
Stack trace:
#0 C:\xampp\htdocs\erp.test\system\Database\MySQLi\Connection.php(306): mysqli->query('CREATE TABLE `o...', 0)
#1 C:\xampp\htdocs\erp.test\system\Database\BaseConnection.php(693): CodeIgniter\Database\MySQLi\Connection->execute('CREATE TABLE `o...')
#2 C:\xampp\htdocs\erp.test\system\Database\BaseConnection.php(607): CodeIgniter\Database\BaseConnection->simpleQuery('CREATE TABLE `o...')
#3 C:\xampp\htdocs\erp.test\system\Database\Forge.php(555): CodeIgniter\Database\BaseConnection->query('CREATE TABLE `o...')
#4 C:\xampp\htdocs\erp.test\app\Database\Migrations\2025-09-09-000001_outbox_and_indexes.php(47): CodeIgniter\Database\Forge->createTable('outbox_events', true)
#5 C:\xampp\htdocs\erp.test\system\Database\MigrationRunner.php(865): App\Database\Migrations\OutboxAndIndexes->up()
#6 C:\xampp\htdocs\erp.test\system\Database\MigrationRunner.php(181): CodeIgniter\Database\MigrationRunner->migrate('up', Object(stdClass))
#7 C:\xampp\htdocs\erp.test\app\Config\Events.php(75): CodeIgniter\Database\MigrationRunner->latest()
#8 C:\xampp\htdocs\erp.test\system\Events\Events.php(154): CodeIgniter\Events\Events::Config\{closure}()
#9 C:\xampp\htdocs\erp.test\system\CodeIgniter.php(442): CodeIgniter\Events\Events::trigger('pre_system')
#10 C:\xampp\htdocs\erp.test\system\CodeIgniter.php(361): CodeIgniter\CodeIgniter->handleRequest(NULL, Object(Config\Cache), false)
#11 C:\xampp\htdocs\erp.test\public\index.php(79): CodeIgniter\CodeIgniter->run()
#12 {main}
ERROR - 2025-09-09 03:35:52 --> Auto-migration failed: Invalid default value for 'created_at'
INFO - 2025-09-09 03:35:52 --> Session: Class initialized using 'CodeIgniter\Session\Handlers\FileHandler' driver.
ERROR - 2025-09-09 03:41:12 --> mysqli_sql_exception: Invalid default value for 'created_at' in C:\xampp\htdocs\erp.test\system\Database\MySQLi\Connection.php:306
Stack trace:
#0 C:\xampp\htdocs\erp.test\system\Database\MySQLi\Connection.php(306): mysqli->query('CREATE TABLE `o...', 0)
#1 C:\xampp\htdocs\erp.test\system\Database\BaseConnection.php(693): CodeIgniter\Database\MySQLi\Connection->execute('CREATE TABLE `o...')
#2 C:\xampp\htdocs\erp.test\system\Database\BaseConnection.php(607): CodeIgniter\Database\BaseConnection->simpleQuery('CREATE TABLE `o...')
#3 C:\xampp\htdocs\erp.test\system\Database\Forge.php(555): CodeIgniter\Database\BaseConnection->query('CREATE TABLE `o...')
#4 C:\xampp\htdocs\erp.test\app\Database\Migrations\2025-09-09-000001_outbox_and_indexes.php(47): CodeIgniter\Database\Forge->createTable('outbox_events', true)
#5 C:\xampp\htdocs\erp.test\system\Database\MigrationRunner.php(865): App\Database\Migrations\OutboxAndIndexes->up()
#6 C:\xampp\htdocs\erp.test\system\Database\MigrationRunner.php(181): CodeIgniter\Database\MigrationRunner->migrate('up', Object(stdClass))
#7 C:\xampp\htdocs\erp.test\app\Config\Events.php(75): CodeIgniter\Database\MigrationRunner->latest()
#8 C:\xampp\htdocs\erp.test\system\Events\Events.php(154): CodeIgniter\Events\Events::Config\{closure}()
#9 C:\xampp\htdocs\erp.test\system\CodeIgniter.php(442): CodeIgniter\Events\Events::trigger('pre_system')
#10 C:\xampp\htdocs\erp.test\system\CodeIgniter.php(361): CodeIgniter\CodeIgniter->handleRequest(NULL, Object(Config\Cache), false)
#11 C:\xampp\htdocs\erp.test\public\index.php(79): CodeIgniter\CodeIgniter->run()
#12 {main}
ERROR - 2025-09-09 03:41:12 --> Auto-migration failed: Invalid default value for 'created_at'
INFO - 2025-09-09 03:41:12 --> Session: Class initialized using 'CodeIgniter\Session\Handlers\FileHandler' driver.
ERROR - 2025-09-09 03:43:04 --> mysqli_sql_exception: Invalid default value for 'created_at' in C:\xampp\htdocs\erp.test\system\Database\MySQLi\Connection.php:306
Stack trace:
#0 C:\xampp\htdocs\erp.test\system\Database\MySQLi\Connection.php(306): mysqli->query('CREATE TABLE `o...', 0)
#1 C:\xampp\htdocs\erp.test\system\Database\BaseConnection.php(693): CodeIgniter\Database\MySQLi\Connection->execute('CREATE TABLE `o...')
#2 C:\xampp\htdocs\erp.test\system\Database\BaseConnection.php(607): CodeIgniter\Database\BaseConnection->simpleQuery('CREATE TABLE `o...')
#3 C:\xampp\htdocs\erp.test\system\Database\Forge.php(555): CodeIgniter\Database\BaseConnection->query('CREATE TABLE `o...')
#4 C:\xampp\htdocs\erp.test\app\Database\Migrations\2025-09-09-000001_outbox_and_indexes.php(47): CodeIgniter\Database\Forge->createTable('outbox_events', true)
#5 C:\xampp\htdocs\erp.test\system\Database\MigrationRunner.php(865): App\Database\Migrations\OutboxAndIndexes->up()
#6 C:\xampp\htdocs\erp.test\system\Database\MigrationRunner.php(181): CodeIgniter\Database\MigrationRunner->migrate('up', Object(stdClass))
#7 C:\xampp\htdocs\erp.test\app\Config\Events.php(75): CodeIgniter\Database\MigrationRunner->latest()
#8 C:\xampp\htdocs\erp.test\system\Events\Events.php(154): CodeIgniter\Events\Events::Config\{closure}()
#9 C:\xampp\htdocs\erp.test\system\CodeIgniter.php(442): CodeIgniter\Events\Events::trigger('pre_system')
#10 C:\xampp\htdocs\erp.test\system\CodeIgniter.php(361): CodeIgniter\CodeIgniter->handleRequest(NULL, Object(Config\Cache), false)
#11 C:\xampp\htdocs\erp.test\public\index.php(79): CodeIgniter\CodeIgniter->run()
#12 {main}
ERROR - 2025-09-09 03:43:04 --> Auto-migration failed: Invalid default value for 'created_at'
INFO - 2025-09-09 03:43:04 --> Session: Class initialized using 'CodeIgniter\Session\Handlers\FileHandler' driver.
