INFO - 2025-09-13 03:32:16 --> Session: Class initialized using 'CodeIgniter\Session\Handlers\FileHandler' driver.
INFO - 2025-09-13 03:32:23 --> Session: Class initialized using 'CodeIgniter\Session\Handlers\FileHandler' driver.
INFO - 2025-09-13 03:33:03 --> Session: Class initialized using 'CodeIgniter\Session\Handlers\FileHandler' driver.
INFO - 2025-09-13 03:33:05 --> Session: Class initialized using 'CodeIgniter\Session\Handlers\FileHandler' driver.
ERROR - 2025-09-13 03:33:14 --> mysqli_sql_exception: MySQL server has gone away in C:\xampp\htdocs\erp.test\system\Database\MySQLi\Connection.php:306
Stack trace:
#0 C:\xampp\htdocs\erp.test\system\Database\MySQLi\Connection.php(306): mysqli->query('SELECT *\nFROM `...', 0)
#1 C:\xampp\htdocs\erp.test\system\Database\BaseConnection.php(693): CodeIgniter\Database\MySQLi\Connection->execute('SELECT *\nFROM `...')
#2 C:\xampp\htdocs\erp.test\system\Database\BaseConnection.php(607): CodeIgniter\Database\BaseConnection->simpleQuery('SELECT *\nFROM `...')
#3 C:\xampp\htdocs\erp.test\system\Database\BaseBuilder.php(1616): CodeIgniter\Database\BaseConnection->query('SELECT *\nFROM `...', Array, false)
#4 C:\xampp\htdocs\erp.test\system\Database\MigrationRunner.php(651): CodeIgniter\Database\BaseBuilder->get()
#5 C:\xampp\htdocs\erp.test\system\Database\MigrationRunner.php(174): CodeIgniter\Database\MigrationRunner->getHistory('')
#6 C:\xampp\htdocs\erp.test\app\Config\Events.php(75): CodeIgniter\Database\MigrationRunner->latest()
#7 C:\xampp\htdocs\erp.test\system\Events\Events.php(154): CodeIgniter\Events\Events::Config\{closure}()
#8 C:\xampp\htdocs\erp.test\system\CodeIgniter.php(442): CodeIgniter\Events\Events::trigger('pre_system')
#9 C:\xampp\htdocs\erp.test\system\CodeIgniter.php(361): CodeIgniter\CodeIgniter->handleRequest(NULL, Object(Config\Cache), false)
#10 C:\xampp\htdocs\erp.test\public\index.php(79): CodeIgniter\CodeIgniter->run()
#11 {main}
ERROR - 2025-09-13 03:33:14 --> Auto-migration failed: MySQL server has gone away
INFO - 2025-09-13 03:33:14 --> Session: Class initialized using 'CodeIgniter\Session\Handlers\FileHandler' driver.
ERROR - 2025-09-13 03:33:14 --> mysqli_sql_exception: MySQL server has gone away in C:\xampp\htdocs\erp.test\system\Database\MySQLi\Connection.php:306
Stack trace:
#0 C:\xampp\htdocs\erp.test\system\Database\MySQLi\Connection.php(306): mysqli->query('SELECT *\nFROM `...', 0)
#1 C:\xampp\htdocs\erp.test\system\Database\BaseConnection.php(693): CodeIgniter\Database\MySQLi\Connection->execute('SELECT *\nFROM `...')
#2 C:\xampp\htdocs\erp.test\system\Database\BaseConnection.php(607): CodeIgniter\Database\BaseConnection->simpleQuery('SELECT *\nFROM `...')
#3 C:\xampp\htdocs\erp.test\system\Database\BaseBuilder.php(1616): CodeIgniter\Database\BaseConnection->query('SELECT *\nFROM `...', Array, false)
#4 C:\xampp\htdocs\erp.test\system\Model.php(270): CodeIgniter\Database\BaseBuilder->get()
#5 C:\xampp\htdocs\erp.test\system\BaseModel.php(676): CodeIgniter\Model->doFirst()
#6 C:\xampp\htdocs\erp.test\app\Controllers\Login.php(39): CodeIgniter\BaseModel->first()
#7 C:\xampp\htdocs\erp.test\system\CodeIgniter.php(941): App\Controllers\Login->index()
#8 C:\xampp\htdocs\erp.test\system\CodeIgniter.php(502): CodeIgniter\CodeIgniter->runController(Object(App\Controllers\Login))
#9 C:\xampp\htdocs\erp.test\system\CodeIgniter.php(361): CodeIgniter\CodeIgniter->handleRequest(NULL, Object(Config\Cache), false)
#10 C:\xampp\htdocs\erp.test\public\index.php(79): CodeIgniter\CodeIgniter->run()
#11 {main}
CRITICAL - 2025-09-13 03:33:14 --> CodeIgniter\Database\Exceptions\DatabaseException: MySQL server has gone away
in SYSTEMPATH\Database\BaseConnection.php on line 647.
 1 SYSTEMPATH\Database\BaseBuilder.php(1616): CodeIgniter\Database\BaseConnection->query('SELECT *
FROM `configuracoes`
WHERE `id_config` = :id_config:
 LIMIT 1', [...], false)
 2 SYSTEMPATH\Model.php(270): CodeIgniter\Database\BaseBuilder->get()
 3 SYSTEMPATH\BaseModel.php(676): CodeIgniter\Model->doFirst()
 4 APPPATH\Controllers\Login.php(39): CodeIgniter\BaseModel->first()
 5 SYSTEMPATH\CodeIgniter.php(941): App\Controllers\Login->index()
 6 SYSTEMPATH\CodeIgniter.php(502): CodeIgniter\CodeIgniter->runController(Object(App\Controllers\Login))
 7 SYSTEMPATH\CodeIgniter.php(361): CodeIgniter\CodeIgniter->handleRequest(null, Object(Config\Cache), false)
 8 FCPATH\index.php(79): CodeIgniter\CodeIgniter->run()
CRITICAL - 2025-09-13 03:33:14 --> [Caused by] CodeIgniter\Database\Exceptions\DatabaseException: MySQL server has gone away
in SYSTEMPATH\Database\MySQLi\Connection.php on line 311.
 1 SYSTEMPATH\Database\BaseConnection.php(693): CodeIgniter\Database\MySQLi\Connection->execute('SELECT *
FROM `configuracoes`
WHERE `id_config` = 1
 LIMIT 1')
 2 SYSTEMPATH\Database\BaseConnection.php(607): CodeIgniter\Database\BaseConnection->simpleQuery('SELECT *
FROM `configuracoes`
WHERE `id_config` = 1
 LIMIT 1')
 3 SYSTEMPATH\Database\BaseBuilder.php(1616): CodeIgniter\Database\BaseConnection->query('SELECT *
FROM `configuracoes`
WHERE `id_config` = :id_config:
 LIMIT 1', [...], false)
 4 SYSTEMPATH\Model.php(270): CodeIgniter\Database\BaseBuilder->get()
 5 SYSTEMPATH\BaseModel.php(676): CodeIgniter\Model->doFirst()
 6 APPPATH\Controllers\Login.php(39): CodeIgniter\BaseModel->first()
 7 SYSTEMPATH\CodeIgniter.php(941): App\Controllers\Login->index()
 8 SYSTEMPATH\CodeIgniter.php(502): CodeIgniter\CodeIgniter->runController(Object(App\Controllers\Login))
 9 SYSTEMPATH\CodeIgniter.php(361): CodeIgniter\CodeIgniter->handleRequest(null, Object(Config\Cache), false)
10 FCPATH\index.php(79): CodeIgniter\CodeIgniter->run()
CRITICAL - 2025-09-13 03:33:14 --> [Caused by] mysqli_sql_exception: MySQL server has gone away
in SYSTEMPATH\Database\MySQLi\Connection.php on line 306.
 1 SYSTEMPATH\Database\MySQLi\Connection.php(306): mysqli->query('SELECT *
FROM `configuracoes`
WHERE `id_config` = 1
 LIMIT 1', 0)
 2 SYSTEMPATH\Database\BaseConnection.php(693): CodeIgniter\Database\MySQLi\Connection->execute('SELECT *
FROM `configuracoes`
WHERE `id_config` = 1
 LIMIT 1')
 3 SYSTEMPATH\Database\BaseConnection.php(607): CodeIgniter\Database\BaseConnection->simpleQuery('SELECT *
FROM `configuracoes`
WHERE `id_config` = 1
 LIMIT 1')
 4 SYSTEMPATH\Database\BaseBuilder.php(1616): CodeIgniter\Database\BaseConnection->query('SELECT *
FROM `configuracoes`
WHERE `id_config` = :id_config:
 LIMIT 1', [...], false)
 5 SYSTEMPATH\Model.php(270): CodeIgniter\Database\BaseBuilder->get()
 6 SYSTEMPATH\BaseModel.php(676): CodeIgniter\Model->doFirst()
 7 APPPATH\Controllers\Login.php(39): CodeIgniter\BaseModel->first()
 8 SYSTEMPATH\CodeIgniter.php(941): App\Controllers\Login->index()
 9 SYSTEMPATH\CodeIgniter.php(502): CodeIgniter\CodeIgniter->runController(Object(App\Controllers\Login))
10 SYSTEMPATH\CodeIgniter.php(361): CodeIgniter\CodeIgniter->handleRequest(null, Object(Config\Cache), false)
11 FCPATH\index.php(79): CodeIgniter\CodeIgniter->run()
CRITICAL - 2025-09-13 03:33:14 --> ErrorException: Uncaught TypeError: htmlspecialchars(): Argument #1 ($string) must be of type string, resource given in C:\xampp\htdocs\erp.test\app\Views\errors\html\error_exception.php:182
Stack trace:
#0 C:\xampp\htdocs\erp.test\app\Views\errors\html\error_exception.php(182): htmlspecialchars(Resource id #42, 8, 'UTF-8')
#1 C:\xampp\htdocs\erp.test\system\Debug\BaseExceptionHandler.php(258): include('C:\\xampp\\htdocs...')
#2 C:\xampp\htdocs\erp.test\system\Debug\BaseExceptionHandler.php(261): CodeIgniter\Debug\BaseExceptionHandler->CodeIgniter\Debug\{closure}()
#3 C:\xampp\htdocs\erp.test\system\Debug\ExceptionHandler.php(112): CodeIgniter\Debug\BaseExceptionHandler->render(Object(CodeIgniter\Database\Exceptions\DatabaseException), 500, 'C:\\xampp\\htdocs...')
#4 C:\xampp\htdocs\erp.test\system\Debug\Exceptions.php(156): CodeIgniter\Debug\ExceptionHandler->handle(Object(CodeIgniter\Database\Exceptions\DatabaseException), Object(CodeIgniter\HTTP\IncomingRequest), Object(CodeIgniter\HTTP\Response), 500, 8)
#5 [internal function]: CodeIgniter\Debug\Exceptions->exceptionHandler(Object(CodeIgniter\Database\Exceptions\DatabaseException))
#6 {main}
  thrown
【Previous Exception】
CodeIgniter\Database\Exceptions\DatabaseException
MySQL server has gone away
#0 C:\xampp\htdocs\erp.test\system\Database\BaseBuilder.php(1616): CodeIgniter\Database\BaseConnection->query('SELECT *\nFROM `...', Array, false)
#1 C:\xampp\htdocs\erp.test\system\Model.php(270): CodeIgniter\Database\BaseBuilder->get()
#2 C:\xampp\htdocs\erp.test\system\BaseModel.php(676): CodeIgniter\Model->doFirst()
#3 C:\xampp\htdocs\erp.test\app\Controllers\Login.php(39): CodeIgniter\BaseModel->first()
#4 C:\xampp\htdocs\erp.test\system\CodeIgniter.php(941): App\Controllers\Login->index()
#5 C:\xampp\htdocs\erp.test\system\CodeIgniter.php(502): CodeIgniter\CodeIgniter->runController(Object(App\Controllers\Login))
#6 C:\xampp\htdocs\erp.test\system\CodeIgniter.php(361): CodeIgniter\CodeIgniter->handleRequest(NULL, Object(Config\Cache), false)
#7 C:\xampp\htdocs\erp.test\public\index.php(79): CodeIgniter\CodeIgniter->run()
#8 {main}
in APPPATH\Views\errors\html\error_exception.php on line 182.
 1 [internal function]: CodeIgniter\Debug\Exceptions->shutdownHandler()
INFO - 2025-09-13 03:33:25 --> Session: Class initialized using 'CodeIgniter\Session\Handlers\FileHandler' driver.
INFO - 2025-09-13 03:33:30 --> CSRF token verified.
INFO - 2025-09-13 03:33:30 --> Session: Class initialized using 'CodeIgniter\Session\Handlers\FileHandler' driver.
INFO - 2025-09-13 03:33:33 --> Session: Class initialized using 'CodeIgniter\Session\Handlers\FileHandler' driver.
INFO - 2025-09-13 03:34:19 --> Session: Class initialized using 'CodeIgniter\Session\Handlers\FileHandler' driver.
INFO - 2025-09-13 03:34:48 --> CSRF token verified.
INFO - 2025-09-13 03:34:48 --> Session: Class initialized using 'CodeIgniter\Session\Handlers\FileHandler' driver.
INFO - 2025-09-13 03:34:48 --> Session: Class initialized using 'CodeIgniter\Session\Handlers\FileHandler' driver.
INFO - 2025-09-13 03:34:51 --> Session: Class initialized using 'CodeIgniter\Session\Handlers\FileHandler' driver.
INFO - 2025-09-13 03:34:54 --> Session: Class initialized using 'CodeIgniter\Session\Handlers\FileHandler' driver.
INFO - 2025-09-13 03:34:59 --> Session: Class initialized using 'CodeIgniter\Session\Handlers\FileHandler' driver.
INFO - 2025-09-13 03:35:00 --> Session: Class initialized using 'CodeIgniter\Session\Handlers\FileHandler' driver.
INFO - 2025-09-13 03:35:03 --> Session: Class initialized using 'CodeIgniter\Session\Handlers\FileHandler' driver.
INFO - 2025-09-13 03:35:03 --> Session: Class initialized using 'CodeIgniter\Session\Handlers\FileHandler' driver.
INFO - 2025-09-13 03:35:07 --> CSRF token verified.
INFO - 2025-09-13 03:35:07 --> Session: Class initialized using 'CodeIgniter\Session\Handlers\FileHandler' driver.
INFO - 2025-09-13 03:35:07 --> Session: Class initialized using 'CodeIgniter\Session\Handlers\FileHandler' driver.
INFO - 2025-09-13 03:35:11 --> Session: Class initialized using 'CodeIgniter\Session\Handlers\FileHandler' driver.
INFO - 2025-09-13 03:35:12 --> Session: Class initialized using 'CodeIgniter\Session\Handlers\FileHandler' driver.
INFO - 2025-09-13 03:35:16 --> CSRF token verified.
INFO - 2025-09-13 03:35:16 --> Session: Class initialized using 'CodeIgniter\Session\Handlers\FileHandler' driver.
INFO - 2025-09-13 03:35:17 --> Session: Class initialized using 'CodeIgniter\Session\Handlers\FileHandler' driver.
INFO - 2025-09-13 03:35:55 --> CSRF token verified.
INFO - 2025-09-13 03:35:55 --> Session: Class initialized using 'CodeIgniter\Session\Handlers\FileHandler' driver.
INFO - 2025-09-13 03:35:55 --> CSRF token verified.
INFO - 2025-09-13 03:35:55 --> Session: Class initialized using 'CodeIgniter\Session\Handlers\FileHandler' driver.
INFO - 2025-09-13 03:35:58 --> CSRF token verified.
INFO - 2025-09-13 03:35:59 --> Session: Class initialized using 'CodeIgniter\Session\Handlers\FileHandler' driver.
INFO - 2025-09-13 03:35:59 --> CSRF token verified.
INFO - 2025-09-13 03:35:59 --> Session: Class initialized using 'CodeIgniter\Session\Handlers\FileHandler' driver.
INFO - 2025-09-13 03:36:04 --> Session: Class initialized using 'CodeIgniter\Session\Handlers\FileHandler' driver.
INFO - 2025-09-13 03:36:04 --> Session: Class initialized using 'CodeIgniter\Session\Handlers\FileHandler' driver.
INFO - 2025-09-13 03:36:29 --> CSRF token verified.
INFO - 2025-09-13 03:36:29 --> Session: Class initialized using 'CodeIgniter\Session\Handlers\FileHandler' driver.
INFO - 2025-09-13 03:36:29 --> Session: Class initialized using 'CodeIgniter\Session\Handlers\FileHandler' driver.
INFO - 2025-09-13 03:36:31 --> Session: Class initialized using 'CodeIgniter\Session\Handlers\FileHandler' driver.
INFO - 2025-09-13 03:36:33 --> Session: Class initialized using 'CodeIgniter\Session\Handlers\FileHandler' driver.
INFO - 2025-09-13 03:36:38 --> Session: Class initialized using 'CodeIgniter\Session\Handlers\FileHandler' driver.
INFO - 2025-09-13 03:36:38 --> Session: Class initialized using 'CodeIgniter\Session\Handlers\FileHandler' driver.
INFO - 2025-09-13 03:38:27 --> Session: Class initialized using 'CodeIgniter\Session\Handlers\FileHandler' driver.
INFO - 2025-09-13 03:38:36 --> CSRF token verified.
INFO - 2025-09-13 03:38:36 --> Session: Class initialized using 'CodeIgniter\Session\Handlers\FileHandler' driver.
INFO - 2025-09-13 03:38:37 --> Session: Class initialized using 'CodeIgniter\Session\Handlers\FileHandler' driver.
INFO - 2025-09-13 03:39:12 --> CSRF token verified.
INFO - 2025-09-13 03:39:12 --> Session: Class initialized using 'CodeIgniter\Session\Handlers\FileHandler' driver.
INFO - 2025-09-13 03:39:12 --> Session: Class initialized using 'CodeIgniter\Session\Handlers\FileHandler' driver.
INFO - 2025-09-13 03:39:14 --> Session: Class initialized using 'CodeIgniter\Session\Handlers\FileHandler' driver.
INFO - 2025-09-13 03:39:16 --> Session: Class initialized using 'CodeIgniter\Session\Handlers\FileHandler' driver.
INFO - 2025-09-13 03:39:18 --> CSRF token verified.
INFO - 2025-09-13 03:39:19 --> CSRF token verified.
INFO - 2025-09-13 03:40:51 --> CSRF token verified.
INFO - 2025-09-13 03:40:51 --> Session: Class initialized using 'CodeIgniter\Session\Handlers\FileHandler' driver.
INFO - 2025-09-13 03:40:53 --> CSRF token verified.
INFO - 2025-09-13 03:40:53 --> Session: Class initialized using 'CodeIgniter\Session\Handlers\FileHandler' driver.
INFO - 2025-09-13 03:41:11 --> CSRF token verified.
INFO - 2025-09-13 03:41:11 --> Session: Class initialized using 'CodeIgniter\Session\Handlers\FileHandler' driver.
INFO - 2025-09-13 03:41:11 --> Session: Class initialized using 'CodeIgniter\Session\Handlers\FileHandler' driver.
INFO - 2025-09-13 03:41:14 --> Session: Class initialized using 'CodeIgniter\Session\Handlers\FileHandler' driver.
INFO - 2025-09-13 03:41:14 --> Session: Class initialized using 'CodeIgniter\Session\Handlers\FileHandler' driver.
INFO - 2025-09-13 03:41:19 --> CSRF token verified.
INFO - 2025-09-13 03:41:19 --> Session: Class initialized using 'CodeIgniter\Session\Handlers\FileHandler' driver.
INFO - 2025-09-13 03:41:20 --> Session: Class initialized using 'CodeIgniter\Session\Handlers\FileHandler' driver.
INFO - 2025-09-13 03:41:23 --> CSRF token verified.
INFO - 2025-09-13 03:41:23 --> Session: Class initialized using 'CodeIgniter\Session\Handlers\FileHandler' driver.
INFO - 2025-09-13 03:41:50 --> Session: Class initialized using 'CodeIgniter\Session\Handlers\FileHandler' driver.
INFO - 2025-09-13 03:41:53 --> Session: Class initialized using 'CodeIgniter\Session\Handlers\FileHandler' driver.
INFO - 2025-09-13 03:41:53 --> Session: Class initialized using 'CodeIgniter\Session\Handlers\FileHandler' driver.
INFO - 2025-09-13 03:41:59 --> CSRF token verified.
INFO - 2025-09-13 03:41:59 --> Session: Class initialized using 'CodeIgniter\Session\Handlers\FileHandler' driver.
INFO - 2025-09-13 03:41:59 --> Session: Class initialized using 'CodeIgniter\Session\Handlers\FileHandler' driver.
INFO - 2025-09-13 03:42:02 --> Session: Class initialized using 'CodeIgniter\Session\Handlers\FileHandler' driver.
INFO - 2025-09-13 03:42:03 --> Session: Class initialized using 'CodeIgniter\Session\Handlers\FileHandler' driver.
INFO - 2025-09-13 03:42:04 --> Session: Class initialized using 'CodeIgniter\Session\Handlers\FileHandler' driver.
INFO - 2025-09-13 03:42:05 --> Session: Class initialized using 'CodeIgniter\Session\Handlers\FileHandler' driver.
INFO - 2025-09-13 03:42:05 --> Session: Class initialized using 'CodeIgniter\Session\Handlers\FileHandler' driver.
INFO - 2025-09-13 03:42:07 --> Session: Class initialized using 'CodeIgniter\Session\Handlers\FileHandler' driver.
INFO - 2025-09-13 03:42:07 --> Session: Class initialized using 'CodeIgniter\Session\Handlers\FileHandler' driver.
INFO - 2025-09-13 03:42:14 --> CSRF token verified.
INFO - 2025-09-13 03:42:14 --> Session: Class initialized using 'CodeIgniter\Session\Handlers\FileHandler' driver.
INFO - 2025-09-13 03:42:14 --> Session: Class initialized using 'CodeIgniter\Session\Handlers\FileHandler' driver.
INFO - 2025-09-13 03:52:06 --> Session: Class initialized using 'CodeIgniter\Session\Handlers\FileHandler' driver.
INFO - 2025-09-13 03:52:10 --> Session: Class initialized using 'CodeIgniter\Session\Handlers\FileHandler' driver.
INFO - 2025-09-13 03:52:14 --> Session: Class initialized using 'CodeIgniter\Session\Handlers\FileHandler' driver.
INFO - 2025-09-13 03:52:19 --> Session: Class initialized using 'CodeIgniter\Session\Handlers\FileHandler' driver.
INFO - 2025-09-13 03:56:19 --> Session: Class initialized using 'CodeIgniter\Session\Handlers\FileHandler' driver.
INFO - 2025-09-13 03:56:22 --> Session: Class initialized using 'CodeIgniter\Session\Handlers\FileHandler' driver.
INFO - 2025-09-13 03:56:31 --> Session: Class initialized using 'CodeIgniter\Session\Handlers\FileHandler' driver.
INFO - 2025-09-13 03:59:20 --> Session: Class initialized using 'CodeIgniter\Session\Handlers\FileHandler' driver.
INFO - 2025-09-13 03:59:26 --> CSRF token verified.
INFO - 2025-09-13 03:59:26 --> Session: Class initialized using 'CodeIgniter\Session\Handlers\FileHandler' driver.
INFO - 2025-09-13 03:59:26 --> Session: Class initialized using 'CodeIgniter\Session\Handlers\FileHandler' driver.
INFO - 2025-09-13 03:59:38 --> CSRF token verified.
INFO - 2025-09-13 03:59:38 --> Session: Class initialized using 'CodeIgniter\Session\Handlers\FileHandler' driver.
INFO - 2025-09-13 03:59:38 --> Session: Class initialized using 'CodeIgniter\Session\Handlers\FileHandler' driver.
INFO - 2025-09-13 03:59:45 --> Session: Class initialized using 'CodeIgniter\Session\Handlers\FileHandler' driver.
INFO - 2025-09-13 03:59:45 --> Session: Class initialized using 'CodeIgniter\Session\Handlers\FileHandler' driver.
INFO - 2025-09-13 04:55:55 --> Session: Class initialized using 'CodeIgniter\Session\Handlers\FileHandler' driver.
INFO - 2025-09-13 04:55:56 --> Session: Class initialized using 'CodeIgniter\Session\Handlers\FileHandler' driver.
INFO - 2025-09-13 04:55:56 --> Session: Class initialized using 'CodeIgniter\Session\Handlers\FileHandler' driver.
INFO - 2025-09-13 04:56:22 --> CSRF token verified.
INFO - 2025-09-13 04:56:22 --> Session: Class initialized using 'CodeIgniter\Session\Handlers\FileHandler' driver.
INFO - 2025-09-13 04:56:22 --> CSRF token verified.
INFO - 2025-09-13 04:56:22 --> Session: Class initialized using 'CodeIgniter\Session\Handlers\FileHandler' driver.
CRITICAL - 2025-09-13 04:56:23 --> Stripe\Exception\InvalidRequestException: No such price: 'price_1S5fdDIdHTmmI4LfObBcWSia'
in VENDORPATH\stripe\stripe-php\lib\Exception\ApiErrorException.php on line 38.
 1 VENDORPATH\stripe\stripe-php\lib\Exception\InvalidRequestException.php(35): Stripe\Exception\ApiErrorException::factory('No such price: \'price_1S5fdDIdHTmmI4LfObBcWSia\'', 400, '{
  "error": {
    "code": "resource_missing",
    "doc_url": "https://stripe.com/docs/error-codes/resource-missing",
    "message": "No such price: \'price_1S5fdDIdHTmmI4LfObBcWSia\'",
    "param": "line_items[0][price]",
    "request_log_url": "https://dashboard.stripe.com/test/logs/req_VDo0msWX4h0gDW?t=1757728583",
    "type": "invalid_request_error"
  }
}
', [...], Object(Stripe\Util\CaseInsensitiveArray), 'resource_missing')
 2 VENDORPATH\stripe\stripe-php\lib\ApiRequestor.php(218): Stripe\Exception\InvalidRequestException::factory('No such price: \'price_1S5fdDIdHTmmI4LfObBcWSia\'', 400, '{
  "error": {
    "code": "resource_missing",
    "doc_url": "https://stripe.com/docs/error-codes/resource-missing",
    "message": "No such price: \'price_1S5fdDIdHTmmI4LfObBcWSia\'",
    "param": "line_items[0][price]",
    "request_log_url": "https://dashboard.stripe.com/test/logs/req_VDo0msWX4h0gDW?t=1757728583",
    "type": "invalid_request_error"
  }
}
', [...], Object(Stripe\Util\CaseInsensitiveArray), 'resource_missing', 'line_items[0][price]')
 3 VENDORPATH\stripe\stripe-php\lib\ApiRequestor.php(180): Stripe\ApiRequestor::_specificAPIError('{
  "error": {
    "code": "resource_missing",
    "doc_url": "https://stripe.com/docs/error-codes/resource-missing",
    "message": "No such price: \'price_1S5fdDIdHTmmI4LfObBcWSia\'",
    "param": "line_items[0][price]",
    "request_log_url": "https://dashboard.stripe.com/test/logs/req_VDo0msWX4h0gDW?t=1757728583",
    "type": "invalid_request_error"
  }
}
', 400, Object(Stripe\Util\CaseInsensitiveArray), [...], [...])
 4 VENDORPATH\stripe\stripe-php\lib\ApiRequestor.php(564): Stripe\ApiRequestor->handleErrorResponse('{
  "error": {
    "code": "resource_missing",
    "doc_url": "https://stripe.com/docs/error-codes/resource-missing",
    "message": "No such price: \'price_1S5fdDIdHTmmI4LfObBcWSia\'",
    "param": "line_items[0][price]",
    "request_log_url": "https://dashboard.stripe.com/test/logs/req_VDo0msWX4h0gDW?t=1757728583",
    "type": "invalid_request_error"
  }
}
', 400, Object(Stripe\Util\CaseInsensitiveArray), [...])
 5 VENDORPATH\stripe\stripe-php\lib\ApiRequestor.php(128): Stripe\ApiRequestor->_interpretResponse('{
  "error": {
    "code": "resource_missing",
    "doc_url": "https://stripe.com/docs/error-codes/resource-missing",
    "message": "No such price: \'price_1S5fdDIdHTmmI4LfObBcWSia\'",
    "param": "line_items[0][price]",
    "request_log_url": "https://dashboard.stripe.com/test/logs/req_VDo0msWX4h0gDW?t=1757728583",
    "type": "invalid_request_error"
  }
}
', 400, Object(Stripe\Util\CaseInsensitiveArray))
 6 VENDORPATH\stripe\stripe-php\lib\BaseStripeClient.php(145): Stripe\ApiRequestor->request('post', '/v1/checkout/sessions', [...], [...], [...])
 7 VENDORPATH\stripe\stripe-php\lib\Service\AbstractService.php(75): Stripe\BaseStripeClient->request('post', '/v1/checkout/sessions', [...], Object(Stripe\Util\RequestOptions))
 8 VENDORPATH\stripe\stripe-php\lib\Service\Checkout\SessionService.php(61): Stripe\Service\AbstractService->request('post', '/v1/checkout/sessions', [...], null)
 9 APPPATH\Controllers\Stripe.php(121): Stripe\Service\Checkout\SessionService->create([...])
10 SYSTEMPATH\CodeIgniter.php(941): App\Controllers\Stripe->createCheckoutSession()
11 SYSTEMPATH\CodeIgniter.php(502): CodeIgniter\CodeIgniter->runController(Object(App\Controllers\Stripe))
12 SYSTEMPATH\CodeIgniter.php(361): CodeIgniter\CodeIgniter->handleRequest(null, Object(Config\Cache), false)
13 FCPATH\index.php(79): CodeIgniter\CodeIgniter->run()
INFO - 2025-09-13 04:56:27 --> CSRF token verified.
INFO - 2025-09-13 04:56:27 --> Session: Class initialized using 'CodeIgniter\Session\Handlers\FileHandler' driver.
INFO - 2025-09-13 04:56:27 --> CSRF token verified.
INFO - 2025-09-13 04:56:27 --> Session: Class initialized using 'CodeIgniter\Session\Handlers\FileHandler' driver.
CRITICAL - 2025-09-13 04:56:28 --> Stripe\Exception\InvalidRequestException: No such price: 'price_1S5fdDIdHTmmI4LfObBcWSia'
in VENDORPATH\stripe\stripe-php\lib\Exception\ApiErrorException.php on line 38.
 1 VENDORPATH\stripe\stripe-php\lib\Exception\InvalidRequestException.php(35): Stripe\Exception\ApiErrorException::factory('No such price: \'price_1S5fdDIdHTmmI4LfObBcWSia\'', 400, '{
  "error": {
    "code": "resource_missing",
    "doc_url": "https://stripe.com/docs/error-codes/resource-missing",
    "message": "No such price: \'price_1S5fdDIdHTmmI4LfObBcWSia\'",
    "param": "line_items[0][price]",
    "request_log_url": "https://dashboard.stripe.com/test/logs/req_KkEyaIRAlpEjRd?t=1757728588",
    "type": "invalid_request_error"
  }
}
', [...], Object(Stripe\Util\CaseInsensitiveArray), 'resource_missing')
 2 VENDORPATH\stripe\stripe-php\lib\ApiRequestor.php(218): Stripe\Exception\InvalidRequestException::factory('No such price: \'price_1S5fdDIdHTmmI4LfObBcWSia\'', 400, '{
  "error": {
    "code": "resource_missing",
    "doc_url": "https://stripe.com/docs/error-codes/resource-missing",
    "message": "No such price: \'price_1S5fdDIdHTmmI4LfObBcWSia\'",
    "param": "line_items[0][price]",
    "request_log_url": "https://dashboard.stripe.com/test/logs/req_KkEyaIRAlpEjRd?t=1757728588",
    "type": "invalid_request_error"
  }
}
', [...], Object(Stripe\Util\CaseInsensitiveArray), 'resource_missing', 'line_items[0][price]')
 3 VENDORPATH\stripe\stripe-php\lib\ApiRequestor.php(180): Stripe\ApiRequestor::_specificAPIError('{
  "error": {
    "code": "resource_missing",
    "doc_url": "https://stripe.com/docs/error-codes/resource-missing",
    "message": "No such price: \'price_1S5fdDIdHTmmI4LfObBcWSia\'",
    "param": "line_items[0][price]",
    "request_log_url": "https://dashboard.stripe.com/test/logs/req_KkEyaIRAlpEjRd?t=1757728588",
    "type": "invalid_request_error"
  }
}
', 400, Object(Stripe\Util\CaseInsensitiveArray), [...], [...])
 4 VENDORPATH\stripe\stripe-php\lib\ApiRequestor.php(564): Stripe\ApiRequestor->handleErrorResponse('{
  "error": {
    "code": "resource_missing",
    "doc_url": "https://stripe.com/docs/error-codes/resource-missing",
    "message": "No such price: \'price_1S5fdDIdHTmmI4LfObBcWSia\'",
    "param": "line_items[0][price]",
    "request_log_url": "https://dashboard.stripe.com/test/logs/req_KkEyaIRAlpEjRd?t=1757728588",
    "type": "invalid_request_error"
  }
}
', 400, Object(Stripe\Util\CaseInsensitiveArray), [...])
 5 VENDORPATH\stripe\stripe-php\lib\ApiRequestor.php(128): Stripe\ApiRequestor->_interpretResponse('{
  "error": {
    "code": "resource_missing",
    "doc_url": "https://stripe.com/docs/error-codes/resource-missing",
    "message": "No such price: \'price_1S5fdDIdHTmmI4LfObBcWSia\'",
    "param": "line_items[0][price]",
    "request_log_url": "https://dashboard.stripe.com/test/logs/req_KkEyaIRAlpEjRd?t=1757728588",
    "type": "invalid_request_error"
  }
}
', 400, Object(Stripe\Util\CaseInsensitiveArray))
 6 VENDORPATH\stripe\stripe-php\lib\BaseStripeClient.php(145): Stripe\ApiRequestor->request('post', '/v1/checkout/sessions', [...], [...], [...])
 7 VENDORPATH\stripe\stripe-php\lib\Service\AbstractService.php(75): Stripe\BaseStripeClient->request('post', '/v1/checkout/sessions', [...], Object(Stripe\Util\RequestOptions))
 8 VENDORPATH\stripe\stripe-php\lib\Service\Checkout\SessionService.php(61): Stripe\Service\AbstractService->request('post', '/v1/checkout/sessions', [...], null)
 9 APPPATH\Controllers\Stripe.php(121): Stripe\Service\Checkout\SessionService->create([...])
10 SYSTEMPATH\CodeIgniter.php(941): App\Controllers\Stripe->createCheckoutSession()
11 SYSTEMPATH\CodeIgniter.php(502): CodeIgniter\CodeIgniter->runController(Object(App\Controllers\Stripe))
12 SYSTEMPATH\CodeIgniter.php(361): CodeIgniter\CodeIgniter->handleRequest(null, Object(Config\Cache), false)
13 FCPATH\index.php(79): CodeIgniter\CodeIgniter->run()
INFO - 2025-09-13 05:02:34 --> CSRF token verified.
INFO - 2025-09-13 05:02:34 --> Session: Class initialized using 'CodeIgniter\Session\Handlers\FileHandler' driver.
INFO - 2025-09-13 05:02:34 --> CSRF token verified.
INFO - 2025-09-13 05:02:34 --> Session: Class initialized using 'CodeIgniter\Session\Handlers\FileHandler' driver.
CRITICAL - 2025-09-13 05:02:35 --> Stripe\Exception\InvalidRequestException: No such price: 'price_1S5fdDIdHTmmI4LfObBcWSia'
in VENDORPATH\stripe\stripe-php\lib\Exception\ApiErrorException.php on line 38.
 1 VENDORPATH\stripe\stripe-php\lib\Exception\InvalidRequestException.php(35): Stripe\Exception\ApiErrorException::factory('No such price: \'price_1S5fdDIdHTmmI4LfObBcWSia\'', 400, '{
  "error": {
    "code": "resource_missing",
    "doc_url": "https://stripe.com/docs/error-codes/resource-missing",
    "message": "No such price: \'price_1S5fdDIdHTmmI4LfObBcWSia\'",
    "param": "line_items[0][price]",
    "request_log_url": "https://dashboard.stripe.com/test/logs/req_UVdnjhQri7xBbK?t=1757728956",
    "type": "invalid_request_error"
  }
}
', [...], Object(Stripe\Util\CaseInsensitiveArray), 'resource_missing')
 2 VENDORPATH\stripe\stripe-php\lib\ApiRequestor.php(218): Stripe\Exception\InvalidRequestException::factory('No such price: \'price_1S5fdDIdHTmmI4LfObBcWSia\'', 400, '{
  "error": {
    "code": "resource_missing",
    "doc_url": "https://stripe.com/docs/error-codes/resource-missing",
    "message": "No such price: \'price_1S5fdDIdHTmmI4LfObBcWSia\'",
    "param": "line_items[0][price]",
    "request_log_url": "https://dashboard.stripe.com/test/logs/req_UVdnjhQri7xBbK?t=1757728956",
    "type": "invalid_request_error"
  }
}
', [...], Object(Stripe\Util\CaseInsensitiveArray), 'resource_missing', 'line_items[0][price]')
 3 VENDORPATH\stripe\stripe-php\lib\ApiRequestor.php(180): Stripe\ApiRequestor::_specificAPIError('{
  "error": {
    "code": "resource_missing",
    "doc_url": "https://stripe.com/docs/error-codes/resource-missing",
    "message": "No such price: \'price_1S5fdDIdHTmmI4LfObBcWSia\'",
    "param": "line_items[0][price]",
    "request_log_url": "https://dashboard.stripe.com/test/logs/req_UVdnjhQri7xBbK?t=1757728956",
    "type": "invalid_request_error"
  }
}
', 400, Object(Stripe\Util\CaseInsensitiveArray), [...], [...])
 4 VENDORPATH\stripe\stripe-php\lib\ApiRequestor.php(564): Stripe\ApiRequestor->handleErrorResponse('{
  "error": {
    "code": "resource_missing",
    "doc_url": "https://stripe.com/docs/error-codes/resource-missing",
    "message": "No such price: \'price_1S5fdDIdHTmmI4LfObBcWSia\'",
    "param": "line_items[0][price]",
    "request_log_url": "https://dashboard.stripe.com/test/logs/req_UVdnjhQri7xBbK?t=1757728956",
    "type": "invalid_request_error"
  }
}
', 400, Object(Stripe\Util\CaseInsensitiveArray), [...])
 5 VENDORPATH\stripe\stripe-php\lib\ApiRequestor.php(128): Stripe\ApiRequestor->_interpretResponse('{
  "error": {
    "code": "resource_missing",
    "doc_url": "https://stripe.com/docs/error-codes/resource-missing",
    "message": "No such price: \'price_1S5fdDIdHTmmI4LfObBcWSia\'",
    "param": "line_items[0][price]",
    "request_log_url": "https://dashboard.stripe.com/test/logs/req_UVdnjhQri7xBbK?t=1757728956",
    "type": "invalid_request_error"
  }
}
', 400, Object(Stripe\Util\CaseInsensitiveArray))
 6 VENDORPATH\stripe\stripe-php\lib\BaseStripeClient.php(145): Stripe\ApiRequestor->request('post', '/v1/checkout/sessions', [...], [...], [...])
 7 VENDORPATH\stripe\stripe-php\lib\Service\AbstractService.php(75): Stripe\BaseStripeClient->request('post', '/v1/checkout/sessions', [...], Object(Stripe\Util\RequestOptions))
 8 VENDORPATH\stripe\stripe-php\lib\Service\Checkout\SessionService.php(61): Stripe\Service\AbstractService->request('post', '/v1/checkout/sessions', [...], null)
 9 APPPATH\Controllers\Stripe.php(121): Stripe\Service\Checkout\SessionService->create([...])
10 SYSTEMPATH\CodeIgniter.php(941): App\Controllers\Stripe->createCheckoutSession()
11 SYSTEMPATH\CodeIgniter.php(502): CodeIgniter\CodeIgniter->runController(Object(App\Controllers\Stripe))
12 SYSTEMPATH\CodeIgniter.php(361): CodeIgniter\CodeIgniter->handleRequest(null, Object(Config\Cache), false)
13 FCPATH\index.php(79): CodeIgniter\CodeIgniter->run()
INFO - 2025-09-13 05:02:38 --> Session: Class initialized using 'CodeIgniter\Session\Handlers\FileHandler' driver.
INFO - 2025-09-13 05:02:43 --> CSRF token verified.
INFO - 2025-09-13 05:02:43 --> Session: Class initialized using 'CodeIgniter\Session\Handlers\FileHandler' driver.
INFO - 2025-09-13 05:02:43 --> CSRF token verified.
INFO - 2025-09-13 05:02:43 --> Session: Class initialized using 'CodeIgniter\Session\Handlers\FileHandler' driver.
CRITICAL - 2025-09-13 05:02:44 --> Stripe\Exception\InvalidRequestException: No such price: 'price_1S5fdDIdHTmmI4LfObBcWSia'
in VENDORPATH\stripe\stripe-php\lib\Exception\ApiErrorException.php on line 38.
 1 VENDORPATH\stripe\stripe-php\lib\Exception\InvalidRequestException.php(35): Stripe\Exception\ApiErrorException::factory('No such price: \'price_1S5fdDIdHTmmI4LfObBcWSia\'', 400, '{
  "error": {
    "code": "resource_missing",
    "doc_url": "https://stripe.com/docs/error-codes/resource-missing",
    "message": "No such price: \'price_1S5fdDIdHTmmI4LfObBcWSia\'",
    "param": "line_items[0][price]",
    "request_log_url": "https://dashboard.stripe.com/test/logs/req_r2WNmGP8UMf4LC?t=1757728965",
    "type": "invalid_request_error"
  }
}
', [...], Object(Stripe\Util\CaseInsensitiveArray), 'resource_missing')
 2 VENDORPATH\stripe\stripe-php\lib\ApiRequestor.php(218): Stripe\Exception\InvalidRequestException::factory('No such price: \'price_1S5fdDIdHTmmI4LfObBcWSia\'', 400, '{
  "error": {
    "code": "resource_missing",
    "doc_url": "https://stripe.com/docs/error-codes/resource-missing",
    "message": "No such price: \'price_1S5fdDIdHTmmI4LfObBcWSia\'",
    "param": "line_items[0][price]",
    "request_log_url": "https://dashboard.stripe.com/test/logs/req_r2WNmGP8UMf4LC?t=1757728965",
    "type": "invalid_request_error"
  }
}
', [...], Object(Stripe\Util\CaseInsensitiveArray), 'resource_missing', 'line_items[0][price]')
 3 VENDORPATH\stripe\stripe-php\lib\ApiRequestor.php(180): Stripe\ApiRequestor::_specificAPIError('{
  "error": {
    "code": "resource_missing",
    "doc_url": "https://stripe.com/docs/error-codes/resource-missing",
    "message": "No such price: \'price_1S5fdDIdHTmmI4LfObBcWSia\'",
    "param": "line_items[0][price]",
    "request_log_url": "https://dashboard.stripe.com/test/logs/req_r2WNmGP8UMf4LC?t=1757728965",
    "type": "invalid_request_error"
  }
}
', 400, Object(Stripe\Util\CaseInsensitiveArray), [...], [...])
 4 VENDORPATH\stripe\stripe-php\lib\ApiRequestor.php(564): Stripe\ApiRequestor->handleErrorResponse('{
  "error": {
    "code": "resource_missing",
    "doc_url": "https://stripe.com/docs/error-codes/resource-missing",
    "message": "No such price: \'price_1S5fdDIdHTmmI4LfObBcWSia\'",
    "param": "line_items[0][price]",
    "request_log_url": "https://dashboard.stripe.com/test/logs/req_r2WNmGP8UMf4LC?t=1757728965",
    "type": "invalid_request_error"
  }
}
', 400, Object(Stripe\Util\CaseInsensitiveArray), [...])
 5 VENDORPATH\stripe\stripe-php\lib\ApiRequestor.php(128): Stripe\ApiRequestor->_interpretResponse('{
  "error": {
    "code": "resource_missing",
    "doc_url": "https://stripe.com/docs/error-codes/resource-missing",
    "message": "No such price: \'price_1S5fdDIdHTmmI4LfObBcWSia\'",
    "param": "line_items[0][price]",
    "request_log_url": "https://dashboard.stripe.com/test/logs/req_r2WNmGP8UMf4LC?t=1757728965",
    "type": "invalid_request_error"
  }
}
', 400, Object(Stripe\Util\CaseInsensitiveArray))
 6 VENDORPATH\stripe\stripe-php\lib\BaseStripeClient.php(145): Stripe\ApiRequestor->request('post', '/v1/checkout/sessions', [...], [...], [...])
 7 VENDORPATH\stripe\stripe-php\lib\Service\AbstractService.php(75): Stripe\BaseStripeClient->request('post', '/v1/checkout/sessions', [...], Object(Stripe\Util\RequestOptions))
 8 VENDORPATH\stripe\stripe-php\lib\Service\Checkout\SessionService.php(61): Stripe\Service\AbstractService->request('post', '/v1/checkout/sessions', [...], null)
 9 APPPATH\Controllers\Stripe.php(121): Stripe\Service\Checkout\SessionService->create([...])
10 SYSTEMPATH\CodeIgniter.php(941): App\Controllers\Stripe->createCheckoutSession()
11 SYSTEMPATH\CodeIgniter.php(502): CodeIgniter\CodeIgniter->runController(Object(App\Controllers\Stripe))
12 SYSTEMPATH\CodeIgniter.php(361): CodeIgniter\CodeIgniter->handleRequest(null, Object(Config\Cache), false)
13 FCPATH\index.php(79): CodeIgniter\CodeIgniter->run()
INFO - 2025-09-13 05:05:27 --> CSRF token verified.
INFO - 2025-09-13 05:05:27 --> Session: Class initialized using 'CodeIgniter\Session\Handlers\FileHandler' driver.
INFO - 2025-09-13 05:05:28 --> CSRF token verified.
INFO - 2025-09-13 05:05:28 --> Session: Class initialized using 'CodeIgniter\Session\Handlers\FileHandler' driver.
CRITICAL - 2025-09-13 05:05:29 --> Stripe\Exception\InvalidRequestException: No such price: 'price_1S5fdDIdHTmmI4LfObBcWSia'
in VENDORPATH\stripe\stripe-php\lib\Exception\ApiErrorException.php on line 38.
 1 VENDORPATH\stripe\stripe-php\lib\Exception\InvalidRequestException.php(35): Stripe\Exception\ApiErrorException::factory('No such price: \'price_1S5fdDIdHTmmI4LfObBcWSia\'', 400, '{
  "error": {
    "code": "resource_missing",
    "doc_url": "https://stripe.com/docs/error-codes/resource-missing",
    "message": "No such price: \'price_1S5fdDIdHTmmI4LfObBcWSia\'",
    "param": "line_items[0][price]",
    "request_log_url": "https://dashboard.stripe.com/test/logs/req_vYjaHEq8KmZIJq?t=1757729129",
    "type": "invalid_request_error"
  }
}
', [...], Object(Stripe\Util\CaseInsensitiveArray), 'resource_missing')
 2 VENDORPATH\stripe\stripe-php\lib\ApiRequestor.php(218): Stripe\Exception\InvalidRequestException::factory('No such price: \'price_1S5fdDIdHTmmI4LfObBcWSia\'', 400, '{
  "error": {
    "code": "resource_missing",
    "doc_url": "https://stripe.com/docs/error-codes/resource-missing",
    "message": "No such price: \'price_1S5fdDIdHTmmI4LfObBcWSia\'",
    "param": "line_items[0][price]",
    "request_log_url": "https://dashboard.stripe.com/test/logs/req_vYjaHEq8KmZIJq?t=1757729129",
    "type": "invalid_request_error"
  }
}
', [...], Object(Stripe\Util\CaseInsensitiveArray), 'resource_missing', 'line_items[0][price]')
 3 VENDORPATH\stripe\stripe-php\lib\ApiRequestor.php(180): Stripe\ApiRequestor::_specificAPIError('{
  "error": {
    "code": "resource_missing",
    "doc_url": "https://stripe.com/docs/error-codes/resource-missing",
    "message": "No such price: \'price_1S5fdDIdHTmmI4LfObBcWSia\'",
    "param": "line_items[0][price]",
    "request_log_url": "https://dashboard.stripe.com/test/logs/req_vYjaHEq8KmZIJq?t=1757729129",
    "type": "invalid_request_error"
  }
}
', 400, Object(Stripe\Util\CaseInsensitiveArray), [...], [...])
 4 VENDORPATH\stripe\stripe-php\lib\ApiRequestor.php(564): Stripe\ApiRequestor->handleErrorResponse('{
  "error": {
    "code": "resource_missing",
    "doc_url": "https://stripe.com/docs/error-codes/resource-missing",
    "message": "No such price: \'price_1S5fdDIdHTmmI4LfObBcWSia\'",
    "param": "line_items[0][price]",
    "request_log_url": "https://dashboard.stripe.com/test/logs/req_vYjaHEq8KmZIJq?t=1757729129",
    "type": "invalid_request_error"
  }
}
', 400, Object(Stripe\Util\CaseInsensitiveArray), [...])
 5 VENDORPATH\stripe\stripe-php\lib\ApiRequestor.php(128): Stripe\ApiRequestor->_interpretResponse('{
  "error": {
    "code": "resource_missing",
    "doc_url": "https://stripe.com/docs/error-codes/resource-missing",
    "message": "No such price: \'price_1S5fdDIdHTmmI4LfObBcWSia\'",
    "param": "line_items[0][price]",
    "request_log_url": "https://dashboard.stripe.com/test/logs/req_vYjaHEq8KmZIJq?t=1757729129",
    "type": "invalid_request_error"
  }
}
', 400, Object(Stripe\Util\CaseInsensitiveArray))
 6 VENDORPATH\stripe\stripe-php\lib\BaseStripeClient.php(145): Stripe\ApiRequestor->request('post', '/v1/checkout/sessions', [...], [...], [...])
 7 VENDORPATH\stripe\stripe-php\lib\Service\AbstractService.php(75): Stripe\BaseStripeClient->request('post', '/v1/checkout/sessions', [...], Object(Stripe\Util\RequestOptions))
 8 VENDORPATH\stripe\stripe-php\lib\Service\Checkout\SessionService.php(61): Stripe\Service\AbstractService->request('post', '/v1/checkout/sessions', [...], null)
 9 APPPATH\Controllers\Stripe.php(121): Stripe\Service\Checkout\SessionService->create([...])
10 SYSTEMPATH\CodeIgniter.php(941): App\Controllers\Stripe->createCheckoutSession()
11 SYSTEMPATH\CodeIgniter.php(502): CodeIgniter\CodeIgniter->runController(Object(App\Controllers\Stripe))
12 SYSTEMPATH\CodeIgniter.php(361): CodeIgniter\CodeIgniter->handleRequest(null, Object(Config\Cache), false)
13 FCPATH\index.php(79): CodeIgniter\CodeIgniter->run()
INFO - 2025-09-13 05:05:31 --> Session: Class initialized using 'CodeIgniter\Session\Handlers\FileHandler' driver.
INFO - 2025-09-13 05:05:38 --> CSRF token verified.
INFO - 2025-09-13 05:05:38 --> Session: Class initialized using 'CodeIgniter\Session\Handlers\FileHandler' driver.
INFO - 2025-09-13 05:05:38 --> CSRF token verified.
INFO - 2025-09-13 05:05:38 --> Session: Class initialized using 'CodeIgniter\Session\Handlers\FileHandler' driver.
CRITICAL - 2025-09-13 05:05:39 --> Stripe\Exception\InvalidRequestException: No such price: 'price_1S5fdDIdHTmmI4LfObBcWSia'
in VENDORPATH\stripe\stripe-php\lib\Exception\ApiErrorException.php on line 38.
 1 VENDORPATH\stripe\stripe-php\lib\Exception\InvalidRequestException.php(35): Stripe\Exception\ApiErrorException::factory('No such price: \'price_1S5fdDIdHTmmI4LfObBcWSia\'', 400, '{
  "error": {
    "code": "resource_missing",
    "doc_url": "https://stripe.com/docs/error-codes/resource-missing",
    "message": "No such price: \'price_1S5fdDIdHTmmI4LfObBcWSia\'",
    "param": "line_items[0][price]",
    "request_log_url": "https://dashboard.stripe.com/test/logs/req_vogwNaIdDxxl0N?t=1757729140",
    "type": "invalid_request_error"
  }
}
', [...], Object(Stripe\Util\CaseInsensitiveArray), 'resource_missing')
 2 VENDORPATH\stripe\stripe-php\lib\ApiRequestor.php(218): Stripe\Exception\InvalidRequestException::factory('No such price: \'price_1S5fdDIdHTmmI4LfObBcWSia\'', 400, '{
  "error": {
    "code": "resource_missing",
    "doc_url": "https://stripe.com/docs/error-codes/resource-missing",
    "message": "No such price: \'price_1S5fdDIdHTmmI4LfObBcWSia\'",
    "param": "line_items[0][price]",
    "request_log_url": "https://dashboard.stripe.com/test/logs/req_vogwNaIdDxxl0N?t=1757729140",
    "type": "invalid_request_error"
  }
}
', [...], Object(Stripe\Util\CaseInsensitiveArray), 'resource_missing', 'line_items[0][price]')
 3 VENDORPATH\stripe\stripe-php\lib\ApiRequestor.php(180): Stripe\ApiRequestor::_specificAPIError('{
  "error": {
    "code": "resource_missing",
    "doc_url": "https://stripe.com/docs/error-codes/resource-missing",
    "message": "No such price: \'price_1S5fdDIdHTmmI4LfObBcWSia\'",
    "param": "line_items[0][price]",
    "request_log_url": "https://dashboard.stripe.com/test/logs/req_vogwNaIdDxxl0N?t=1757729140",
    "type": "invalid_request_error"
  }
}
', 400, Object(Stripe\Util\CaseInsensitiveArray), [...], [...])
 4 VENDORPATH\stripe\stripe-php\lib\ApiRequestor.php(564): Stripe\ApiRequestor->handleErrorResponse('{
  "error": {
    "code": "resource_missing",
    "doc_url": "https://stripe.com/docs/error-codes/resource-missing",
    "message": "No such price: \'price_1S5fdDIdHTmmI4LfObBcWSia\'",
    "param": "line_items[0][price]",
    "request_log_url": "https://dashboard.stripe.com/test/logs/req_vogwNaIdDxxl0N?t=1757729140",
    "type": "invalid_request_error"
  }
}
', 400, Object(Stripe\Util\CaseInsensitiveArray), [...])
 5 VENDORPATH\stripe\stripe-php\lib\ApiRequestor.php(128): Stripe\ApiRequestor->_interpretResponse('{
  "error": {
    "code": "resource_missing",
    "doc_url": "https://stripe.com/docs/error-codes/resource-missing",
    "message": "No such price: \'price_1S5fdDIdHTmmI4LfObBcWSia\'",
    "param": "line_items[0][price]",
    "request_log_url": "https://dashboard.stripe.com/test/logs/req_vogwNaIdDxxl0N?t=1757729140",
    "type": "invalid_request_error"
  }
}
', 400, Object(Stripe\Util\CaseInsensitiveArray))
 6 VENDORPATH\stripe\stripe-php\lib\BaseStripeClient.php(145): Stripe\ApiRequestor->request('post', '/v1/checkout/sessions', [...], [...], [...])
 7 VENDORPATH\stripe\stripe-php\lib\Service\AbstractService.php(75): Stripe\BaseStripeClient->request('post', '/v1/checkout/sessions', [...], Object(Stripe\Util\RequestOptions))
 8 VENDORPATH\stripe\stripe-php\lib\Service\Checkout\SessionService.php(61): Stripe\Service\AbstractService->request('post', '/v1/checkout/sessions', [...], null)
 9 APPPATH\Controllers\Stripe.php(121): Stripe\Service\Checkout\SessionService->create([...])
10 SYSTEMPATH\CodeIgniter.php(941): App\Controllers\Stripe->createCheckoutSession()
11 SYSTEMPATH\CodeIgniter.php(502): CodeIgniter\CodeIgniter->runController(Object(App\Controllers\Stripe))
12 SYSTEMPATH\CodeIgniter.php(361): CodeIgniter\CodeIgniter->handleRequest(null, Object(Config\Cache), false)
13 FCPATH\index.php(79): CodeIgniter\CodeIgniter->run()
INFO - 2025-09-13 05:05:48 --> CSRF token verified.
INFO - 2025-09-13 05:05:48 --> Session: Class initialized using 'CodeIgniter\Session\Handlers\FileHandler' driver.
INFO - 2025-09-13 05:05:48 --> CSRF token verified.
INFO - 2025-09-13 05:05:48 --> Session: Class initialized using 'CodeIgniter\Session\Handlers\FileHandler' driver.
CRITICAL - 2025-09-13 05:05:49 --> Stripe\Exception\InvalidRequestException: No such price: 'price_1S5fdDIdHTmmI4LfObBcWSia'
in VENDORPATH\stripe\stripe-php\lib\Exception\ApiErrorException.php on line 38.
 1 VENDORPATH\stripe\stripe-php\lib\Exception\InvalidRequestException.php(35): Stripe\Exception\ApiErrorException::factory('No such price: \'price_1S5fdDIdHTmmI4LfObBcWSia\'', 400, '{
  "error": {
    "code": "resource_missing",
    "doc_url": "https://stripe.com/docs/error-codes/resource-missing",
    "message": "No such price: \'price_1S5fdDIdHTmmI4LfObBcWSia\'",
    "param": "line_items[0][price]",
    "request_log_url": "https://dashboard.stripe.com/test/logs/req_VBPudjYb5lokvU?t=1757729149",
    "type": "invalid_request_error"
  }
}
', [...], Object(Stripe\Util\CaseInsensitiveArray), 'resource_missing')
 2 VENDORPATH\stripe\stripe-php\lib\ApiRequestor.php(218): Stripe\Exception\InvalidRequestException::factory('No such price: \'price_1S5fdDIdHTmmI4LfObBcWSia\'', 400, '{
  "error": {
    "code": "resource_missing",
    "doc_url": "https://stripe.com/docs/error-codes/resource-missing",
    "message": "No such price: \'price_1S5fdDIdHTmmI4LfObBcWSia\'",
    "param": "line_items[0][price]",
    "request_log_url": "https://dashboard.stripe.com/test/logs/req_VBPudjYb5lokvU?t=1757729149",
    "type": "invalid_request_error"
  }
}
', [...], Object(Stripe\Util\CaseInsensitiveArray), 'resource_missing', 'line_items[0][price]')
 3 VENDORPATH\stripe\stripe-php\lib\ApiRequestor.php(180): Stripe\ApiRequestor::_specificAPIError('{
  "error": {
    "code": "resource_missing",
    "doc_url": "https://stripe.com/docs/error-codes/resource-missing",
    "message": "No such price: \'price_1S5fdDIdHTmmI4LfObBcWSia\'",
    "param": "line_items[0][price]",
    "request_log_url": "https://dashboard.stripe.com/test/logs/req_VBPudjYb5lokvU?t=1757729149",
    "type": "invalid_request_error"
  }
}
', 400, Object(Stripe\Util\CaseInsensitiveArray), [...], [...])
 4 VENDORPATH\stripe\stripe-php\lib\ApiRequestor.php(564): Stripe\ApiRequestor->handleErrorResponse('{
  "error": {
    "code": "resource_missing",
    "doc_url": "https://stripe.com/docs/error-codes/resource-missing",
    "message": "No such price: \'price_1S5fdDIdHTmmI4LfObBcWSia\'",
    "param": "line_items[0][price]",
    "request_log_url": "https://dashboard.stripe.com/test/logs/req_VBPudjYb5lokvU?t=1757729149",
    "type": "invalid_request_error"
  }
}
', 400, Object(Stripe\Util\CaseInsensitiveArray), [...])
 5 VENDORPATH\stripe\stripe-php\lib\ApiRequestor.php(128): Stripe\ApiRequestor->_interpretResponse('{
  "error": {
    "code": "resource_missing",
    "doc_url": "https://stripe.com/docs/error-codes/resource-missing",
    "message": "No such price: \'price_1S5fdDIdHTmmI4LfObBcWSia\'",
    "param": "line_items[0][price]",
    "request_log_url": "https://dashboard.stripe.com/test/logs/req_VBPudjYb5lokvU?t=1757729149",
    "type": "invalid_request_error"
  }
}
', 400, Object(Stripe\Util\CaseInsensitiveArray))
 6 VENDORPATH\stripe\stripe-php\lib\BaseStripeClient.php(145): Stripe\ApiRequestor->request('post', '/v1/checkout/sessions', [...], [...], [...])
 7 VENDORPATH\stripe\stripe-php\lib\Service\AbstractService.php(75): Stripe\BaseStripeClient->request('post', '/v1/checkout/sessions', [...], Object(Stripe\Util\RequestOptions))
 8 VENDORPATH\stripe\stripe-php\lib\Service\Checkout\SessionService.php(61): Stripe\Service\AbstractService->request('post', '/v1/checkout/sessions', [...], null)
 9 APPPATH\Controllers\Stripe.php(121): Stripe\Service\Checkout\SessionService->create([...])
10 SYSTEMPATH\CodeIgniter.php(941): App\Controllers\Stripe->createCheckoutSession()
11 SYSTEMPATH\CodeIgniter.php(502): CodeIgniter\CodeIgniter->runController(Object(App\Controllers\Stripe))
12 SYSTEMPATH\CodeIgniter.php(361): CodeIgniter\CodeIgniter->handleRequest(null, Object(Config\Cache), false)
13 FCPATH\index.php(79): CodeIgniter\CodeIgniter->run()
INFO - 2025-09-13 05:12:38 --> CSRF token verified.
INFO - 2025-09-13 05:12:38 --> Session: Class initialized using 'CodeIgniter\Session\Handlers\FileHandler' driver.
INFO - 2025-09-13 05:12:38 --> CSRF token verified.
INFO - 2025-09-13 05:12:38 --> Session: Class initialized using 'CodeIgniter\Session\Handlers\FileHandler' driver.
CRITICAL - 2025-09-13 05:12:39 --> Stripe\Exception\InvalidRequestException: No such price: 'price_1S5fdDIdHTmmI4LfObBcWSia'
in VENDORPATH\stripe\stripe-php\lib\Exception\ApiErrorException.php on line 38.
 1 VENDORPATH\stripe\stripe-php\lib\Exception\InvalidRequestException.php(35): Stripe\Exception\ApiErrorException::factory('No such price: \'price_1S5fdDIdHTmmI4LfObBcWSia\'', 400, '{
  "error": {
    "code": "resource_missing",
    "doc_url": "https://stripe.com/docs/error-codes/resource-missing",
    "message": "No such price: \'price_1S5fdDIdHTmmI4LfObBcWSia\'",
    "param": "line_items[0][price]",
    "request_log_url": "https://dashboard.stripe.com/test/logs/req_F0ojAtLxl4i9iD?t=1757729559",
    "type": "invalid_request_error"
  }
}
', [...], Object(Stripe\Util\CaseInsensitiveArray), 'resource_missing')
 2 VENDORPATH\stripe\stripe-php\lib\ApiRequestor.php(218): Stripe\Exception\InvalidRequestException::factory('No such price: \'price_1S5fdDIdHTmmI4LfObBcWSia\'', 400, '{
  "error": {
    "code": "resource_missing",
    "doc_url": "https://stripe.com/docs/error-codes/resource-missing",
    "message": "No such price: \'price_1S5fdDIdHTmmI4LfObBcWSia\'",
    "param": "line_items[0][price]",
    "request_log_url": "https://dashboard.stripe.com/test/logs/req_F0ojAtLxl4i9iD?t=1757729559",
    "type": "invalid_request_error"
  }
}
', [...], Object(Stripe\Util\CaseInsensitiveArray), 'resource_missing', 'line_items[0][price]')
 3 VENDORPATH\stripe\stripe-php\lib\ApiRequestor.php(180): Stripe\ApiRequestor::_specificAPIError('{
  "error": {
    "code": "resource_missing",
    "doc_url": "https://stripe.com/docs/error-codes/resource-missing",
    "message": "No such price: \'price_1S5fdDIdHTmmI4LfObBcWSia\'",
    "param": "line_items[0][price]",
    "request_log_url": "https://dashboard.stripe.com/test/logs/req_F0ojAtLxl4i9iD?t=1757729559",
    "type": "invalid_request_error"
  }
}
', 400, Object(Stripe\Util\CaseInsensitiveArray), [...], [...])
 4 VENDORPATH\stripe\stripe-php\lib\ApiRequestor.php(564): Stripe\ApiRequestor->handleErrorResponse('{
  "error": {
    "code": "resource_missing",
    "doc_url": "https://stripe.com/docs/error-codes/resource-missing",
    "message": "No such price: \'price_1S5fdDIdHTmmI4LfObBcWSia\'",
    "param": "line_items[0][price]",
    "request_log_url": "https://dashboard.stripe.com/test/logs/req_F0ojAtLxl4i9iD?t=1757729559",
    "type": "invalid_request_error"
  }
}
', 400, Object(Stripe\Util\CaseInsensitiveArray), [...])
 5 VENDORPATH\stripe\stripe-php\lib\ApiRequestor.php(128): Stripe\ApiRequestor->_interpretResponse('{
  "error": {
    "code": "resource_missing",
    "doc_url": "https://stripe.com/docs/error-codes/resource-missing",
    "message": "No such price: \'price_1S5fdDIdHTmmI4LfObBcWSia\'",
    "param": "line_items[0][price]",
    "request_log_url": "https://dashboard.stripe.com/test/logs/req_F0ojAtLxl4i9iD?t=1757729559",
    "type": "invalid_request_error"
  }
}
', 400, Object(Stripe\Util\CaseInsensitiveArray))
 6 VENDORPATH\stripe\stripe-php\lib\BaseStripeClient.php(145): Stripe\ApiRequestor->request('post', '/v1/checkout/sessions', [...], [...], [...])
 7 VENDORPATH\stripe\stripe-php\lib\Service\AbstractService.php(75): Stripe\BaseStripeClient->request('post', '/v1/checkout/sessions', [...], Object(Stripe\Util\RequestOptions))
 8 VENDORPATH\stripe\stripe-php\lib\Service\Checkout\SessionService.php(61): Stripe\Service\AbstractService->request('post', '/v1/checkout/sessions', [...], null)
 9 APPPATH\Controllers\Stripe.php(121): Stripe\Service\Checkout\SessionService->create([...])
10 SYSTEMPATH\CodeIgniter.php(941): App\Controllers\Stripe->createCheckoutSession()
11 SYSTEMPATH\CodeIgniter.php(502): CodeIgniter\CodeIgniter->runController(Object(App\Controllers\Stripe))
12 SYSTEMPATH\CodeIgniter.php(361): CodeIgniter\CodeIgniter->handleRequest(null, Object(Config\Cache), false)
13 FCPATH\index.php(79): CodeIgniter\CodeIgniter->run()
INFO - 2025-09-13 05:12:42 --> Session: Class initialized using 'CodeIgniter\Session\Handlers\FileHandler' driver.
INFO - 2025-09-13 05:12:58 --> Session: Class initialized using 'CodeIgniter\Session\Handlers\FileHandler' driver.
INFO - 2025-09-13 05:13:03 --> CSRF token verified.
INFO - 2025-09-13 05:13:03 --> Session: Class initialized using 'CodeIgniter\Session\Handlers\FileHandler' driver.
INFO - 2025-09-13 05:13:03 --> CSRF token verified.
INFO - 2025-09-13 05:13:03 --> Session: Class initialized using 'CodeIgniter\Session\Handlers\FileHandler' driver.
CRITICAL - 2025-09-13 05:13:04 --> Stripe\Exception\InvalidRequestException: No such price: 'price_1S6ipwIdHTmmI4LfKviagZ5n'
in VENDORPATH\stripe\stripe-php\lib\Exception\ApiErrorException.php on line 38.
 1 VENDORPATH\stripe\stripe-php\lib\Exception\InvalidRequestException.php(35): Stripe\Exception\ApiErrorException::factory('No such price: \'price_1S6ipwIdHTmmI4LfKviagZ5n\'', 400, '{
  "error": {
    "code": "resource_missing",
    "doc_url": "https://stripe.com/docs/error-codes/resource-missing",
    "message": "No such price: \'price_1S6ipwIdHTmmI4LfKviagZ5n\'",
    "param": "line_items[0][price]",
    "request_log_url": "https://dashboard.stripe.com/test/logs/req_E3iqOgTNoIiesr?t=1757729585",
    "type": "invalid_request_error"
  }
}
', [...], Object(Stripe\Util\CaseInsensitiveArray), 'resource_missing')
 2 VENDORPATH\stripe\stripe-php\lib\ApiRequestor.php(218): Stripe\Exception\InvalidRequestException::factory('No such price: \'price_1S6ipwIdHTmmI4LfKviagZ5n\'', 400, '{
  "error": {
    "code": "resource_missing",
    "doc_url": "https://stripe.com/docs/error-codes/resource-missing",
    "message": "No such price: \'price_1S6ipwIdHTmmI4LfKviagZ5n\'",
    "param": "line_items[0][price]",
    "request_log_url": "https://dashboard.stripe.com/test/logs/req_E3iqOgTNoIiesr?t=1757729585",
    "type": "invalid_request_error"
  }
}
', [...], Object(Stripe\Util\CaseInsensitiveArray), 'resource_missing', 'line_items[0][price]')
 3 VENDORPATH\stripe\stripe-php\lib\ApiRequestor.php(180): Stripe\ApiRequestor::_specificAPIError('{
  "error": {
    "code": "resource_missing",
    "doc_url": "https://stripe.com/docs/error-codes/resource-missing",
    "message": "No such price: \'price_1S6ipwIdHTmmI4LfKviagZ5n\'",
    "param": "line_items[0][price]",
    "request_log_url": "https://dashboard.stripe.com/test/logs/req_E3iqOgTNoIiesr?t=1757729585",
    "type": "invalid_request_error"
  }
}
', 400, Object(Stripe\Util\CaseInsensitiveArray), [...], [...])
 4 VENDORPATH\stripe\stripe-php\lib\ApiRequestor.php(564): Stripe\ApiRequestor->handleErrorResponse('{
  "error": {
    "code": "resource_missing",
    "doc_url": "https://stripe.com/docs/error-codes/resource-missing",
    "message": "No such price: \'price_1S6ipwIdHTmmI4LfKviagZ5n\'",
    "param": "line_items[0][price]",
    "request_log_url": "https://dashboard.stripe.com/test/logs/req_E3iqOgTNoIiesr?t=1757729585",
    "type": "invalid_request_error"
  }
}
', 400, Object(Stripe\Util\CaseInsensitiveArray), [...])
 5 VENDORPATH\stripe\stripe-php\lib\ApiRequestor.php(128): Stripe\ApiRequestor->_interpretResponse('{
  "error": {
    "code": "resource_missing",
    "doc_url": "https://stripe.com/docs/error-codes/resource-missing",
    "message": "No such price: \'price_1S6ipwIdHTmmI4LfKviagZ5n\'",
    "param": "line_items[0][price]",
    "request_log_url": "https://dashboard.stripe.com/test/logs/req_E3iqOgTNoIiesr?t=1757729585",
    "type": "invalid_request_error"
  }
}
', 400, Object(Stripe\Util\CaseInsensitiveArray))
 6 VENDORPATH\stripe\stripe-php\lib\BaseStripeClient.php(145): Stripe\ApiRequestor->request('post', '/v1/checkout/sessions', [...], [...], [...])
 7 VENDORPATH\stripe\stripe-php\lib\Service\AbstractService.php(75): Stripe\BaseStripeClient->request('post', '/v1/checkout/sessions', [...], Object(Stripe\Util\RequestOptions))
 8 VENDORPATH\stripe\stripe-php\lib\Service\Checkout\SessionService.php(61): Stripe\Service\AbstractService->request('post', '/v1/checkout/sessions', [...], null)
 9 APPPATH\Controllers\Stripe.php(121): Stripe\Service\Checkout\SessionService->create([...])
10 SYSTEMPATH\CodeIgniter.php(941): App\Controllers\Stripe->createCheckoutSession()
11 SYSTEMPATH\CodeIgniter.php(502): CodeIgniter\CodeIgniter->runController(Object(App\Controllers\Stripe))
12 SYSTEMPATH\CodeIgniter.php(361): CodeIgniter\CodeIgniter->handleRequest(null, Object(Config\Cache), false)
13 FCPATH\index.php(79): CodeIgniter\CodeIgniter->run()
INFO - 2025-09-13 05:24:35 --> CSRF token verified.
INFO - 2025-09-13 05:24:35 --> Session: Class initialized using 'CodeIgniter\Session\Handlers\FileHandler' driver.
INFO - 2025-09-13 05:24:35 --> CSRF token verified.
INFO - 2025-09-13 05:24:35 --> Session: Class initialized using 'CodeIgniter\Session\Handlers\FileHandler' driver.
CRITICAL - 2025-09-13 05:24:36 --> Stripe\Exception\InvalidRequestException: No such price: 'price_1S6ipwIdHTmmI4LfKviagZ5n'
in VENDORPATH\stripe\stripe-php\lib\Exception\ApiErrorException.php on line 38.
 1 VENDORPATH\stripe\stripe-php\lib\Exception\InvalidRequestException.php(35): Stripe\Exception\ApiErrorException::factory('No such price: \'price_1S6ipwIdHTmmI4LfKviagZ5n\'', 400, '{
  "error": {
    "code": "resource_missing",
    "doc_url": "https://stripe.com/docs/error-codes/resource-missing",
    "message": "No such price: \'price_1S6ipwIdHTmmI4LfKviagZ5n\'",
    "param": "line_items[0][price]",
    "request_log_url": "https://dashboard.stripe.com/test/logs/req_jImeoWGEQgQzmR?t=1757730276",
    "type": "invalid_request_error"
  }
}
', [...], Object(Stripe\Util\CaseInsensitiveArray), 'resource_missing')
 2 VENDORPATH\stripe\stripe-php\lib\ApiRequestor.php(218): Stripe\Exception\InvalidRequestException::factory('No such price: \'price_1S6ipwIdHTmmI4LfKviagZ5n\'', 400, '{
  "error": {
    "code": "resource_missing",
    "doc_url": "https://stripe.com/docs/error-codes/resource-missing",
    "message": "No such price: \'price_1S6ipwIdHTmmI4LfKviagZ5n\'",
    "param": "line_items[0][price]",
    "request_log_url": "https://dashboard.stripe.com/test/logs/req_jImeoWGEQgQzmR?t=1757730276",
    "type": "invalid_request_error"
  }
}
', [...], Object(Stripe\Util\CaseInsensitiveArray), 'resource_missing', 'line_items[0][price]')
 3 VENDORPATH\stripe\stripe-php\lib\ApiRequestor.php(180): Stripe\ApiRequestor::_specificAPIError('{
  "error": {
    "code": "resource_missing",
    "doc_url": "https://stripe.com/docs/error-codes/resource-missing",
    "message": "No such price: \'price_1S6ipwIdHTmmI4LfKviagZ5n\'",
    "param": "line_items[0][price]",
    "request_log_url": "https://dashboard.stripe.com/test/logs/req_jImeoWGEQgQzmR?t=1757730276",
    "type": "invalid_request_error"
  }
}
', 400, Object(Stripe\Util\CaseInsensitiveArray), [...], [...])
 4 VENDORPATH\stripe\stripe-php\lib\ApiRequestor.php(564): Stripe\ApiRequestor->handleErrorResponse('{
  "error": {
    "code": "resource_missing",
    "doc_url": "https://stripe.com/docs/error-codes/resource-missing",
    "message": "No such price: \'price_1S6ipwIdHTmmI4LfKviagZ5n\'",
    "param": "line_items[0][price]",
    "request_log_url": "https://dashboard.stripe.com/test/logs/req_jImeoWGEQgQzmR?t=1757730276",
    "type": "invalid_request_error"
  }
}
', 400, Object(Stripe\Util\CaseInsensitiveArray), [...])
 5 VENDORPATH\stripe\stripe-php\lib\ApiRequestor.php(128): Stripe\ApiRequestor->_interpretResponse('{
  "error": {
    "code": "resource_missing",
    "doc_url": "https://stripe.com/docs/error-codes/resource-missing",
    "message": "No such price: \'price_1S6ipwIdHTmmI4LfKviagZ5n\'",
    "param": "line_items[0][price]",
    "request_log_url": "https://dashboard.stripe.com/test/logs/req_jImeoWGEQgQzmR?t=1757730276",
    "type": "invalid_request_error"
  }
}
', 400, Object(Stripe\Util\CaseInsensitiveArray))
 6 VENDORPATH\stripe\stripe-php\lib\BaseStripeClient.php(145): Stripe\ApiRequestor->request('post', '/v1/checkout/sessions', [...], [...], [...])
 7 VENDORPATH\stripe\stripe-php\lib\Service\AbstractService.php(75): Stripe\BaseStripeClient->request('post', '/v1/checkout/sessions', [...], Object(Stripe\Util\RequestOptions))
 8 VENDORPATH\stripe\stripe-php\lib\Service\Checkout\SessionService.php(61): Stripe\Service\AbstractService->request('post', '/v1/checkout/sessions', [...], null)
 9 APPPATH\Controllers\Stripe.php(121): Stripe\Service\Checkout\SessionService->create([...])
10 SYSTEMPATH\CodeIgniter.php(941): App\Controllers\Stripe->createCheckoutSession()
11 SYSTEMPATH\CodeIgniter.php(502): CodeIgniter\CodeIgniter->runController(Object(App\Controllers\Stripe))
12 SYSTEMPATH\CodeIgniter.php(361): CodeIgniter\CodeIgniter->handleRequest(null, Object(Config\Cache), false)
13 FCPATH\index.php(79): CodeIgniter\CodeIgniter->run()
INFO - 2025-09-13 05:24:43 --> CSRF token verified.
INFO - 2025-09-13 05:24:43 --> Session: Class initialized using 'CodeIgniter\Session\Handlers\FileHandler' driver.
INFO - 2025-09-13 05:24:43 --> Session: Class initialized using 'CodeIgniter\Session\Handlers\FileHandler' driver.
INFO - 2025-09-13 05:24:48 --> CSRF token verified.
INFO - 2025-09-13 05:24:48 --> Session: Class initialized using 'CodeIgniter\Session\Handlers\FileHandler' driver.
INFO - 2025-09-13 05:24:48 --> Session: Class initialized using 'CodeIgniter\Session\Handlers\FileHandler' driver.
INFO - 2025-09-13 05:24:49 --> Session: Class initialized using 'CodeIgniter\Session\Handlers\FileHandler' driver.
INFO - 2025-09-13 05:24:50 --> Session: Class initialized using 'CodeIgniter\Session\Handlers\FileHandler' driver.
INFO - 2025-09-13 05:24:52 --> Session: Class initialized using 'CodeIgniter\Session\Handlers\FileHandler' driver.
INFO - 2025-09-13 05:24:52 --> Session: Class initialized using 'CodeIgniter\Session\Handlers\FileHandler' driver.
INFO - 2025-09-13 05:24:54 --> Session: Class initialized using 'CodeIgniter\Session\Handlers\FileHandler' driver.
INFO - 2025-09-13 05:24:54 --> Session: Class initialized using 'CodeIgniter\Session\Handlers\FileHandler' driver.
INFO - 2025-09-13 05:24:58 --> CSRF token verified.
INFO - 2025-09-13 05:24:58 --> Session: Class initialized using 'CodeIgniter\Session\Handlers\FileHandler' driver.
INFO - 2025-09-13 05:24:58 --> Session: Class initialized using 'CodeIgniter\Session\Handlers\FileHandler' driver.
INFO - 2025-09-13 05:24:58 --> Session: Class initialized using 'CodeIgniter\Session\Handlers\FileHandler' driver.
INFO - 2025-09-13 05:25:14 --> CSRF token verified.
INFO - 2025-09-13 05:25:14 --> Session: Class initialized using 'CodeIgniter\Session\Handlers\FileHandler' driver.
INFO - 2025-09-13 05:25:14 --> Session: Class initialized using 'CodeIgniter\Session\Handlers\FileHandler' driver.
INFO - 2025-09-13 05:25:16 --> Session: Class initialized using 'CodeIgniter\Session\Handlers\FileHandler' driver.
INFO - 2025-09-13 05:25:18 --> Session: Class initialized using 'CodeIgniter\Session\Handlers\FileHandler' driver.
INFO - 2025-09-13 05:25:28 --> Session: Class initialized using 'CodeIgniter\Session\Handlers\FileHandler' driver.
INFO - 2025-09-13 05:25:31 --> Session: Class initialized using 'CodeIgniter\Session\Handlers\FileHandler' driver.
INFO - 2025-09-13 05:25:31 --> Session: Class initialized using 'CodeIgniter\Session\Handlers\FileHandler' driver.
INFO - 2025-09-13 05:25:34 --> CSRF token verified.
INFO - 2025-09-13 05:25:34 --> Session: Class initialized using 'CodeIgniter\Session\Handlers\FileHandler' driver.
INFO - 2025-09-13 05:25:35 --> Session: Class initialized using 'CodeIgniter\Session\Handlers\FileHandler' driver.
INFO - 2025-09-13 05:25:36 --> Session: Class initialized using 'CodeIgniter\Session\Handlers\FileHandler' driver.
INFO - 2025-09-13 05:25:38 --> Session: Class initialized using 'CodeIgniter\Session\Handlers\FileHandler' driver.
INFO - 2025-09-13 05:25:48 --> CSRF token verified.
INFO - 2025-09-13 05:25:48 --> Session: Class initialized using 'CodeIgniter\Session\Handlers\FileHandler' driver.
INFO - 2025-09-13 05:25:48 --> Session: Class initialized using 'CodeIgniter\Session\Handlers\FileHandler' driver.
INFO - 2025-09-13 05:25:51 --> Session: Class initialized using 'CodeIgniter\Session\Handlers\FileHandler' driver.
INFO - 2025-09-13 05:25:51 --> Session: Class initialized using 'CodeIgniter\Session\Handlers\FileHandler' driver.
INFO - 2025-09-13 05:25:57 --> CSRF token verified.
INFO - 2025-09-13 05:25:57 --> Session: Class initialized using 'CodeIgniter\Session\Handlers\FileHandler' driver.
INFO - 2025-09-13 05:25:57 --> Session: Class initialized using 'CodeIgniter\Session\Handlers\FileHandler' driver.
INFO - 2025-09-13 05:25:57 --> Session: Class initialized using 'CodeIgniter\Session\Handlers\FileHandler' driver.
INFO - 2025-09-13 05:26:09 --> CSRF token verified.
INFO - 2025-09-13 05:26:09 --> Session: Class initialized using 'CodeIgniter\Session\Handlers\FileHandler' driver.
INFO - 2025-09-13 05:26:09 --> CSRF token verified.
INFO - 2025-09-13 05:26:09 --> Session: Class initialized using 'CodeIgniter\Session\Handlers\FileHandler' driver.
CRITICAL - 2025-09-13 05:26:10 --> Stripe\Exception\InvalidRequestException: No such customer: 'cus_T2n7X5H3tIwzJX'
in VENDORPATH\stripe\stripe-php\lib\Exception\ApiErrorException.php on line 38.
 1 VENDORPATH\stripe\stripe-php\lib\Exception\InvalidRequestException.php(35): Stripe\Exception\ApiErrorException::factory('No such customer: \'cus_T2n7X5H3tIwzJX\'', 400, '{
  "error": {
    "code": "resource_missing",
    "doc_url": "https://stripe.com/docs/error-codes/resource-missing",
    "message": "No such customer: \'cus_T2n7X5H3tIwzJX\'",
    "param": "customer",
    "request_log_url": "https://dashboard.stripe.com/test/logs/req_PCbvlovbIbESxu?t=1757730370",
    "type": "invalid_request_error"
  }
}
', [...], Object(Stripe\Util\CaseInsensitiveArray), 'resource_missing')
 2 VENDORPATH\stripe\stripe-php\lib\ApiRequestor.php(218): Stripe\Exception\InvalidRequestException::factory('No such customer: \'cus_T2n7X5H3tIwzJX\'', 400, '{
  "error": {
    "code": "resource_missing",
    "doc_url": "https://stripe.com/docs/error-codes/resource-missing",
    "message": "No such customer: \'cus_T2n7X5H3tIwzJX\'",
    "param": "customer",
    "request_log_url": "https://dashboard.stripe.com/test/logs/req_PCbvlovbIbESxu?t=1757730370",
    "type": "invalid_request_error"
  }
}
', [...], Object(Stripe\Util\CaseInsensitiveArray), 'resource_missing', 'customer')
 3 VENDORPATH\stripe\stripe-php\lib\ApiRequestor.php(180): Stripe\ApiRequestor::_specificAPIError('{
  "error": {
    "code": "resource_missing",
    "doc_url": "https://stripe.com/docs/error-codes/resource-missing",
    "message": "No such customer: \'cus_T2n7X5H3tIwzJX\'",
    "param": "customer",
    "request_log_url": "https://dashboard.stripe.com/test/logs/req_PCbvlovbIbESxu?t=1757730370",
    "type": "invalid_request_error"
  }
}
', 400, Object(Stripe\Util\CaseInsensitiveArray), [...], [...])
 4 VENDORPATH\stripe\stripe-php\lib\ApiRequestor.php(564): Stripe\ApiRequestor->handleErrorResponse('{
  "error": {
    "code": "resource_missing",
    "doc_url": "https://stripe.com/docs/error-codes/resource-missing",
    "message": "No such customer: \'cus_T2n7X5H3tIwzJX\'",
    "param": "customer",
    "request_log_url": "https://dashboard.stripe.com/test/logs/req_PCbvlovbIbESxu?t=1757730370",
    "type": "invalid_request_error"
  }
}
', 400, Object(Stripe\Util\CaseInsensitiveArray), [...])
 5 VENDORPATH\stripe\stripe-php\lib\ApiRequestor.php(128): Stripe\ApiRequestor->_interpretResponse('{
  "error": {
    "code": "resource_missing",
    "doc_url": "https://stripe.com/docs/error-codes/resource-missing",
    "message": "No such customer: \'cus_T2n7X5H3tIwzJX\'",
    "param": "customer",
    "request_log_url": "https://dashboard.stripe.com/test/logs/req_PCbvlovbIbESxu?t=1757730370",
    "type": "invalid_request_error"
  }
}
', 400, Object(Stripe\Util\CaseInsensitiveArray))
 6 VENDORPATH\stripe\stripe-php\lib\BaseStripeClient.php(145): Stripe\ApiRequestor->request('post', '/v1/checkout/sessions', [...], [...], [...])
 7 VENDORPATH\stripe\stripe-php\lib\Service\AbstractService.php(75): Stripe\BaseStripeClient->request('post', '/v1/checkout/sessions', [...], Object(Stripe\Util\RequestOptions))
 8 VENDORPATH\stripe\stripe-php\lib\Service\Checkout\SessionService.php(61): Stripe\Service\AbstractService->request('post', '/v1/checkout/sessions', [...], null)
 9 APPPATH\Controllers\Stripe.php(68): Stripe\Service\Checkout\SessionService->create([...])
10 SYSTEMPATH\CodeIgniter.php(941): App\Controllers\Stripe->createCheckoutSession()
11 SYSTEMPATH\CodeIgniter.php(502): CodeIgniter\CodeIgniter->runController(Object(App\Controllers\Stripe))
12 SYSTEMPATH\CodeIgniter.php(361): CodeIgniter\CodeIgniter->handleRequest(null, Object(Config\Cache), false)
13 FCPATH\index.php(79): CodeIgniter\CodeIgniter->run()
INFO - 2025-09-13 05:26:26 --> CSRF token verified.
INFO - 2025-09-13 05:26:26 --> Session: Class initialized using 'CodeIgniter\Session\Handlers\FileHandler' driver.
INFO - 2025-09-13 05:26:26 --> CSRF token verified.
INFO - 2025-09-13 05:26:26 --> Session: Class initialized using 'CodeIgniter\Session\Handlers\FileHandler' driver.
CRITICAL - 2025-09-13 05:26:27 --> Stripe\Exception\InvalidRequestException: No such customer: 'cus_T2n7X5H3tIwzJX'
in VENDORPATH\stripe\stripe-php\lib\Exception\ApiErrorException.php on line 38.
 1 VENDORPATH\stripe\stripe-php\lib\Exception\InvalidRequestException.php(35): Stripe\Exception\ApiErrorException::factory('No such customer: \'cus_T2n7X5H3tIwzJX\'', 400, '{
  "error": {
    "code": "resource_missing",
    "doc_url": "https://stripe.com/docs/error-codes/resource-missing",
    "message": "No such customer: \'cus_T2n7X5H3tIwzJX\'",
    "param": "customer",
    "request_log_url": "https://dashboard.stripe.com/test/logs/req_5eAixzTt1zc0Ky?t=1757730387",
    "type": "invalid_request_error"
  }
}
', [...], Object(Stripe\Util\CaseInsensitiveArray), 'resource_missing')
 2 VENDORPATH\stripe\stripe-php\lib\ApiRequestor.php(218): Stripe\Exception\InvalidRequestException::factory('No such customer: \'cus_T2n7X5H3tIwzJX\'', 400, '{
  "error": {
    "code": "resource_missing",
    "doc_url": "https://stripe.com/docs/error-codes/resource-missing",
    "message": "No such customer: \'cus_T2n7X5H3tIwzJX\'",
    "param": "customer",
    "request_log_url": "https://dashboard.stripe.com/test/logs/req_5eAixzTt1zc0Ky?t=1757730387",
    "type": "invalid_request_error"
  }
}
', [...], Object(Stripe\Util\CaseInsensitiveArray), 'resource_missing', 'customer')
 3 VENDORPATH\stripe\stripe-php\lib\ApiRequestor.php(180): Stripe\ApiRequestor::_specificAPIError('{
  "error": {
    "code": "resource_missing",
    "doc_url": "https://stripe.com/docs/error-codes/resource-missing",
    "message": "No such customer: \'cus_T2n7X5H3tIwzJX\'",
    "param": "customer",
    "request_log_url": "https://dashboard.stripe.com/test/logs/req_5eAixzTt1zc0Ky?t=1757730387",
    "type": "invalid_request_error"
  }
}
', 400, Object(Stripe\Util\CaseInsensitiveArray), [...], [...])
 4 VENDORPATH\stripe\stripe-php\lib\ApiRequestor.php(564): Stripe\ApiRequestor->handleErrorResponse('{
  "error": {
    "code": "resource_missing",
    "doc_url": "https://stripe.com/docs/error-codes/resource-missing",
    "message": "No such customer: \'cus_T2n7X5H3tIwzJX\'",
    "param": "customer",
    "request_log_url": "https://dashboard.stripe.com/test/logs/req_5eAixzTt1zc0Ky?t=1757730387",
    "type": "invalid_request_error"
  }
}
', 400, Object(Stripe\Util\CaseInsensitiveArray), [...])
 5 VENDORPATH\stripe\stripe-php\lib\ApiRequestor.php(128): Stripe\ApiRequestor->_interpretResponse('{
  "error": {
    "code": "resource_missing",
    "doc_url": "https://stripe.com/docs/error-codes/resource-missing",
    "message": "No such customer: \'cus_T2n7X5H3tIwzJX\'",
    "param": "customer",
    "request_log_url": "https://dashboard.stripe.com/test/logs/req_5eAixzTt1zc0Ky?t=1757730387",
    "type": "invalid_request_error"
  }
}
', 400, Object(Stripe\Util\CaseInsensitiveArray))
 6 VENDORPATH\stripe\stripe-php\lib\BaseStripeClient.php(145): Stripe\ApiRequestor->request('post', '/v1/checkout/sessions', [...], [...], [...])
 7 VENDORPATH\stripe\stripe-php\lib\Service\AbstractService.php(75): Stripe\BaseStripeClient->request('post', '/v1/checkout/sessions', [...], Object(Stripe\Util\RequestOptions))
 8 VENDORPATH\stripe\stripe-php\lib\Service\Checkout\SessionService.php(61): Stripe\Service\AbstractService->request('post', '/v1/checkout/sessions', [...], null)
 9 APPPATH\Controllers\Stripe.php(68): Stripe\Service\Checkout\SessionService->create([...])
10 SYSTEMPATH\CodeIgniter.php(941): App\Controllers\Stripe->createCheckoutSession()
11 SYSTEMPATH\CodeIgniter.php(502): CodeIgniter\CodeIgniter->runController(Object(App\Controllers\Stripe))
12 SYSTEMPATH\CodeIgniter.php(361): CodeIgniter\CodeIgniter->handleRequest(null, Object(Config\Cache), false)
13 FCPATH\index.php(79): CodeIgniter\CodeIgniter->run()
INFO - 2025-09-13 05:30:05 --> Session: Class initialized using 'CodeIgniter\Session\Handlers\FileHandler' driver.
INFO - 2025-09-13 05:31:11 --> CSRF token verified.
INFO - 2025-09-13 05:31:11 --> Session: Class initialized using 'CodeIgniter\Session\Handlers\FileHandler' driver.
INFO - 2025-09-13 05:31:11 --> CSRF token verified.
INFO - 2025-09-13 05:31:11 --> Session: Class initialized using 'CodeIgniter\Session\Handlers\FileHandler' driver.
CRITICAL - 2025-09-13 05:56:34 --> CodeIgniter\Security\Exceptions\SecurityException: The action you requested is not allowed.
in SYSTEMPATH\Security\Security.php on line 300.
 1 SYSTEMPATH\Security\Security.php(300): CodeIgniter\Security\Exceptions\SecurityException::forDisallowedAction()
 2 SYSTEMPATH\Filters\CSRF.php(56): CodeIgniter\Security\Security->verify(Object(CodeIgniter\HTTP\IncomingRequest))
 3 SYSTEMPATH\Filters\Filters.php(182): CodeIgniter\Filters\CSRF->before(Object(CodeIgniter\HTTP\IncomingRequest), null)
 4 SYSTEMPATH\CodeIgniter.php(474): CodeIgniter\Filters\Filters->run('login/verificaUsuario', 'before')
 5 SYSTEMPATH\CodeIgniter.php(361): CodeIgniter\CodeIgniter->handleRequest(null, Object(Config\Cache), false)
 6 FCPATH\index.php(79): CodeIgniter\CodeIgniter->run()
INFO - 2025-09-13 05:56:42 --> Session: Class initialized using 'CodeIgniter\Session\Handlers\FileHandler' driver.
INFO - 2025-09-13 05:56:49 --> CSRF token verified.
INFO - 2025-09-13 05:56:49 --> Session: Class initialized using 'CodeIgniter\Session\Handlers\FileHandler' driver.
INFO - 2025-09-13 05:56:49 --> CSRF token verified.
INFO - 2025-09-13 05:56:49 --> Session: Class initialized using 'CodeIgniter\Session\Handlers\FileHandler' driver.
INFO - 2025-09-13 05:57:27 --> CSRF token verified.
INFO - 2025-09-13 05:57:27 --> Session: Class initialized using 'CodeIgniter\Session\Handlers\FileHandler' driver.
INFO - 2025-09-13 05:57:27 --> CSRF token verified.
INFO - 2025-09-13 05:57:27 --> Session: Class initialized using 'CodeIgniter\Session\Handlers\FileHandler' driver.
INFO - 2025-09-13 05:57:39 --> CSRF token verified.
INFO - 2025-09-13 05:57:39 --> Session: Class initialized using 'CodeIgniter\Session\Handlers\FileHandler' driver.
INFO - 2025-09-13 05:57:39 --> CSRF token verified.
INFO - 2025-09-13 05:57:39 --> Session: Class initialized using 'CodeIgniter\Session\Handlers\FileHandler' driver.
INFO - 2025-09-13 05:59:45 --> Session: Class initialized using 'CodeIgniter\Session\Handlers\FileHandler' driver.
INFO - 2025-09-13 05:59:50 --> CSRF token verified.
INFO - 2025-09-13 05:59:50 --> Session: Class initialized using 'CodeIgniter\Session\Handlers\FileHandler' driver.
INFO - 2025-09-13 05:59:50 --> CSRF token verified.
INFO - 2025-09-13 05:59:50 --> Session: Class initialized using 'CodeIgniter\Session\Handlers\FileHandler' driver.
INFO - 2025-09-13 06:00:07 --> CSRF token verified.
INFO - 2025-09-13 06:00:07 --> Session: Class initialized using 'CodeIgniter\Session\Handlers\FileHandler' driver.
INFO - 2025-09-13 06:00:07 --> CSRF token verified.
INFO - 2025-09-13 06:00:07 --> Session: Class initialized using 'CodeIgniter\Session\Handlers\FileHandler' driver.
INFO - 2025-09-13 06:02:01 --> Session: Class initialized using 'CodeIgniter\Session\Handlers\FileHandler' driver.
INFO - 2025-09-13 06:02:09 --> CSRF token verified.
INFO - 2025-09-13 06:02:09 --> Session: Class initialized using 'CodeIgniter\Session\Handlers\FileHandler' driver.
INFO - 2025-09-13 06:02:09 --> CSRF token verified.
INFO - 2025-09-13 06:02:09 --> Session: Class initialized using 'CodeIgniter\Session\Handlers\FileHandler' driver.
INFO - 2025-09-13 06:02:15 --> CSRF token verified.
INFO - 2025-09-13 06:02:15 --> Session: Class initialized using 'CodeIgniter\Session\Handlers\FileHandler' driver.
INFO - 2025-09-13 06:02:15 --> CSRF token verified.
INFO - 2025-09-13 06:02:15 --> Session: Class initialized using 'CodeIgniter\Session\Handlers\FileHandler' driver.
INFO - 2025-09-13 06:02:22 --> Session: Class initialized using 'CodeIgniter\Session\Handlers\FileHandler' driver.
INFO - 2025-09-13 06:02:27 --> Session: Class initialized using 'CodeIgniter\Session\Handlers\FileHandler' driver.
INFO - 2025-09-13 06:02:27 --> Session: Class initialized using 'CodeIgniter\Session\Handlers\FileHandler' driver.
INFO - 2025-09-13 06:02:31 --> CSRF token verified.
INFO - 2025-09-13 06:02:31 --> Session: Class initialized using 'CodeIgniter\Session\Handlers\FileHandler' driver.
INFO - 2025-09-13 06:02:32 --> CSRF token verified.
INFO - 2025-09-13 06:02:32 --> Session: Class initialized using 'CodeIgniter\Session\Handlers\FileHandler' driver.
INFO - 2025-09-13 06:02:36 --> Session: Class initialized using 'CodeIgniter\Session\Handlers\FileHandler' driver.
INFO - 2025-09-13 06:02:36 --> Session: Class initialized using 'CodeIgniter\Session\Handlers\FileHandler' driver.
INFO - 2025-09-13 06:02:41 --> CSRF token verified.
INFO - 2025-09-13 06:02:41 --> Session: Class initialized using 'CodeIgniter\Session\Handlers\FileHandler' driver.
INFO - 2025-09-13 06:02:41 --> Session: Class initialized using 'CodeIgniter\Session\Handlers\FileHandler' driver.
INFO - 2025-09-13 06:02:41 --> Session: Class initialized using 'CodeIgniter\Session\Handlers\FileHandler' driver.
INFO - 2025-09-13 06:03:01 --> CSRF token verified.
INFO - 2025-09-13 06:03:01 --> Session: Class initialized using 'CodeIgniter\Session\Handlers\FileHandler' driver.
INFO - 2025-09-13 06:03:01 --> Session: Class initialized using 'CodeIgniter\Session\Handlers\FileHandler' driver.
INFO - 2025-09-13 06:03:01 --> Session: Class initialized using 'CodeIgniter\Session\Handlers\FileHandler' driver.
INFO - 2025-09-13 06:03:16 --> CSRF token verified.
INFO - 2025-09-13 06:03:16 --> Session: Class initialized using 'CodeIgniter\Session\Handlers\FileHandler' driver.
INFO - 2025-09-13 06:03:16 --> Session: Class initialized using 'CodeIgniter\Session\Handlers\FileHandler' driver.
INFO - 2025-09-13 06:03:26 --> CSRF token verified.
INFO - 2025-09-13 06:03:26 --> Session: Class initialized using 'CodeIgniter\Session\Handlers\FileHandler' driver.
INFO - 2025-09-13 06:03:26 --> Session: Class initialized using 'CodeIgniter\Session\Handlers\FileHandler' driver.
INFO - 2025-09-13 06:03:26 --> Session: Class initialized using 'CodeIgniter\Session\Handlers\FileHandler' driver.
INFO - 2025-09-13 06:03:31 --> CSRF token verified.
INFO - 2025-09-13 06:03:31 --> Session: Class initialized using 'CodeIgniter\Session\Handlers\FileHandler' driver.
INFO - 2025-09-13 06:03:32 --> Session: Class initialized using 'CodeIgniter\Session\Handlers\FileHandler' driver.
INFO - 2025-09-13 06:03:32 --> Session: Class initialized using 'CodeIgniter\Session\Handlers\FileHandler' driver.
INFO - 2025-09-13 06:05:29 --> Session: Class initialized using 'CodeIgniter\Session\Handlers\FileHandler' driver.
INFO - 2025-09-13 06:05:33 --> Session: Class initialized using 'CodeIgniter\Session\Handlers\FileHandler' driver.
INFO - 2025-09-13 06:05:41 --> Session: Class initialized using 'CodeIgniter\Session\Handlers\FileHandler' driver.
INFO - 2025-09-13 06:05:47 --> Session: Class initialized using 'CodeIgniter\Session\Handlers\FileHandler' driver.
INFO - 2025-09-13 06:06:07 --> CSRF token verified.
INFO - 2025-09-13 06:06:07 --> Session: Class initialized using 'CodeIgniter\Session\Handlers\FileHandler' driver.
INFO - 2025-09-13 06:06:08 --> Session: Class initialized using 'CodeIgniter\Session\Handlers\FileHandler' driver.
INFO - 2025-09-13 06:06:08 --> Session: Class initialized using 'CodeIgniter\Session\Handlers\FileHandler' driver.
CRITICAL - 2025-09-13 06:06:08 --> ErrorException: Undefined variable $link
in APPPATH\Views\templates\footer.php on line 41.
 1 APPPATH\Views\templates\footer.php(41): CodeIgniter\Debug\Exceptions->errorHandler(2, 'Undefined variable $link', 'C:\\xampp\\htdocs\\erp.local\\app\\Views\\templates\\footer.php', 41)
 2 SYSTEMPATH\View\View.php(228): include('C:\\xampp\\htdocs\\erp.local\\app\\Views\\templates\\footer.php')
 3 SYSTEMPATH\View\View.php(231): CodeIgniter\View\View->CodeIgniter\View\{closure}()
 4 SYSTEMPATH\Common.php(1178): CodeIgniter\View\View->render('templates/footer', [], true)
 5 APPPATH\Controllers\Inicio.php(278): view('templates/footer')
 6 SYSTEMPATH\CodeIgniter.php(941): App\Controllers\Inicio->paywall()
 7 SYSTEMPATH\CodeIgniter.php(502): CodeIgniter\CodeIgniter->runController(Object(App\Controllers\Inicio))
 8 SYSTEMPATH\CodeIgniter.php(361): CodeIgniter\CodeIgniter->handleRequest(null, Object(Config\Cache), false)
 9 FCPATH\index.php(79): CodeIgniter\CodeIgniter->run()
CRITICAL - 2025-09-13 06:06:08 --> ErrorException: Uncaught TypeError: htmlspecialchars(): Argument #1 ($string) must be of type string, resource given in C:\xampp\htdocs\erp.local\app\Views\errors\html\error_exception.php:182
Stack trace:
#0 C:\xampp\htdocs\erp.local\app\Views\errors\html\error_exception.php(182): htmlspecialchars(Resource id #42, 8, 'UTF-8')
#1 C:\xampp\htdocs\erp.local\system\Debug\BaseExceptionHandler.php(258): include('C:\\xampp\\htdocs...')
#2 C:\xampp\htdocs\erp.local\system\Debug\BaseExceptionHandler.php(261): CodeIgniter\Debug\BaseExceptionHandler->CodeIgniter\Debug\{closure}()
#3 C:\xampp\htdocs\erp.local\system\Debug\ExceptionHandler.php(112): CodeIgniter\Debug\BaseExceptionHandler->render(Object(ErrorException), 500, 'C:\\xampp\\htdocs...')
#4 C:\xampp\htdocs\erp.local\system\Debug\Exceptions.php(156): CodeIgniter\Debug\ExceptionHandler->handle(Object(ErrorException), Object(CodeIgniter\HTTP\IncomingRequest), Object(CodeIgniter\HTTP\Response), 500, 1)
#5 [internal function]: CodeIgniter\Debug\Exceptions->exceptionHandler(Object(ErrorException))
#6 {main}
  thrown
【Previous Exception】
ErrorException
Undefined variable $link
#0 C:\xampp\htdocs\erp.local\app\Views\templates\footer.php(41): CodeIgniter\Debug\Exceptions->errorHandler(2, 'Undefined varia...', 'C:\\xampp\\htdocs...', 41)
#1 C:\xampp\htdocs\erp.local\system\View\View.php(228): include('C:\\xampp\\htdocs...')
#2 C:\xampp\htdocs\erp.local\system\View\View.php(231): CodeIgniter\View\View->CodeIgniter\View\{closure}()
#3 C:\xampp\htdocs\erp.local\system\Common.php(1178): CodeIgniter\View\View->render('templates/foote...', Array, true)
#4 C:\xampp\htdocs\erp.local\app\Controllers\Inicio.php(278): view('templates/foote...')
#5 C:\xampp\htdocs\erp.local\system\CodeIgniter.php(941): App\Controllers\Inicio->paywall()
#6 C:\xampp\htdocs\erp.local\system\CodeIgniter.php(502): CodeIgniter\CodeIgniter->runController(Object(App\Controllers\Inicio))
#7 C:\xampp\htdocs\erp.local\system\CodeIgniter.php(361): CodeIgniter\CodeIgniter->handleRequest(NULL, Object(Config\Cache), false)
#8 C:\xampp\htdocs\erp.local\public\index.php(79): CodeIgniter\CodeIgniter->run()
#9 {main}
in APPPATH\Views\errors\html\error_exception.php on line 182.
 1 [internal function]: CodeIgniter\Debug\Exceptions->shutdownHandler()
INFO - 2025-09-13 06:07:08 --> Session: Class initialized using 'CodeIgniter\Session\Handlers\FileHandler' driver.
INFO - 2025-09-13 06:07:12 --> Session: Class initialized using 'CodeIgniter\Session\Handlers\FileHandler' driver.
INFO - 2025-09-13 06:07:12 --> Session: Class initialized using 'CodeIgniter\Session\Handlers\FileHandler' driver.
INFO - 2025-09-13 06:07:13 --> Session: Class initialized using 'CodeIgniter\Session\Handlers\FileHandler' driver.
INFO - 2025-09-13 06:07:14 --> Session: Class initialized using 'CodeIgniter\Session\Handlers\FileHandler' driver.
INFO - 2025-09-13 06:07:15 --> Session: Class initialized using 'CodeIgniter\Session\Handlers\FileHandler' driver.
INFO - 2025-09-13 06:07:16 --> Session: Class initialized using 'CodeIgniter\Session\Handlers\FileHandler' driver.
INFO - 2025-09-13 06:07:16 --> Session: Class initialized using 'CodeIgniter\Session\Handlers\FileHandler' driver.
INFO - 2025-09-13 06:07:32 --> Session: Class initialized using 'CodeIgniter\Session\Handlers\FileHandler' driver.
INFO - 2025-09-13 06:07:32 --> Session: Class initialized using 'CodeIgniter\Session\Handlers\FileHandler' driver.
INFO - 2025-09-13 06:08:04 --> Session: Class initialized using 'CodeIgniter\Session\Handlers\FileHandler' driver.
INFO - 2025-09-13 06:08:12 --> CSRF token verified.
INFO - 2025-09-13 06:08:12 --> Session: Class initialized using 'CodeIgniter\Session\Handlers\FileHandler' driver.
INFO - 2025-09-13 06:08:13 --> Session: Class initialized using 'CodeIgniter\Session\Handlers\FileHandler' driver.
INFO - 2025-09-13 06:08:13 --> Session: Class initialized using 'CodeIgniter\Session\Handlers\FileHandler' driver.
INFO - 2025-09-13 06:12:58 --> Session: Class initialized using 'CodeIgniter\Session\Handlers\FileHandler' driver.
INFO - 2025-09-13 06:13:06 --> Session: Class initialized using 'CodeIgniter\Session\Handlers\FileHandler' driver.
INFO - 2025-09-13 06:13:31 --> CSRF token verified.
INFO - 2025-09-13 06:13:31 --> Session: Class initialized using 'CodeIgniter\Session\Handlers\FileHandler' driver.
INFO - 2025-09-13 06:13:31 --> Session: Class initialized using 'CodeIgniter\Session\Handlers\FileHandler' driver.
INFO - 2025-09-13 06:13:44 --> CSRF token verified.
INFO - 2025-09-13 06:13:44 --> Session: Class initialized using 'CodeIgniter\Session\Handlers\FileHandler' driver.
INFO - 2025-09-13 06:13:44 --> Session: Class initialized using 'CodeIgniter\Session\Handlers\FileHandler' driver.
INFO - 2025-09-13 06:13:57 --> CSRF token verified.
INFO - 2025-09-13 06:13:57 --> Session: Class initialized using 'CodeIgniter\Session\Handlers\FileHandler' driver.
INFO - 2025-09-13 06:13:57 --> Session: Class initialized using 'CodeIgniter\Session\Handlers\FileHandler' driver.
INFO - 2025-09-13 06:14:25 --> CSRF token verified.
INFO - 2025-09-13 06:14:25 --> Session: Class initialized using 'CodeIgniter\Session\Handlers\FileHandler' driver.
INFO - 2025-09-13 06:14:25 --> CSRF token verified.
INFO - 2025-09-13 06:14:25 --> Session: Class initialized using 'CodeIgniter\Session\Handlers\FileHandler' driver.
INFO - 2025-09-13 06:14:29 --> Session: Class initialized using 'CodeIgniter\Session\Handlers\FileHandler' driver.
INFO - 2025-09-13 06:14:35 --> Session: Class initialized using 'CodeIgniter\Session\Handlers\FileHandler' driver.
INFO - 2025-09-13 06:14:35 --> Session: Class initialized using 'CodeIgniter\Session\Handlers\FileHandler' driver.
INFO - 2025-09-13 06:17:09 --> CSRF token verified.
INFO - 2025-09-13 06:17:09 --> Session: Class initialized using 'CodeIgniter\Session\Handlers\FileHandler' driver.
INFO - 2025-09-13 06:17:09 --> CSRF token verified.
INFO - 2025-09-13 06:17:09 --> Session: Class initialized using 'CodeIgniter\Session\Handlers\FileHandler' driver.
INFO - 2025-09-13 06:17:12 --> Session: Class initialized using 'CodeIgniter\Session\Handlers\FileHandler' driver.
INFO - 2025-09-13 06:17:12 --> Session: Class initialized using 'CodeIgniter\Session\Handlers\FileHandler' driver.
INFO - 2025-09-13 06:17:22 --> CSRF token verified.
INFO - 2025-09-13 06:17:22 --> Session: Class initialized using 'CodeIgniter\Session\Handlers\FileHandler' driver.
INFO - 2025-09-13 06:17:22 --> Session: Class initialized using 'CodeIgniter\Session\Handlers\FileHandler' driver.
INFO - 2025-09-13 06:17:26 --> CSRF token verified.
INFO - 2025-09-13 06:17:26 --> Session: Class initialized using 'CodeIgniter\Session\Handlers\FileHandler' driver.
INFO - 2025-09-13 06:17:27 --> CSRF token verified.
INFO - 2025-09-13 06:17:27 --> Session: Class initialized using 'CodeIgniter\Session\Handlers\FileHandler' driver.
INFO - 2025-09-13 06:17:30 --> Session: Class initialized using 'CodeIgniter\Session\Handlers\FileHandler' driver.
INFO - 2025-09-13 06:17:30 --> Session: Class initialized using 'CodeIgniter\Session\Handlers\FileHandler' driver.
INFO - 2025-09-13 06:17:33 --> Session: Class initialized using 'CodeIgniter\Session\Handlers\FileHandler' driver.
INFO - 2025-09-13 06:17:40 --> CSRF token verified.
INFO - 2025-09-13 06:17:40 --> Session: Class initialized using 'CodeIgniter\Session\Handlers\FileHandler' driver.
INFO - 2025-09-13 06:17:40 --> CSRF token verified.
INFO - 2025-09-13 06:17:40 --> Session: Class initialized using 'CodeIgniter\Session\Handlers\FileHandler' driver.
INFO - 2025-09-13 06:17:44 --> Session: Class initialized using 'CodeIgniter\Session\Handlers\FileHandler' driver.
INFO - 2025-09-13 06:17:44 --> Session: Class initialized using 'CodeIgniter\Session\Handlers\FileHandler' driver.
INFO - 2025-09-13 06:18:12 --> Session: Class initialized using 'CodeIgniter\Session\Handlers\FileHandler' driver.
INFO - 2025-09-13 06:18:25 --> CSRF token verified.
INFO - 2025-09-13 06:18:25 --> Session: Class initialized using 'CodeIgniter\Session\Handlers\FileHandler' driver.
INFO - 2025-09-13 06:18:25 --> Session: Class initialized using 'CodeIgniter\Session\Handlers\FileHandler' driver.
INFO - 2025-09-13 06:18:31 --> Session: Class initialized using 'CodeIgniter\Session\Handlers\FileHandler' driver.
INFO - 2025-09-13 06:18:41 --> CSRF token verified.
INFO - 2025-09-13 06:18:41 --> Session: Class initialized using 'CodeIgniter\Session\Handlers\FileHandler' driver.
INFO - 2025-09-13 06:18:41 --> Session: Class initialized using 'CodeIgniter\Session\Handlers\FileHandler' driver.
ERROR - 2025-09-13 06:18:59 --> Error connecting to the database: mysqli_sql_exception: Nenhuma conexão pôde ser feita porque a máquina de destino as recusou ativamente in C:\xampp\htdocs\erp.local\system\Database\MySQLi\Connection.php:184
Stack trace:
#0 C:\xampp\htdocs\erp.local\system\Database\MySQLi\Connection.php(184): mysqli->real_connect('127.0.0.1', 'root', Object(SensitiveParameterValue), 'erp_local', 3306, '', 0)
#1 C:\xampp\htdocs\erp.local\system\Database\BaseConnection.php(392): CodeIgniter\Database\MySQLi\Connection->connect(false)
#2 C:\xampp\htdocs\erp.local\app\Config\Events.php(68): CodeIgniter\Database\BaseConnection->initialize()
#3 C:\xampp\htdocs\erp.local\system\Events\Events.php(154): CodeIgniter\Events\Events::Config\{closure}()
#4 C:\xampp\htdocs\erp.local\system\CodeIgniter.php(442): CodeIgniter\Events\Events::trigger('pre_system')
#5 C:\xampp\htdocs\erp.local\system\CodeIgniter.php(361): CodeIgniter\CodeIgniter->handleRequest(NULL, Object(Config\Cache), false)
#6 C:\xampp\htdocs\erp.local\public\index.php(79): CodeIgniter\CodeIgniter->run()
#7 {main}

Next CodeIgniter\Database\Exceptions\DatabaseException: Nenhuma conexão pôde ser feita porque a máquina de destino as recusou ativamente in C:\xampp\htdocs\erp.local\system\Database\MySQLi\Connection.php:229
Stack trace:
#0 C:\xampp\htdocs\erp.local\system\Database\BaseConnection.php(392): CodeIgniter\Database\MySQLi\Connection->connect(false)
#1 C:\xampp\htdocs\erp.local\app\Config\Events.php(68): CodeIgniter\Database\BaseConnection->initialize()
#2 C:\xampp\htdocs\erp.local\system\Events\Events.php(154): CodeIgniter\Events\Events::Config\{closure}()
#3 C:\xampp\htdocs\erp.local\system\CodeIgniter.php(442): CodeIgniter\Events\Events::trigger('pre_system')
#4 C:\xampp\htdocs\erp.local\system\CodeIgniter.php(361): CodeIgniter\CodeIgniter->handleRequest(NULL, Object(Config\Cache), false)
#5 C:\xampp\htdocs\erp.local\public\index.php(79): CodeIgniter\CodeIgniter->run()
#6 {main}
ERROR - 2025-09-13 06:18:59 --> Auto-migration failed: Unable to connect to the database.
Main connection [MySQLi]: Nenhuma conexão pôde ser feita porque a máquina de destino as recusou ativamente
INFO - 2025-09-13 06:19:02 --> CSRF token verified.
INFO - 2025-09-13 06:19:02 --> Session: Class initialized using 'CodeIgniter\Session\Handlers\FileHandler' driver.
INFO - 2025-09-13 06:19:02 --> Session: Class initialized using 'CodeIgniter\Session\Handlers\FileHandler' driver.
INFO - 2025-09-13 06:20:00 --> Session: Class initialized using 'CodeIgniter\Session\Handlers\FileHandler' driver.
INFO - 2025-09-13 06:20:20 --> CSRF token verified.
INFO - 2025-09-13 06:20:20 --> Session: Class initialized using 'CodeIgniter\Session\Handlers\FileHandler' driver.
INFO - 2025-09-13 06:20:20 --> Session: Class initialized using 'CodeIgniter\Session\Handlers\FileHandler' driver.
INFO - 2025-09-13 06:20:41 --> CSRF token verified.
INFO - 2025-09-13 06:20:41 --> Session: Class initialized using 'CodeIgniter\Session\Handlers\FileHandler' driver.
INFO - 2025-09-13 06:20:41 --> Session: Class initialized using 'CodeIgniter\Session\Handlers\FileHandler' driver.
INFO - 2025-09-13 06:22:50 --> Session: Class initialized using 'CodeIgniter\Session\Handlers\FileHandler' driver.
INFO - 2025-09-13 06:23:01 --> CSRF token verified.
INFO - 2025-09-13 06:23:01 --> Session: Class initialized using 'CodeIgniter\Session\Handlers\FileHandler' driver.
INFO - 2025-09-13 06:23:02 --> Session: Class initialized using 'CodeIgniter\Session\Handlers\FileHandler' driver.
INFO - 2025-09-13 06:23:27 --> CSRF token verified.
INFO - 2025-09-13 06:23:27 --> Session: Class initialized using 'CodeIgniter\Session\Handlers\FileHandler' driver.
INFO - 2025-09-13 06:23:27 --> Session: Class initialized using 'CodeIgniter\Session\Handlers\FileHandler' driver.
INFO - 2025-09-13 06:34:28 --> CSRF token verified.
INFO - 2025-09-13 06:34:28 --> Session: Class initialized using 'CodeIgniter\Session\Handlers\FileHandler' driver.
INFO - 2025-09-13 06:34:28 --> Session: Class initialized using 'CodeIgniter\Session\Handlers\FileHandler' driver.
INFO - 2025-09-13 06:38:39 --> Session: Class initialized using 'CodeIgniter\Session\Handlers\FileHandler' driver.
INFO - 2025-09-13 06:38:45 --> Session: Class initialized using 'CodeIgniter\Session\Handlers\FileHandler' driver.
INFO - 2025-09-13 06:38:48 --> Session: Class initialized using 'CodeIgniter\Session\Handlers\FileHandler' driver.
INFO - 2025-09-13 06:38:53 --> Session: Class initialized using 'CodeIgniter\Session\Handlers\FileHandler' driver.
INFO - 2025-09-13 06:39:02 --> Session: Class initialized using 'CodeIgniter\Session\Handlers\FileHandler' driver.
INFO - 2025-09-13 06:39:25 --> Session: Class initialized using 'CodeIgniter\Session\Handlers\FileHandler' driver.
INFO - 2025-09-13 06:39:31 --> Session: Class initialized using 'CodeIgniter\Session\Handlers\FileHandler' driver.
INFO - 2025-09-13 06:40:54 --> Session: Class initialized using 'CodeIgniter\Session\Handlers\FileHandler' driver.
INFO - 2025-09-13 06:40:59 --> Session: Class initialized using 'CodeIgniter\Session\Handlers\FileHandler' driver.
INFO - 2025-09-13 06:41:50 --> CSRF token verified.
INFO - 2025-09-13 06:41:50 --> Session: Class initialized using 'CodeIgniter\Session\Handlers\FileHandler' driver.
INFO - 2025-09-13 06:41:50 --> Session: Class initialized using 'CodeIgniter\Session\Handlers\FileHandler' driver.
INFO - 2025-09-13 06:42:49 --> Session: Class initialized using 'CodeIgniter\Session\Handlers\FileHandler' driver.
ERROR - 2025-09-13 06:43:18 --> Error connecting to the database: mysqli_sql_exception: Nenhuma conexão pôde ser feita porque a máquina de destino as recusou ativamente in C:\xampp\htdocs\erp.local\system\Database\MySQLi\Connection.php:184
Stack trace:
#0 C:\xampp\htdocs\erp.local\system\Database\MySQLi\Connection.php(184): mysqli->real_connect('127.0.0.1', 'root', Object(SensitiveParameterValue), 'erp_local', 3306, '', 0)
#1 C:\xampp\htdocs\erp.local\system\Database\BaseConnection.php(392): CodeIgniter\Database\MySQLi\Connection->connect(false)
#2 C:\xampp\htdocs\erp.local\app\Config\Events.php(68): CodeIgniter\Database\BaseConnection->initialize()
#3 C:\xampp\htdocs\erp.local\system\Events\Events.php(154): CodeIgniter\Events\Events::Config\{closure}()
#4 C:\xampp\htdocs\erp.local\system\CodeIgniter.php(442): CodeIgniter\Events\Events::trigger('pre_system')
#5 C:\xampp\htdocs\erp.local\system\CodeIgniter.php(361): CodeIgniter\CodeIgniter->handleRequest(NULL, Object(Config\Cache), false)
#6 C:\xampp\htdocs\erp.local\public\index.php(79): CodeIgniter\CodeIgniter->run()
#7 C:\xampp\htdocs\erp.local\system\Commands\Server\rewrite.php(47): require_once('C:\\xampp\\htdocs...')
#8 {main}

Next CodeIgniter\Database\Exceptions\DatabaseException: Nenhuma conexão pôde ser feita porque a máquina de destino as recusou ativamente in C:\xampp\htdocs\erp.local\system\Database\MySQLi\Connection.php:229
Stack trace:
#0 C:\xampp\htdocs\erp.local\system\Database\BaseConnection.php(392): CodeIgniter\Database\MySQLi\Connection->connect(false)
#1 C:\xampp\htdocs\erp.local\app\Config\Events.php(68): CodeIgniter\Database\BaseConnection->initialize()
#2 C:\xampp\htdocs\erp.local\system\Events\Events.php(154): CodeIgniter\Events\Events::Config\{closure}()
#3 C:\xampp\htdocs\erp.local\system\CodeIgniter.php(442): CodeIgniter\Events\Events::trigger('pre_system')
#4 C:\xampp\htdocs\erp.local\system\CodeIgniter.php(361): CodeIgniter\CodeIgniter->handleRequest(NULL, Object(Config\Cache), false)
#5 C:\xampp\htdocs\erp.local\public\index.php(79): CodeIgniter\CodeIgniter->run()
#6 C:\xampp\htdocs\erp.local\system\Commands\Server\rewrite.php(47): require_once('C:\\xampp\\htdocs...')
#7 {main}
ERROR - 2025-09-13 06:43:18 --> Auto-migration failed: Unable to connect to the database.
Main connection [MySQLi]: Nenhuma conexão pôde ser feita porque a máquina de destino as recusou ativamente
INFO - 2025-09-13 06:43:18 --> Session: Class initialized using 'CodeIgniter\Session\Handlers\FileHandler' driver.
ERROR - 2025-09-13 06:43:20 --> Error connecting to the database: mysqli_sql_exception: Nenhuma conexão pôde ser feita porque a máquina de destino as recusou ativamente in C:\xampp\htdocs\erp.local\system\Database\MySQLi\Connection.php:184
Stack trace:
#0 C:\xampp\htdocs\erp.local\system\Database\MySQLi\Connection.php(184): mysqli->real_connect('127.0.0.1', 'root', Object(SensitiveParameterValue), 'erp_local', 3306, '', 0)
#1 C:\xampp\htdocs\erp.local\system\Database\BaseConnection.php(392): CodeIgniter\Database\MySQLi\Connection->connect(false)
#2 C:\xampp\htdocs\erp.local\system\Database\BaseConnection.php(575): CodeIgniter\Database\BaseConnection->initialize()
#3 C:\xampp\htdocs\erp.local\system\Database\BaseBuilder.php(1616): CodeIgniter\Database\BaseConnection->query('SELECT *\nFROM `...', Array, false)
#4 C:\xampp\htdocs\erp.local\system\Model.php(270): CodeIgniter\Database\BaseBuilder->get()
#5 C:\xampp\htdocs\erp.local\system\BaseModel.php(676): CodeIgniter\Model->doFirst()
#6 C:\xampp\htdocs\erp.local\app\Controllers\Login.php(39): CodeIgniter\BaseModel->first()
#7 C:\xampp\htdocs\erp.local\system\CodeIgniter.php(941): App\Controllers\Login->index()
#8 C:\xampp\htdocs\erp.local\system\CodeIgniter.php(502): CodeIgniter\CodeIgniter->runController(Object(App\Controllers\Login))
#9 C:\xampp\htdocs\erp.local\system\CodeIgniter.php(361): CodeIgniter\CodeIgniter->handleRequest(NULL, Object(Config\Cache), false)
#10 C:\xampp\htdocs\erp.local\public\index.php(79): CodeIgniter\CodeIgniter->run()
#11 C:\xampp\htdocs\erp.local\system\Commands\Server\rewrite.php(47): require_once('C:\\xampp\\htdocs...')
#12 {main}

Next CodeIgniter\Database\Exceptions\DatabaseException: Nenhuma conexão pôde ser feita porque a máquina de destino as recusou ativamente in C:\xampp\htdocs\erp.local\system\Database\MySQLi\Connection.php:229
Stack trace:
#0 C:\xampp\htdocs\erp.local\system\Database\BaseConnection.php(392): CodeIgniter\Database\MySQLi\Connection->connect(false)
#1 C:\xampp\htdocs\erp.local\system\Database\BaseConnection.php(575): CodeIgniter\Database\BaseConnection->initialize()
#2 C:\xampp\htdocs\erp.local\system\Database\BaseBuilder.php(1616): CodeIgniter\Database\BaseConnection->query('SELECT *\nFROM `...', Array, false)
#3 C:\xampp\htdocs\erp.local\system\Model.php(270): CodeIgniter\Database\BaseBuilder->get()
#4 C:\xampp\htdocs\erp.local\system\BaseModel.php(676): CodeIgniter\Model->doFirst()
#5 C:\xampp\htdocs\erp.local\app\Controllers\Login.php(39): CodeIgniter\BaseModel->first()
#6 C:\xampp\htdocs\erp.local\system\CodeIgniter.php(941): App\Controllers\Login->index()
#7 C:\xampp\htdocs\erp.local\system\CodeIgniter.php(502): CodeIgniter\CodeIgniter->runController(Object(App\Controllers\Login))
#8 C:\xampp\htdocs\erp.local\system\CodeIgniter.php(361): CodeIgniter\CodeIgniter->handleRequest(NULL, Object(Config\Cache), false)
#9 C:\xampp\htdocs\erp.local\public\index.php(79): CodeIgniter\CodeIgniter->run()
#10 C:\xampp\htdocs\erp.local\system\Commands\Server\rewrite.php(47): require_once('C:\\xampp\\htdocs...')
#11 {main}
CRITICAL - 2025-09-13 06:43:20 --> CodeIgniter\Database\Exceptions\DatabaseException: Unable to connect to the database.
Main connection [MySQLi]: Nenhuma conexão pôde ser feita porque a máquina de destino as recusou ativamente
in SYSTEMPATH\Database\BaseConnection.php on line 428.
 1 SYSTEMPATH\Database\BaseConnection.php(575): CodeIgniter\Database\BaseConnection->initialize()
 2 SYSTEMPATH\Database\BaseBuilder.php(1616): CodeIgniter\Database\BaseConnection->query('SELECT *
FROM `configuracoes`
WHERE `id_config` = :id_config:
 LIMIT 1', [...], false)
 3 SYSTEMPATH\Model.php(270): CodeIgniter\Database\BaseBuilder->get()
 4 SYSTEMPATH\BaseModel.php(676): CodeIgniter\Model->doFirst()
 5 APPPATH\Controllers\Login.php(39): CodeIgniter\BaseModel->first()
 6 SYSTEMPATH\CodeIgniter.php(941): App\Controllers\Login->index()
 7 SYSTEMPATH\CodeIgniter.php(502): CodeIgniter\CodeIgniter->runController(Object(App\Controllers\Login))
 8 SYSTEMPATH\CodeIgniter.php(361): CodeIgniter\CodeIgniter->handleRequest(null, Object(Config\Cache), false)
 9 FCPATH\index.php(79): CodeIgniter\CodeIgniter->run()
10 SYSTEMPATH\Commands\Server\rewrite.php(47): require_once('C:\\xampp\\htdocs\\erp.local\\public\\index.php')
CRITICAL - 2025-09-13 06:43:20 --> ErrorException: Uncaught TypeError: htmlspecialchars(): Argument #1 ($string) must be of type string, resource given in C:\xampp\htdocs\erp.local\app\Views\errors\html\error_exception.php:182
Stack trace:
#0 C:\xampp\htdocs\erp.local\app\Views\errors\html\error_exception.php(182): htmlspecialchars(Resource id #43, 8, 'UTF-8')
#1 C:\xampp\htdocs\erp.local\system\Debug\BaseExceptionHandler.php(258): include('C:\\xampp\\htdocs...')
#2 C:\xampp\htdocs\erp.local\system\Debug\BaseExceptionHandler.php(261): CodeIgniter\Debug\BaseExceptionHandler->CodeIgniter\Debug\{closure}()
#3 C:\xampp\htdocs\erp.local\system\Debug\ExceptionHandler.php(112): CodeIgniter\Debug\BaseExceptionHandler->render(Object(CodeIgniter\Database\Exceptions\DatabaseException), 500, 'C:\\xampp\\htdocs...')
#4 C:\xampp\htdocs\erp.local\system\Debug\Exceptions.php(156): CodeIgniter\Debug\ExceptionHandler->handle(Object(CodeIgniter\Database\Exceptions\DatabaseException), Object(CodeIgniter\HTTP\IncomingRequest), Object(CodeIgniter\HTTP\Response), 500, 8)
#5 [internal function]: CodeIgniter\Debug\Exceptions->exceptionHandler(Object(CodeIgniter\Database\Exceptions\DatabaseException))
#6 {main}
  thrown
【Previous Exception】
CodeIgniter\Database\Exceptions\DatabaseException
Unable to connect to the database.
Main connection [MySQLi]: Nenhuma conexão pôde ser feita porque a máquina de destino as recusou ativamente
#0 C:\xampp\htdocs\erp.local\system\Database\BaseConnection.php(575): CodeIgniter\Database\BaseConnection->initialize()
#1 C:\xampp\htdocs\erp.local\system\Database\BaseBuilder.php(1616): CodeIgniter\Database\BaseConnection->query('SELECT *\nFROM `...', Array, false)
#2 C:\xampp\htdocs\erp.local\system\Model.php(270): CodeIgniter\Database\BaseBuilder->get()
#3 C:\xampp\htdocs\erp.local\system\BaseModel.php(676): CodeIgniter\Model->doFirst()
#4 C:\xampp\htdocs\erp.local\app\Controllers\Login.php(39): CodeIgniter\BaseModel->first()
#5 C:\xampp\htdocs\erp.local\system\CodeIgniter.php(941): App\Controllers\Login->index()
#6 C:\xampp\htdocs\erp.local\system\CodeIgniter.php(502): CodeIgniter\CodeIgniter->runController(Object(App\Controllers\Login))
#7 C:\xampp\htdocs\erp.local\system\CodeIgniter.php(361): CodeIgniter\CodeIgniter->handleRequest(NULL, Object(Config\Cache), false)
#8 C:\xampp\htdocs\erp.local\public\index.php(79): CodeIgniter\CodeIgniter->run()
#9 C:\xampp\htdocs\erp.local\system\Commands\Server\rewrite.php(47): require_once('C:\\xampp\\htdocs...')
#10 {main}
in APPPATH\Views\errors\html\error_exception.php on line 182.
 1 [internal function]: CodeIgniter\Debug\Exceptions->shutdownHandler()
ERROR - 2025-09-13 06:45:40 --> Error connecting to the database: ErrorException: mysqli::real_connect(): Error while reading greeting packet. PID=11260 in C:\xampp\htdocs\erp.local\system\Database\MySQLi\Connection.php:184
Stack trace:
#0 [internal function]: CodeIgniter\Debug\Exceptions->errorHandler(2, 'mysqli::real_co...', 'C:\\xampp\\htdocs...', 184)
#1 C:\xampp\htdocs\erp.local\system\Database\MySQLi\Connection.php(184): mysqli->real_connect('127.0.0.1', 'root', Object(SensitiveParameterValue), 'erp_local', 3306, '', 0)
#2 C:\xampp\htdocs\erp.local\system\Database\BaseConnection.php(392): CodeIgniter\Database\MySQLi\Connection->connect(false)
#3 C:\xampp\htdocs\erp.local\app\Config\Events.php(68): CodeIgniter\Database\BaseConnection->initialize()
#4 C:\xampp\htdocs\erp.local\system\Events\Events.php(154): CodeIgniter\Events\Events::Config\{closure}()
#5 C:\xampp\htdocs\erp.local\system\CodeIgniter.php(442): CodeIgniter\Events\Events::trigger('pre_system')
#6 C:\xampp\htdocs\erp.local\system\CodeIgniter.php(361): CodeIgniter\CodeIgniter->handleRequest(NULL, Object(Config\Cache), false)
#7 C:\xampp\htdocs\erp.local\public\index.php(79): CodeIgniter\CodeIgniter->run()
#8 {main}

Next mysqli_sql_exception: MySQL server has gone away in C:\xampp\htdocs\erp.local\system\Database\MySQLi\Connection.php:184
Stack trace:
#0 C:\xampp\htdocs\erp.local\system\Database\MySQLi\Connection.php(184): mysqli->real_connect('127.0.0.1', 'root', Object(SensitiveParameterValue), 'erp_local', 3306, '', 0)
#1 C:\xampp\htdocs\erp.local\system\Database\BaseConnection.php(392): CodeIgniter\Database\MySQLi\Connection->connect(false)
#2 C:\xampp\htdocs\erp.local\app\Config\Events.php(68): CodeIgniter\Database\BaseConnection->initialize()
#3 C:\xampp\htdocs\erp.local\system\Events\Events.php(154): CodeIgniter\Events\Events::Config\{closure}()
#4 C:\xampp\htdocs\erp.local\system\CodeIgniter.php(442): CodeIgniter\Events\Events::trigger('pre_system')
#5 C:\xampp\htdocs\erp.local\system\CodeIgniter.php(361): CodeIgniter\CodeIgniter->handleRequest(NULL, Object(Config\Cache), false)
#6 C:\xampp\htdocs\erp.local\public\index.php(79): CodeIgniter\CodeIgniter->run()
#7 {main}

Next CodeIgniter\Database\Exceptions\DatabaseException: MySQL server has gone away in C:\xampp\htdocs\erp.local\system\Database\MySQLi\Connection.php:229
Stack trace:
#0 C:\xampp\htdocs\erp.local\system\Database\BaseConnection.php(392): CodeIgniter\Database\MySQLi\Connection->connect(false)
#1 C:\xampp\htdocs\erp.local\app\Config\Events.php(68): CodeIgniter\Database\BaseConnection->initialize()
#2 C:\xampp\htdocs\erp.local\system\Events\Events.php(154): CodeIgniter\Events\Events::Config\{closure}()
#3 C:\xampp\htdocs\erp.local\system\CodeIgniter.php(442): CodeIgniter\Events\Events::trigger('pre_system')
#4 C:\xampp\htdocs\erp.local\system\CodeIgniter.php(361): CodeIgniter\CodeIgniter->handleRequest(NULL, Object(Config\Cache), false)
#5 C:\xampp\htdocs\erp.local\public\index.php(79): CodeIgniter\CodeIgniter->run()
#6 {main}
ERROR - 2025-09-13 06:45:40 --> Auto-migration failed: Unable to connect to the database.
Main connection [MySQLi]: MySQL server has gone away
INFO - 2025-09-13 06:45:42 --> Session: Class initialized using 'CodeIgniter\Session\Handlers\FileHandler' driver.
INFO - 2025-09-13 06:45:49 --> CSRF token verified.
INFO - 2025-09-13 06:45:49 --> Session: Class initialized using 'CodeIgniter\Session\Handlers\FileHandler' driver.
INFO - 2025-09-13 06:45:49 --> Session: Class initialized using 'CodeIgniter\Session\Handlers\FileHandler' driver.
INFO - 2025-09-13 06:47:28 --> Session: Class initialized using 'CodeIgniter\Session\Handlers\FileHandler' driver.
INFO - 2025-09-13 06:47:35 --> Session: Class initialized using 'CodeIgniter\Session\Handlers\FileHandler' driver.
INFO - 2025-09-13 06:48:03 --> Session: Class initialized using 'CodeIgniter\Session\Handlers\FileHandler' driver.
INFO - 2025-09-13 06:48:26 --> Session: Class initialized using 'CodeIgniter\Session\Handlers\FileHandler' driver.
INFO - 2025-09-13 06:49:06 --> Session: Class initialized using 'CodeIgniter\Session\Handlers\FileHandler' driver.
